Date,Coffee,Soybean,Wheat,Cotton,Maize,Onion,Sugar,Turmeric
2021-01-01,12400.0,4140.76,2094.37,5552.88,1296.750514857311,2172.17,3222.0,5552.85
2021-01-02,12400.0,4105.05,2288.28,5544.25,1313.0051880674448,3046.76,3222.0,6906.67
2021-01-03,12200.0,4222.87,1591.33,5473.75,1399.679012345679,2293.75,3228.6666666666665,5200.0
2021-01-04,12000.0,4260.4,2311.38,5595.69,1285.3588879528222,896.13,3235.3333333333335,5614.35
2021-01-05,9005.99,4269.38,2685.35,5549.85,1303.0612629594723,755.43,3242.0,6250.83
2021-01-06,7645.0,4208.79,3091.55,5666.09,1312.9915254237287,1597.04,3242.0,6019.56
2021-01-07,8521.05,4163.75,1563.14,5700.0,1679.375,1605.06,3239.5,5510.0
2021-01-08,10647.26,4118.71,1599.09,5706.76,1225.0,1358.03,3237.0,5798.24
2021-01-09,10647.62,4073.67,1858.58,5361.86,1349.789029535865,1402.22,3234.5,5836.18
2021-01-10,9174.460000000001,4087.335,1715.17,5231.73,1400.0,2243.98,3232.0,5874.12
2021-01-11,7701.3,4101.0,3208.68,5600.0,1605.6186440677966,1947.9,3229.5,5912.0599999999995
2021-01-12,7750.0,4155.43,1724.78,5517.76,1220.2666666666669,1542.31,3227.0,5950.0
2021-01-13,7641.18,4155.82,1673.44,5592.7,1275.6586572438162,1578.3795,3224.5,5853.98
2021-01-14,11036.84,4130.31,2539.62,5612.23,1295.8001378359752,1614.4489999999998,3222.0,6345.0
2021-01-15,13279.26,4343.44,2743.09,5629.27,1235.8423913043478,1650.5185,3222.0,7416.67
2021-01-16,10364.57,4283.23,2356.84,5602.56,1305.4455040871935,1686.588,3212.0,10000.0
2021-01-17,8975.225,4366.15,1713.03,5623.91,1215.75,1722.6574999999998,3212.0,8101.014999999999
2021-01-18,7585.88,4252.3,2304.74,5590.48,1273.2761835130689,1758.7269999999999,3212.0,6202.03
2021-01-19,7405.56,4193.87,2527.74,5609.84,1281.951585156058,1794.7965,3202.0,6594.51
2021-01-20,8044.05,4129.38,2200.71,5579.36,1291.8465260974767,1830.866,3202.0,6055.3
2021-01-21,7087.11,3593.66,2182.45,5594.33,1295.551987281399,1866.9354999999998,3202.0,6389.84
2021-01-22,6882.86,4192.63,2311.47,5642.99,1343.86573816156,1903.0049999999999,3212.0,6181.33
2021-01-23,6450.0,4215.88,2363.81,5626.78,1334.803807106599,1939.0745,3222.0,6614.55
2021-01-24,6970.455,4213.79,1743.97,5597.1,1400.5642701525055,1975.1439999999998,3222.0,6570.22
2021-01-25,7490.91,4117.27,2199.04,5639.34,1309.5623901581723,2011.2134999999998,3222.0,6525.89
2021-01-26,8424.25,4089.33,1700.62,5584.99,1683.7662337662337,2047.283,3217.0,6468.6849999999995
2021-01-27,7409.98,4159.0,2437.33,5619.31,1311.4754373687897,2083.3525,3212.0,6411.48
2021-01-28,8248.74,4178.5,2248.83,5592.47,1316.7039140445129,2119.4219999999996,3212.0,10000.0
2021-01-29,7153.18,4184.49,2074.8,5562.39,1297.6047655068078,2155.4915,3222.0,7453.29
2021-01-30,9668.06,4276.96,2267.22,5610.35,1349.7330279050395,2191.5609999999997,3222.0,8993.83
2021-01-31,6300.0,4291.37,1749.37,5486.73,1431.2930463576158,2227.6304999999998,3222.0,8282.835000000001
2021-02-01,7303.3,3623.88,2200.89,5572.56,1297.5443265599713,2263.7,3222.0,7571.84
2021-02-02,7714.55,4273.36,2286.0,5618.01,1287.1559048428207,3013.14,3222.0,7960.77
2021-02-03,7792.45,4322.48,2237.33,5641.09,1279.420854945448,2303.12,3222.0,7184.03
2021-02-04,8094.02,4318.27,2168.81,5633.09,1273.6916347731,843.65,3222.0,7274.14
2021-02-05,7334.68,4391.66,2368.31,5755.81,1269.960011936735,879.77,3242.0,7540.19
2021-02-06,7248.12,4433.36,1838.28,5525.24,1284.3395707209686,1636.23,3242.0,9398.23
2021-02-07,7600.0,4475.56,1663.35,5754.57,1245.6521739130435,1558.56,3242.0,8470.154999999999
2021-02-08,11000.0,4333.43,1728.22,5790.07,1276.504226173127,1511.71,3242.0,7542.08
2021-02-09,11000.0,4510.72,2498.4,5699.22,1255.6060862214708,1454.43,3242.0,9194.98
2021-02-10,6793.63,4492.89,1655.92,5859.04,1289.804030761071,2165.91,3222.0,8853.77
2021-02-11,7780.08,4317.11,2434.77,5801.26,1276.932831136221,1984.13,3222.0,7790.91
2021-02-12,7331.58,4489.16,2217.2,5861.11,1290.2420470262794,1868.87,3222.0,9862.63
2021-02-13,6885.71,4470.14,2437.3,5837.18,1306.870731707317,1884.6917647058822,3222.0,10971.48
2021-02-14,11000.0,4593.38,1646.65,5786.1,1244.4600938967135,1900.5135294117647,3222.0,10517.505000000001
2021-02-15,7162.69,4490.04,2106.35,5798.35,1310.920200462606,1916.335294117647,3222.0,10063.53
2021-02-16,6978.86,4674.66,2456.36,5796.83,1291.7804182509506,1932.1570588235293,3202.0,11101.47
2021-02-17,7396.58,4688.71,2062.61,5742.95,1326.2735813603908,1947.9788235294118,3202.0,10523.11
2021-02-18,7566.13,4707.18,1949.99,5806.33,1323.4276910435497,1963.800588235294,3222.0,9689.68
2021-02-19,7003.3,4595.07,1688.14,5775.92,1174.514598540146,1979.6223529411764,3222.0,10169.335
2021-02-20,7289.33,4672.25,2284.38,5891.24,1365.6615252784918,1995.4441176470589,3222.0,10648.99
2021-02-21,8394.355,4574.1,1669.8,5908.45,1286.0759493670887,2011.2658823529412,3222.0,9999.265000000001
2021-02-22,9499.38,4715.61,2089.57,5978.48,1488.5226130653266,2027.0876470588237,3222.0,9349.54
2021-02-23,7591.76,4807.94,2137.25,5912.02,1384.12661039538,2042.909411764706,3222.0,13797.74
2021-02-24,8392.31,4817.15,1950.34,5933.65,1372.4561403508771,2058.7311764705883,3222.0,15191.84
2021-02-25,6688.96,4870.7,1745.14,5971.13,1416.5222627737226,2074.5529411764705,3222.0,15897.24
2021-02-26,6835.02,4788.59,2001.48,5930.92,1410.431793179318,2090.374705882353,3222.0,13049.71
2021-02-27,7518.37,4857.2,1822.98,5898.09,1408.6274678111588,2106.1964705882356,3222.0,13683.02
2021-02-28,7713.89,4649.07,1682.14,5904.16,1340.2325581395348,2122.018235294118,3222.0,13884.515000000001
2021-03-01,7545.39,4842.85,2013.85,5946.23,1421.7985581000848,2137.84,3222.0,14086.01
2021-03-02,7170.0,4923.77,2125.13,5873.27,1401.852094901565,3088.32,3222.0,18604.72
2021-03-03,7365.52,4973.1,1843.55,5932.15,1442.9750135795764,2178.37,3222.0,16350.22
2021-03-04,7014.29,4913.89,1973.14,5980.63,1494.5218855218857,860.85,3222.0,12574.13
2021-03-05,7801.52,5090.33,1989.51,5863.27,1468.7515188335358,1040.35,3222.0,12601.57
2021-03-06,7171.19,4872.72,2219.91,5936.92,1449.9056420233462,1640.28,3222.0,13049.81
2021-03-07,6400.0,4948.39,1711.81,5981.64,1365.0442477876106,1638.65,3222.0,14170.349999999999
2021-03-08,7971.32,4989.07,1951.18,5926.24,1439.876216216216,1450.94,3222.0,15290.89
2021-03-09,6919.68,4969.97,2116.86,5868.77,1413.436477007015,1306.23,3222.0,12515.52
2021-03-10,7753.12,4992.97,1983.89,5838.79,1410.8478818998717,2225.27,3222.0,14167.26
2021-03-11,7800.0,4778.05,2146.46,5881.85,1371.3057324840763,2071.29,3222.0,13198.71
2021-03-12,7611.11,5109.07,1988.06,5796.84,1412.146570397112,2074.36,3222.0,12230.16
2021-03-13,8035.29,5008.83,2119.92,6090.12,1631.664705882353,2088.2490000000003,3222.0,12283.57
2021-03-14,7670.605,4657.94,1706.7,6021.23,1387.0,2102.138,3222.0,14424.14
2021-03-15,7305.92,5118.49,2039.39,5618.27,1395.800332778702,2116.027,3222.0,16564.71
2021-03-16,7717.45,5221.62,2489.6,6421.88,1409.4290322580646,2129.916,3222.0,14299.61
2021-03-17,7491.35,5208.662870012642,1716.17,6222.55,1352.162162162162,2143.8050000000003,3222.0,8400.0
2021-03-18,7580.95,5215.971913341761,1768.19,6275.8,1290.9638009049777,2157.694,3222.0,8525.9
2021-03-19,7631.68,5223.280956670881,1672.35,5855.52,1303.039660056657,2171.583,3222.0,10553.275
2021-03-20,7867.23,5230.59,2216.14,5812.34,1394.8045325779035,2185.472,3222.0,12580.65
2021-03-21,7747.205,5401.95,1741.85,5862.09,1360.0,2199.361,3222.0,10975.655
2021-03-22,7627.18,5246.09,2051.48,5676.89,1411.9308681672026,2213.25,3222.0,9370.66
2021-03-23,7897.25,5480.18,1797.14,5601.85,1349.4332688588008,2227.139,3222.0,11877.89
2021-03-24,8261.22,5332.49,2265.87,5633.5,1454.6985294117646,2241.028,3222.0,10698.81
2021-03-25,7426.42,5518.51,1995.97,5646.14,1387.8602305475504,2254.917,3220.0,10475.29
2021-03-26,7509.09,5417.58,2022.42,5678.0,1352.1980676328503,2268.806,3221.0,10109.31
2021-03-27,8183.1,5458.69,2214.11,5709.08,1493.2287390029326,2282.6949999999997,3222.0,10135.0
2021-03-28,6450.0,5400.0,1784.25,6118.75,1425.0,2296.584,3222.0,8787.333333333334
2021-03-29,7744.44,4300.0,1935.16,5957.576964836711,1457.5,2310.473,3222.0,7439.666666666666
2021-03-30,7670.87,4970.21,2624.83,5879.92,1388.8478260869565,2324.362,3222.0,6092.0
2021-03-31,7666.67,5214.62,2670.02,5628.85,1345.3193277310925,2338.2509999999997,3202.0,12670.17
2021-04-01,7560.0,5584.39,2191.0,5572.38,1343.175084175084,2352.14,3222.0,11350.0
2021-04-02,8237.41,5810.48,2796.66,5626.56,1355.7,2896.02,3222.0,11960.35
2021-04-03,7955.22,5915.2,2176.72,5544.85,1299.031798245614,1873.31,3213.0,9374.28
2021-04-04,7600.0,6015.88,1795.17,5696.67,1424.5934959349593,837.06,3213.0,8547.17
2021-04-05,7597.7,5974.7,2054.09,5720.1,1409.6608846487425,984.6,3213.0,7720.06
2021-04-06,7550.0,6137.16,2118.2,5613.76,1385.3168202764978,1650.42,3252.0,10540.37
2021-04-07,7581.25,6264.93,2301.85,5625.08,1397.9038686987103,1506.75,3252.0,10455.37
2021-04-08,7955.56,6092.49,2106.13,5596.79,1377.3144611186904,1510.49,3252.0,10938.85
2021-04-09,8044.44,6244.65,2315.16,5854.99,1379.6789437109103,1385.69,3242.0,9710.96
2021-04-10,11209.68,6233.74,3000.02,6057.38,1542.5776397515529,2940.39,3242.0,13000.0
2021-04-11,9446.7,6393.85,1688.14,5632.35,1366.0,1997.92,3242.0,10377.275
2021-04-12,7683.72,6521.51,2343.25,6025.45,1387.8631705846897,2099.56,3242.0,7754.55
2021-04-13,7527.27,6914.39,2919.58,5946.77,1413.8257261410788,2104.7052631578945,3252.0,8053.66
2021-04-14,9220.0,5923.53,3182.48,5901.79,1526.057142857143,2109.8505263157895,3262.0,6630.0
2021-04-15,7544.19,6770.77,2203.86,5533.58,1430.637101811368,2114.995789473684,3262.0,10706.33
2021-04-16,7444.74,6986.55,2183.09,5650.08,1436.4170681348933,2120.141052631579,3282.0,9645.56
2021-04-17,7325.33,7037.2,2380.03,5330.41,1480.855789473684,2125.2863157894735,3282.0,9376.79
2021-04-18,4700.0,7424.33,1726.19,6000.0,1404.6511627906978,2130.4315789473685,3282.0,8238.41
2021-04-19,7076.92,7039.18,2646.35,5587.81,1477.436507936508,2135.576842105263,3282.0,7100.03
2021-04-20,6538.46,7130.63,2431.44,5582.93,1483.0130813953488,2140.722105263158,3282.0,10335.92
2021-04-21,7781.13,6256.25,3139.03,5917.65,1548.6387434554974,2145.8673684210526,3262.0,6878.42
2021-04-22,8273.33,7089.0,2050.09,5643.84,1527.068261376896,2151.0126315789475,3262.0,9761.08
2021-04-23,6951.4,7222.26,2248.3,5588.78,1514.2426390403489,2156.157894736842,3262.0,10153.48
2021-04-24,6248.62,7271.26,1859.62,5511.12,1500.7434210526317,2161.303157894737,3262.0,7200.0
2021-04-25,3300.0,6800.0,2005.94,6000.0,1459.357142857143,2166.4484210526316,3262.0,8131.0
2021-04-26,7881.71,6830.97,2313.78,5493.43,1504.6304464766004,2171.5936842105266,3262.0,9062.0
2021-04-27,6650.75,6447.92,2257.45,5464.76,1445.3367346938776,2176.738947368421,3252.0,8649.17
2021-04-28,5244.44,6833.25,1944.84,5526.07,1466.592972181552,2181.884210526316,3252.0,7721.92
2021-04-29,6868.97,6954.58,2193.99,5447.01,1439.215582893966,2187.0294736842106,3252.0,9200.46
2021-04-30,6896.55,6890.37,2114.61,5470.46,1443.7252141982865,2192.1747368421056,3252.0,8811.48
2021-05-01,7955.22,6092.5,2529.29,6000.0,1439.1891891891892,2197.32,3252.0,6700.0
2021-05-02,7955.22,6893.71,1763.57,6000.0,1476.457894736842,2844.01,3252.0,6800.0
2021-05-03,7955.22,6932.11,2270.6,6103.1,1460.149299474606,1676.45,3252.0,6966.9
2021-05-04,8710.91,7097.2,2169.37,6081.25,1454.9813602015113,812.28,3262.0,6889.21
2021-05-05,7986.57,7022.5,1997.63,5914.71,1453.3689862542956,972.39,3262.0,7038.77
2021-05-06,7884.62,7198.76,2123.37,6000.0,1449.337889557135,1546.23,3262.0,6888.86
2021-05-07,7766.67,7147.54,2234.62,6033.33,1462.2834046600094,1654.82,3252.0,7072.05
2021-05-08,11100.0,6725.59,2634.64,5983.54532436951,1458.1874386653585,1540.49,3252.0,6941.06
2021-05-09,9433.335,6700.0,2030.8,5975.181706602437,1488.0530973451328,1265.36,3252.0,6800.0
2021-05-10,7766.67,6676.33,2593.93,5966.8180888353645,1478.594017094017,2796.71,3252.0,6818.52
2021-05-11,11100.0,6851.44,2684.25,5958.454471068291,1472.2545454545457,2120.64,3250.0,6900.73
2021-05-12,11100.0,7068.68,2243.16,5950.090853301219,1478.1618357487923,1827.41,3250.0,7000.74
2021-05-13,7651.72,6990.08,2471.51,5941.727235534146,1427.4205533596837,1856.6665,3252.0,7079.51
2021-05-14,11100.0,6475.0,3222.29,5933.363617767073,1413.252427184466,1885.923,3252.0,6691.67
2021-05-15,11100.0,7064.84,2839.71,5925.0,1395.97703180212,1915.1795,3252.0,13000.0
2021-05-16,11100.0,6695.78,1660.81,5000.0,1460.0,1944.4360000000001,3252.0,6780.95
2021-05-17,11100.0,7343.96,2554.45,5465.0,1447.2319801159902,1973.6925,3252.0,7048.85
2021-05-18,11100.0,7364.63,2399.9,5930.0,1477.210717529519,2002.949,3252.0,7259.81
2021-05-19,11100.0,7384.52,2391.8,5920.0,1482.1073131955484,2032.2055,3252.0,6982.88
2021-05-20,11200.0,7207.39,2285.88,5910.0,1468.6477272727273,2061.462,3252.0,7097.76
2021-05-21,11200.0,7011.12,1860.86,5900.0,1425.014705882353,2090.7185,3252.0,6949.54
2021-05-22,11200.0,6898.23,2422.31,5902.727272727273,1440.2021276595744,2119.975,3242.0,6650.0
2021-05-23,11250.0,5192.29,1770.48,5905.454545454545,1450.0,2149.2315,3242.0,6800.0
2021-05-24,11300.0,6788.12,2041.82,5908.181818181818,1540.027397260274,2178.488,3242.0,7041.12
2021-05-25,11300.0,6837.05,2363.69,5910.909090909091,1469.1699429296132,2207.7445,3242.0,7121.81
2021-05-26,11300.0,6673.11,2944.28,5913.636363636364,1555.522480620155,2237.001,3252.0,7344.02
2021-05-27,11400.0,7035.35,2013.04,5916.363636363636,1509.0772303595206,2266.2575,3252.0,7188.14
2021-05-28,11400.0,7012.83,2014.59,5919.090909090909,1494.2197802197802,2295.514,3252.0,6914.54
2021-05-29,11400.0,6933.27,2298.95,5921.818181818182,1518.236338797814,2324.7705,3252.0,7314.46
2021-05-30,11400.0,7066.62,1738.71,5924.545454545455,1465.891891891892,2354.027,3252.0,6700.0
2021-05-31,11400.0,6993.19,2187.15,5927.272727272727,1521.7158154859967,2383.2835,3252.0,7175.39
2021-06-01,11400.0,6804.98,2409.65,5930.0,1508.7598978288634,2412.54,3252.0,6889.33
2021-06-02,11600.0,6885.63,1650.79,5927.5,1528.0495356037152,2715.95,3246.0,6785.43
2021-06-03,11500.0,6937.69,1769.75,5925.0,1527.007619047619,1782.29,3246.0,7979.21
2021-06-04,11500.0,6926.61,2226.34,5922.5,1517.7808510638297,785.75,3252.0,8020.2
2021-06-05,11500.0,6848.49,1929.77,5920.0,1533.2820512820513,1006.34,3252.0,5876.74
2021-06-06,9559.455,6813.06,1719.58,5902.222222222223,1517.6470588235295,1544.4,3248.6666666666665,6416.67
2021-06-07,7618.91,6919.4,1860.83,5884.444444444444,1571.6789772727273,1589.8,3245.3333333333335,8195.53
2021-06-08,7612.62,6914.87,2571.87,5866.666666666667,1566.0345821325648,1446.21,3242.0,7759.78
2021-06-09,11400.0,6291.9,2447.84,5848.888888888889,1591.112121212121,1379.05,3242.0,8168.85
2021-06-10,11300.0,7033.12,2372.56,5831.111111111111,1604.8152424942264,2718.05,3242.0,8362.8
2021-06-11,11400.0,6949.67,2277.45,5813.333333333333,1607.0193905817175,2296.84,3242.0,7694.08
2021-06-12,11400.0,6918.48,2538.35,5795.555555555556,1710.2985074626863,1771.85,3236.0,10312.31
2021-06-13,9535.244999999999,6645.24,2144.82,5777.777777777777,1645.6315789473683,1813.8954999999999,3236.0,5946.15
2021-06-14,7670.49,7041.18,2195.22,5760.0,1584.0796963946868,1855.941,3236.0,7585.24
2021-06-15,7665.02,6852.04,2604.38,5781.666666666667,1665.199460916442,1897.9865,3232.0,8332.65
2021-06-16,7665.02,6972.58,2280.7,5803.333333333333,1645.1508771929823,1940.032,3232.0,6726.05
2021-06-17,7688.24,6978.05,2233.21,5825.0,1652.90332326284,1982.0774999999999,3232.0,6335.56
2021-06-18,7602.2,6752.75,2271.0,5100.0,1619.958041958042,2024.123,3232.0,6823.54
2021-06-19,7621.89,7078.03,2427.75,5132.727272727273,1728.029197080292,2066.1684999999998,3232.0,6585.66
2021-06-20,7621.89,6826.35,1739.13,5165.454545454545,1682.5471698113208,2108.214,3232.0,6400.0
2021-06-21,7621.89,7277.37,2242.56,5198.181818181818,1643.6809210526317,2150.2595,3232.0,8805.55
2021-06-22,7629.8,7337.56,2441.11,5230.909090909091,1754.5248756218905,2192.305,3232.0,7317.15
2021-06-23,6878.33,7266.04,2281.72,5263.636363636364,1754.0719602977667,2234.3505,3226.0,8415.12
2021-06-24,5991.63,6844.15,2346.92,5296.363636363636,1810.2900943396223,2276.396,3226.0,7803.24
2021-06-25,7666.5,6956.12,2188.86,5329.090909090909,1793.8850174216027,2318.4415,3226.0,7333.91
2021-06-26,7644.55,6957.17,2529.95,5361.818181818182,1811.8630952380952,2360.487,3226.0,6298.89
2021-06-27,7600.0,7087.5,2007.42,5394.545454545455,1700.0,2402.5325000000003,3226.0,6706.05
2021-06-28,12300.0,6878.45,2204.37,5427.272727272727,1793.1486068111456,2444.578,3226.0,7113.21
2021-06-29,6854.46,6818.34,2381.26,5460.0,1798.6491228070176,2486.6235,3232.0,7269.39
2021-06-30,6785.71,6943.05,2134.69,5492.727272727273,1757.8392857142858,2528.669,3232.0,7773.47
2021-07-01,12600.0,6858.87,2437.45,5525.454545454546,1764.8129496402878,2570.7145,3232.0,7041.07
2021-07-02,12600.0,7168.45,2396.26,5558.181818181818,1829.485207100592,2612.76,3232.0,7369.8
2021-07-03,7673.89,7241.77,2725.29,5590.909090909091,1797.9239130434785,1613.06,3222.0,8316.67
2021-07-04,10186.945,7158.62,1672.94,5623.636363636364,1775.0,763.1,3222.0,7566.545
2021-07-05,12700.0,7052.85,2669.41,5656.363636363636,1799.452380952381,1011.45,3222.0,6816.42
2021-07-06,7630.42,7050.7,2867.95,5689.090909090909,1878.9105691056911,1597.01,3226.0,7756.4
2021-07-07,7650.5,7251.83,2500.98,5721.818181818182,1753.2535211267605,1623.15,3226.0,6943.55
2021-07-08,7751.46,6969.66,2587.5,5754.545454545455,1861.512,1498.95,3226.0,6990.89
2021-07-09,7651.49,6953.11,2770.93,5787.272727272727,1893.657894736842,1374.03,3226.0,9705.0
2021-07-10,7700.0,7177.56,3085.57,5820.0,1930.8867924528304,2835.2,3226.0,8657.883333333333
2021-07-11,7689.165,6700.0,1646.1,5821.2,1845.4170281639615,2098.44,3229.0,7610.766666666666
2021-07-12,7678.33,7161.59,2526.95,5822.4,1833.3522727272727,1845.28,3232.0,6563.65
2021-07-13,6957.43,7297.87,2782.53,5823.6,1765.9583333333333,1907.15,3232.0,7040.69
2021-07-14,7650.5,7268.15,2541.98,5824.8,1804.1206896551723,1969.02,3232.0,7129.6
2021-07-15,6788.67,7314.31,2411.28,5826.0,1857.8,2030.89,3232.0,6629.19
2021-07-16,5868.32,7133.1,1101.93,5827.2,1735.5454545454545,2092.76,3232.0,8701.16
2021-07-17,6660.4,7594.6,2385.04,5828.4,1839.631067961165,2154.63,3232.0,8625.0
2021-07-18,7155.45,7556.31,1907.07,5829.6,1897.4,2216.5,3232.0,6250.0
2021-07-19,7650.5,7632.1,2288.04,5830.8,1828.5,2278.37,3232.0,6469.13
2021-07-20,7625.87,7382.82,1960.12,5832.0,1795.3846153846157,2340.2400000000002,3232.0,6282.21
2021-07-21,12800.0,7633.43,3254.65,5833.2,2085.2631578947367,2402.11,3232.0,6250.0
2021-07-22,7631.01,7914.84,2203.82,5834.4,1873.225806451613,2463.98,3232.0,6586.94
2021-07-23,7651.49,8130.61,2368.43,5835.6,1789.6813186813188,2525.8500000000004,3232.0,6579.41
2021-07-24,6858.42,7864.52,2376.06,5836.8,1809.025,2587.7200000000003,3232.0,6676.44
2021-07-25,7600.0,8695.15,1660.73,5838.0,1940.0,2649.59,3232.0,6250.0
2021-07-26,6888.67,8499.63,2190.47,5839.2,1839.044776119403,2711.46,3232.0,6404.65
2021-07-27,6859.41,9127.73,2481.24,5840.4,1875.637362637363,2773.33,3232.0,7092.19
2021-07-28,7671.05,9280.94,2217.98,5841.6,1793.0310559006211,2835.2000000000003,3232.0,6578.83
2021-07-29,7901.96,9135.08,2121.26,5842.8,1801.9276315789475,2897.07,3232.0,6606.97
2021-07-30,7709.8,9406.04,2209.45,5844.0,1772.1323529411766,2958.9400000000005,3242.0,6529.79
2021-07-31,5800.0,9528.76,2486.95,5845.2,1864.0,3020.8100000000004,3252.0,6440.0
2021-08-01,6368.785,9540.0,1809.87,5846.4,1781.578947368421,3082.6800000000003,3267.0,6100.0
2021-08-02,6937.57,9690.16,2406.09,5847.6,1801.783783783784,3144.55,3282.0,6421.98
2021-08-03,7842.86,9536.33,2489.41,5848.8,1950.9,1422.99,3290.0,6488.53
2021-08-04,7901.96,9418.8,2441.08,5850.0,1843.6666666666667,780.05,3332.0,6705.5
2021-08-05,7705.88,9389.47,2608.1,3940.0,1820.3958333333333,1054.96,3327.0,6387.08
2021-08-06,13000.0,9677.76,2432.34,2030.0000000000005,1848.914893617021,1587.41,3322.0,6794.43
2021-08-07,13000.0,9606.48,2542.36,120.0,1979.4183673469388,1625.39,3322.0,8192.26
2021-08-08,10437.685,9455.0,1667.33,1075.0,1785.9375,1250.58,3327.0,6087.5
2021-08-09,7875.37,9160.79,2419.1,2029.9999999999998,1834.3164556962024,1456.34,3332.0,6583.83
2021-08-10,7949.5,8257.27,2379.25,2985.0,1955.481132075472,2787.2,3342.0,7691.48
2021-08-11,7863.16,8242.27,2180.83,3939.9999999999995,1503.5436893203882,2500.5,3342.0,6787.22
2021-08-12,6978.95,8657.99,2126.39,4895.0,1921.1968503937007,1964.17,3342.0,6236.91
2021-08-13,8000.0,7753.88,2603.71,5850.0,1881.65625,2008.6490000000001,3342.0,6846.55
2021-08-14,7709.8,8642.84,2530.32,5832.0,2763.0,2053.128,3342.0,7278.52
2021-08-15,7366.665,8000.0,1718.75,5814.0,1944.5578158454675,2097.607,3342.0,7175.535
2021-08-16,7023.53,8990.58,2744.51,5796.0,1973.397727272728,2142.0860000000002,3342.0,7072.55
2021-08-17,13200.0,8379.23,2610.27,5778.0,1769.428571428571,2186.565,3421.0,7102.12
2021-08-18,13200.0,8480.03,2355.24,5760.0,1893.5,2231.044,3500.0,7108.27
2021-08-19,13200.0,7924.32,2555.41,5742.0,1940.9722222222224,2275.523,3500.0,6849.24
2021-08-20,13200.0,8182.54,2363.91,5724.0,1942.3030303030305,2320.002,3526.0,7215.75
2021-08-21,7931.71,8677.31,2501.9,5706.0,1929.915254237288,2364.481,3580.0,7562.82
2021-08-22,7600.0,7000.0,1718.3,5688.0,1912.0254237288136,2408.96,3584.0,6750.0
2021-08-23,13100.0,8606.46,2291.67,5670.0,1894.135593220339,2453.4390000000003,3588.0,6895.81
2021-08-24,7734.15,8810.56,2504.62,5652.0,1926.0,2497.918,3592.0,6827.14
2021-08-25,7763.11,8665.6,2256.84,5634.0,1865.9545454545453,2542.397,3592.0,6998.59
2021-08-26,7709.8,8409.86,2133.83,5616.0,1836.7945205479448,2586.876,3592.0,7107.54
2021-08-27,13200.0,8603.4,2081.63,5598.0,1790.5416666666667,2631.355,3562.0,6926.23
2021-08-28,7600.0,8779.0,2423.32,5580.0,2914.495652173913,2675.834,3562.0,7694.44
2021-08-29,7600.0,8443.93,1783.62,5562.0,1708.3333333333333,2720.313,3562.0,7226.205
2021-08-30,7800.0,7873.99,2372.01,5544.0,1901.692307692308,2764.792,3562.0,6757.97
2021-08-31,7905.88,8331.03,2122.34,5526.0,1927.142857142857,2809.271,3562.0,6845.64
2021-09-01,7682.76,8666.39,2485.08,5508.0,1732.6296296296296,2853.75,3562.0,7641.12
2021-09-02,7673.68,8758.6,2251.55,5490.0,1956.151079136691,3040.02,3562.0,6520.92
2021-09-03,7669.14,8709.61,2336.64,5472.0,1799.137254901961,1197.52,3562.0,6903.79
2021-09-04,7600.0,8752.02,2436.07,5454.0,1989.6615384615384,803.35,3646.0,6816.74
2021-09-05,7600.0,7820.0,1828.4,5436.0,1666.6666666666667,1021.93,3646.0,6934.076666666667
2021-09-06,7600.0,7552.0,3055.55,5418.0,2126.904761904762,1657.34,3646.0,7051.413333333333
2021-09-07,7709.8,7731.81,2942.24,5400.0,1951.622641509434,1501.64,3646.0,7168.75
2021-09-08,7815.38,8286.97,2614.67,5382.0,1899.7792207792209,1510.57,3646.0,6911.44
2021-09-09,7666.56,8550.83,2261.87,5364.0,1842.6382978723404,1439.07,3648.0,6553.7
2021-09-10,7661.11,7646.43,2020.9,5346.0,1760.0,2886.54,3650.0,6700.0
2021-09-11,8256.9,8310.32,2757.39,5328.0,1763.0,2599.22,3652.0,6423.16
2021-09-12,7450.0,7818.67,1850.32,5310.0,1750.0,1980.85,3652.0,6700.0
2021-09-13,7697.32,7929.63,3270.15,5292.0,1616.7125,2004.951052631579,3652.0,7254.41
2021-09-14,7680.6,7607.47,2546.64,5274.0,1805.1447368421047,2029.0521052631577,3642.0,7808.82
2021-09-15,7841.22,7688.81,2363.56,5256.0,1707.2626262626263,2053.153157894737,3642.0,6626.86
2021-09-16,7666.67,7853.91,2257.03,5238.0,1673.8878504672898,2077.2542105263155,3662.0,6089.61
2021-09-17,7690.91,7442.26,2657.83,5220.0,1786.358208955224,2101.3552631578946,3662.0,6013.22
2021-09-18,7805.7,7385.31,2366.18,5202.0,1575.287037037037,2125.4563157894736,3662.0,9600.0
2021-09-19,7595.45,7015.44,1843.88,5184.0,1620.1538735481042,2149.5573684210526,3662.0,8008.295
2021-09-20,7669.33,5758.26,2390.79,5166.0,1665.0207100591715,2173.6584210526316,3662.0,6416.59
2021-09-21,7676.06,5561.47,2375.21,5148.0,1355.0407523510971,2197.7594736842107,3662.0,6897.0
2021-09-22,7696.53,5938.7,2114.31,5130.0,1453.111111111111,2221.8605263157892,3672.0,6271.87
2021-09-23,7687.01,6642.27,2258.91,5130.0,1486.8265306122448,2245.9615789473683,3672.0,6205.31
2021-09-24,8660.9,6592.41,2304.05,5130.0,1434.2841530054643,2270.0626315789473,3672.0,6341.73
2021-09-25,7612.15,5964.42,2065.76,5130.0,1665.6896551724135,2294.1636842105263,3672.0,6000.0
2021-09-26,7800.0,5710.09,1789.56,5120.0,1778.3333333333333,2318.2647368421053,3672.0,6249.885
2021-09-27,13500.0,5769.06,2761.33,5127.5,1608.1542416452442,2342.3657894736843,3672.0,6499.77
2021-09-28,7280.4,6144.15,2697.97,5135.0,1552.960396039604,2366.466842105263,3662.0,11724.88
2021-09-29,7747.28,6168.22,1896.31,5142.5,1587.354838709677,2390.567894736842,3652.0,6635.38
2021-09-30,7854.08,5801.39,2539.46,5150.0,1584.1502590673574,2414.668947368421,3672.0,6240.61
2021-10-01,7975.89,5713.71,2791.79,5180.0,1503.755263157895,2438.77,3642.0,6149.41
2021-10-02,7859.88,5441.38,3346.32,5272.333,1955.2631578947369,3232.27,3642.0,5486.77
2021-10-03,7851.3,5006.62,1771.66,5364.666,1687.8947368421052,1125.84,3642.0,5869.605
2021-10-04,7842.72,5014.86,2155.28,5456.999,1540.8706786171574,900.04,3642.0,6252.44
2021-10-05,7668.52,5071.45,2423.93,5549.332,1540.9448160535117,1044.59,3642.0,6452.73
2021-10-06,7264.58,5384.06,2907.71,5641.665,1419.095238095238,1650.74,3642.0,6317.38
2021-10-07,7967.24,5068.37,2292.42,5733.998,1558.5028735632184,1584.85,3611.0,6138.17
2021-10-08,7668.52,5127.72,2446.99,5826.331,1533.2537067545304,1464.58,3611.0,6524.11
2021-10-09,7889.82,5173.77,2494.42,5918.664,1569.2570888468808,1229.91,3652.0,7988.75
2021-10-10,7600.0,4728.13,1809.89,6010.996999999999,1590.6641791044776,2947.53,3652.0,7425.656666666667
2021-10-11,7846.67,4852.87,2257.35,6103.33,1363.9831932773109,2658.21,3652.0,6862.5633333333335
2021-10-12,7890.18,4764.83,2677.43,6177.42,1554.0025624599616,2143.65,3652.0,6299.47
2021-10-13,7941.9,4838.69,2367.45,6311.84,1517.641749723145,2188.456,3652.0,6608.87
2021-10-14,7672.31,4670.86,2378.1,6383.54,1505.5061494796594,2233.262,3672.0,6082.44
2021-10-15,7863.08,4877.09,2042.25,6673.89,1512.2259259259258,2278.068,3669.5,6143.71
2021-10-16,7852.51,4784.0,2071.81,6486.3,1550.5986301369862,2322.8740000000003,3667.0,6232.0
2021-10-17,7600.0,4778.5,1811.43,6493.88,1521.15,2367.6800000000003,3664.5,6328.5650000000005
2021-10-18,7852.53,4651.54,2241.59,6893.86,1571.753711790393,2412.486,3662.0,6425.13
2021-10-19,7986.89,4654.52,3231.65,6935.19,1566.3636363636365,2457.292,3642.0,10383.42
2021-10-20,7647.86,4710.67,2431.1,7007.54,1571.797078931013,2502.098,3642.0,6426.81
2021-10-21,8809.81,4746.98,2334.38,7088.72,1567.1479015918958,2546.904,3620.0,6236.69
2021-10-22,8829.46,4700.78,2492.16,7197.7,1527.6493192133132,2591.71,3602.0,6364.15
2021-10-23,7847.47,4775.24,2549.06,7154.45,1528.6533135509396,2636.516,3602.0,6010.29
2021-10-24,8217.58,4693.35,1811.99,7534.64,1552.929104477612,2681.322,3602.0,6079.264999999999
2021-10-25,8587.69,4613.8,2360.74,7755.22,1541.1616757846243,2726.128,3602.0,6148.24
2021-10-26,8608.925,4596.13,2574.58,7724.58,1433.9126390293225,2770.934,3602.0,6270.06
2021-10-27,8630.16,4658.97,2510.85,7771.5,1439.6667205169629,2815.74,3602.0,6313.62
2021-10-28,7890.21,4764.37,2585.59,7919.73,1510.4720105509964,2860.5460000000003,3602.0,6330.43
2021-10-29,7863.08,4789.81,2520.66,8027.71,1472.9973627055538,2905.352,3602.0,6280.11
2021-10-30,7825.45,4381.6,2662.63,8061.8,1481.5377866400795,2950.158,3602.0,8123.08
2021-10-31,8315.575,4864.49,1845.09,8071.35,1590.3646496815286,2994.964,3602.0,7506.9
2021-11-01,8805.7,4866.3,2797.56,8254.97,1443.88,3039.77,3602.0,6890.72
2021-11-02,7672.31,4817.45,3105.63,8405.27,1556.132911392405,3382.98,3602.0,10316.25
2021-11-03,7888.32,4979.33,3090.45,8407.72,1557.2469135802469,1250.51,3602.0,8923.08
2021-11-04,7677.34,5057.55,1795.65,8335.25,1500.0,999.6,3612.0,12000.0
2021-11-05,7869.53,5060.19,3069.14,8049.07,1563.3063457330416,1057.68,3602.0,6786.64
2021-11-06,8425.0,5084.73,2282.07,8159.98,1500.842105263158,1644.04,3602.0,6755.75
2021-11-07,7600.0,4986.43,1828.12,8114.1,1413.029411764706,1382.5,3602.0,6650.0
2021-11-08,7956.92,4833.41,2473.75,8194.39,1517.4192033070274,1545.34,3602.0,6382.0
2021-11-09,7958.04,4944.93,2220.11,8171.32,1509.089178987103,1394.14,3602.0,6632.51
2021-11-10,8727.39,4979.12,2482.6,8135.35,1525.816295248202,1982.89,3612.0,6698.5
2021-11-11,8588.27,5120.8,2356.69,8150.79,1498.4226525557308,2481.71,3612.0,6212.01
2021-11-12,8787.69,5177.94,2664.37,8104.13,1510.109554140127,2083.54,3612.0,6719.86
2021-11-13,7450.0,5212.74,2547.0,8119.81,1512.102820932134,2107.942105263158,3612.0,6024.59
2021-11-14,8118.845,5291.18,1812.03,8104.83,1496.6666666666667,2132.3442105263157,3612.0,6327.325000000001
2021-11-15,8787.69,5476.18,2605.36,8074.6,1503.333051635257,2156.7463157894736,3612.0,6630.06
2021-11-16,8988.44,5455.34,2630.48,8000.61,1458.6418716946423,2181.1484210526314,3612.0,6794.51
2021-11-17,8721.2,5611.51,2510.77,7851.56,1483.6957815867802,2205.5505263157893,3612.0,6690.01
2021-11-18,7743.36,5719.9,2457.99,7708.89,1505.8741067675494,2229.952631578947,3612.0,6921.55
2021-11-19,8527.61,5873.35,2804.77,7783.78,1474.8015384615385,2254.354736842105,3612.0,6827.41
2021-11-20,7975.46,5785.27,2466.55,7909.09,1453.643522833178,2278.756842105263,3612.0,7417.79
2021-11-21,8216.895,5923.42,1855.45,7988.9,1604.1019417475727,2303.1589473684207,3547.0,7383.68
2021-11-22,8458.33,6108.6,2780.34,8059.94,1542.546263089944,2327.5610526315786,3482.0,7349.57
2021-11-23,7852.56,6469.52,2438.62,8121.84,1527.7568306010928,2351.963157894737,3476.0,7430.45
2021-11-24,7813.66,6299.57,2443.33,8135.61,1539.2031156381067,2376.365263157895,3462.0,7357.58
2021-11-25,7740.65,6318.42,2431.47,8214.46,1547.7007255858214,2400.7673684210527,3462.0,7087.74
2021-11-26,7903.25,6351.46,2526.66,8350.52,1580.1413257762445,2425.1694736842105,3462.0,7164.21
2021-11-27,7893.62,6336.55,2446.24,8195.76,1595.993273542601,2449.5715789473684,3462.0,6995.66
2021-11-28,7600.0,6278.64,1864.77,8196.73,1596.372641509434,2473.9736842105262,3462.0,7157.79
2021-11-29,7836.99,5976.75,2479.39,8157.8,1609.7454897993591,2498.375789473684,3462.0,7319.92
2021-11-30,7856.52,5938.93,2515.2,8022.7,1568.6820137299771,2522.777894736842,3462.0,7485.37
2021-12-01,7905.69,6003.09,2472.42,8047.218803629815,1547.8049450549452,2547.18,3462.0,7638.85
2021-12-02,7816.9,6111.47,2490.74,8081.8065841578855,1547.326299924642,3258.56,3462.0,7374.84
2021-12-03,7856.82,6184.97,2518.89,8116.394364685956,1547.3116793365584,1201.66,3462.0,7478.34
2021-12-04,8761.79,6409.9,2484.9,8150.982145214027,1540.7339246119734,793.95,3462.0,7558.37
2021-12-05,8354.995,6383.96,1863.66,8185.5699257420965,1603.2750809061488,1108.54,3462.0,7507.93
2021-12-06,7948.2,6507.49,2497.01,8220.157706270167,1577.5052891396333,1687.83,3462.0,7457.49
2021-12-07,8665.69,6341.79,4141.2,8254.745486798238,1594.2819409407923,1566.68,3462.0,7428.6
2021-12-08,7172.01,6440.5,2537.13,8289.333267326308,1571.0219147758717,1552.0,3462.0,7842.14
2021-12-09,7859.89,6323.87,2503.15,8323.92104785438,1573.2681928635377,1207.02,3462.0,7691.62
2021-12-10,16968.75,6343.42,2128.47,8358.50882838245,1579.966587445827,3267.5,3482.0,7652.32
2021-12-11,8717.05,6346.58,2629.88,8393.09660891052,1560.8098558809857,2261.93,3482.0,8000.61
2021-12-12,8291.404999999999,6224.93,1887.1,8427.684389438591,1510.9115913555993,1965.31,3482.0,7754.16
2021-12-13,7865.76,6365.31,2626.26,8462.272169966662,1598.9267690927445,1966.4705,3482.0,7507.71
2021-12-14,7793.18,6214.52,2730.86,8496.85995049473,1573.0933758978451,1967.6309999999999,3482.0,7687.24
2021-12-15,7798.75,6099.38,2353.05,8531.447731022801,1575.626325316783,1968.7915,3482.0,7606.42
2021-12-16,7835.03,6249.56,2512.23,8566.035511550872,1561.1594816525533,1969.952,3482.0,8135.28
2021-12-17,7826.47,6140.89,2323.08,8600.623292078943,1562.581164221486,1971.1125,3482.0,7916.32
2021-12-18,6902.68,6230.16,2755.01,8635.211072607013,1532.290196078431,1972.273,3482.0,7611.46
2021-12-19,7398.865000000001,5993.74,1989.79,8669.798853135084,1702.7287581699347,1973.4334999999999,3482.0,7735.12
2021-12-20,7895.05,5938.16,2296.39,8704.386633663154,1594.96600877193,1974.594,3482.0,7858.78
2021-12-21,7769.08,5913.2,2570.45,8738.974414191225,1587.788531278332,1975.7545,3482.0,8005.65
2021-12-22,7737.5,5986.23,2558.15,8773.562194719296,1588.2988060164366,1976.915,3482.0,7903.18
2021-12-23,8585.67,6057.62,2358.23,8808.149975247366,1604.7284221173295,1978.0755,3482.0,7900.08
2021-12-24,7873.38,6149.62,2524.92,8842.737755775437,1558.479584120983,1979.2359999999999,3482.0,8029.51
2021-12-25,8667.59,6038.72,2901.67,8877.325536303508,1645.1703617269543,1980.3965,3472.0,8485.71
2021-12-26,14300.0,6164.0,1903.14,8911.913316831577,1537.2254641909817,1981.557,3472.0,8226.105
2021-12-27,8891.8,5946.97,2558.25,8946.501097359647,1606.355665181413,1982.7175,3472.0,7966.5
2021-12-28,7952.09,6151.01,2672.31,8981.088877887718,1592.5062811092675,1983.878,3472.0,7976.42
2021-12-29,8001.63,6113.42,2260.45,9015.676658415789,1600.3721244925575,1985.0384999999999,3482.0,7729.78
2021-12-30,7050.0,6201.07,2433.5,9050.26443894386,1599.0015978087197,1986.199,3492.0,7814.13
2021-12-31,7675.0,6090.94,2629.67,9084.85221947193,1609.675468483816,1987.3595,3482.0,8628.31
2022-01-01,7915.84,6024.114148816235,2513.53,9119.44,1617.46,1988.52,3462.0,7910.15
2022-01-02,7911.18,5855.173501577287,2197.1,9071.08,1582.22,1877.19,3462.0,8152.08
2022-01-03,7906.52,6099.144225014961,2622.62,9381.02,1618.81,1636.8,3462.0,8394.01
2022-01-04,8197.66,6306.368681718864,2540.2,9552.04,1613.84,863.67,3462.0,12000.0
2022-01-05,7786.97,6183.374204643164,2436.78,9704.45,1619.29,814.19,3462.0,10290.6
2022-01-06,7952.73,6118.817838466008,2196.36,9423.92,1628.34,985.53,3457.0,8351.0
2022-01-07,8063.06,6124.089325308838,2413.04,9481.33,1641.52,1147.64,3452.0,8747.95
2022-01-08,8350.0,6161.094819611471,2537.6,9493.8,1629.39,1098.59,3452.0,8733.82
2022-01-09,8214.7,6199.935483870968,2188.68,9414.17,1667.97,1102.1,3452.0,8768.11
2022-01-10,8079.4,6132.622300215983,2639.05,9528.04,1644.51,1318.25,3452.0,8802.4
2022-01-11,8059.66,6183.473065310663,2705.22,9401.15,1655.5,2379.16,3452.0,9965.22
2022-01-12,8049.87,6060.753025936599,2700.09,9427.16,1657.53,1360.1,3452.0,8835.38
2022-01-13,8066.45,6080.239931740614,1843.16,9438.74,1708.29,1390.7199999999998,3452.0,8261.79
2022-01-14,8142.7,5977.690605239386,2738.14,9472.4,1699.14,1421.34,3452.0,9368.89
2022-01-15,7969.7,6017.885869565217,2817.15,9559.52,1796.64,1451.96,3452.0,12000.0
2022-01-16,7800.0,6028.46943231441,2144.34,9662.18,1641.64,1482.58,3452.0,10364.42
2022-01-17,7906.38,6005.429662331464,2544.59,9537.41,1757.96,1513.1999999999998,3452.0,8728.84
2022-01-18,8661.11,5989.2689747004,2631.07,9656.26,1737.18,1543.82,3452.0,8811.51
2022-01-19,8190.25,6008.954065620542,2523.91,9708.22,1773.28,1574.44,3452.0,8845.31
2022-01-20,8247.06,6075.889026198714,2503.73,9665.2,1881.4,1605.06,3452.0,8435.77
2022-01-21,8226.32,6071.141825186612,2487.87,9548.29,1804.53,1635.6799999999998,3452.0,8690.01
2022-01-22,8179.91,6088.145802377415,2493.29,9518.35,1788.95,1666.3,3452.0,12000.0
2022-01-23,8056.795,6319.066598360656,2106.99,9476.17,1812.0,1696.92,3452.0,10178.699999999999
2022-01-24,7933.68,6024.273044779843,2449.32,9527.22,1810.22,1727.54,3452.0,8357.4
2022-01-25,8111.76,6009.595431319507,2592.53,9505.38,1823.06,1758.1599999999999,3402.0,8597.8
2022-01-26,8280.0,5843.44262295082,2076.09,9519.57,1730.21,1788.78,3402.0,8352.474999999999
2022-01-27,8957.93,5934.724581379773,2499.47,9538.64,1867.99,1819.4,3402.0,8107.15
2022-01-28,8043.68,5923.525546533417,2555.01,9565.46,1866.83,1850.02,3402.0,9655.36
2022-01-29,7858.33,5926.995973389356,2445.93,9578.62,1883.84,1880.6399999999999,3401.3333333333335,7050.0
2022-01-30,7969.3150000000005,5894.468468468468,2129.67,9602.54,1800.0,1911.26,3400.6666666666665,7791.815
2022-01-31,8080.3,5806.194805194805,2547.33,9642.59,1884.83,1941.88,3400.0,8533.63
2022-02-01,8343.18,5848.922858302883,2786.86,9695.21,1841.24,1972.5,3400.0,12000.0
2022-02-02,8445.92,6039.612084592145,2354.4,9771.17,1835.24,1760.77,3412.0,8343.74
2022-02-03,8314.73,5991.555525460455,2420.85,9682.09,1827.45,1542.11,3412.0,7936.95
2022-02-04,8295.89,6037.585066019123,2299.01,9761.03,1822.86,874.4,3412.0,8205.37
2022-02-05,8587.91,6108.925934579439,2552.02,9635.72,1803.49,847.88,3392.0,14025.86
2022-02-06,8803.33,6197.652733118971,2181.02,9549.77,1774.72,1039.29,3382.0,12626.16
2022-02-07,9018.75,6095.881578947368,2638.25,9786.06,1819.83,1230.67,3372.0,11226.460000000001
2022-02-08,8724.18,6128.38301362948,2505.79,9563.91,1788.36,1061.92,3372.0,9826.76
2022-02-09,9560.0,6152.182412125963,2413.38,9592.92,1808.29,1053.32,3362.0,9863.97
2022-02-10,8300.0,6163.448531837677,2454.91,9582.82,1825.76,1472.41,3372.0,9826.32
2022-02-11,9143.75,6186.628777826921,2532.91,9697.91,1819.82,2306.15,3382.0,10352.81
2022-02-12,8974.04,6266.550301259814,2497.39,9640.11,1496.22,1245.47,3382.0,10590.23
2022-02-13,8804.33,6335.493264248705,2025.38,9546.39,1794.39,1290.9870588235294,3449.5,10179.77
2022-02-14,8634.62,6379.421005728836,2448.05,9731.01,1861.29,1336.5041176470588,3517.0,9769.31
2022-02-15,9286.41,6337.240336544324,2513.58,9763.83,1847.74,1382.0211764705882,3382.0,10606.18
2022-02-16,8873.29,6296.781197465408,2432.22,9687.45,1882.69,1427.5382352941176,3362.0,11844.27
2022-02-17,9865.85,6319.292555253975,2356.02,9742.24,1881.13,1473.055294117647,3362.0,10972.76
2022-02-18,9008.62,6355.331428571429,2455.6,9704.93,1894.5,1518.5723529411764,3362.0,11414.07
2022-02-19,8987.69,6150.187096774193,2461.96,9809.06,1883.96,1564.0894117647058,3362.0,11655.22
2022-02-20,9052.67,6511.918128654971,1970.67,9452.58,1790.82,1609.6064705882354,3362.0,11896.37
2022-02-21,9117.65,6456.027964342411,2445.25,9607.6,1904.82,1655.1235294117646,3362.0,12137.52
2022-02-22,9075.86,6572.197798252962,2537.51,9553.79,1861.36,1700.6405882352942,3392.0,13394.44
2022-02-23,9866.67,6791.352124183007,2389.69,9685.85,1888.65,1746.1576470588234,3392.0,12223.15
2022-02-24,9852.83,7203.0774677658,2336.95,9586.3,1908.33,1791.674705882353,3392.0,18869.33
2022-02-25,10226.13,6918.654518570062,2270.02,9484.74,1903.77,1837.1917647058822,3382.0,16085.55
2022-02-26,9592.68,6684.080639494026,2484.29,9479.7,1974.48,1882.7088235294118,3467.0,19532.78
2022-02-27,8600.0,6986.638504155125,1928.46,9325.2,1917.37,1928.2258823529412,3489.5,19249.055
2022-02-28,9096.43,6994.611559317551,2362.77,9400.27,1977.69,1973.7429411764706,3512.0,18965.33
2022-03-01,8971.810000000001,6520.600760456274,2557.89,9662.5,2003.71,2019.26,3452.0,13312.165
2022-03-02,8847.19,7009.643386749582,2317.35,9413.79,2025.74,1861.41,3392.0,7659.0
2022-03-03,8968.97,7103.218872704243,2226.74,9280.45,1998.42,1508.2,3392.0,13371.4
2022-03-04,8395.27,7073.397615344738,2291.8,9345.27,2018.43,979.51,3392.0,12135.58
2022-03-05,8400.0,7003.102362204724,2308.84,9444.59,2066.38,765.85,3392.0,11116.68
2022-03-06,8372.220000000001,7137.249258160237,2032.31,9334.98,1848.27,984.33,3392.0,10935.975
2022-03-07,8344.44,7009.340934790803,2302.94,9495.36,2065.96,1093.62,3392.0,10755.27
2022-03-08,8348.15,7044.830618321947,2450.82,9346.9,2048.74,1104.3,3392.0,11538.75
2022-03-09,8343.62,7090.149349349349,2406.07,9389.75,2166.27,1077.12,3392.0,10340.73
2022-03-10,8336.49,7145.317486338798,2454.82,9229.35,2134.98,1258.27,3392.0,11364.77
2022-03-11,8432.35,7160.977436389822,2430.93,9297.32,2133.33,2376.28,3392.0,12164.48
2022-03-12,8689.55,7155.97588978186,2527.36,9477.61,2178.9,1526.64,3392.0,11784.16
2022-03-13,8566.25,7077.637181409295,2143.64,9479.61,2096.7,1551.6445,3392.0,10985.904999999999
2022-03-14,8442.95,7040.5494765282,2442.93,9489.57,2201.01,1576.6490000000001,3392.0,10187.65
2022-03-15,8459.32,7000.8442314275935,2382.14,9349.78,2099.17,1601.6535000000001,3392.0,10928.4
2022-03-16,8457.14,6976.204114562323,2362.07,9418.61,2141.86,1626.6580000000001,3385.0,10431.02
2022-03-17,8490.53,6945.270939086295,2416.89,9361.8,2135.21,1651.6625000000001,3385.0,10103.3
2022-03-18,8455.77,6787.921875,2862.87,9411.81264219103,2099.4,1676.6670000000001,3385.0,10246.115
2022-03-19,8594.81,6836.865143699337,2448.53,9725.5,2109.05,1701.6715000000002,3385.0,10388.93
2022-03-20,8580.015,6640.39603960396,2119.52,9541.35,2002.99,1726.676,3385.0,10071.755000000001
2022-03-21,8565.22,6910.269045064378,2306.72,9936.6,2089.09,1751.6805,3385.0,9754.58
2022-03-22,8563.21,6925.464023984011,2224.41,9682.3,1956.99,1776.685,3385.0,7894.89
2022-03-23,8535.75,7067.100292331909,2309.1,9995.07,2044.51,1801.6895,3371.5,13769.94
2022-03-24,8561.9,7117.506167588261,2273.14,10122.08,2058.97,1826.694,3358.0,11546.0
2022-03-25,8565.53,6995.604529616725,2315.72,10285.96,2005.76,1851.6985,3472.0,10069.17
2022-03-26,8583.06,7158.750774679062,2396.03,10386.96,2047.31,1876.703,3472.0,11471.75
2022-03-27,8700.0,7276.604210526316,2049.07,10468.33,1802.78,1901.7075,3472.0,12473.880000000001
2022-03-28,8790.91,7079.521823097721,2465.55,10793.09,2022.72,1926.712,3472.0,13476.01
2022-03-29,8800.0,7269.655079181151,2403.25,10814.05,1998.47,1951.7165,3472.0,7959.56
2022-03-30,8565.22,6978.996778350515,2519.71,10699.72,2040.08,1976.721,3472.0,7232.8
2022-03-31,8566.67,7197.762013729977,2501.95,11094.36,1979.57,2001.7255,3472.0,7477.35
2022-04-01,9551.24,6882.431486880467,2425.52,10492.93,2101.17,2026.73,3472.0,9000.0
2022-04-02,8706.52,7221.684210526316,2603.78,11447.63,2164.37,1834.1,3472.0,8262.15
2022-04-03,15500.0,7151.307385229541,2119.04,10861.08,2063.77,1386.17,3472.0,9539.279999999999
2022-04-04,10758.93,7107.968229368462,2248.57,10701.63,1975.31,837.35,3472.0,10816.41
2022-04-05,9514.37,7108.811345939933,2346.2,10500.58,2024.91,812.97,3472.0,18198.54
2022-04-06,10601.85,7163.002658742571,2377.59,3434.29,2111.87,947.24,3472.0,11029.87
2022-04-07,10745.45,7186.444612286002,2265.29,10782.47,2130.74,1164.92,3541.0,10616.59
2022-04-08,9423.21,7158.603225315685,2317.69,10700.63,2191.66,1118.73,3541.0,10691.99
2022-04-09,10456.58,7192.53638472896,2414.28,10749.44,2087.24,1124.01,3541.0,10248.79
2022-04-10,9000.0,6928.526315789473,2173.95,10404.56,2195.3,1364.58,3541.0,9732.735
2022-04-11,9486.28,7181.141805377721,2345.96,10824.99,2194.56,2217.68,3541.0,9216.68
2022-04-12,10166.36,7182.487927977084,2377.64,10640.47,2188.38,1098.19,3541.0,10294.45
2022-04-13,10633.33,7104.809241046576,2328.59,10899.42,2253.49,1150.0247368421053,3541.0,9541.11
2022-04-14,13165.38,6697.564102564103,2762.43,9765.13,2288.1,1201.8594736842106,3541.0,9000.0
2022-04-15,8900.0,7349.402684563758,2660.26,10514.43,2246.62,1253.6942105263158,3538.75,6733.3
2022-04-16,10226.58,7065.844481605352,2572.54,10738.17,2249.63,1305.528947368421,3536.5,9290.65
2022-04-17,15900.0,7060.915584415585,2054.12,11110.1,2159.84,1357.3636842105263,3534.25,9709.435
2022-04-18,10324.29,7168.162892822836,2364.61,10926.48,2273.37,1409.1984210526316,3532.0,10128.22
2022-04-19,11155.0,7143.830582645662,2417.33,10443.86,2242.51,1461.0331578947369,3532.0,8878.86
2022-04-20,10489.76,7132.43911554033,2428.23,10690.25,2236.64,1512.8678947368421,3532.0,8210.89
2022-04-21,10648.48,7134.499224806202,2427.1,10388.37,2173.9,1564.7026315789474,3537.0,7647.71
2022-04-22,10593.37,7046.21053611318,2383.15,10345.37,2165.12,1616.5373684210526,3537.0,9145.15
2022-04-23,10664.52,7064.536880033913,2535.24,10490.42,2177.35,1668.3721052631581,3537.0,8971.37
2022-04-24,10244.475,7114.705696202532,2658.63,9943.76,2086.58,1720.2068421052631,3537.0,7250.0
2022-04-25,9824.43,7097.649709864603,2403.91,10529.69,2172.17,1772.0415789473686,3537.0,8283.18
2022-04-26,11159.8,7119.818998716303,2484.39,10075.52,2133.13,1823.8763157894737,3537.0,7064.93
2022-04-27,11273.58,7017.480191863564,2440.77,10656.61,2186.96,1875.7110526315792,3537.0,7034.91
2022-04-28,12185.71,7024.450440018527,2295.13,10599.39,2175.06,1927.5457894736842,3532.0,6746.27
2022-04-29,13360.0,6006.2886645962735,2536.61,10748.62,2130.85,1979.3805263157897,3532.0,7588.62
2022-04-30,9250.0,6712.931690140845,2479.44,10620.93,2145.33,2031.2152631578947,3532.0,6631.44
2022-05-01,10903.45,6667.441860465116,2116.47,10750.99,2193.33,2083.05,3532.0,6781.93
2022-05-02,12556.9,6659.678687812297,2395.5,11037.5,2123.45,1937.83,3532.0,6932.42
2022-05-03,10787.5,6577.836734693878,2811.04,10847.2,2184.91,1495.86,3532.0,7092.0
2022-05-04,10661.81,6718.198485244189,2444.0,11483.2,2116.85,850.79,3532.0,7822.56
2022-05-05,10653.45,6869.286393910561,2403.98,10997.23,2143.01,830.86,3557.0,8651.25
2022-05-06,10481.02,6887.911270983213,2453.28,10488.25,2173.8,981.3,3557.0,7540.01
2022-05-07,10187.346666666666,6983.005689900427,2334.52,9997.93,2131.05,1199.04,3557.0,7083.2
2022-05-08,9893.673333333334,6902.816618911174,2130.05,10341.66,2034.05,1047.1,3557.0,7181.599999999999
2022-05-09,9600.0,6856.10761378137,2474.36,11742.05,2134.42,1078.37,3557.0,7280.0
2022-05-10,10857.86,6824.873318872017,2521.33,11422.46,2156.48,1337.43,3557.0,7551.58
2022-05-11,10815.89,6766.526647286822,2486.64,10755.31,2146.23,2286.79,3557.0,7013.01
2022-05-12,10871.3,6853.043193717277,2593.96,10404.72,2151.42,1203.98,3556.6666666666665,7396.38
2022-05-13,10889.33,6656.551849605822,2276.19,10436.09,2209.08,1253.24,3556.3333333333335,6548.58
2022-05-14,15259.38,6612.883874518437,2501.33,11799.5,2201.5,1302.5,3556.0,6362.66
2022-05-15,9600.0,6773.290780141844,2223.66,10177.75,2173.77,1351.76,3556.5,6400.0
2022-05-16,14922.41,6130.882716049383,2662.01,11403.82,2040.63,1401.02,3557.0,6593.7
2022-05-17,10053.97,6626.966233116558,2435.52,12235.87,2128.27,1450.28,3557.0,7287.48
2022-05-18,11653.26,6725.6096972944015,2409.18,11727.21,2116.3,1499.54,3557.0,7621.93
2022-05-19,10295.95,6688.871437234688,2297.47,12020.33,2150.2,1548.8,3557.0,7059.24
2022-05-20,10014.19,6705.321301613344,2296.69,11894.08,2115.46,1598.06,3557.0,6282.94
2022-05-21,14346.43,6718.922778561354,2463.98,11766.6,2149.32,1647.32,3557.0,6294.29
2022-05-22,9700.0,6776.2768595041325,2094.47,10923.71,1937.25,1696.58,3557.0,6789.17
2022-05-23,14516.67,6673.819521178637,2367.08,11200.66,2114.63,1745.84,3557.0,7284.05
2022-05-24,10860.32,6644.78395480226,2408.27,12280.45,2111.36,1795.1,3557.0,7402.31
2022-05-25,14433.33,6542.687762605042,2422.49,11900.35,2103.19,1844.36,3557.0,7964.96
2022-05-26,14881.82,6407.587521663778,2405.46,10500.0,2078.12,1893.62,3557.0,6223.09
2022-05-27,14916.67,6414.215488215488,2496.36,11121.974453407733,2041.81,1942.8799999999999,3557.0,6974.04
2022-05-28,13911.11,6422.0892298948565,2543.85,11216.4808400558,1976.39,1992.1399999999999,3552.0,10173.4
2022-05-29,12108.365000000002,6412.083783783784,2308.71,11310.987226703866,1989.47,2041.3999999999999,3547.0,7987.99
2022-05-30,10305.62,6413.414984059511,2535.66,11405.493613351933,2006.57,2090.66,3542.0,5802.58
2022-05-31,11184.62,6292.939827307069,2432.33,11500.0,1990.13,2139.92,3537.0,7261.51
2022-06-01,11719.47,6377.988058003981,2499.77,11485.714285714286,1982.47,2189.18,3537.0,6866.32
2022-06-02,12591.67,6558.682352941177,2628.39,11471.42857142857,2026.41,1902.43,3537.0,6626.61
2022-06-03,16103.12,6069.788450860633,2160.85,11457.142857142857,1989.64,1326.0,3536.8,6603.36
2022-06-04,15919.7,6389.538704062323,2268.74,11442.857142857143,2003.89,865.24,3536.6,8636.86
2022-06-05,15740.155,6370.103773584906,2100.37,11428.57142857143,2092.55,807.81,3536.4,8085.415000000001
2022-06-06,15560.61,6169.271950334597,2138.34,11414.285714285714,2044.0,983.42,3536.2,7533.97
2022-06-07,14500.0,6363.0637680114905,2495.75,11400.0,2129.31,1222.76,3536.0,7129.99
2022-06-08,14947.3,6356.096859364887,2517.79,7445.45,2227.19,1066.43,3536.0,7443.55
2022-06-09,15284.21,6586.698302330578,2495.18,11200.0,2227.19,1040.58,3536.0,7232.0
2022-06-10,15284.21,6527.111772905465,2458.18,11300.0,2237.22,1475.09,3536.0,7004.94
2022-06-11,10050.0,6531.977468151106,2492.11,11200.0,2209.94,2221.23,3536.0,8630.09
2022-06-12,12536.25,6296.646341463415,2079.03,11100.0,2177.18,1176.48,3536.0,7878.395
2022-06-13,15022.5,6386.006162077087,2436.59,11000.0,2199.08,1219.941052631579,3536.0,7126.7
2022-06-14,15894.74,6440.600319318786,2440.99,11000.0,2143.2,1263.4021052631579,3476.0,7459.41
2022-06-15,15110.53,6348.699163968135,2690.42,11000.0,2201.38,1306.8631578947368,3476.0,6800.09
2022-06-16,17500.0,6257.640564780463,2618.61,11000.0,2269.22,1350.3242105263157,3476.0,7649.09
2022-06-17,15214.29,6307.5568503604445,2572.67,11025.0,2163.21,1393.7852631578949,3476.0,7052.59
2022-06-18,14676.47,6326.793340987371,2643.75,11025.0,2156.25,1437.2463157894738,3476.0,6772.0
2022-06-19,14926.945,6415.2405063291135,2129.28,11027.5,2245.0,1480.7073684210527,3476.0,6802.12
2022-06-20,15177.42,6246.006202820528,2814.93,11030.0,2248.61,1524.1684210526316,3476.0,6832.24
2022-06-21,15883.23,6210.746386610174,2709.21,11150.0,2215.17,1567.6294736842106,3472.0,7404.77
2022-06-22,15960.61,6127.126159554731,2535.99,11200.0,2256.62,1611.0905263157895,3472.0,6704.14
2022-06-23,15722.22,6117.7177874471245,2358.77,11300.0,2265.18,1654.5515789473684,3472.0,6428.82
2022-06-24,15560.61,6048.966523348916,2698.67,11250.0,2220.28,1698.0126315789475,3472.0,6827.76
2022-06-25,15440.0,6019.333919678914,2715.98,11300.0,2337.78,1741.4736842105262,3472.0,10081.93
2022-06-26,15440.0,6158.796116504855,2080.66,11350.0,2400.0,1784.9347368421054,3467.0,6200.0
2022-06-27,15440.0,6077.655901436462,2541.33,11400.0,2280.9,1828.395789473684,3462.0,6871.43
2022-06-28,15214.29,6084.080332061549,2459.75,11100.0,2335.33,1871.8568421052632,3462.0,6829.71
2022-06-29,15914.29,6216.286060543329,2569.21,11000.0,2260.38,1915.3178947368422,3462.0,6663.29
2022-06-30,15792.31,6283.250657571114,2557.54,11000.0,2259.11,1958.778947368421,3462.0,6183.5
2022-07-01,10100.0,6201.563276382678,2812.74,11050.0,2289.01,2002.24,3462.0,6573.82
2022-07-02,12153.52,5950.381631103989,2748.28,10766.666666666666,2388.58,2058.42,3462.0,10150.07
2022-07-03,14207.04,6077.012987012987,2401.73,10483.333333333334,2488.25,1316.6,3410.0,6200.0
2022-07-04,16260.56,6151.050991858881,2607.63,10200.0,2306.27,836.94,3358.0,6774.67
2022-07-05,15820.0,6112.894791473795,2758.47,10300.0,2337.57,843.3,3358.0,8825.2
2022-07-06,16357.14,5919.806383583072,2605.46,7883.33,2311.9,969.26,3358.0,6797.35
2022-07-07,16260.56,5900.256175380815,2595.43,10200.0,2382.44,1231.41,3358.0,6353.3
2022-07-08,11672.28,5977.361775172363,2695.42,10190.0,2370.91,1066.32,3358.0,6696.45
2022-07-09,16018.52,5992.528348641151,2727.19,10195.0,2351.13,1044.72,3358.0,6549.24
2022-07-10,15868.35,5786.428571428572,2518.36,10187.5,2375.14,1598.7,3413.5,5400.0
2022-07-11,15718.18,6076.035875520784,2731.02,10180.0,2364.49,2095.38,3469.0,6644.62
2022-07-12,15597.56,6065.715377899217,2827.8,10120.0,2340.03,1701.0,3469.0,8120.0
2022-07-13,9750.0,5982.994525547445,2809.81,10128.0,2298.84,1718.7185,3469.0,7344.8
2022-07-14,15683.63,6003.292272158599,2777.54,8750.0,2398.78,1736.437,3469.0,6497.58
2022-07-15,10902.91,6034.185416666666,2691.36,8770.0,2339.82,1754.1555,3469.0,6566.29
2022-07-16,14808.82,6010.364361702128,2775.57,8765.0,2240.7,1771.874,3469.0,8176.18
2022-07-17,15120.2,6075.225490196079,2141.72,8762.5,2392.86,1789.5925,3469.0,5400.0
2022-07-18,15431.58,6026.054330285099,2699.56,8760.0,2393.39,1807.311,3469.0,6884.61
2022-07-19,10656.12,6040.519348321458,2715.2,8770.0,2555.09,1825.0294999999999,3467.0,6897.12
2022-07-20,11457.89,6033.79259295511,2698.82,8750.0,2471.94,1842.748,3467.0,6579.05
2022-07-21,10864.1,6025.77778948894,2417.09,8934.09,2172.16,1860.4665,3467.0,6466.24
2022-07-22,11275.4,5961.583771008403,2687.63,8740.0,2871.36,1878.185,3467.0,6732.36
2022-07-23,10033.07,5852.308129619102,2808.02,8742.0,2358.74,1895.9035,3467.0,9661.54
2022-07-24,10765.064999999999,5989.533707865168,2441.75,8736.0,2409.09,1913.6219999999998,3467.0,4400.0
2022-07-25,11497.06,5959.699119827463,2514.74,8730.0,2459.03,1931.3405,3467.0,6539.62
2022-07-26,9819.49,5947.914495354761,2817.45,8735.0,2561.81,1949.059,3482.0,6735.98
2022-07-27,15908.33,5860.767673738661,2542.0,8745.0,2310.18,1966.7775,3482.0,6698.11
2022-07-28,9677.27,6013.199487398548,2780.91,8740.0,2415.63,1984.4959999999999,3467.0,6648.27
2022-07-29,9690.77,6113.548236986876,2720.76,8730.0,2606.15,2002.2144999999998,3467.0,6732.52
2022-07-30,16041.67,6036.193863075458,2770.9,8730.0,2347.12,2019.933,3467.0,5363.75
2022-07-31,13645.439999999999,6054.321917808219,2473.74,8720.90909090909,2400.5,2037.6515,3467.0,6136.945
2022-08-01,11249.21,6063.858981421203,2870.92,8711.818181818182,2430.46,2055.37,3467.0,6910.14
2022-08-02,16001.75,6061.663469921535,2883.84,8702.727272727272,2224.75,2034.9,3562.0,6881.99
2022-08-03,16082.26,6050.32763546654,2560.69,8693.636363636364,2494.1,1244.08,3562.0,6658.77
2022-08-04,15682.14,6039.505407124682,2703.03,8684.545454545454,2443.35,718.5,3562.0,6457.8
2022-08-05,11717.39,6022.145254872456,2795.59,8675.454545454546,2286.25,703.88,3562.0,6273.43
2022-08-06,10991.68,6012.751427483822,2472.74,8666.363636363636,2085.83,990.85,3562.0,6945.4
2022-08-07,11140.96,5903.804347826087,2623.63,8657.272727272728,2339.47,1197.88,3562.0,6734.33
2022-08-08,11290.24,6041.435191400641,2871.43,8648.181818181818,2229.97,1075.46,3562.0,6523.26
2022-08-09,15550.0,6027.913043478261,3070.87,8639.09090909091,2473.64,1031.06,3562.0,8905.56
2022-08-10,16008.33,6089.035206258891,2733.79,8630.0,2390.13,1750.12,3561.0,6906.39
2022-08-11,15746.43,6047.747881355932,2798.5,8619.69696969697,2459.89,1921.63,3561.0,6722.18
2022-08-12,16224.14,6132.2215275890185,2795.04,8609.39393939394,2476.25,1140.82,3561.0,5909.56
2022-08-13,9500.0,6107.288077029392,3149.23,8599.09090909091,2438.74,1180.1364999999998,3561.0,7590.48
2022-08-14,12670.59,6181.567164179104,2302.37,8588.787878787878,2375.0,1219.453,3561.0,7278.986666666667
2022-08-15,15841.18,5833.333333333333,2240.91,8578.484848484848,2400.0,1258.7694999999999,3561.0,6967.493333333333
2022-08-16,16237.5,6232.096306068602,2998.86,8568.181818181818,2695.64,1298.086,3561.0,6656.0
2022-08-17,15993.98,5990.930883159627,2743.37,8557.878787878788,2432.01,1337.4025,3561.0,11363.53
2022-08-18,11471.05,5982.490470286657,2580.86,8547.575757575758,2479.12,1376.719,3561.0,6445.34
2022-08-19,11557.69,5854.569494584837,2624.72,8537.272727272728,2369.46,1416.0355,3561.0,6084.43
2022-08-20,12115.56,5829.013530135301,2667.78,8526.969696969696,2660.55,1455.3519999999999,3561.0,8004.51
2022-08-21,14007.779999999999,5862.142857142857,2619.04,8516.666666666666,2482.5,1494.6685,3561.0,7172.07
2022-08-22,15900.0,5743.357436076987,2878.55,8506.363636363636,2521.41,1533.9850000000001,3561.0,6339.63
2022-08-23,12332.84,5602.980332282807,2745.27,8496.060606060606,2591.99,1573.3015,3572.0,9444.44
2022-08-24,11341.27,5663.367443927951,2834.12,8485.757575757576,2543.81,1612.618,3572.0,6247.4
2022-08-25,11439.06,5610.78585013313,2773.3,8475.454545454546,2376.54,1651.9345,3572.0,6753.81
2022-08-26,11533.85,5656.758620689655,3070.56,8465.151515151516,2540.0,1691.251,3572.0,8654.55
2022-08-27,11549.61,5539.787394957983,2829.61,8454.848484848484,2361.0,1730.5675,3572.0,5187.0
2022-08-28,11775.915,5611.180124223602,2331.15,8444.545454545454,2400.0,1769.884,3572.0,6300.0
2022-08-29,12002.22,5400.5267973404325,2524.74,8434.242424242424,2433.05,1809.2005,3572.0,6364.29
2022-08-30,10142.65,5299.559804063743,2841.68,8423.939393939394,2463.54,1848.517,3572.0,14000.0
2022-08-31,16780.0,5363.433139534884,3688.51,8413.636363636364,2474.276304143198,1887.8335000000002,3574.5,9957.535
2022-09-01,12179.07,5198.833849950345,2318.91,8403.333333333334,2130.41,1927.15,3577.0,5915.07
2022-09-02,17900.0,4944.679649929807,2578.28,8393.030303030304,2242.15,2171.85,3579.5,6147.09
2022-09-03,13370.59,5083.097465191003,2614.57,8382.727272727272,2427.29,1292.7,3582.0,5939.68
2022-09-04,16155.56,4721.220930232558,2206.08,8372.424242424242,2456.82,760.45,3584.5,6450.0
2022-09-05,12483.67,4960.884531590414,2913.71,8362.121212121212,2662.08,831.83,3587.0,6029.14
2022-09-06,16234.85,4989.59972862958,2289.79,8351.818181818182,2335.18,1035.85,3589.5,6176.92
2022-09-07,15747.22,5018.464078794901,2702.01,8341.515151515152,2570.48,1184.5,3592.0,6791.06
2022-09-08,17900.0,5060.7908496732025,2727.85,8331.212121212122,2478.12,1044.44,3592.0,5017.86
2022-09-09,11026.0,4958.828813559322,2906.93,8320.90909090909,2318.75,1082.6,3592.0,6758.93
2022-09-10,11916.67,5085.800627943485,2865.6,8310.60606060606,2281.3,1840.79,3592.0,8500.0
2022-09-11,11512.060000000001,4874.0,2795.07,8300.30303030303,2400.0,1819.49,3592.0,7261.605
2022-09-12,11107.45,5097.636942675159,2932.44,8290.0,2654.77,1135.36,3592.0,6023.21
2022-09-13,16076.47,5055.573363431151,2860.92,8279.69696969697,2769.13,1186.757894736842,3592.0,6852.21
2022-09-14,16532.35,5164.414207650273,2765.71,8269.39393939394,2110.65,1238.155789473684,3588.5,6239.29
2022-09-15,16268.42,5163.99696816574,2681.66,8259.09090909091,2570.41,1289.5536842105262,3585.0,6507.45
2022-09-16,16430.0,5035.046859421735,2777.82,8248.787878787878,2850.72,1340.9515789473683,3585.0,6337.8
2022-09-17,16614.71,5160.321428571428,2877.95,8238.484848484848,2681.61,1392.3494736842104,3585.0,6418.143333333333
2022-09-18,16590.165,5276.884393063584,2392.09,8228.181818181818,2350.0,1443.7473684210527,3585.0,6498.486666666667
2022-09-19,16565.62,5049.058240217408,2929.16,8217.878787878788,2675.23,1495.1452631578948,3585.0,6578.83
2022-09-20,16875.0,5082.494854202401,2908.02,8207.575757575758,2227.22,1546.5431578947369,3585.0,6431.65
2022-09-21,10350.0,4930.299826689775,2605.37,8197.272727272728,2103.94,1597.941052631579,3578.0,5273.14
2022-09-22,17024.5,4981.802189210321,2826.19,8186.969696969697,2304.27,1649.338947368421,3571.0,6267.56
2022-09-23,16565.62,5044.461889964365,2804.58,8176.666666666667,2345.23,1700.7368421052631,3571.0,6291.08
2022-09-24,12961.76,4932.549803407602,2646.22,8166.363636363636,2084.25,1752.1347368421052,3571.0,6571.44
2022-09-25,10200.0,5785.365853658536,2317.76,8156.060606060606,2400.96,1803.5326315789475,3571.0,5906.33
2022-09-26,11598.82,4668.3392489770085,2863.42,8145.757575757576,2090.89,1854.9305263157894,3571.0,5241.22
2022-09-27,12460.0,4697.391041660946,2849.79,8135.454545454545,2019.74,1906.3284210526317,3571.0,6027.35
2022-09-28,14418.44,4776.500891265598,2750.48,8125.151515151515,1760.21,1957.7263157894736,3571.0,6035.69
2022-09-29,12493.96,4794.681970635545,2789.35,8114.848484848485,1982.87,2009.124210526316,3562.0,6165.47
2022-09-30,12584.44,4885.985034850349,2835.09,8104.545454545454,2164.96,2060.5221052631578,3562.0,6132.67
2022-10-01,17323.68,4669.149729492616,2948.5,8094.242424242424,2092.72,2111.92,3562.0,6009.34
2022-10-02,17149.34,5145.588235294118,2308.5,8083.939393939394,2097.56,2230.23,3562.0,6366.52
2022-10-03,16975.0,4727.170460832325,2770.63,8073.636363636364,1931.3,1264.98,3562.0,6723.7
2022-10-04,12100.9,4728.219713417282,2854.49,8063.333333333333,1978.92,729.2,3562.0,6307.52
2022-10-05,11221.6,4666.61216730038,3071.47,8053.030303030303,2000.63,806.84,5031.0,5780.0
2022-10-06,16809.38,4626.491356545281,2851.89,8042.727272727273,1942.9,1088.68,6500.0,6906.15
2022-10-07,12702.17,4724.75133503895,2710.99,8032.424242424242,1835.25,1281.55,3557.0,6391.65
2022-10-08,13368.92,4703.644552179397,2860.26,8022.121212121212,2018.83,1074.81,3557.0,6002.07
2022-10-09,12050.895,4311.407407407408,2585.34,8011.818181818182,2057.07,990.13,3557.0,6097.42
2022-10-10,10732.87,4641.830925398786,2825.87,8001.515151515152,1904.4,1824.5,3557.0,6192.77
2022-10-11,12423.33,4640.41329787234,2760.18,7991.212121212121,1879.27,1852.99,3557.0,5994.62
2022-10-12,12325.64,4745.451782075692,2819.93,7980.909090909091,1920.49,1429.69,3557.0,5969.4
2022-10-13,11790.84,4703.04183184966,2788.69,7970.606060606061,1800.56,1453.5155,3546.0,6390.65
2022-10-14,18260.74,4675.164197489947,2856.0,7960.30303030303,1914.3,1477.3410000000001,3546.0,6382.41
2022-10-15,10157.69,4709.5593187858085,2860.51,7950.0,1875.84,1501.1665,3546.0,5525.96
2022-10-16,10400.0,4619.44268292683,2254.16,7869.128,1938.52,1524.992,3546.0,5909.3099999999995
2022-10-17,11711.72,4650.753808523124,2962.42,7788.256,1893.14,1548.8175,3546.0,6292.66
2022-10-18,12743.18,4627.161436162405,2935.42,7707.384,1899.26,1572.643,3546.0,6814.61
2022-10-19,10350.0,4677.281263304563,2936.68,7626.512000000001,1816.67,1596.4685,3546.0,6230.85
2022-10-20,10303.27,4682.367254997852,2886.12,7545.64,1810.61,1620.294,3555.0,6011.72
2022-10-21,10213.64,4615.005624955853,2924.03,7356.155000000001,1862.31,1644.1195,3555.0,6623.97
2022-10-22,12446.63,4775.578453934958,3018.09,7166.67,2054.46,1667.9450000000002,3555.0,8500.0
2022-10-23,12219.345,4614.140724946695,2968.56,7358.335,1807.27,1691.7705,3555.0,8500.0
2022-10-24,11992.06,4680.653465346535,3753.57,7550.0,1934.85,1715.596,3555.0,8500.0
2022-10-25,13348.57,4699.872708757637,3356.2,7200.0,1974.71,1739.4215,3555.0,8500.0
2022-10-26,12490.0,4891.07532808399,3073.82,7500.0,2005.35,1763.247,3555.0,6202.96
2022-10-27,13223.97,4725.932249873032,3043.09,7814.86,1834.45,1787.0725,3555.0,6569.43
2022-10-28,12365.62,4765.58059472177,2924.26,8004.36,1899.22,1810.8980000000001,3555.0,1068.47
2022-10-29,11770.61,4796.509759310516,4471.17,8090.43,1923.65,1834.7235,3555.0,6318.55
2022-10-30,12130.970000000001,4920.272456575683,2737.05,7951.52,2003.34,1858.549,3555.0,6418.3150000000005
2022-10-31,12491.33,4746.645135648058,2853.94,7812.61,1875.65,1882.3745,3555.0,6518.08
2022-11-01,12231.7,4781.911862992316,2923.41,7809.8,1774.92,1906.2,3555.0,7441.86
2022-11-02,11665.35,4918.349232132253,2898.55,7896.09,1832.5,2335.9,3546.0,6422.37
2022-11-03,12661.79,5008.558148876345,2940.22,8000.26,1858.38,1195.65,3546.0,6479.45
2022-11-04,11380.61,5078.134493932758,2969.89,7935.65,1831.45,718.19,3546.0,6651.25
2022-11-05,12664.16,5216.339672095495,2939.04,8106.15,1900.44,812.91,3546.0,5994.7
2022-11-06,9351.73,5432.147219737114,2702.69,8046.3,1894.97,1101.41,3546.0,6212.275
2022-11-07,6039.3,5450.942508173314,2988.06,8619.16,1951.7,1198.57,3546.0,6429.85
2022-11-08,10910.91,5552.908538105296,2978.97,8626.71,1921.35,1023.3,3546.0,6666.79
2022-11-09,15465.46,5432.049322559799,2960.93,8672.98,1936.67,1277.5,3546.0,6649.0
2022-11-10,11486.3,5456.534318656323,2921.38,8751.52,1925.25,1836.21,3546.0,5672.29
2022-11-11,12159.22,5454.625834603987,2983.0,8897.96,1878.86,1844.2,3564.0,6761.78
2022-11-12,10442.62,5570.33544322557,2952.96,9088.52,1928.58,1043.45,3564.0,6667.33
2022-11-13,10775.805,5709.527915632754,2720.11,8116.86,2037.6,1086.7763157894738,3564.0,6766.264999999999
2022-11-14,11108.99,5478.018911232238,2732.07,9215.92,1953.57,1130.1026315789475,3564.0,6865.2
2022-11-15,12350.54,5416.139835216885,2939.52,9139.98,1969.05,1173.4289473684212,3564.0,6542.34
2022-11-16,11596.03,5494.007560409301,3009.5,9185.73,1926.98,1216.755263157895,3564.0,6911.54
2022-11-17,11292.06,5395.492081382531,3173.27,9197.45,1962.43,1260.0815789473686,3564.0,7071.65
2022-11-18,11609.06,5440.212449642404,2937.26,9118.82,1958.68,1303.407894736842,3564.0,6817.48
2022-11-19,10866.1,5463.73600080347,2915.31,9032.31,1885.93,1346.734210526316,3567.25,6728.0
2022-11-20,11323.17,5563.482605477424,2924.99,8783.75,1909.23,1390.0605263157895,3570.5,6864.0
2022-11-21,11780.24,5454.04468737024,3036.44,8704.39,2014.06,1433.3868421052632,3573.75,7000.0
2022-11-22,11658.88,5426.978200604839,2963.06,8610.91,1984.52,1476.713157894737,3577.0,7821.43
2022-11-23,12065.84,5381.620007333601,3259.43,8630.87,2012.62,1520.0394736842106,3577.0,6686.38
2022-11-24,12298.44,5389.001392475322,3130.59,8645.99,1994.83,1563.3657894736843,3577.0,6508.49
2022-11-25,15669.23,5321.37790367166,2825.61,8901.29,1996.1,1606.692105263158,3577.0,5700.0
2022-11-26,11474.83,5368.519329886168,3138.66,8798.53,1957.89,1650.0184210526318,3577.0,6652.0
2022-11-27,11073.345000000001,5288.865546218487,2918.43,8647.43,1736.13,1693.3447368421052,3577.0,6760.030000000001
2022-11-28,10671.86,5454.171079934343,2976.39,8880.36,1965.89,1736.6710526315792,3577.0,6868.06
2022-11-29,11968.02,5155.748987854251,3030.2,8756.37,1993.77,1779.9973684210527,3577.0,6717.64
2022-11-30,9404.55,5343.7058657601965,3118.81,8759.83,1962.1,1823.3236842105266,3577.0,6567.22
2022-12-01,12232.42,5222.281148679945,2667.02,8845.77,1995.54,1866.65,3569.5,6727.925
2022-12-02,11516.25,5278.658304726697,3152.86,8858.49,2005.08,2332.48,3562.0,6888.63
2022-12-03,11394.94,5267.984600577478,3304.91,8772.45,2000.39,1210.24,3562.0,5500.0
2022-12-04,11664.135,5371.417892156863,2571.75,8447.68,2035.85,761.7,3562.0,6343.485000000001
2022-12-05,11933.33,5286.550814149355,3438.2,8456.33,1999.73,833.7,3562.0,7186.97
2022-12-06,11030.77,5386.976401179941,3001.43,8415.75,2064.46,1305.71,3562.0,7593.485000000001
2022-12-07,10358.82,5203.56028014007,2930.08,8420.52,1998.02,1150.95,3562.0,8000.0
2022-12-08,10980.0,5307.804021261844,3107.42,8436.89,2036.81,1034.93,3562.0,6396.21
2022-12-09,10277.78,5312.163193217944,3152.11,8368.68,2011.78,1138.35,3562.0,6434.42
2022-12-10,16500.0,5308.2157789453495,3245.35,8303.36,2005.33,1743.13,3562.0,7156.67
2022-12-11,13985.85,5444.287413280475,2957.99,8173.73,2094.84,1846.98,3550.5,6988.51
2022-12-12,11471.7,5319.367267190858,3264.12,8343.27,2026.04,1107.69,3539.0,6820.35
2022-12-13,10729.73,5280.508599663301,3314.63,8359.34,2001.09,1120.7905,3539.0,7841.18
2022-12-14,11200.0,5309.192392293024,3269.84,8412.1,1994.92,1133.891,3539.0,6390.89
2022-12-15,10173.91,5268.961668290745,3133.27,8464.55,2020.68,1146.9915,3539.0,6548.77
2022-12-16,10648.65,5301.781080101486,3294.42,8465.28,2045.44,1160.092,3539.0,7217.65
2022-12-17,10135.34,5269.592636756595,3215.32,8399.15,2059.84,1173.1925,3539.0,6551.94
2022-12-18,10355.34,5272.909090909091,3027.48,8223.58,1869.4,1186.2930000000001,3539.0,6621.075
2022-12-19,10575.34,5288.10436498723,3571.96,8315.85,2064.16,1199.3935000000001,3539.0,6690.21
2022-12-20,10567.57,5182.867746615087,3801.66,8272.07,2100.44,1212.4940000000001,3532.0,8000.0
2022-12-21,10493.15,5255.098349834983,3668.72,8263.26,2085.85,1225.5945000000002,3532.0,7730.7
2022-12-22,10720.0,5139.694314748695,3058.42,8272.55,2097.19,1238.6950000000002,3532.0,6116.67
2022-12-23,11448.28,5205.110262412221,3829.2,8226.14,2115.86,1251.7955000000002,3532.0,7142.86
2022-12-24,10640.0,5274.569343065694,3002.72,8130.38,2077.01,1264.8960000000002,3532.0,6870.643333333333
2022-12-25,10883.635,5177.059925093633,2680.23,7967.01,2083.96,1277.9965,3532.0,6598.426666666666
2022-12-26,11127.27,5161.607793613567,3189.04,7640.95,2121.83,1291.097,3532.0,6326.21
2022-12-27,11153.85,5147.211645838873,3065.84,7652.26,2056.68,1304.1975,3532.0,6918.0
2022-12-28,11461.54,5219.869358669834,3481.46,7735.1,2087.69,1317.298,3532.0,6969.9
2022-12-29,10960.0,5265.478735868514,3291.21,7818.15,2093.57,1330.3985,3499.0,6685.1
2022-12-30,11120.0,5192.327441975833,3041.16,8020.24,2095.92,1343.499,3499.0,6783.28
2022-12-31,9700.0,5258.7724135182,3583.32,8153.46,2077.22,1356.5995,3499.0,6502.04
2023-01-01,10048.275,5409.087431693989,2815.16,8078.96,2029.12,1369.7,3499.0,6732.12
2023-01-02,10396.55,5430.704879938033,4006.89,8189.19,2125.24,1025.4,3499.0,6962.2
2023-01-03,10947.37,5381.280634920635,4005.2,8282.83,2111.79,703.5,3499.0,11000.0
2023-01-04,11450.0,5337.8604778157,3734.04,8348.1,2130.45,637.5,3499.0,6584.46
2023-01-05,9700.0,5360.731347020531,3145.44,8330.89,2109.09,706.09,3494.285714285714,6287.0
2023-01-06,9300.0,5305.537889225682,3273.87,8232.84,2130.51,736.15,3489.5714285714284,6425.0
2023-01-07,10086.96,5300.222374847375,3011.36,8553.82,1474.9,1268.58,3484.8571428571427,6055.0
2023-01-08,15800.0,5040.183673469388,2651.27,8350.0,1825.0,1275.48,3480.1428571428573,6507.5
2023-01-09,16000.0,5373.150743099788,3010.24,8336.9,2140.88,1903.02,3475.4285714285716,6960.0
2023-01-10,10640.0,5280.120557890715,3150.18,8412.82,2071.08,1852.24,3470.714285714286,6634.17
2023-01-11,10923.08,5274.887904468413,3759.86,8291.35,2174.05,3778.61,3466.0,6785.68
2023-01-12,9517.48,5289.992370210649,3607.17,8261.05,2111.53,3664.115238095238,3466.0,6746.91
2023-01-13,9474.58,5252.163217493167,2749.69,8217.69,2109.37,3549.6204761904764,3466.0,4236.67
2023-01-14,12388.89,5304.218562154364,3158.19,8189.31,2081.37,3435.1257142857144,3466.0,6410.3
2023-01-15,11049.105,5130.058139534884,2696.3,8029.2,2104.78,3320.6309523809523,3466.0,6596.15
2023-01-16,9709.32,5137.922775382203,2601.9,8208.69,2132.02,3206.1361904761907,3466.0,6782.0
2023-01-17,9995.77,5283.658068160422,3777.11,8229.65,2103.5,3091.6414285714286,3466.0,11000.0
2023-01-18,10051.05,5025.461277831559,2679.7,8260.49,2117.34,2977.1466666666665,3466.0,6651.54
2023-01-19,10444.68,5242.495489690722,4062.5,8150.64,2183.9,2862.651904761905,3466.0,6400.0
2023-01-20,10225.53,5196.023699215966,4031.85,8277.92,2253.04,2748.157142857143,3466.0,6599.35
2023-01-21,12068.42,5093.317672967517,3713.81,8256.94,2153.13,2633.6623809523808,3466.0,7250.0
2023-01-22,16300.0,5236.2748433303495,3014.68,8173.94,2067.31,2519.167619047619,3466.0,6959.09
2023-01-23,11655.93,5052.922578482851,3630.33,8135.5,2107.57,2404.672857142857,3466.0,6668.18
2023-01-24,10427.78,5058.801349733319,3714.82,8068.43,2100.83,2290.178095238095,3466.0,7189.91
2023-01-25,10690.91,5020.428741092636,3636.43,8004.7,2079.58,2175.6833333333334,3466.0,6784.93
2023-01-26,16300.0,5179.438202247191,3124.63,7921.06,2050.0,2061.1885714285713,3466.0,6607.5599999999995
2023-01-27,16300.0,5088.252201002302,3636.56,8077.07,2109.41,1946.6938095238093,3466.0,6430.19
2023-01-28,10859.46,5083.272697476237,3643.48,8084.65,2140.1,1832.1990476190474,3466.0,6659.79
2023-01-29,16400.0,5129.3922261484095,2989.78,7921.54,1987.5,1717.7042857142856,3466.0,6523.92
2023-01-30,11781.82,5039.081287667205,3566.88,8085.52,2089.21,1603.2095238095235,3466.0,6388.05
2023-01-31,12855.56,5101.182274247492,3607.56,8057.03,2081.68,1488.7147619047614,3466.0,7418.59
2023-02-01,11252.17,5067.028978468512,3073.01,8043.37,2038.37,1374.22,3470.0,6756.31
2023-02-02,12300.0,5088.52020467069,3584.73,8040.16,2101.49,1044.97,3474.0,6129.24
2023-02-03,13336.36,5051.1100052383445,3555.26,7969.2,2070.7,708.45,3474.0,6634.0
2023-02-04,11911.76,5038.691600633914,3536.9,7926.94,2086.23,655.0,3474.0,6088.11
2023-02-05,12142.545,5144.863225806452,2922.57,7721.95,2007.29,651.12,3474.0,6131.39
2023-02-06,12373.33,5035.583698030635,3561.85,7882.27,2109.1,747.69,3474.0,6174.67
2023-02-07,13730.43,5000.791672711446,3653.55,7850.06,2098.26,1330.84,3474.0,7882.68
2023-02-08,13728.57,5101.415479147601,3516.62,7941.9,2097.78,1305.42,3491.0,6424.4
2023-02-09,12497.67,5104.249863537118,3519.33,7970.3,2089.01,1876.9,3491.0,6357.93
2023-02-10,12306.02,5095.451333078198,3504.65,7941.04,2114.65,2001.29,3491.0,6293.67
2023-02-11,18000.0,5129.8982472467815,3597.46,7994.62,2111.98,3823.32,3491.0,9928.57
2023-02-12,17950.0,5265.522573363432,3093.51,7888.48,1980.32,3576.53,3491.0,8009.4400000000005
2023-02-13,17900.0,5193.561906468375,3639.61,8000.7,2131.43,3443.909411764706,3491.0,6090.31
2023-02-14,13232.26,5177.72360375051,2992.56,8114.55,2078.66,3311.2888235294117,3491.0,7521.74
2023-02-15,18300.0,5159.291761859965,3188.73,8094.97,2051.84,3178.668235294118,3491.0,9150.83
2023-02-16,13771.43,5142.394444444444,3067.07,8056.59,2079.37,3046.0476470588237,3491.0,10193.22
2023-02-17,12845.83,5145.203804677087,3056.21,8017.6,2102.51,2913.4270588235295,3482.0,9396.59
2023-02-18,11872.915,5110.0046403712295,3559.58,7970.66,2398.27,2780.8064705882352,3482.0,9931.06
2023-02-19,10900.0,5124.5424836601305,2766.0,7809.91,2086.23,2648.185882352941,3482.0,10465.53
2023-02-20,14076.47,5087.645108135942,3256.13,7943.32,2089.05,2515.5652941176468,3482.0,11000.0
2023-02-21,15104.0,5136.515754749175,3052.65,7966.51,1694.52,2382.944705882353,3482.0,9993.36
2023-02-22,12725.35,5192.578512396694,2877.69,7976.65,2083.85,2250.3241176470588,3482.0,10419.57
2023-02-23,16910.0,5133.520238984317,2741.15,7958.82,2091.41,2117.703529411765,3482.0,10468.56
2023-02-24,14237.5,5172.312684801892,2826.3,7914.0,2061.33,1985.0829411764705,3482.0,11479.35
2023-02-25,15384.62,5120.13986332574,3183.58,7946.66,2070.39,1852.4623529411765,3482.0,8728.12
2023-02-26,17692.31,5144.225206611571,2456.09,7944.9,2005.6,1719.8417647058823,3482.0,7518.405000000001
2023-02-27,20000.0,5065.037282411015,2407.09,7829.53,2057.77,1587.2211764705883,3482.0,6308.69
2023-02-28,11828.57,5069.836161187699,2976.03,7788.12,2027.37,1454.6005882352938,3482.0,11181.26
2023-03-01,14588.89,4959.15568248389,2660.95,7798.2,2055.97,1321.98,3482.0,9284.48
2023-03-02,12184.38,4978.165987561656,2633.79,7850.0,2052.75,1031.1,3482.0,9936.33
2023-03-03,16176.47,5046.690149824673,2604.47,7827.55,2010.22,736.77,3482.0,10474.88
2023-03-04,15050.2,5086.334775442933,2792.01,7850.99,2042.52,701.85,3482.0,9859.96
2023-03-05,17675.1,5168.790836653387,2320.56,7797.4,2053.79,687.18,3482.0,10244.52
2023-03-06,20300.0,5087.114369501466,2971.4,7808.5,2134.21,768.51,3482.0,10629.08
2023-03-07,15609.09,5006.265625,3450.63,7646.02,1816.1,1272.64,3479.5,8419.605
2023-03-08,15261.7,4997.130702389572,3005.09,7754.63,2147.65,1344.91,3477.0,6210.13
2023-03-09,17012.5,4983.483846542151,2611.75,7785.93,2036.27,1856.44,3477.0,6450.6
2023-03-10,15666.67,4995.530461427541,2315.22,7729.86,2049.66,1994.1,3477.0,8019.17
2023-03-11,11600.0,4844.374248223073,2666.11,7646.15,2069.15,3403.57,3477.0,10459.24
2023-03-12,13589.475,4890.781395348838,2217.76,7408.81,2173.54,3266.9,3476.6666666666665,8505.365
2023-03-13,15578.95,4933.219475878499,2656.17,7631.13,2087.83,3174.3935,3476.3333333333335,6551.49
2023-03-14,18600.0,4947.066859476012,2784.18,7668.94,2049.5,3081.887,3476.0,9952.37
2023-03-15,16233.33,4995.037457912458,2537.15,7645.42,1996.84,2989.3805,3476.0,10774.87
2023-03-16,17788.89,5007.547204399633,2690.64,7586.11,2005.29,2896.8740000000003,3476.0,6063.21
2023-03-17,15018.37,4997.041866330391,3073.91,7632.56,2049.07,2804.3675000000003,3476.0,8729.8
2023-03-18,14642.86,4971.435955622794,2431.62,7633.35,2044.01,2711.861,3476.0,12253.78
2023-03-19,15288.67,5113.9859437751,2262.67,7521.67,1940.41,2619.3545,3476.0,10929.29
2023-03-20,15934.48,4955.054763521159,2739.45,7678.67,2200.86,2526.848,3476.0,9604.8
2023-03-21,14471.43,4908.621830209482,2759.59,7660.36,2002.66,2434.3415,3472.0,13408.8
2023-03-22,14000.0,5098.949789191261,3218.15,7753.25,2021.78,2341.835,3472.0,6234.55
2023-03-23,15577.78,5003.577708333333,2282.69,7671.36,2021.33,2249.3285,3472.0,8339.18
2023-03-24,14272.34,4939.114669254407,2589.02,7628.52,1994.0,2156.822,3472.0,10768.49
2023-03-25,14672.73,4885.061615844074,2697.5,7615.01,2084.51,2064.3154999999997,3472.0,9433.4
2023-03-26,14865.435,5013.757178014766,2187.5,7534.74,2044.42,1971.809,3472.0,9138.974999999999
2023-03-27,15058.14,4963.628865979382,2657.76,7523.67,2065.98,1879.3025,3472.0,8844.55
2023-03-28,14608.0,4983.845233907844,2535.42,7558.83,2043.32,1786.796,3472.0,10797.44
2023-03-29,11500.0,5020.101888449714,2753.93,7630.15,2054.74,1694.2894999999999,3472.0,13280.43
2023-03-30,16109.68,4991.848837209303,2538.89,7783.39,1974.27,1601.783,3472.0,12910.22
2023-03-31,14568.63,5049.583403895004,3005.54,8061.91,2046.14,1509.2765,3472.0,11013.91
2023-04-01,16220.0,5181.879702048417,3064.23,7821.73,2055.54,1416.77,3472.0,9409.45
2023-04-02,11600.0,5195.245283018868,2146.7,7811.89,1993.73,1007.06,3472.0,9098.69
2023-04-03,19500.0,5148.701736420303,2698.69,7871.91,2010.49,735.05,3472.0,8787.93
2023-04-04,15420.0,5425.008010680908,3361.26,7992.19,2154.64,761.61,3472.0,11205.16
2023-04-05,15460.87,5139.789214381775,2576.38,7887.33,1989.19,715.69,3472.0,8777.66
2023-04-06,20000.0,5087.548981123362,2773.33,7899.21,1892.06,838.89,3573.0,8955.82
2023-04-07,17822.725,5247.5593003230815,3191.2,8053.03,2144.81,1297.49,3573.0,6219.59
2023-04-08,15645.45,5119.7722508085,2730.15,7930.42,2063.45,1576.85,3573.0,8914.32
2023-04-09,13510.740000000002,5289.355172413793,2410.33,7848.25,1972.07,1861.14,3573.0,8784.61
2023-04-10,11376.03,5069.022837034377,2731.65,7982.48,2187.82,1996.8,3573.0,8654.9
2023-04-11,15645.45,5084.076288167667,2742.16,7925.06,1992.55,3287.7,3573.0,8784.95
2023-04-12,17191.89,4991.979771470053,2704.11,7833.07,1949.7,3430.2,3573.0,8285.63
2023-04-13,16540.0,5009.920738853029,2614.99,7787.4,2017.33,3316.0994736842104,3573.0,8353.34
2023-04-14,20500.0,5010.358213081218,3568.66,7827.0,2193.43,3201.998947368421,3573.0,6594.01
2023-04-15,20500.0,5012.586772819332,2555.25,7875.22,1982.19,3087.8984210526314,3631.0,8890.34
2023-04-16,17957.145,5115.842676311031,2286.32,7782.74,2027.06,2973.797894736842,3631.0,8527.085
2023-04-17,15414.29,4989.488683441181,2632.22,7874.01,1864.48,2859.6973684210525,3631.0,8163.83
2023-04-18,15078.05,4997.129908281686,2837.52,7791.1,1894.77,2745.596842105263,3631.0,8153.01
2023-04-19,15388.0,4945.048885658842,2864.09,7792.78,1893.91,2631.4963157894736,3631.0,8217.98
2023-04-20,22800.0,4928.420387186278,2693.49,7768.76,1926.58,2517.395789473684,3631.0,5934.67
2023-04-21,17005.26,4999.070545185371,2815.5,7654.87,1944.99,2403.2952631578946,3631.0,7960.85
2023-04-22,18140.0,4966.591183000317,3571.96,7496.94,2006.57,2289.194736842105,3631.0,8493.33
2023-04-23,22000.0,5015.1757469244285,2629.45,7738.91,1925.61,2175.0942105263157,3631.0,7993.805
2023-04-24,17702.86,4891.163512920155,2544.83,7704.79,1848.34,2060.993684210526,3631.0,7494.28
2023-04-25,18387.5,4839.306249225127,2841.02,7698.75,1807.65,1946.8931578947368,3631.0,5757.84
2023-04-26,12100.0,4827.271539283279,2653.87,7675.65,1744.58,1832.7926315789473,3631.0,5792.04
2023-04-27,16618.18,4879.759363376,2832.32,7688.43,1743.63,1718.6921052631578,3631.0,7570.3
2023-04-28,16786.67,4864.2580867467805,2955.83,7668.76,1886.74,1604.5915789473684,3631.0,5168.12
2023-04-29,18662.5,4871.37352911255,3092.58,7746.1,1813.8,1490.491052631579,3631.0,6014.78
2023-04-30,15081.25,5040.545126353791,2629.17,7759.27,1769.4,1376.3905263157894,3631.0,6301.943333333334
2023-05-01,11500.0,4902.702702702703,2657.37,7629.15,1807.53,1262.29,3631.0,6589.106666666667
2023-05-02,18475.0,4889.195769356216,2913.24,7724.33,1726.54,1037.4,3631.0,6876.27
2023-05-03,16563.64,4865.75385526882,3091.81,7761.08,1947.48,903.56,3631.0,7728.05
2023-05-04,18303.23,4876.35150370066,2329.23,7679.21,1800.0,681.37,3628.0,7873.11
2023-05-05,17050.0,4905.404081632653,3429.23,7706.86,1808.87,731.07,3628.0,6090.17
2023-05-06,22600.0,5003.018652876823,2776.01,7635.33,1743.9,841.25,3628.0,8625.84
2023-05-07,19666.665,5138.563549160672,2435.46,7657.9,1702.32,1290.74,3628.0,7615.280000000001
2023-05-08,16733.33,4954.05607617896,2830.49,7651.57,1706.57,1411.95,3628.0,6604.72
2023-05-09,19357.14,4995.832304502229,3014.44,7543.77,1712.87,1952.86,3628.0,7932.84
2023-05-10,16609.09,4957.574523776952,2531.99,7462.79,1677.6,1978.96,3628.0,8477.67
2023-05-11,16710.53,4877.498572323838,2634.02,7448.05,1737.25,2640.605,3628.0,7590.34
2023-05-12,11600.0,4907.888148545267,3105.87,7445.88,1652.8,3302.25,3628.0,7850.12
2023-05-13,17050.0,4852.295048565585,2832.19,7327.03,1669.87,3198.31,3628.0,7610.65
2023-05-14,22500.0,5004.024475524476,2633.02,7338.21,1756.22,3094.37,3628.0,7652.08
2023-05-15,16444.44,4909.207021108839,2834.06,7393.62,1696.13,2990.43,3628.0,7693.51
2023-05-16,18200.0,4839.229740696647,3057.35,7376.93,1702.59,2886.49,3628.0,8421.97
2023-05-17,17771.43,4783.633062652422,2790.49,7400.49,1725.13,2782.55,3642.0,6978.51
2023-05-18,15769.23,4760.9479472127605,2542.65,7356.33,1775.81,2678.61,3642.0,7633.92
2023-05-19,17930.77,4664.9929918661255,2511.91,7282.54,1661.95,2574.67,3642.0,5918.51
2023-05-20,18155.56,4831.354492581147,2787.73,7245.11,1686.34,2470.73,3642.0,7790.22
2023-05-21,18167.78,4845.328125,2573.98,7197.75,1721.83,2366.79,3642.0,5800.0
2023-05-22,18180.0,4703.173675031605,2865.06,6984.09,1717.3,2262.85,3642.0,8352.41
2023-05-23,16284.21,4745.786059731184,2611.83,6933.17,1715.31,2158.91,3642.0,6875.22
2023-05-24,18080.29,4726.517169954119,2893.61,6856.23,1772.93,2054.9700000000003,3642.0,7886.59
2023-05-25,17080.49,4752.613095411536,2837.98,6767.63,1709.34,1951.03,3642.0,7339.18
2023-05-26,13255.73,4714.723932156639,2769.87,6705.27,1693.31,1847.09,3642.0,7259.56
2023-05-27,17378.38,4640.03974720976,2988.48,6682.6,1698.57,1743.1499999999999,3642.0,7087.18
2023-05-28,17893.735,4850.283783783784,2554.3,6771.09,1838.79,1639.2099999999998,3642.0,7480.995
2023-05-29,18409.09,4720.461806344159,2997.45,7005.7,1734.0,1535.27,3642.0,7874.81
2023-05-30,17087.8,4773.026105929199,3027.85,7099.28,1696.93,1431.33,3642.0,7042.62
2023-05-31,18469.23,4710.215851177821,2874.35,7128.9,1728.98,1327.3899999999999,3642.0,6784.15
2023-06-01,18937.5,4697.417597787625,2858.32,7157.16,1717.05,1223.45,3642.0,7731.54
2023-06-02,19084.44,4658.670496174929,2857.18,7341.12,1698.78,1021.72,3607.0,6780.28
2023-06-03,19375.0,4673.749053825218,3259.68,7360.11,1807.85,743.47,3607.0,5783.14
2023-06-04,19461.03,4887.138834410289,2585.68,7297.94,1646.78,622.27,3607.0,6468.27
2023-06-05,19547.06,4747.270363557056,2888.13,7359.37,1820.08,697.03,3607.0,7153.4
2023-06-06,18588.89,4732.729429861661,3023.31,7278.89,1808.52,854.75,3607.0,7168.85
2023-06-07,18500.0,4736.593767220684,2889.82,7200.25,1765.51,1258.08,3607.0,6804.95
2023-06-08,19518.75,4711.539608012888,2981.95,7184.52,1805.91,1428.27,3607.0,6375.13
2023-06-09,19789.27,4767.963967132502,3210.9,7127.68,1796.62,1922.75,3607.0,6724.04
2023-06-10,22169.49,4763.435893906416,3313.67,7081.81,1795.27,1956.38,3607.0,5979.87
2023-06-11,21708.2,4909.965296045041,2543.57,6937.39,1826.96,3271.02,3607.0,6304.975
2023-06-12,21246.91,4746.999913381535,3167.09,7075.68,1927.8,3466.1,3607.0,6630.08
2023-06-13,19814.47,4741.53419948602,3359.17,7069.88,1870.98,3356.5452631578946,3662.0,6139.9
2023-06-14,18509.76,4755.128798925056,2994.91,7062.8,1990.17,3246.9905263157893,3662.0,6488.98
2023-06-15,17310.0,4791.115275206575,2905.63,7031.93,1823.08,3137.435789473684,3662.0,6469.43
2023-06-16,17369.7,4840.954446854663,3171.92,7024.94,1882.17,3027.8810526315788,3662.0,6797.71
2023-06-17,18933.18,4810.138592984519,3343.48,7061.59,1878.48,2918.3263157894735,3662.0,6863.83
2023-06-18,19747.025,4801.020167609185,2724.58,6985.25,1869.88,2808.7715789473687,3662.0,7318.78
2023-06-19,20560.87,4898.649571355431,3399.41,7086.47,1960.41,2699.216842105263,3662.0,7773.73
2023-06-20,19072.07,4904.833291271173,3471.57,7113.04,1982.06,2589.662105263158,3662.0,7288.9
2023-06-21,17700.0,4774.304898966006,3104.29,7069.92,2045.23,2480.107368421053,3662.0,7495.56
2023-06-22,19646.72,4894.309622189731,3260.15,7060.08,2014.81,2370.5526315789475,3662.0,7507.33
2023-06-23,19557.14,4853.273577294012,3323.8,6952.61,1885.39,2260.997894736842,3662.0,7721.41
2023-06-24,17099.03,4877.8750551812,3437.9,6876.45,2013.36,2151.443157894737,3662.0,6836.88
2023-06-25,17404.059999999998,4830.179419525066,2594.73,6826.19,1891.62,2041.8884210526317,3662.0,7228.860000000001
2023-06-26,17709.09,4756.1340976659385,3426.05,6928.0,2212.09,1932.3336842105264,3662.0,7620.84
2023-06-27,18328.57,4829.903454102384,3421.73,6848.22,2159.85,1822.778947368421,3662.0,7506.75
2023-06-28,18868.42,4815.755484818239,3281.53,6869.51,2288.86,1713.2242105263158,3662.0,7412.17
2023-06-29,13900.0,4744.006072683145,3073.8,6788.17,2014.59,1603.6694736842105,3662.0,6183.0
2023-06-30,18100.0,4755.954195027879,3457.63,6918.33,2283.97,1494.1147368421055,3662.0,7068.36
2023-07-01,19693.4,4797.820355111989,3390.07,6996.35,2083.11,1384.56,3662.0,7071.49
2023-07-02,19577.625,4893.834171435177,2245.41,6798.39,2046.67,1018.63,3662.0,7300.0
2023-07-03,19461.85,4865.627198976796,3270.49,6997.32,2336.22,941.95,3662.0,8446.19
2023-07-04,20294.03,4888.639622259107,3377.73,7064.54,2203.73,624.65,3662.0,8355.03
2023-07-05,20801.27,4839.259146035396,3223.18,6978.03,2247.68,707.1,3662.0,8321.76
2023-07-06,20482.86,4804.097787705145,3094.95,6948.18,2067.39,850.34,3662.0,7952.71
2023-07-07,13800.0,4786.40245148712,3244.28,6934.04,2171.85,1245.0,3662.0,8829.99
2023-07-08,23100.0,4798.767765543204,3411.29,6842.95,2371.13,1625.24,3662.0,7870.97
2023-07-09,23100.0,4897.478321635828,2283.7,6740.57,1854.69,1901.15,3662.0,8249.715
2023-07-10,17777.78,4738.135405164737,3488.47,6954.3,2105.31,2062.07,3662.0,8628.46
2023-07-11,17231.11,4735.94272441891,3685.15,6955.36,2342.03,3323.88,3662.0,9262.76
2023-07-12,18163.16,4739.922440643508,3412.14,6922.01,2046.72,3216.93,3662.0,9637.7
2023-07-13,17833.33,4751.222533034584,3331.59,6898.62,2467.3,3119.4795,3662.0,9390.45
2023-07-14,19900.0,5120.829259981448,3372.07,6919.45,1968.51,3022.029,3662.0,9344.91
2023-07-15,17529.41,4650.100288259482,3481.24,6882.61,2176.21,2924.5784999999996,3662.0,10066.49
2023-07-16,18417.55,4817.520392373584,2750.71,6810.19,1830.05,2827.1279999999997,3662.0,10860.220000000001
2023-07-17,19305.69,4559.452471901605,3544.44,6867.68,2011.82,2729.6775,3662.0,11653.95
2023-07-18,19640.85,4648.403894160148,3327.43,6857.43,2322.06,2632.227,3662.0,10737.66
2023-07-19,21765.9,4694.798148217848,3482.28,6966.67,1965.77,2534.7765,3662.0,11532.48
2023-07-20,16510.87,4639.954552592469,3099.73,7015.42,2034.78,2437.326,3662.0,12956.6
2023-07-21,16720.51,4691.229498492089,3326.93,6968.4,2178.37,2339.8755,3662.0,11738.06
2023-07-22,19691.3,4726.773982629749,3586.04,6978.38,2522.94,2242.4249999999997,3662.0,12325.52
2023-07-23,18704.475,4833.618836024711,2904.37,6855.89,1778.28,2144.9745,3662.0,12500.0
2023-07-24,17717.65,4723.156500420401,2664.83,7010.67,2063.67,2047.524,3662.0,11840.08
2023-07-25,17287.5,4724.440515402301,3206.92,7012.27,2677.37,1950.0735,3706.0,12790.04
2023-07-26,17678.79,4663.086760459194,3288.89,7021.18,2406.96,1852.6229999999998,3706.0,14611.45
2023-07-27,19660.0,4729.378833127832,3290.08,7148.61,2375.14,1755.1725,3706.0,12410.32
2023-07-28,19271.305,4768.383368082226,3325.36,7059.35,2645.15,1657.722,3706.0,12019.93
2023-07-29,18882.61,4771.009327830855,4093.99,6937.17,2765.02,1560.2714999999998,3706.0,13339.9
2023-07-30,18385.055,4930.551109122291,2448.68,6896.95,2137.3,1462.821,3706.0,11800.0
2023-07-31,17887.5,4733.652153864302,3170.98,7033.11,2333.59,1365.3705,3706.0,14056.02
2023-08-01,23035.14,4737.001098022717,3255.28,7896.58,2390.82,1267.92,3706.0,15221.01
2023-08-02,24300.0,4750.713554358836,3445.2,7270.95,2124.54,990.7,3706.0,14200.74
2023-08-03,19906.7,4726.202240484147,3399.36,6990.92,2675.65,787.33,3706.0,14209.62
2023-08-04,24300.0,4723.142134240864,3477.07,7133.08,2141.28,634.77,3706.0,14795.63
2023-08-05,14100.0,4693.944382584734,3451.46,7212.12,2807.66,691.4,3706.0,14047.77
2023-08-06,16158.73,4888.214285714285,2834.71,7114.08,2123.44,835.43,3706.0,13760.93
2023-08-07,18217.46,4716.655972268201,3556.23,7334.29,2598.2,1208.68,3706.0,13474.09
2023-08-08,20276.19,4689.6520173500285,3633.74,7400.09,2230.08,1660.22,3706.0,17687.73
2023-08-09,24000.0,4744.586933243735,3348.29,7475.1,2499.24,1779.12,3706.0,18058.38
2023-08-10,24200.0,4668.576155468443,3377.0,7573.44,2162.21,1992.96,3706.0,14240.5
2023-08-11,19438.46,4706.366486139606,3481.37,7464.14,2227.51,3459.71,3706.0,14409.95
2023-08-12,24100.0,4749.270264378365,3583.11,7614.99,2520.86,2511.22,3706.0,11748.47
2023-08-13,13800.0,4914.693486590038,2914.02,7553.18,2233.1,2445.6589999999997,3706.0,12337.445
2023-08-14,17495.35,4710.0664428913005,3425.4,7737.92,2199.1,2380.098,3706.0,12926.42
2023-08-15,20946.81,4900.0,3215.06,7459.77367455895,2170.0,2314.537,3706.0,13963.21
2023-08-16,19071.43,4793.857142857143,4163.18,7431.58,3574.71,2248.9759999999997,3706.0,15000.0
2023-08-17,16885.45,4742.660802625831,3307.38,7838.98,2742.37,2183.415,3706.0,13737.89
2023-08-18,19200.0,4704.430298555053,3188.67,7871.36,2197.98,2117.854,3706.0,13588.27
2023-08-19,19728.57,4725.727141086688,2776.55,7846.82,2107.64,2052.2929999999997,3706.0,13551.34
2023-08-20,13200.0,4951.21712907117,3162.39,7750.0,1882.86,1986.732,3702.0,13096.32
2023-08-21,17500.0,4745.039884726225,3586.58,7140.83,2210.57,1921.1709999999998,3698.0,12641.3
2023-08-22,22051.72,4727.922111579599,3527.68,7073.84,2569.13,1855.61,3698.0,13272.15
2023-08-23,19936.36,4718.1863405114245,3286.19,7106.46,2739.67,1790.049,3698.0,12240.78
2023-08-24,16620.0,4638.999399543259,3201.47,7364.61,2293.28,1724.4879999999998,3698.0,12670.65
2023-08-25,19061.56,4655.29623038037,3181.17,7249.15,2343.29,1658.927,3698.0,14584.46
2023-08-26,17797.67,4605.567164788502,3402.84,7327.79,2307.34,1593.366,3698.0,14261.09
2023-08-27,22187.5,4888.646748184704,2944.88,7253.91,2051.92,1527.8049999999998,3711.0,13387.305
2023-08-28,22423.08,4665.725048028345,3272.31,7205.71,2379.23,1462.244,3724.0,12513.52
2023-08-29,22961.54,4691.859630797467,3425.58,7246.31,2638.56,1396.683,3724.0,13934.77
2023-08-30,23500.0,4684.955334034293,3663.87,7020.0,3630.0,1331.122,3724.0,10621.32
2023-08-31,21352.27,4753.449001618997,3241.78,7363.66,2123.49,1265.561,3724.0,12458.08
2023-09-01,16500.0,4751.509616441368,3303.6,7470.85,2503.02,1200.0,3724.0,12165.21
2023-09-02,16994.68,4816.58599126965,2789.86,7212.0,2197.71,950.98,3724.0,19500.0
2023-09-03,17037.085,4816.736842105263,2872.97,7600.0,2131.25,784.79,3724.0,15400.0
2023-09-04,17079.49,4717.5799140452455,3368.59,7469.57,2721.18,705.94,3724.0,11300.0
2023-09-05,16869.16,4659.60593220339,3544.8,7371.04,2774.64,687.02,3724.0,13174.73
2023-09-06,23500.0,4745.88753584639,3532.16,7299.575,2986.11,853.54,3724.0,13177.24
2023-09-07,16767.05,4771.167832167832,2674.79,7228.11,2070.8,1200.92,3768.0,11864.0
2023-09-08,18250.0,4692.36729033449,3609.0,7353.15,3190.39,1613.09,3812.0,12132.5
2023-09-09,17930.46,4706.659283479024,3579.41,7275.0,2876.35,1925.76,3812.0,14258.0
2023-09-10,17610.920000000002,4875.0,3235.15,7420.0,2147.06,2193.63,3812.0,12863.380000000001
2023-09-11,17291.38,4579.840599005451,3621.26,7435.25,2847.22,3499.47,3812.0,11468.76
2023-09-12,15625.81,4692.597624035595,3679.97,6970.0,2436.93,2647.16,3812.0,11995.11
2023-09-13,15915.19,4741.590057018528,3599.0,7077.296666666667,2595.26,2576.3594736842106,3812.0,11734.27
2023-09-14,16290.91,4702.077151335311,3984.96,7184.593333333333,2249.18,2505.558947368421,3812.0,19500.0
2023-09-15,14822.05,4717.4338794122605,3569.68,7291.89,2557.0,2434.7584210526315,3812.0,12712.14
2023-09-16,19925.49,4611.548129356337,3540.04,7251.0,2435.99,2363.957894736842,3902.0,10980.34
2023-09-17,13200.0,4672.340425531915,3195.2,7430.0,2155.85,2293.1573684210525,3902.0,11588.325
2023-09-18,19966.67,4693.601796407185,2820.71,7455.0,2159.58,2222.3568421052632,3902.0,12196.31
2023-09-19,14384.62,4696.94340125775,3477.29,7480.0,1964.28,2151.5563157894735,3902.0,11957.047999999999
2023-09-20,15570.27,4683.7225282368,3806.52,4600.0,3265.07,2080.755789473684,3902.0,11717.786
2023-09-21,16994.12,4673.558884698085,3803.09,7470.0,2352.92,2009.9552631578947,3902.0,11478.524
2023-09-22,13273.13,4610.897241767521,3850.89,7632.97,3035.14,1939.1547368421052,3902.0,11239.262
2023-09-23,23700.0,4622.790176301569,3594.84,7417.86,2933.38,1868.354210526316,3902.0,11000.0
2023-09-24,23700.0,4826.771653543307,2957.01,7450.0,2186.17,1797.5536842105262,3902.0,11483.75
2023-09-25,18153.33,4579.17049744472,2758.29,7500.0,2069.99,1726.753157894737,3902.0,11967.5
2023-09-26,15471.43,4635.245648926088,3706.81,7522.22,2934.04,1655.9526315789474,3902.0,10870.2
2023-09-27,16087.16,4655.554014429804,3559.09,7476.110000000001,2880.43,1585.1521052631579,3902.0,12683.93
2023-09-28,15248.66,4654.971350613915,3811.08,7430.0,2697.0599716283677,1514.3515789473684,3894.2,12331.605
2023-09-29,15060.36,4634.760628090921,2830.58,7322.33,2070.72,1443.551052631579,3886.4,11979.28
2023-09-30,20265.31,4668.067463639311,2764.13,7300.0,2064.04,1372.7505263157896,3878.6,10000.0
2023-10-01,21932.655,4735.148217636022,2463.67,7270.335,2045.0,1301.95,3870.8,10562.133333333333
2023-10-02,23600.0,4571.79253589813,3200.7,7240.67,1994.32,920.0,3863.0,11124.266666666666
2023-10-03,15197.85,4498.298350369395,3122.76,7135.21,2249.26,789.35,3863.0,11686.4
2023-10-04,15317.81,4454.532865849662,3395.76,7012.0,2352.07,629.65,3863.0,11920.15
2023-10-05,15443.14,4429.301874759795,3415.55,7370.0,2084.5,670.92,3863.0,11995.03
2023-10-06,20312.6,4405.767441521586,2777.88,6893.67,1916.5,842.04,3863.0,11730.48
2023-10-07,13720.65,4435.950294017806,3463.5,6900.0,2209.25,1146.31,3863.0,19500.0
2023-10-08,13200.0,4383.069482897205,2549.86,7320.0,1936.17,1744.25,3863.0,15195.41
2023-10-09,12947.9,4351.472170870248,3446.84,7300.0,1965.67,1730.21,3863.0,10890.82
2023-10-10,15165.7,4293.14210816777,3651.3,7280.0,2104.27,2204.25,3863.0,11825.8
2023-10-11,20037.74,4256.605470037003,3442.55,7280.0,1915.27,3495.39,3863.0,14127.34
2023-10-12,19718.99,4285.271490564457,3548.16,7153.33,1977.27,2833.61,3863.0,11056.64
2023-10-13,16683.53,4335.023276707585,3750.2,6928.14,1817.85,2755.8855000000003,3863.0,12086.02
2023-10-14,19335.56,4347.297491338151,3880.01,7130.0,2882.85,2678.161,3863.0,19500.0
2023-10-15,13300.0,4328.438661710037,3065.58,6955.0,1806.64,2600.4365000000003,3863.0,15664.675
2023-10-16,12952.17,4312.914971438606,3799.96,6780.0,1847.63,2522.712,3863.0,11829.35
2023-10-17,15039.88,4343.653306399502,3620.77,6510.0,1779.57,2444.9875,3863.0,10988.62
2023-10-18,15114.37,4366.746869526348,3543.18,7400.0,1725.09,2367.263,3900.0,10934.07
2023-10-19,15127.88,4449.97943811262,3681.95,7008.57,1806.07,2289.5385,3900.0,10868.86
2023-10-20,15384.3,4406.636419679541,3764.72,6926.25,1792.93,2211.814,3900.0,12109.38
2023-10-21,15362.5,4523.332541556864,3449.85,6877.05,1931.59,2134.0895,3900.0,20000.0
2023-10-22,17756.76,4568.460817146684,3090.1,6924.86,2036.31,2056.365,3900.0,20000.0
2023-10-23,20151.019999999997,4519.697373774544,3814.92,6786.53,1972.27,1978.6405,3900.0,20000.0
2023-10-24,22545.28,4515.6363534608845,4308.67,6888.64,2210.65,1900.916,3900.0,15957.775
2023-10-25,16300.0,4488.568069376181,3498.36,6918.66,1966.35,1823.1915,3900.0,11915.55
2023-10-26,16012.87,4499.95773245281,3410.37,6917.98,1977.36,1745.4669999999999,3900.0,18366.67
2023-10-27,19921.74,4528.819560846601,2921.18,6960.63,1982.81,1667.7424999999998,3900.0,11121.48
2023-10-28,21043.1,4576.756754462926,3872.4,7035.48,2191.88,1590.0179999999998,3900.0,20000.0
2023-10-29,20703.72,4419.256765194756,2928.11,7112.83,2062.88,1512.2935,3900.0,15625.0
2023-10-30,15142.86,4567.434161495307,3700.18,6814.59,2019.73,1434.569,3900.0,11250.0
2023-10-31,16505.5,4519.133819798582,3834.92,7101.41,1959.26,1356.8445,3900.0,14000.0
2023-11-01,16200.0,4556.535899300154,3678.5,7110.26,2064.8,1279.12,3900.0,11198.12
2023-11-02,16762.38,4610.097283796543,3475.05,7064.52,2033.1,922.9,3900.0,9871.75
2023-11-03,17621.49,4650.809353261244,3758.37,7030.63,1996.49,770.35,3900.0,11504.03
2023-11-04,18705.65,4679.63325406948,3030.69,6702.96,2073.94,618.81,3900.0,11379.606666666667
2023-11-05,16546.775,4599.712976813258,3098.0730616404994,6891.21,2022.903862628647,669.54,3900.0,11255.183333333334
2023-11-06,14387.9,4668.083696671762,3924.36,7079.46,2104.28,907.93,3900.0,11130.76
2023-11-07,15981.32,4680.7117101825415,3880.46,7032.69,2054.89,1161.73,3950.0,14233.33
2023-11-08,16877.46,4725.304217158702,3646.87,6855.58,2098.37,2016.22,3950.0,11950.16
2023-11-09,16237.17,4654.01945208963,3688.15,6964.71,2074.19,1847.65,3950.0,15970.59
2023-11-10,16367.63,4703.179820955644,4155.4,6943.28,2222.97,2177.24,3950.0,17500.0
2023-11-11,23500.0,4744.915519593673,3194.78,6957.66,2060.25,3544.18,3950.0,17500.0
2023-11-12,19881.58,4586.363636363636,2678.57,7100.0,2000.0,2429.13,3950.0,17500.0
2023-11-13,16263.16,4831.395015754799,2837.0,7097.05,2118.98,2370.568947368421,3950.0,17500.0
2023-11-14,16475.51,5093.863331210555,3431.71,7284.95,2147.52,2312.007894736842,3950.0,15503.92
2023-11-15,16528.09,4957.409732685613,3639.82,7151.38,2120.48,2253.4468421052634,3950.0,13507.84
2023-11-16,16910.55,5109.871822274454,3624.73,7131.52,2085.39,2194.8857894736843,3950.0,11511.76
2023-11-17,19108.47,5079.941265841684,3459.25,7136.95,2161.83,2136.3247368421053,3950.0,11058.03
2023-11-18,16707.73,5033.087898704877,3465.02,7148.57,2170.06,2077.7636842105267,3950.0,10977.272500000001
2023-11-19,16286.505,4995.954453325573,3205.89,7154.75,2095.16,2019.2026315789476,3950.0,10896.515
2023-11-20,15865.28,4912.907707125663,3662.61,7125.2,2131.41,1960.6415789473685,3950.0,10815.7575
2023-11-21,16799.01,4965.402532867865,3852.03,7134.09,2153.04,1902.0805263157895,3950.0,10735.0
2023-11-22,17009.13,4998.49523364604,3688.37,7089.08,2115.96,1843.5194736842107,3950.0,12206.36
2023-11-23,17041.25,4992.356152963259,3477.29,7085.71,2098.68,1784.9584210526318,3950.0,10150.0
2023-11-24,17245.87,4965.735947292563,3605.18,7098.49,2120.65,1726.3973684210528,3950.0,11519.17
2023-11-25,17380.0,4915.011578547446,3071.39,7077.6,2120.44,1667.8363157894737,3950.0,13512.78
2023-11-26,18408.66,4836.969902135779,2618.19,6989.51,2118.11,1609.2752631578949,3950.0,15506.39
2023-11-27,19437.32,4969.8491451115615,3515.46,7047.45,2186.47,1550.714210526316,3950.0,17500.0
2023-11-28,18400.0,4892.521807391254,3857.57,7018.58,2193.2,1492.153157894737,4000.0,13466.67
2023-11-29,19433.0,4907.845542232297,3043.5,6981.8,2123.78,1433.592105263158,4000.0,12190.0
2023-11-30,17818.55,4832.526940626194,3069.58,7046.51,2112.9,1375.031052631579,4000.0,7500.0
2023-12-01,17438.21,4278.762564140336,2973.98,6881.55,2106.44,1316.47,4000.0,12500.0
2023-12-02,18725.03,4762.36925015753,4228.98,7012.42,2224.34,935.08,4000.0,17500.0
2023-12-03,18274.59,4809.829268292683,2743.19,6999.23,2192.93,809.78,4000.0,14381.735
2023-12-04,17824.15,4751.573391630232,3744.66,6970.11,2139.65,631.04,4000.0,11263.47
2023-12-05,19634.51,4704.15327564895,2801.24,6925.1,2142.91,665.51,4000.0,17500.0
2023-12-06,17649.25,4682.770451436389,2769.65,6917.17,2161.07,841.55,4000.0,11745.12
2023-12-07,17451.57,4740.6031813361615,2711.07,6927.11,2115.39,1193.1,4000.0,12015.62
2023-12-08,18430.62,4798.645613456464,2861.47,6966.28,2184.65,1967.1,4000.0,11285.7
2023-12-09,21883.33,4844.434399343993,2894.69,6935.43,2106.34,1838.66,4000.0,17500.0
2023-12-10,20419.510000000002,4576.753488372093,3103.46,6869.32,2054.55,2227.76,4000.0,14850.0
2023-12-11,18955.69,4762.406584792266,2856.03,6932.18,2157.51,3792.89,4000.0,12200.0
2023-12-12,13887.59,4730.345998240985,2680.08,6933.49,2138.11,2334.4,4000.0,17500.0
2023-12-13,17679.7,4767.652379971152,2704.46,6898.04,2108.11,2304.274,4000.0,11650.0
2023-12-14,17883.62,4687.73491315867,2916.41,6915.55,2110.3,2274.148,4000.0,11924.63
2023-12-15,16377.59,4684.294716646989,2799.81,6838.15,2147.29,2244.022,4000.0,12018.91
2023-12-16,17487.85,4701.636788216275,2843.11,6826.67,2113.6,2213.896,4000.0,17500.0
2023-12-17,17396.894999999997,4769.653614457831,3110.5,6865.13,2067.37,2183.77,4000.0,14901.220000000001
2023-12-18,17305.94,4707.530994460564,2718.07,6850.49,2078.34,2153.6440000000002,4000.0,12302.44
2023-12-19,19503.45,4614.997329563305,2915.72,6718.3,2107.15,2123.518,4000.0,13525.64
2023-12-20,15020.63,4643.476874793525,2599.35,6732.75,2082.21,2093.3920000000003,4000.0,12258.43
2023-12-21,19040.49,4618.304139172165,2808.92,6792.38,2082.36,2063.266,4000.0,11354.9
2023-12-22,19860.0,4585.290545590434,2833.47,6766.61,2149.55,2033.14,4000.0,11514.34
2023-12-23,13700.0,4621.244936537943,2817.13,6721.96,2048.38,2003.0140000000001,4000.0,11529.2725
2023-12-24,13400.0,4439.382978723404,2611.11,6781.89,2029.63,1972.8880000000001,4000.0,11544.205
2023-12-25,16364.89,4722.533333333334,2756.94,6833.15,2051.08,1942.7620000000002,4000.0,11559.1375
2023-12-26,19329.78,4597.4791995787255,2771.82,6819.05,2079.72,1912.636,4000.0,11574.07
2023-12-27,22379.48,4591.775618735938,2999.67,6835.19,2069.83,1882.5100000000002,4000.0,11718.63
2023-12-28,19264.41,4627.894502228826,2757.92,6805.31,2116.69,1852.384,4000.0,11861.26
2023-12-29,19776.68,4571.327039543997,2818.73,6829.68,2109.27,1822.258,4000.0,11589.57
2023-12-30,19066.67,4595.044642857143,2972.37,6885.53,2089.48,1792.132,4000.0,15250.0
2023-12-31,14600.0,4686.486171761281,3087.95,6845.92,2079.22,1762.006,4000.0,13265.21
2024-01-01,18321.95,4556.332556106092,2838.56,6780.91,2107.03,1731.88,4000.0,11280.42
2024-01-02,14200.0,4609.7601871709885,2802.4,6771.82,2092.6,1198.45,4000.0,12983.12
2024-01-03,18041.2,4557.579230769231,2853.37,6843.45,2115.7,1401.27,4000.0,11095.59
2024-01-04,19646.43,4539.425906296375,2800.03,6808.07,2098.15,1241.95,4000.0,12052.63
2024-01-05,17939.85,4577.309054268029,2821.59,6771.28,2136.15,1125.79,4000.0,11439.44
2024-01-06,19273.68,4545.236473783163,2824.05,6767.93,2106.42,1767.02,4000.0,17500.0
2024-01-07,18812.29,4580.552870090634,2595.4,6801.71,2057.43,2813.96,4000.0,14401.64
2024-01-08,18350.9,4541.038370612839,2831.35,6755.83,2141.93,2494.0,4000.0,11303.28
2024-01-09,20657.04,4508.368614210217,2904.54,6721.13,2117.86,3376.01,4000.0,17500.0
2024-01-10,18242.22,4539.009341535658,2867.7,6697.23,2130.23,3499.03,4000.0,11612.36
2024-01-11,18482.53,4527.289968198901,2879.32,6736.09,2159.46,3316.4,4000.0,11683.0
2024-01-12,18478.75,4583.568991724371,2750.52,6782.5,2163.99,3328.81,4000.0,11342.33
2024-01-13,14200.0,4557.7538403186045,2959.89,6762.95,2168.35,3254.3765,4000.0,17500.0
2024-01-14,16374.605,4598.4838709677415,3151.01,6739.47,2142.9,3179.9429999999998,4000.0,13964.135
2024-01-15,18549.21,4483.072292626728,2867.63,6661.64,2245.58,3105.5095,4000.0,10428.27
2024-01-16,18698.94,4522.496607227395,2886.51,6766.45,2342.02,3031.076,4000.0,17500.0
2024-01-17,18900.94,4485.590098444856,2753.61,6741.04,2240.26,2956.6425,4000.0,11106.25
2024-01-18,18273.59,4434.854112176693,2806.96,6722.43,2263.74,2882.209,4000.0,11706.09
2024-01-19,13950.44,4478.0288217369225,2807.65,6712.5,2258.2,2807.7755,4000.0,10402.8
2024-01-20,19655.81,4465.093865313653,2822.94,6686.11,2227.33,2733.342,4000.0,10740.099999999999
2024-01-21,25900.0,4235.311111111111,2627.27,6728.26,2100.0,2658.9085,4000.0,11077.4
2024-01-22,20698.23,4487.836206896552,3119.61,6839.99,2175.52,2584.475,4000.0,11414.7
2024-01-23,19447.62,4439.823587570621,2928.09,6701.33,2235.49,2510.0415000000003,4000.0,11752.0
2024-01-24,19161.11,4442.79820218864,2876.07,6721.67,2256.78,2435.608,4000.0,12876.1
2024-01-25,22771.43,4417.196288552012,2796.01,6694.54,2138.46,2361.1745,4000.0,12919.0
2024-01-26,22712.69,4504.523809523809,3010.54,6765.65,2141.76,2286.741,4000.0,12720.565
2024-01-27,19579.59,4356.660122699386,2874.82,6709.71,2177.07,2212.3075,4000.0,12522.130000000001
2024-01-28,14900.0,4470.75744680851,2586.84,6680.82,2044.0,2137.874,4000.0,12323.695
2024-01-29,20212.12,4279.951555411536,2773.46,6663.13,2172.99,2063.4405,4000.0,12125.26
2024-01-30,17955.04,4210.252156803391,2904.75,6597.68,2146.29,1989.007,4000.0,17500.0
2024-01-31,20357.88,4326.819493097053,2795.44,6618.96,2158.89,1914.5735000000002,4000.0,12980.77
2024-02-01,15452.94,4312.162458100559,2834.78,6519.7,2171.95,1840.14,4000.0,12282.75
2024-02-02,15700.0,4270.313563218391,2834.72,6511.68,2164.26,1184.37,4000.0,13011.58
2024-02-03,15506.53,4277.146104981612,2911.18,6605.06,2198.8,1468.0,4000.0,17500.0
2024-02-04,15369.09,4456.681724845996,3101.68,6572.06,2170.0,1244.32,4000.0,15357.5
2024-02-05,15231.65,4271.227042431919,2783.4,6623.87,2206.04,1187.88,4000.0,13215.0
2024-02-06,15578.57,4355.106929665196,2792.87,6586.16,2180.31,1775.45,4000.0,17500.0
2024-02-07,15455.59,4311.46035015448,2784.6,6622.1,2202.33,2740.34,4000.0,12979.09
2024-02-08,15380.0,4347.9017236943655,2687.98,6585.33,2179.94,2402.08,4000.0,12663.64
2024-02-09,15447.33,4282.341974949024,2814.17,6683.47,2165.75,3608.88,4000.0,14375.0
2024-02-10,15632.5,4353.536132140399,2780.19,6729.72,2227.79,3496.82,4000.0,17500.0
2024-02-11,15600.0,4465.75730994152,3249.32,6692.74,2135.29,3145.7,4000.0,14870.465
2024-02-12,15337.84,4312.199705882353,2663.83,6744.92,2211.89,3479.73,4000.0,12240.93
2024-02-13,15318.92,4297.6849907350215,2696.01,6656.56,2177.77,3388.9416666666666,3925.0,12733.33
2024-02-14,15300.0,4279.51768488746,2567.14,6670.27,2170.67,3298.153333333333,3925.0,13055.56
2024-02-15,15300.0,4253.343342432514,2642.81,6826.99,2183.51,3207.365,3925.0,12177.67
2024-02-16,15335.62,4295.590562305736,2682.22,6798.52,2175.0,3116.576666666667,3925.0,13353.51
2024-02-17,15354.46,4568.056513761468,2742.17,6835.1,2145.19,3025.7883333333334,3925.0,18900.0
2024-02-18,15373.3,4421.981132075472,2400.0,6756.36,2100.0,2935.0,3925.0,16517.333333333332
2024-02-19,15086.33,4300.895104895105,2816.72,6724.73,2179.2,2844.2116666666666,3925.0,14134.666666666668
2024-02-20,15284.38,4448.4594644849385,2557.9,6866.54,2128.31,2753.423333333333,3925.0,11752.0
2024-02-21,15436.36,4309.482993197279,2542.98,6877.47,2181.8,2662.635,3925.0,13400.69
2024-02-22,15304.35,4323.199442675159,2535.63,6867.64,2139.71,2571.846666666667,3925.0,12344.29
2024-02-23,15306.85,4277.389552541,2559.04,6934.19,2133.96,2481.0583333333334,3925.0,12472.83
2024-02-24,15317.49,4273.5861287398,2552.65,6870.58,2120.59,2390.27,3925.0,17500.0
2024-02-25,15700.0,4434.370689655172,2350.0,6739.51,1981.03,2299.4816666666666,3925.0,17500.0
2024-02-26,15109.91,4321.374285714286,2541.27,7337.76,2355.0,2208.6933333333336,3925.0,17500.0
2024-02-27,24576.42,4242.866206443129,2469.25,7073.37,2218.5,2117.9049999999997,3925.0,14086.86
2024-02-28,23100.27,4351.543064790474,2519.56,7095.11,2216.6,2027.1166666666668,3925.0,12319.0
2024-02-29,15200.0,4322.878307706063,2517.67,7077.78,2145.96,1936.3283333333334,3925.0,21951.75
2024-03-01,15232.14,4314.788343773448,2476.15,7099.67,2135.3,1845.54,3925.0,18629.66
2024-03-02,15380.0,4411.781761496493,2400.71,7185.92,2128.97,1140.17,3925.0,23216.93
2024-03-03,15350.24,4405.037439613527,2509.19,6944.41,2029.62,1491.13,3925.0,21383.405
2024-03-04,15320.48,4230.293054855074,2478.1,7076.05,2194.66,1270.12,3925.0,19549.88
2024-03-05,15430.03,4297.858846314947,2464.53,7104.14,2137.92,1320.78,3925.0,15013.02
2024-03-06,15327.83,4255.553597861843,2478.36,7146.24,2147.9,1817.0,3925.0,23917.7
2024-03-07,15511.63,4138.435862546696,2541.82,7252.1,2212.81,2702.67,3925.0,20636.42
2024-03-08,16000.0,4362.0465276978,2559.96,7308.19,2095.38,2488.34,3968.75,17943.21
2024-03-09,15425.64,4285.1595420581725,2582.07,7391.27,2090.32,3969.7,4012.5,15250.0
2024-03-10,15362.82,4164.358108108108,2669.04,7077.73,2038.67,3722.8,4056.25,23869.455
2024-03-11,15300.0,4289.455689957609,2507.24,7450.5,2184.0,2747.34,4100.0,32488.91
2024-03-12,15616.28,4215.354352470746,2647.14,7512.96,2255.0,3490.55,4100.0,20803.03
2024-03-13,15300.0,4212.485579633346,2641.62,7560.34,2164.89,3400.9825,4100.0,20101.48
2024-03-14,15325.0,4287.062143554435,2568.39,7075.66,2267.94,3311.415,4100.0,24345.5
2024-03-15,15200.0,4321.414070369837,2545.95,7355.8,2205.85,3221.8475000000003,4100.0,19520.21
2024-03-16,15482.52,4385.510040081735,2701.59,7352.17,2193.97,3132.28,4100.0,18461.92
2024-03-17,17000.0,4472.489157080898,2486.99,7120.59,2077.57,3042.7125,4100.0,18863.665
2024-03-18,15333.33,4343.480048200387,2625.25,7508.47,2125.98,2953.1450000000004,4100.0,19265.41
2024-03-19,15600.0,4265.410375714841,2553.77,7387.06,2140.6,2863.5775000000003,4100.0,18872.41
2024-03-20,15608.71,4374.604799520968,2671.22,7359.45,2224.38,2774.01,4100.0,35482.14
2024-03-21,16057.72,4327.235805970149,2581.17,7406.56,2132.75,2684.4425,4100.0,14850.1
2024-03-22,15538.36,4313.315681213197,2636.93,7142.79,2112.64,2594.875,4100.0,19012.98
2024-03-23,15987.88,4333.478202077023,2710.53,7234.71,2084.46,2505.3075,4100.0,18806.17
2024-03-24,17600.0,3964.705882352941,2526.54,7000.0,2136.17,2415.7400000000002,4100.0,26235.63333333333
2024-03-25,15522.92,4400.710906701708,2834.1,7342.230789175154,2083.44,2326.1725,4100.0,33665.096666666665
2024-03-26,15691.78,4272.999677072121,2643.47,7418.3,2140.67,2236.605,4100.0,41094.56
2024-03-27,15300.0,4215.393166008648,2633.38,7127.35,2136.61,2147.0375000000004,4100.0,15720.1
2024-03-28,15601.925,4204.492410218438,2572.27,7083.07,2100.97,2057.4700000000003,4100.0,16910.53
2024-03-29,15903.85,4315.97365470852,2864.74,7184.47,2079.65,1967.9025000000001,4100.0,15689.645
2024-03-30,15824.32,3928.0486166007913,3619.29,7385.86,2208.7,1878.335,4100.0,14468.76
2024-03-31,15512.16,4355.826558265582,2911.26,7081.08,2112.09,1788.7675000000002,4100.0,14269.075
2024-04-01,15200.0,4410.854739969809,2798.33,7321.35,2061.6,1699.2,4100.0,14069.39
2024-04-02,16350.0,4432.371314543459,3337.0,7306.6,2186.32,1193.43,4100.0,14989.21
2024-04-03,17500.0,4375.128288958057,2984.03,7250.01,2091.67,1504.95,4100.0,15267.56
2024-04-04,15775.0,4355.366780837352,2967.01,7264.51,2068.31,1242.5,4100.0,15220.56
2024-04-05,16318.18,4350.6933219296825,2992.61,7217.44,2005.73,1603.82,4100.0,14611.95
2024-04-06,15200.0,4375.572349722024,3069.31,7215.86,2141.14,1893.0,4100.0,17619.53
2024-04-07,15200.0,4554.906362181567,2553.77,7129.37,2010.73,2721.38,4100.0,16527.265
2024-04-08,17000.0,4419.809364841903,3333.53,7307.05,2064.1,2409.82,4100.0,15435.0
2024-04-09,19921.05,4607.929446349829,2678.76,7945.0,2116.58,3733.9,4100.0,14500.0
2024-04-10,19910.34,4484.68947606256,3115.5439853088933,7608.07,2094.356170718949,3713.15,4100.0,14066.216666666667
2024-04-11,20289.47,4528.625988908128,2685.646992654447,7271.14,2033.6630853594745,3700.71,4100.0,13632.433333333332
2024-04-12,20100.0,4572.562501753697,2255.75,6934.21,1972.97,3540.4,4100.0,13198.65
2024-04-13,20147.09,4462.606589625091,2648.82,7005.01,2046.53,3441.6,4100.0,14765.87
2024-04-14,20194.18,4350.943396226415,2648.84,7104.72,1941.84,3342.8,4100.0,15857.5
2024-04-15,20241.27,4438.626520078506,3385.92,7204.43,2177.57,3244.0,4100.0,16949.13
2024-04-16,20177.42,4517.94143892917,2965.33,7200.0,1952.5,3145.2000000000003,4100.0,14280.0
2024-04-17,15200.0,4500.0,2600.0,7300.0,1987.9033333333334,3046.4,4100.0,14328.45
2024-04-18,15200.0,4441.167668753486,2257.0,7001.84,2023.3066666666666,2947.6000000000004,4100.0,14819.09
2024-04-19,15200.0,4403.51089837916,3616.83,7023.14,2058.71,2848.8,4100.0,17835.9
2024-04-20,16333.33,4403.292731598742,2544.94,6826.31,2167.95,2750.0,4100.0,14917.0
2024-04-21,16890.24,4317.59002770083,2728.96,6800.0,2108.65,2651.2,4100.0,16306.5
2024-04-22,16280.0,4352.123096143317,2985.57,6852.62,2133.43,2552.4,4100.0,17696.0
2024-04-23,17375.0,4399.921441576523,2462.14,7133.7,2087.26,2453.6000000000004,4100.0,15729.02
2024-04-24,16000.0,4456.949698201813,3180.39,7015.12,2128.73,2354.8,4100.0,17768.24
2024-04-25,17258.06,4427.4393531912965,3399.71,7216.2,1979.72,2256.0,4100.0,16800.18
2024-04-26,22084.51,4490.421573668526,3567.44,7065.66,2085.71,2157.2,4100.0,18045.34
2024-04-27,22100.0,4415.970469437508,3466.05,6960.71,2158.18,2058.4,4100.0,15663.74
2024-04-28,22200.0,4512.333650692901,2865.42,6972.55,1968.71,1959.6000000000001,4100.0,15979.25
2024-04-29,21693.03,4392.202485223803,3197.26,7151.26,2142.46,1860.8000000000002,4100.0,16294.76
2024-04-30,22011.21,4310.172976432048,3372.5,7017.91,2084.38,1762.0,4100.0,17920.38
2024-05-01,22069.77,4405.181422351233,2767.01,7143.64,1970.77,1663.2,4100.0,15552.48
2024-05-02,22021.98,4327.161068754316,3302.04,6926.33,2094.63,1120.17,4100.0,15634.29
2024-05-03,21403.04,4318.1501125592185,3390.67,7005.28,2085.7,1493.98,4100.0,15867.42
2024-05-04,20762.07,4328.015325651329,3129.48,6973.66,2160.62,1210.99,4100.0,15920.95
2024-05-05,20986.3,4430.115285841894,3153.36,6927.01,2043.34,1607.81,4100.0,15565.32
2024-05-06,21210.53,4322.328462189133,3255.4,6982.27,2118.59,1953.99,4100.0,15209.69
2024-05-07,18266.97,4378.209043152388,2770.57,7032.82,2127.77,2568.35,4100.0,15093.88
2024-05-08,18130.77,4514.100711992699,2746.67,7057.22,2088.33,2551.65,4100.0,15418.33
2024-05-09,17889.23,4450.831646048874,3492.09,6863.98,2169.63,3758.37,4100.0,16409.21
2024-05-10,18572.58,4362.554705857222,4084.6,7104.65,2296.12,3659.68,4100.0,15404.68
2024-05-11,18137.97,4413.832109023901,2810.15,7075.28,2169.72,3690.31,4100.0,17289.75
2024-05-12,17703.36,4534.621029965906,2564.85,6935.41,2000.0,3217.97,4100.0,15000.0
2024-05-13,17268.75,4433.718927481976,3718.82,7122.63,2252.41,3136.8745,4100.0,15947.61
2024-05-14,17221.05,4410.236063077409,3382.3,7068.49,2107.54,3055.779,4100.0,16478.69
2024-05-15,17319.05,4356.667497143649,3137.18,7006.23,2133.6,2974.6834999999996,4100.0,15566.4
2024-05-16,17354.16,4337.986377998908,3236.46,6978.12,2127.16,2893.5879999999997,4100.0,17637.23
2024-05-17,17660.79,4364.153971178103,3337.25,7092.51,2150.07,2812.4925,4100.0,16549.83
2024-05-18,18024.48,4374.459406763468,2711.35,6913.18,2163.02,2731.397,4100.0,16269.51
2024-05-19,18142.52,4505.437776045726,2511.78,6968.15,1965.0,2650.3015,4100.0,14000.0
2024-05-20,18260.56,4382.095706620617,2592.41,7092.96,2119.65,2569.206,4100.0,15876.23
2024-05-21,18473.36,4394.177529040789,3660.23,7080.07,2212.5,2488.1105,4100.0,18210.22
2024-05-22,18578.4,4299.019735679951,3550.48,6988.26,2240.42,2407.015,4100.0,16158.61
2024-05-23,18801.35,4380.077555816687,3864.27,7108.78,2300.25,2325.9195,4100.0,15752.37
2024-05-24,18845.19,4333.724213404814,2669.59,7181.3,2182.87,2244.824,4100.0,15289.52
2024-05-25,19983.87,4358.563041131681,2903.12,7162.61,2195.46,2163.7285,4100.0,16931.6
2024-05-26,20106.305,4498.514574801252,3184.24,7067.42,2108.66,2082.633,4100.0,16449.295
2024-05-27,20228.74,4335.906191428261,2667.14,7138.57,2228.92,2001.5375,4100.0,15966.99
2024-05-28,20374.95,4329.40437457818,2741.89,7146.32,2350.72,1920.442,4100.0,17328.62
2024-05-29,20355.6,4358.306318154333,2764.36,7133.78,2338.91,1839.3464999999999,4100.0,15650.19
2024-05-30,33765.06,4384.853220183171,2885.66,7085.58,2236.87,1758.251,4100.0,15375.5
2024-05-31,21735.04,4333.962067232052,2633.7,7101.43,2250.13,1677.1555,4100.0,15478.62
2024-06-01,21262.28,4340.862944152374,2711.85,7008.65,2290.2,1596.06,4100.0,14971.23
2024-06-02,21333.045,4472.620929794843,2967.48,7074.76,2084.59,1109.51,4100.0,14000.0
2024-06-03,21403.81,4313.1969623867935,2660.54,6976.85,2298.63,1560.43,4100.0,15811.79
2024-06-04,21379.52,4342.979464449777,2567.97,7010.53,2313.84,1186.26,4100.0,15287.55
2024-06-05,21903.67,4355.764809411895,2671.42,7023.42,2432.63,1600.74,4100.0,15414.95
2024-06-06,21810.38,4311.517526247307,2705.45,6996.92,2304.03,2114.74,4100.0,15522.44
2024-06-07,21559.23,4346.383689634837,2797.04,7015.13,2369.17,2626.31,4100.0,14286.0
2024-06-08,17500.0,4366.11878638125,2674.33,6954.38,2193.96,2584.24,4100.0,15074.56
2024-06-09,17600.0,4426.485775059824,2941.89,6957.5,2155.34,3575.47,4100.0,14000.0
2024-06-10,21788.33,4351.683438358527,2832.16,6946.03,2275.19,3744.78,4100.0,14732.91
2024-06-11,21610.45,4342.430980500264,2632.67,6751.3,2307.4,3873.5,4100.0,13068.18
2024-06-12,21252.9,4273.270197505607,2764.0,6725.25,2261.22,3624.37,4100.0,14449.03
2024-06-13,21308.33,4320.326768496802,2822.02,6911.44,2301.42,3520.847894736842,4100.0,15135.11
2024-06-14,20871.51,4316.662751932953,2881.23,7005.48,2302.07,3417.325789473684,4100.0,15125.14
2024-06-15,20657.04,4328.166164149964,2767.19,7095.01,2331.64,3313.803684210526,4100.0,14573.15
2024-06-16,20754.56,4304.347826086956,2542.68,7150.0,2138.47,3210.2815789473684,4100.0,14784.029999999999
2024-06-17,20852.079999999998,4311.556867974851,2475.72,7050.0,2418.55,3106.75947368421,4100.0,14994.91
2024-06-18,20949.6,4273.866380116514,2651.88,6673.23,2305.33,3003.2373684210525,4100.0,14992.55
2024-06-19,20769.41,4310.66257695017,2642.98,6696.26,1997.04,2899.7152631578947,4100.0,14799.5
2024-06-20,20412.92,4279.41217032203,2785.8,7168.08,2279.84,2796.193157894737,4100.0,15027.82
2024-06-21,20153.85,4353.048117178852,2815.04,6690.7,2305.47,2692.671052631579,4100.0,15469.25
2024-06-22,20277.78,4376.124644662997,2575.85,6649.7,2425.85,2589.148947368421,4100.0,14678.0
2024-06-23,20500.0,4591.213102409639,2647.75,6771.459723073801,2210.53,2485.626842105263,4100.0,14436.385
2024-06-24,20295.74,4351.798010693127,2913.57,6813.43,2970.68,2382.104736842105,4100.0,14194.77
2024-06-25,20685.36,4376.043690018151,2840.08,6762.97,2950.7,2278.5826315789473,4100.0,14516.48
2024-06-26,20783.58,4367.607389141251,2811.66,6830.14,2754.52,2175.0605263157895,4100.0,14677.7
2024-06-27,20878.6,4365.635609187604,2840.69,7410.68,2262.19,2071.5384210526317,4100.0,13877.94
2024-06-28,20952.72,4427.451625704111,2766.37,7197.68,2634.65,1968.0163157894738,4100.0,14600.72
2024-06-29,21160.0,4403.021523956314,3012.41,7337.79,2721.19,1864.4942105263158,4100.0,15518.25
2024-06-30,20995.025,4420.799404170804,2497.99,7355.46,2247.43,1760.972105263158,4100.0,14000.0
2024-07-01,20830.05,4285.654964223755,2862.55,7152.66,2617.89,1657.45,4100.0,14240.95
2024-07-02,20805.41,4280.275625060871,2889.99,7117.0,2388.89,1087.28,4100.0,14642.12
2024-07-03,20907.84,4343.933311168912,2786.93,7635.55,2366.11,1603.22,4100.0,14323.38
2024-07-04,20897.56,4301.029449577812,2893.66,7790.4,2278.02,1199.63,4100.0,14074.28
2024-07-05,20854.27,4232.743925896438,2879.38,7458.8,2345.3,1528.97,4100.0,13436.71
2024-07-06,20912.12,4314.359529268235,2847.82,7484.77,2849.19,2213.95,4100.0,18605.84
2024-07-07,20873.705,4452.07969924812,2956.74,6965.01,1943.4,2452.53,4100.0,16042.154999999999
2024-07-08,20835.29,4287.3737927434095,2755.91,7100.0,2451.6,2785.49,4100.0,13478.47
2024-07-09,20913.57,4246.668761576201,2655.18,7551.25,2749.25,3513.49,4100.0,14193.9
2024-07-10,21766.93,4250.982423374324,2790.9,7836.44,2946.37,3191.97,4100.0,14199.89
2024-07-11,21306.65,4248.69521063935,2834.81,7238.89,2347.67,3936.98,4100.0,14391.5
2024-07-12,21301.51,4208.356054423503,2900.8,7611.22,2902.86,3682.88,4100.0,13693.48
2024-07-13,21500.0,4289.275518735275,3031.05,7095.07,2531.43,3576.7365,4100.0,14600.0
2024-07-14,21462.754999999997,4456.422243166824,2540.36,7288.76,2450.0,3470.5930000000003,4100.0,14348.975
2024-07-15,21425.51,4208.48943738444,2852.42,7482.45,2791.14,3364.4495,4100.0,14097.95
2024-07-16,21900.0,4247.248956230276,2894.01,7315.85,2814.92,3258.306,4100.0,14793.9
2024-07-17,21310.24,4276.209705372617,2831.41,7625.0,2610.6,3152.1625000000004,4100.0,14690.81
2024-07-18,21379.78,4262.170309716616,2878.28,7524.844999999999,2889.02,3046.0190000000002,4100.0,15026.79
2024-07-19,21364.33,4269.503246722243,2908.16,7424.69,2322.09,2939.8755,4100.0,14405.03
2024-07-20,21221.21,4318.498340095906,2811.01,7456.43,2365.18,2833.732,4100.0,14655.9
2024-07-21,21228.65,4412.495238095238,2726.99,7250.0,2500.0,2727.5885000000003,4100.0,14502.955
2024-07-22,21236.09,4319.697612344959,2716.53,7255.0,2845.12,2621.445,4100.0,14350.01
2024-07-23,21293.25,4250.159872835076,3029.44,7284.75,2677.21,2515.3015000000005,4100.0,19000.0
2024-07-24,21260.61,4314.2481154277975,3009.99,6911.36,2518.64,2409.1580000000004,4100.0,13800.57
2024-07-25,21369.97,4278.527824614254,2847.75,6817.0,2524.21,2303.0145,4100.0,14644.03
2024-07-26,21340.99,4214.71323619135,2726.93,7280.27,3009.5,2196.871,97500.0,13129.16
2024-07-27,21189.75,4296.214274583667,2914.36,7168.92,2390.96,2090.7275,66366.66666666666,14072.0
2024-07-28,21160.44,4329.157638136511,2606.54,7170.0,2550.0,1984.5840000000003,35233.33333333333,13888.414999999999
2024-07-29,21131.13,4185.971752919399,2696.34,7071.14,2732.35,1878.4405000000002,4100.0,13704.83
2024-07-30,20983.13,4180.647399733733,2741.81,6976.63,2800.79,1772.2970000000003,4100.0,13942.08
2024-07-31,21015.79,4172.888236509822,2910.02,7251.39,2683.61,1666.1535000000003,4100.0,13957.77
2024-08-01,21810.5,4193.721032472206,2824.82,7000.0,2423.46,1560.01,4100.0,11044.04
2024-08-02,20841.18,4207.690077057817,2838.74,6580.0,2828.72,1102.58,4100.0,13261.08
2024-08-03,20925.93,4232.060512264955,2791.64,6736.5,2332.69,1317.97,4100.0,9304.26
2024-08-04,20860.32,4305.637450199203,2553.49,6893.0,2500.0,1112.9,4100.0,11442.515
2024-08-05,20794.71,4202.383489085108,2873.48,7049.5,2974.8,1360.24,4100.0,13580.77
2024-08-06,20779.41,4210.859684216287,2792.2,7206.0,2443.04,2396.58,4100.0,13149.82
2024-08-07,20800.0,4210.133505076129,2931.23,7208.0,2987.99,2639.27,4100.0,13676.82
2024-08-08,20849.59,4137.518563249042,2842.45,7209.25,2752.77,2790.32,4100.0,14198.32
2024-08-09,20951.06,4272.9844028295565,3379.4,7126.0,2508.78,3700.55,4100.0,13351.07
2024-08-10,20961.92,4232.249449147168,2867.64,7350.0,2560.92,3849.105,4100.0,8989.61
2024-08-11,21069.225,4196.435272045028,2695.83,7323.0,2590.49,3997.66,4100.0,10440.93
2024-08-12,21176.53,4191.240136240088,2941.84,5107.0,3186.43,4058.05,4100.0,11892.25
2024-08-13,21160.0,4178.972700504228,3035.05,6680.0,2298.15,3935.6665000000003,4100.0,13343.57
2024-08-14,21119.45,4166.764727309817,2840.93,6822.5,2497.03,3813.2830000000004,4175.0,13379.87
2024-08-15,20900.0,4001.0,2300.0,6965.0,2700.7646775054113,3690.8995000000004,4175.0,14410.0
2024-08-16,21106.01,4201.551607001883,2922.54,7107.5,2528.19,3568.516,4175.0,13310.74
2024-08-17,21318.96,4084.8774643176735,2855.46,7250.0,2517.57,3446.1325,4175.0,13185.27
2024-08-18,21218.665,4250.0,2658.18,7162.857142857143,2505.52,3323.7490000000003,4175.0,11546.115
2024-08-19,21118.37,4007.624455416788,3266.27,7075.714285714285,2708.67,3201.3655000000003,4175.0,9906.96
2024-08-20,21207.55,4139.158532763702,2788.78,6988.571428571428,2477.7,3078.982,4175.0,13023.19
2024-08-21,23125.26,4082.592275825831,2858.88,6901.428571428572,2477.77,2956.5985,4175.0,12143.64
2024-08-22,21133.33,4166.526123754828,2973.86,6814.285714285715,2631.56,2834.215,4175.0,13161.27
2024-08-23,21225.9,4208.6162766266125,2926.77,6727.142857142857,2548.97,2711.8315000000002,4175.0,12453.35
2024-08-24,21993.33,4147.6327665834215,2909.85,6640.0,2276.11,2589.4480000000003,2050.0,14485.2
2024-08-25,28996.665,4387.18582046884,3092.98,6773.0,2590.05,2467.0645000000004,3112.5,13867.78
2024-08-26,36000.0,4231.355162124527,2962.58,6906.0,2623.73,2344.6810000000005,4175.0,13250.36
2024-08-27,22640.4,4285.941826457228,2890.26,7039.0,2540.71,2222.2975,4175.0,12862.47
2024-08-28,21357.63,4269.926740350511,2947.92,7172.0,2458.12,2099.914,4175.0,12218.64
2024-08-29,21287.13,4300.601109371726,2938.37,7305.0,2663.4,1977.5305000000003,4175.0,12663.61
2024-08-30,21431.75,4350.33983756926,2888.32,7194.166666666667,2469.53,1855.1470000000004,4175.0,12537.23
2024-08-31,24067.35,4464.753137099408,3050.0,7083.333333333333,2566.07,1732.7635,4175.0,16500.0
2024-09-01,23680.76,4451.116883116883,3090.07,6972.5,2593.44,1610.38,4175.0,16500.0
2024-09-02,23294.17,4396.698529411765,3317.54,6861.666666666667,2644.51,1061.55,4175.0,16500.0
2024-09-03,21658.36,4581.84533763534,3112.1,6750.833333333333,2512.8,1525.77,4175.0,14859.53
2024-09-04,23496.86,4490.499380256953,2926.9,6640.0,2334.28,1252.45,4175.0,13367.55
2024-09-05,21745.13,4420.932440472626,2868.71,6672.1957142857145,2679.61,1136.62,4175.0,13325.33
2024-09-06,23299.6,4440.708729705732,2819.88,6704.391428571428,2626.35,2264.21,4175.0,13340.8
2024-09-07,22876.95,4355.355403619357,2960.31,6736.587142857143,2527.49,2562.31,4175.0,12480.0
2024-09-08,22984.005,4353.553299492386,3083.64,6768.782857142857,2548.53,2740.9,4175.0,13129.314999999999
2024-09-09,23091.06,4354.295485334132,2850.95,6800.978571428572,2364.94,3628.45,4175.0,13778.63
2024-09-10,23362.42,4334.543650417531,2869.05,6833.174285714285,2441.73,3400.96,4175.0,13032.36
2024-09-11,23201.47,4376.200753775658,3064.79,6865.37,2401.82,3787.29,4175.0,16500.0
2024-09-12,23480.58,4479.895258578255,2748.67,6897.565714285714,2551.78,3798.1,4250.0,13035.37
2024-09-13,22573.11,4493.488703914088,2990.49,6929.761428571428,2352.56,3687.3857894736843,4250.0,13025.51
2024-09-14,36000.0,4625.928589615195,2989.21,6961.957142857143,2250.31,3576.6715789473683,4250.0,13648.21
2024-09-15,31194.423333333332,4439.896193771627,2901.83,6994.152857142857,2556.52,3465.9573684210527,4250.0,13128.474999999999
2024-09-16,26388.846666666665,4509.91329695792,2967.62,7026.348571428572,2131.13,3355.2431578947367,4250.0,12608.74
2024-09-17,21583.27,4409.63512099105,2889.79,7058.544285714285,1951.56,3244.528947368421,4250.0,12924.115
2024-09-18,21632.65,4520.5962868129545,2904.2,7090.74,2154.58,3133.814736842105,4250.0,13239.49
2024-09-19,23056.03,4521.525027516855,2798.53,7600.0,1918.81,3023.1005263157895,4250.0,13389.77
2024-09-20,22940.83,4445.136322323655,2911.25,7847.0,1720.54,2912.386315789474,4250.0,13401.56
2024-09-21,22955.62,4457.783402874647,2818.98,7271.27,1928.32,2801.672105263158,4250.0,13104.36
2024-09-22,21200.0,4556.778565552901,2991.13,7452.846666666667,2523.24,2690.957894736842,4250.0,13007.915
2024-09-23,21945.63,4367.792569477687,2947.54,7634.423333333333,1695.01,2580.243684210526,4250.0,12911.47
2024-09-24,23640.33,4389.74349050711,2878.88,7816.0,1533.39,2469.5294736842106,4250.0,13265.32
2024-09-25,22872.43,4388.685463862373,2858.98,7399.0,1469.28,2358.815263157895,4250.0,13454.67
2024-09-26,21752.82,4490.634064355846,2864.94,6982.0,2236.44,2248.101052631579,4250.0,12936.89
2024-09-27,23111.76,4435.413014646616,2562.93,7638.0,1856.89,2137.386842105263,4250.0,13319.82
2024-09-28,23538.24,4448.483323646574,2979.39,6168.0,1852.95,2026.6726315789474,4250.0,13327.38
2024-09-29,21533.33,4352.183347799961,2988.75,6054.0,2205.78,1915.9584210526316,4250.0,12746.035
2024-09-30,24272.3,4358.1458321228265,2810.05,6152.4,1894.51,1805.2442105263158,4250.0,12164.69
2024-10-01,24184.23,4296.5848557125255,2956.36,6250.8,1820.24,1694.53,4250.0,15520.53
2024-10-02,22100.0,4194.952814693146,2569.02,6349.2,1983.64,1027.38,4237.5,12151.15
2024-10-03,22688.46,4309.170781870935,2905.2,6447.6,2210.31,1373.63,4225.0,12941.2
2024-10-04,23864.95,4190.881504988316,2728.9,6546.0,2140.69,1371.025,4225.0,13060.81
2024-10-05,24363.43,4179.613057232316,2948.89,6490.714285714285,2168.67,1368.42,4225.0,12489.0
2024-10-06,24471.620000000003,4125.628242456326,3020.06,6435.428571428572,2092.96,2395.85,4225.0,12525.5
2024-10-07,24579.81,4122.594247437036,3427.79,6380.142857142857,1685.17,2647.54,4225.0,12562.0
2024-10-08,24800.57,4199.00197754548,2928.8337250202026,6324.857142857143,1878.6443898838356,2994.8,4225.0,12598.5
2024-10-09,22922.79,4110.63870147218,2992.26,6269.571428571428,2034.55,3762.76,4225.0,12635.0
2024-10-10,21968.75,4136.709580701143,3034.36,6214.285714285715,2066.36,3361.6,4225.0,12263.26
2024-10-11,36000.0,4141.879466346433,2983.78,6159.0,2086.91,4522.47,4225.0,12377.75
2024-10-12,36000.0,4289.413288406866,3033.3,6408.43,2283.56,3771.88,4225.0,12418.8
2024-10-13,22100.0,4083.003735990037,3071.74,6467.485000000001,2168.98,3666.3685,4225.0,12459.85
2024-10-14,22185.8,4188.464163991703,2966.49,6526.54,2204.33,3560.857,4225.0,12500.9
2024-10-15,24591.46,4173.326700752682,3044.79,6737.59,2092.25,3455.3455,4225.0,13407.96
2024-10-16,22150.0,4140.754635897563,2932.29,6922.38,2019.23,3349.834,4225.0,13711.88
2024-10-17,22097.47,4119.530813714806,2972.64,6764.66,2070.54,3244.3225,4225.0,12619.28
2024-10-18,23880.66,4132.23461124031,3043.87,6702.96,1906.78,3138.811,4225.0,12463.28
2024-10-19,24236.75,4153.483796246598,3067.31,6871.99,1942.89,3033.2995,4225.0,13419.02
2024-10-20,21500.0,4156.862601854454,3109.88,6739.0,2188.97,2927.788,4225.0,12749.3
2024-10-21,22071.79,4041.8616550852807,3014.26,6763.19,2018.88,2822.2765,4225.0,12079.58
2024-10-22,22004.88,4075.329266059981,3008.41,6751.43,2024.83,2716.7650000000003,4225.0,12096.19
2024-10-23,21919.23,4102.301154996305,3106.95,6749.37,2102.48,2611.2535,4225.0,11047.96
2024-10-24,23061.97,4106.895054671299,3021.85,6823.68,1984.9,2505.742,4225.0,12526.25
2024-10-25,24478.71,4111.5714505513815,3158.47,6903.77,2071.25,2400.2304999999997,4225.0,12231.23
2024-10-26,23623.47,4117.207733277754,3024.22,6744.91,1965.48,2294.719,4225.0,10121.72
2024-10-27,21600.0,4143.820808131025,3133.53,6569.69,2107.41,2189.2075,4225.0,11248.71
2024-10-28,21600.0,4057.950496652432,3091.59,6649.59,1998.65,2083.696,4225.0,12375.7
2024-10-29,23520.19,3949.635848498271,4035.45,6575.53,2076.35,1978.1844999999998,4225.0,16276.54
2024-10-30,23406.1,4067.594224149716,4094.08,6688.72,1926.02,1872.673,4225.0,17000.0
2024-10-31,29325.49,4314.119764397906,2729.19,6798.61,2221.05,1767.1615,4225.0,15540.483333333334
2024-11-01,23482.67,4166.554921540656,3186.73,6871.22,1967.26,1661.65,4225.0,14080.966666666667
2024-11-02,23609.3,4271.695845917279,3995.57,6722.98,2154.52,1173.3,4225.0,12621.45
2024-11-03,21300.0,4291.81522105342,3137.25,6973.32,1822.02,1470.67,4225.0,12394.81
2024-11-04,21469.47,4104.44035023084,3978.93,6839.61,2018.82,1397.185,4225.0,12168.17
2024-11-05,23926.32,4064.32515596742,3116.44,6872.46,1958.14,1323.7,4225.0,12447.46
2024-11-06,23473.21,4021.629120295144,3649.63,6909.03,1931.68,2314.93,4225.0,12650.0
2024-11-07,21596.23,4034.740135338718,3594.65,6917.89,1982.35,2620.47,4225.0,12524.99
2024-11-08,23704.04,4046.2213375549695,3720.18,6949.27,1946.74,3009.87,4225.0,12796.47
2024-11-09,24923.08,4069.70660926512,3953.18,7014.6,2015.87,3686.94,4225.0,16319.25
2024-11-10,24232.9,3989.293786515416,3259.51,6985.76,2087.48,3207.94,4225.0,14457.52
2024-11-11,23542.72,4023.850735020485,3898.95,7093.41,1997.71,3754.38,4225.0,12595.79
2024-11-12,21584.95,3982.431644562249,4007.36,7104.56,1987.85,3655.41,4225.0,13674.91
2024-11-13,24473.86,4002.455876834885,3756.63,7093.73,2012.51,3546.633684210526,4225.0,12964.05
2024-11-14,23670.0,4011.501362117525,3816.51,7071.08,1988.75,3437.8573684210523,4225.0,17000.0
2024-11-15,23378.92,4145.206288138852,4013.58,7029.72,2096.92,3329.081052631579,4225.0,13401.42
2024-11-16,23910.87,4090.183178978317,3744.81,6984.66,2077.01,3220.3047368421053,4225.0,17000.0
2024-11-17,22828.34,4019.4893411890735,3121.2,6942.12,2044.08,3111.5284210526315,4225.0,15304.69
2024-11-18,21745.81,4157.7652773171285,3887.96,6971.31,2056.23,3002.752105263158,4225.0,13609.38
2024-11-19,21900.0,4149.779228383813,4069.58,6930.97,2030.94,2893.975789473684,4225.0,17000.0
2024-11-20,25136.69,4056.9620253164553,3287.23,6771.35,1900.0,2785.1994736842103,4225.0,15157.775
2024-11-21,21765.1,4049.149813747521,3165.36,7130.79,2123.62,2676.4231578947365,4225.0,13315.55
2024-11-22,23850.0,4071.0435787218375,3848.73,7205.19,2112.31,2567.646842105263,4225.0,13328.75
2024-11-23,23315.92,4095.335343798246,3979.42,7211.64,2046.29,2458.8705263157894,4225.0,14860.43
2024-11-24,21500.0,4114.104625199362,3143.36,6982.88,2090.57,2350.0942105263157,4225.0,13775.5
2024-11-25,21603.43,4047.11241124076,3742.56,7147.43,2108.23,2241.317894736842,4225.0,12690.57
2024-11-26,23637.19,4059.01490475364,4004.48,7197.12,2098.73,2132.541578947368,4225.0,12744.95
2024-11-27,21681.18,4084.574111659953,3738.86,7198.51,2143.7,2023.7652631578947,4225.0,13065.38
2024-11-28,21763.86,4062.090982702112,3803.71,7203.78,2113.23,1914.988947368421,4225.0,13300.0
2024-11-29,24816.3,4227.247370520818,2995.12,7400.0,2246.69,1806.2126315789474,4225.0,13234.22
2024-11-30,24315.43,3899.251918594736,4163.7,7042.63,2157.07,1697.4363157894736,4225.0,9642.76
2024-12-01,12200.0,4315.484089625305,3080.55,7044.13,2155.23,1588.66,4225.0,11103.560000000001
2024-12-02,22089.17,4076.106991738104,3728.39,7217.9,2117.23,1028.7,4225.0,12564.36
2024-12-03,25193.5,4036.6049498720818,3920.08,7161.36,2119.15,1418.07,4225.0,13039.52
2024-12-04,22073.33,4086.318424844532,3865.02,7181.7,2085.08,1288.89,4225.0,12421.16
2024-12-05,24858.14,4163.157204026476,3700.21,7228.68,2131.13,1334.37,4225.0,12606.3
2024-12-06,25344.24,4020.764785115139,3930.97,7227.29,2085.51,2233.01,4225.0,13044.18
2024-12-07,24229.48,4107.7146908275945,3934.9,7130.57,2124.41,2511.04,4225.0,16590.91
2024-12-08,23132.895,3868.705628803245,3271.7,7065.3,2105.22,3156.7,4225.0,14635.675
2024-12-09,22036.31,4043.1816401767055,3279.38,7134.28,2126.07,3749.02,4225.0,12680.44
2024-12-10,22130.49,3963.840655582543,4051.83,7229.83,2147.58,3070.63,4225.0,13073.61
2024-12-11,25369.23,3965.1109783936254,4018.95,7225.88,2140.06,3703.25,4225.0,12845.34
2024-12-12,22318.25,3966.869612729607,3261.79,7178.67,2130.41,3417.11,4225.0,12713.26
2024-12-13,22300.67,4030.615263685316,4028.42,7219.57,2145.05,3361.9100000000003,4225.0,12809.93
2024-12-14,22241.67,3962.5777867199295,3363.65,7088.87,2112.88,3306.71,4225.0,17000.0
2024-12-15,22241.875,3811.2529096081735,3047.19,6972.1,2147.82,3251.51,4250.0,14775.0
2024-12-16,22242.08,4057.862037332064,3260.0,7238.35,2148.39,3196.31,4275.0,12550.0
2024-12-17,24862.5,4035.911743727244,3246.5,7226.88,2156.94,3141.11,4275.0,12661.14
2024-12-18,24194.37,4011.102416417561,3988.12,7160.01,2166.63,3085.9100000000003,4275.0,12578.77
2024-12-19,23212.09,3986.746441867082,3633.05,7179.29,2149.91,3030.71,4275.0,12614.43
2024-12-20,26547.54,3997.1012075668937,3879.65,7209.27,2180.92,2975.51,4275.0,10631.83
2024-12-21,26422.77,3978.954130176132,3356.05,6997.47,2208.19,2920.31,4275.0,12524.46
2024-12-22,24322.225,3936.392704285859,3283.21,6980.87,2152.87,2865.11,4275.0,12505.404999999999
2024-12-23,22221.68,3990.5799216553264,3778.63,7200.0,2182.28,2809.91,4275.0,12486.35
2024-12-24,26164.43,4056.933690643157,4031.83,7179.48,2196.92,2754.71,4275.0,10805.18
2024-12-25,30871.79,4123.8850998414455,3462.64,7082.73,2210.75,2699.51,4275.0,12230.0
2024-12-26,24641.26,4039.0976669731135,3756.28,7086.67,2195.75,2644.3100000000004,4275.0,12479.38
2024-12-27,25448.6,4057.760325371222,3729.65,7012.09,2203.66,2589.11,4275.0,12169.03
2024-12-28,25413.17,4078.906998117666,3470.12,7022.65,2192.61,2533.91,4275.0,13441.73
2024-12-29,22400.0,3964.9671669793615,3188.96,6891.76,2054.68,2478.71,4275.0,10689.865
2024-12-30,24994.76,4163.03386518586,4051.85,7208.51,2228.27,2423.51,4275.0,7938.0
2024-12-31,25392.68,4044.688039715136,3948.62,7250.49,2219.34,2368.3100000000004,4275.0,13187.52
2025-01-01,40000.0,4021.427880463169,3720.542984126984,7210.89,2260.46,2313.11,4275.0,13260.15
2025-01-02,29193.62,4056.859747466862,3814.2933596591497,7192.11,2256.62,1891.19,4275.0,13278.48
2025-01-03,24326.83,4048.930319289186,3758.579487179488,7214.16,2278.87,1996.39,4275.0,13312.1
2025-01-04,28962.03,3997.745517392992,3867.088706635184,7153.06,2276.21,1286.62,4275.0,14041.48
2025-01-05,23000.0,3941.276745001754,2687.753378378379,7087.28,2176.08,994.13,4275.0,13714.93
2025-01-06,22577.99,4058.6933057333945,4006.617033948778,7240.12,2293.43,1033.77,4275.0,13388.38
2025-01-07,24403.67,3991.7906753887632,4006.23590233039,7274.46,2316.47,1362.46,4275.0,13757.01
2025-01-08,24151.86,4036.655586352848,3905.372861356933,7259.13,2343.07,1163.77,4275.0,14048.74
2025-01-09,24351.85,4036.865972368423,3259.037214547505,7217.57,2288.58,1151.18,4275.0,13520.69
2025-01-10,28649.21,4025.563018129829,3901.797005769645,7196.88,2282.64,1115.13,4275.0,13574.12
2025-01-11,27314.81,4025.8444257425367,4074.951680302425,7137.85,2292.65,1187.16,4275.0,17500.0
2025-01-12,22500.0,4188.237158790725,2981.5967741935488,7056.52,2251.26,1079.03,4275.0,15076.235
2025-01-13,22320.61,4048.37093231221,4095.319072942297,7214.77,2289.76,1139.185,4275.0,12652.47
2025-01-14,22200.0,3981.6791569086654,4036.537089255912,7190.5,2389.59,1199.34,4275.0,14819.4
2025-01-15,28879.63,3997.418377081553,4025.2582730342497,7197.22,2355.58,1259.495,4300.0,16532.2
2025-01-16,26812.77,4015.567803045136,3919.343365695793,7230.24,2298.36,1319.65,4300.0,13261.51
2025-01-17,29569.39,4042.1569661989897,3787.156946483385,7190.94,2287.29,1379.805,4300.0,13096.8
2025-01-18,27037.55,4018.9192849116416,3896.856586115572,7151.11,2289.19,1439.96,4300.0,17190.51
2025-01-19,22800.0,4068.769978729869,3102.917570498915,7097.5,2162.09,1500.115,4300.0,14870.134999999998
2025-01-20,23050.84,4051.869582357268,3181.9022869022865,7238.39,2252.75,1560.27,4300.0,12549.76
2025-01-21,23151.43,4043.41647537283,4186.985466199598,7244.78,2271.86,1620.4250000000002,4300.0,13870.52
2025-01-22,23060.95,3996.149323054277,4025.514535180006,7223.11,2251.95,1680.58,4300.0,13838.86
2025-01-23,23137.21,4063.137775818736,3769.097067595354,7186.67,2271.96,1740.7350000000001,4300.0,12815.47
2025-01-24,23509.87,3951.4789748897,3880.328282828282,7178.63,2224.03,1800.89,4300.0,13599.5
2025-01-25,24047.97,3987.326580289764,3854.7160669191926,7091.69,2253.05,1861.045,4300.0,19371.06
2025-01-26,24195.605000000003,4303.573132454489,3137.188612099644,7013.26,2202.08,1921.2,4300.0,15973.495
2025-01-27,24343.24,3944.952603918904,3992.13468013468,7166.73,2212.59,1981.355,4300.0,12575.93
2025-01-28,24722.55,3899.8198963371774,4071.552993297739,7137.61,2201.74,2041.5100000000002,4300.0,16648.44
2025-01-29,24695.5,3936.413808254768,3827.380498138232,7126.69,2222.69,2101.665,4300.0,12673.37
2025-01-30,24819.88,3961.9590447830014,3885.7393537211656,7171.38,2209.67,2161.82,4300.0,12169.05
2025-01-31,24851.1,3961.911393558741,3822.69162845709,7148.62,2220.45,2221.9750000000004,4300.0,13843.94
2025-02-01,25303.85,3957.0459562249875,4160.259737097357,7088.14,2178.37,2282.13,4300.0,18547.44
2025-02-02,27497.165,3956.1934707612713,2925.191695711472,7001.51,2107.63,2050.48,4300.0,15471.829999999998
2025-02-03,29690.48,3955.3409852975547,3937.540962859444,7131.28,2210.37,2082.25,4300.0,12396.22
2025-02-04,28415.87,3954.4884998338384,3641.762438413566,7107.55,2188.84,1215.93,4300.0,13544.87
2025-02-05,25673.44,3953.636014370122,3676.445679519433,7064.12,2181.04,980.05,4275.0,12129.52
2025-02-06,26098.39,3952.783528906406,3554.733718650016,7041.66,2148.71,1124.67,4275.0,12809.37
2025-02-07,26284.39,3951.9310434426898,3859.940431402056,7132.76,2106.63,1342.21,4275.0,12674.81
2025-02-08,27488.89,3951.078557978973,3020.079215572622,6999.15,2102.22,1184.1,4275.0,13156.486666666666
2025-02-09,26924.795,3950.226072515257,2752.8415961305927,7086.59,2158.53,1202.15,4275.0,13638.163333333334
2025-02-10,26360.7,3949.3735870515407,2455.0,6948.18,2151.0,1121.44,4275.0,14119.84
2025-02-11,25694.37,3948.521101587824,3279.085830016793,6955.52,2127.4,1406.68,4275.0,14601.516666666666
2025-02-12,26617.65,3947.6686161241078,2920.1020019065777,6997.86,2158.32,1087.58,4275.0,15083.193333333335
2025-02-13,27745.95,3946.8161306603915,3681.371464600973,6968.55,2187.19,1152.345294117647,4275.0,15564.87
2025-02-14,29554.02,3945.9636451966753,3464.848428721368,6975.35,2147.54,1217.110588235294,4275.0,14758.97
2025-02-15,27220.03,3945.111159732959,3785.265341100748,7098.68,2153.85,1281.875882352941,4275.0,16299.96
2025-02-16,27607.89,3944.2586742692424,3153.588797971649,7000.56,2059.25,1346.641176470588,4275.0,15693.095
2025-02-17,28211.43,3943.406188805526,3384.363037541134,7077.05,2190.94,1411.4064705882352,4275.0,15086.23
2025-02-18,28560.94,3942.55370334181,3474.924331281477,7067.33,2162.99,1476.1717647058824,4275.0,19429.37
2025-02-19,27982.98,3941.7012178780933,3039.670359857156,6992.18,2078.59,1540.9370588235295,4275.0,6863.0
2025-02-20,27921.57,3940.848732414377,3364.6453962882765,7052.54,2226.87,1605.7023529411765,4275.0,17138.27
2025-02-21,28377.37,3939.996246950661,3198.9020330039384,7063.61,2109.46,1670.4676470588236,4275.0,12342.56
2025-02-22,28264.01,3939.1437614869446,3397.517810534689,7081.41,2181.62,1735.2329411764706,4275.0,16491.23
2025-02-23,24939.02,3938.2912760232284,2799.107883817428,6898.71,2113.86,1799.9982352941176,4275.0,16799.54
2025-02-24,27957.76,3937.4387905595117,3190.695408823633,7154.72,2180.39,1864.763529411765,4275.0,17107.85
2025-02-25,27923.72,3936.5863050957955,3395.882141325786,7138.66,2162.38,1929.528823529412,4275.0,18064.13
2025-02-26,35931.82,3935.7338196320793,3032.4582940420064,6962.08,2118.62,1994.294117647059,4275.0,17633.04666666667
2025-02-27,27105.48,3934.8813341683626,3156.2320094962824,7201.39,2178.69,2059.059411764706,4275.0,17201.963333333333
2025-02-28,27252.87,3934.0288487046464,3026.318753701704,7133.39,2152.59,2123.824705882353,4275.0,16770.88
2025-03-01,26434.16,3933.17636324093,3109.9346613771254,7183.58,2233.92,2188.59,4275.0,17000.0
2025-03-02,26195.870000000003,3859.980066445183,2968.954417472034,6921.27,2090.23,1949.34,4275.0,15120.465
2025-03-03,25957.58,3810.2291754459898,2978.6523018514795,7091.48,2219.42,1961.93,4275.0,13240.93
2025-03-04,26525.77,3819.252746575805,3039.6184980848425,7006.1,2182.31,1184.11,4275.0,14916.67
2025-03-05,26814.86,3826.843575809712,2947.9623769356413,6901.56,2232.66,972.59,4275.0,14385.43
2025-03-06,27175.66,3838.210914190648,3105.3015694688465,6903.25,2185.32,1193.52,4275.0,14920.56
2025-03-07,27222.3,3851.365230093388,3086.6031989640533,7057.94,2241.17,1314.77,4275.0,14938.57
2025-03-08,28000.0,3896.796821065254,3210.4357449437834,6981.99,2167.58,1182.53,4275.0,15275.56
2025-03-09,42166.67,3773.565121412804,2836.653327840876,6994.16,2134.25,1185.77,4275.0,14904.4
2025-03-10,27014.29,3922.914040263313,3004.4574998919948,7072.84,2281.83,1096.67,4275.0,14533.24
2025-03-11,26834.18,3920.435338104938,3123.0935806083226,7036.71,2261.15,1383.51,4275.0,14956.81
2025-03-12,27143.04,3854.392495107368,2979.354514381658,7158.06,2145.42,1157.81,4275.0,14780.46
2025-03-13,27249.04,3973.836749191916,3395.304529172187,7083.23,2419.57,1215.3139999999999,4275.0,15378.72
2025-03-14,27373.6,3904.282907662083,2699.916897506925,6669.71,2160.16,1272.818,4275.0,15383.98
2025-03-15,27498.26,3787.3300629152186,3460.963470354272,7029.8,2148.42,1330.322,4275.0,15389.24
2025-03-16,28000.0,3734.769687964339,2688.3328045685275,7000.94,2073.55,1387.826,4275.0,15207.164999999999
2025-03-17,26714.78,3819.4146135272094,2954.1850303722863,7176.81,2158.34,1445.33,4275.0,15025.09
2025-03-18,27315.19,3839.5201333499504,2912.757960005624,7183.78,2180.17,1502.8339999999998,4275.0,15707.43
2025-03-19,27222.08,3833.9767772344526,2775.270101384106,7159.79,2105.08,1560.338,4275.0,12841.44
2025-03-20,27521.56,3844.9251550654726,2968.751005714305,7309.87,2204.15,1617.8419999999999,4300.0,12496.69
2025-03-21,27542.72,3891.476858240605,3022.456297530764,7137.66,2296.23,1675.346,4300.0,15651.26
2025-03-22,27547.75,3897.391852621653,2608.263488412396,7159.21,2112.69,1732.85,4300.0,13923.42
2025-03-23,27212.77,4045.0165980613465,2783.991459074733,7002.48,1991.25,1790.3539999999998,4300.0,16768.145
2025-03-24,27731.2,3941.128928576592,3024.387006015947,7241.06,2141.2,1847.8579999999997,4300.0,19612.87
2025-03-25,28345.98,3948.045622727792,3119.006340055156,7131.13,2141.24,1905.3619999999999,4300.0,15900.36
2025-03-26,27604.9,3947.8509346773967,3035.048025630455,7220.79,2175.99,1962.866,4300.0,17036.82
2025-03-27,27298.23,4017.7848751628258,2997.929550056538,7189.06,2192.52,2020.37,4300.0,13385.38
2025-03-28,27349.63,4111.729758345326,3412.714483819468,7297.36,2091.27,2077.874,4300.0,14801.56
2025-03-29,27442.34,4095.527160493828,2726.088571556072,7336.42,1989.25,2135.3779999999997,4300.0,12154.59
2025-03-30,27000.0,4220.428688104237,2726.6165268537266,6855.3,2220.23,2192.8819999999996,4300.0,16577.295
2025-03-31,31572.52,4214.874150151888,4146.776972874705,7275.11,2114.91,2250.3859999999995,4300.0,21000.0
2025-04-01,28107.6,4145.875293958542,3209.30102507198,7246.81,2101.75,2307.89,4300.0,14137.83
2025-04-02,26860.05,4162.100940576485,3022.109329063781,7499.27,2204.63,1974.72,4300.0,14879.97
2025-04-03,26709.76,4350.089587799472,3011.1611210254346,7510.41,2147.2,2033.19,4300.0,14315.26
2025-04-04,27431.79,4262.726314648796,3084.4464928042566,7486.69,2115.62,1190.14,4300.0,13948.58
2025-04-05,27683.83,4163.885460086538,3360.79257667448,7374.95,2104.74,974.49,4300.0,14726.65
2025-04-06,27559.660000000003,5193.5822637106185,2728.60868579204,7440.49,2074.18,1217.47,4300.0,14001.91
2025-04-07,27435.49,4110.723354340332,3223.394712915991,7406.25,2101.36,1314.07,4300.0,13277.17
2025-04-08,31738.28,4146.496648349408,3272.1778659143183,7153.93,2108.49,1138.56,4300.0,15201.61
2025-04-09,26504.08,4232.82538966182,3366.450649314655,7323.05,2113.99,1169.48,4300.0,14870.73
2025-04-10,25124.32,4382.877004416247,3792.73978489768,7424.15,2564.0,1078.04,4300.0,14568.81
2025-04-11,25145.21,4279.361139581177,3083.5708859924416,7463.08,2040.9,1370.87,4300.0,14653.55
2025-04-12,37312.2,4285.5222769885,3089.35995166536,7376.66,2050.7,1119.75,4300.0,13322.8
2025-04-13,30806.1,4226.582488479262,2670.3086370523965,7534.57,2124.24,1192.5436842105264,4300.0,13571.744999999999
2025-04-14,24300.0,3982.883248730964,2719.657064977162,7426.02,2206.51,1265.3373684210526,4300.0,13820.69
2025-04-15,27053.44,4284.002342769392,3127.988551406336,7515.75,2097.88,1338.131052631579,4300.0,15086.74
2025-04-16,27108.45,4325.993689029307,3160.965956098505,7407.07,2184.38,1410.9247368421052,4300.0,13608.11
2025-04-17,46000.0,4342.004335269104,3218.226774717692,7416.7,2108.7,1483.7184210526316,4300.0,14829.59
2025-04-18,25400.0,4368.686369069983,3770.1439769245817,7385.02,2086.83,1556.512105263158,4300.0,14387.73
2025-04-19,27193.29,4222.007337270036,3423.874609195881,7493.78,2088.22,1629.3057894736842,4300.0,15335.8
2025-04-20,26000.0,4127.148626817448,2848.356258596974,7569.39,2049.43,1702.0994736842104,4300.0,14180.545
2025-04-21,27911.38,4211.072633537071,3284.228322307556,7329.63,2087.84,1774.8931578947368,4300.0,13025.29
2025-04-22,26334.52,4270.717289766822,3524.195728771713,7468.12,2144.64,1847.6868421052632,4300.0,13528.58
2025-04-23,27686.14,4188.876699346744,3398.1276459158657,7324.88,2075.76,1920.4805263157896,4300.0,15089.37
2025-04-24,27029.74,4127.426627200133,3276.1863093219063,7377.41,2077.9,1993.2742105263158,4300.0,13497.49
2025-04-25,27106.36,4136.3902720603455,3292.231006927949,7471.03,2202.18,2066.067894736842,4300.0,13274.9
2025-04-26,27233.81,4174.518263669353,3304.535803026881,7434.52,2059.05,2138.8615789473683,4300.0,13695.85
2025-04-27,26200.0,4190.525619604568,2557.245248868778,7505.32,2117.42,2211.6552631578948,4300.0,12937.0
2025-04-28,31372.11,4161.946712885037,3297.7013803108493,7544.43,2147.95,2284.4489473684207,4300.0,14295.7
2025-04-29,27068.5,3990.269489127387,3362.5572720456885,7494.15,2085.56,2357.242631578947,4300.0,12604.01
2025-04-30,26097.43,4202.466314270427,3629.702993844433,7647.39,2191.55,2430.0363157894735,4300.0,12624.55
2025-05-01,46000.0,4172.032496307238,2535.84,7511.35,2095.38,2502.83,4300.0,12995.62
2025-05-02,27009.39,4118.526770618072,3315.773983437989,7491.51,2142.99,2066.01,4300.0,14377.66
2025-05-03,27022.71,4100.085879154454,3441.99815572928,7489.76,2071.39,1975.21,4300.0,13042.72
2025-05-04,27038.350000000002,4180.695528211285,2415.847545219639,7464.06,2114.24,1193.69,4300.0,13689.460000000001
2025-05-05,27053.99,4216.421994927152,3195.579639369508,7424.01,2105.82,968.98,4300.0,14336.2
2025-05-06,26843.82,4076.258315533064,3630.491594612199,7557.5,2149.86,1219.52,4300.0,13806.14
2025-05-07,26379.96,4150.5379534416725,3400.324758863528,7319.93,2065.54,1311.42,4300.0,13400.54
2025-05-08,27385.99,4171.240754952815,3207.7245471580263,7418.1,2073.13,1166.68,4300.0,12196.73
2025-05-09,25609.47,4122.17791718074,3168.680577081469,7438.15,2107.51,1172.82,4300.0,12082.71
2025-05-10,25000.0,4214.057006553948,2580.171397382098,7445.75,2058.11,1161.39,4300.0,12193.48
2025-05-11,25000.0,4194.982603356529,2557.301846501696,7396.29,2100.13,1347.36,4300.0,12571.33
2025-05-12,25504.19,4060.500960922485,3930.547092915144,7167.06,2227.99,1198.79,4300.0,12949.18
2025-05-13,25662.19,4157.02648482739,3721.350989250662,6949.75,2046.54,1250.269,4300.0,11888.89
2025-05-14,28172.04,4135.950488396876,3427.2492871048485,7086.876676373313,2084.0834338756154,1301.748,4300.0,12774.05
2025-05-15,26883.83,4181.955060914267,3412.929654882813,7518.64,2020.78,1353.2269999999999,4300.0,13659.21
2025-05-16,25960.69,4131.979166218795,3623.39649434616,7371.53,2037.82,1404.706,4300.0,13635.52
2025-05-17,26802.55,4215.5825431909125,3821.9521426468737,7495.98,2037.69,1456.185,4300.0,12655.25
2025-05-18,24300.0,4118.402106567534,2985.974695407685,7447.03,2043.32,1507.664,4300.0,12953.0
2025-05-19,25475.38,4101.804993020234,3579.0726786807963,7246.05,2006.49,1559.143,4300.0,13250.75
2025-05-20,24701.03,4108.957305401957,3640.739639156368,7490.0,2003.5,1610.6219999999998,4300.0,13339.38
2025-05-21,25584.15,4139.3524733394215,3405.870559759552,7293.92,1956.66,1662.1009999999999,4300.0,12787.04
2025-05-22,26331.4,4168.759942299818,3246.480391327821,7435.64,2013.46,1713.58,4300.0,12975.56
2025-05-23,25821.7,4122.746887203638,3207.9543267916683,7392.62,1995.81,1765.059,4300.0,12533.01
2025-05-24,33216.67,4180.354416608594,3692.2618756706793,7336.8,2051.59,1816.538,4300.0,12209.26
2025-05-25,25700.0,3932.0883458646617,2581.6142322097376,7468.93,1858.29,1868.0169999999998,4300.0,12289.585
2025-05-26,23530.83,4059.828308769536,3431.5184467107474,7443.94,2028.34,1919.496,4300.0,12369.91
2025-05-27,25454.0,4150.064695191489,3367.936787642472,7404.94,2054.8,1970.975,4300.0,12018.19
2025-05-28,24656.16,4398.787151118438,3321.033884758645,7536.32,2069.99,2022.454,4300.0,12076.0
2025-05-29,25724.87,4208.439439932614,2760.192311508383,7399.21,2034.69,2073.933,4300.0,12823.79
2025-05-30,25417.75,4015.584174894049,2967.049085095148,7410.13,2013.98,2125.412,4300.0,11916.65
2025-05-31,24839.57,4122.115907201417,3055.365782773974,7305.22,1982.53,2176.891,4300.0,12295.43
2025-06-01,25200.0,4008.026923076923,2899.91,7200.0,1740.25,2228.37,4300.0,12601.470000000001
2025-06-02,25729.0,4096.539800935172,3350.21,7559.35,2052.54,2022.88,4300.0,12907.51
2025-06-03,22945.16,4104.516686991141,3337.38,7529.1,2039.18,1843.89,4300.0,12241.53
2025-06-04,24345.26,4094.490702026068,3430.48,7449.99,2108.77,1206.97,4300.0,15458.54
2025-06-05,22833.55,4160.237399972205,2976.49,7530.33,2050.14,1007.32,4300.0,12154.3
2025-06-06,24092.13,4083.506274702219,3437.27,7517.68,2036.8,1308.11,4300.0,12214.13
2025-06-07,31692.31,4014.267580036348,3973.76,7471.4,2196.26,1435.14,4300.0,10659.39
2025-06-08,28359.03,4169.374759152216,2899.7,7420.77,2075.44,1154.44,4300.0,11509.22
2025-06-09,25025.75,4108.337438033526,3255.86,7340.86,2037.96,1041.38,4300.0,12359.05
2025-06-10,24484.05,4111.700086334288,3405.85,7415.25,2081.69,1106.78,4300.0,12435.09
2025-06-11,25496.85,4150.631878236406,3140.74,7289.89,2090.14,1485.41,4300.0,12215.57
2025-06-12,23853.4,4146.214015160516,3272.0,7342.32,2102.03,1129.44,4300.0,12007.42
2025-06-13,24663.61,4114.188930708669,3176.8,7482.24,2108.8,1186.211052631579,4300.0,12306.04
2025-06-14,29935.48,4158.216226097952,3821.48,7321.86,2231.51,1242.982105263158,4300.0,15885.34
2025-06-15,44000.0,4016.624876604146,2719.76,7487.88,2138.97,1299.753157894737,4300.0,13973.665
2025-06-16,24566.32,4241.587362171332,3528.43,7313.18,2109.56,1356.524210526316,4300.0,12061.99
2025-06-17,22267.65,4238.76266505188,3053.13,7872.73,2136.33,1413.2952631578949,4300.0,11758.34
2025-06-18,22182.22,4257.242523610298,3322.99,7733.86,2150.09,1470.0663157894737,4300.0,12162.86
2025-06-19,24773.33,4138.518832686857,3290.29,7487.86,2214.39,1526.8373684210528,4300.0,12030.18
2025-06-20,22155.1,4181.548216009662,3305.9,7550.49,2168.74,1583.6084210526317,4300.0,11582.06
2025-06-21,21684.21,4236.495281028625,2774.33,7578.16,2145.17,1640.3794736842106,4300.0,10762.16
2025-06-22,21324.155,4074.416420713711,2583.43,7755.0,2156.82,1697.1505263157896,4300.0,11358.17
2025-06-23,20964.1,4139.0713155712665,3229.07,7576.02,2120.14,1753.9215789473685,4300.0,11954.18
2025-06-24,19923.53,4202.014485659858,3262.36,7548.17,2185.91,1810.6926315789474,4300.0,11863.58
2025-06-25,19882.86,4085.8644485141353,3416.95,7259.04,2151.14,1867.4636842105265,4300.0,12362.87
2025-06-26,19655.0,4188.598312716734,3243.0,7434.57,2128.23,1924.2347368421056,4300.0,11569.27
2025-06-27,19644.03,4169.748028586228,3240.81,7346.64,2280.51,1981.0057894736842,4300.0,11798.39
2025-06-28,19005.24,4155.437573016771,3424.35,7497.360378302073,2195.25,2037.7768421052633,4312.5,11553.43
2025-06-29,20052.620000000003,4084.4922279792745,2995.02,7400.0,2199.45,2094.5478947368424,4325.0,11542.25
2025-06-30,21100.0,4077.099255583126,2790.78,7767.13,2218.52,2151.3189473684215,4337.5,11531.07
2025-07-01,19522.92,4125.586893464245,3553.1368494497474,7578.086666666667,2281.72,2208.09,4350.0,11700.06
2025-07-02,20056.52,4138.893382504713,2453.269248771356,7389.043333333333,2144.61,2100.11,4350.0,11390.37
2025-07-03,22324.66,4156.208209511367,3363.1616479612467,7200.0,2240.31,1858.29,4350.0,11421.15
2025-07-04,21761.83,4157.6816420102095,3301.5630177724283,7500.0,2293.23,1162.7,4350.0,11605.73
2025-07-05,19065.85,4181.148419325612,3128.0812317422883,7400.0,2221.86,1002.58,4350.0,7234.97
2025-07-06,19200.0,4080.732375085558,3080.7468706536856,7300.0,2146.07,1381.96,4350.0,9401.525
2025-07-07,19328.85,4142.38251892466,2907.2961676333075,7200.0,2203.54,1306.45,4350.0,11568.08
2025-07-08,23977.6,4160.842892754142,3617.157675784436,7200.0,2323.83,1169.78,4350.0,11747.81
2025-07-09,27185.71,4155.010415095965,3602.334170040486,7200.0,2470.57,1345.87,4350.0,12299.26
2025-07-10,19058.33,4137.797823218997,3442.3833481094066,7200.0,2489.39,1129.27,4350.0,11355.93
2025-07-11,19000.0,4108.395348295229,3395.5688185424283,7500.0,2266.96,1333.98,4350.0,10862.83
2025-07-12,18500.0,4108.783281113523,3663.719906606711,7477.5375,2406.5,1193.79,4350.0,9407.21
2025-07-13,18500.0,4125.814651368049,3000.6541875723656,7455.075,2230.64,1240.402,4350.0,10530.22
2025-07-14,18457.95,4099.852153822741,3445.4988533733467,7432.6125,2211.58,1287.014,4350.0,11653.23
2025-07-15,19416.67,4139.283214268118,3439.7190196572246,7410.15,2340.03,1333.626,4350.0,11020.34
2025-07-16,21662.34,4123.177556682657,3457.3058256264326,7387.6875,2477.05,1380.238,4350.0,11419.08
2025-07-17,18061.35,4168.459064679009,3157.9244513834674,7365.225,2386.75,1426.8500000000001,4350.0,11618.96
2025-07-18,18306.64,4192.29884432428,3436.8479643526493,7342.7625,2169.68,1473.462,4350.0,11092.56
2025-07-19,18312.5,4257.590443132016,3445.032891389025,7320.3,2427.02,1520.074,4350.0,9809.39
2025-07-20,19839.39,4061.904761904762,2958.3171834625323,7297.8375,2211.11,1566.6860000000001,4350.0,10494.255000000001
2025-07-21,21366.28,4096.822410956576,3420.3232812112187,7275.375,2361.0,1613.2980000000002,4350.0,11179.12
2025-07-22,30666.67,4189.650293202915,3431.913052096066,7252.9125,2512.58,1659.91,4350.0,12062.59
2025-07-23,18205.41,4170.622015001768,3503.550975213784,7230.45,2338.03,1706.5220000000002,4350.0,11829.76
2025-07-24,19000.0,4153.156404879012,3434.820576410037,7207.9875,2266.18,1753.134,4350.0,8524.3
2025-07-25,21281.85,4327.003271001531,3536.194589011968,7185.525,2244.76,1799.746,4350.0,11772.52
2025-07-26,22158.09,4047.2658349328217,3879.0358716173696,7163.0625,3101.42,1846.3580000000002,4350.0,16060.19
2025-07-27,19000.0,4301.735807860262,2965.8861224918587,7140.6,2213.23,1892.9700000000003,4350.0,13514.305
2025-07-28,20307.88,4254.479318334248,3457.009292433305,7118.1375,2194.3,1939.5820000000003,4350.0,10968.42
2025-07-29,21495.19,4357.659486329743,4045.2504219918014,7095.675,2738.33,1986.1940000000002,4350.0,13083.77
2025-07-30,19089.31,4354.705890302657,3201.1734836000214,7073.2125,2447.81,2032.8060000000003,4350.0,11605.47
2025-07-31,19057.42,4480.296443188816,3281.2224126301207,7050.75,2376.03,2079.418,4350.0,11014.12
2025-08-01,19437.5,4390.962838802527,3416.91,7028.2875,2533.26,2126.03,4350.0,9450.03
2025-08-02,19663.64,4474.249398659471,3535.19,7005.825,2327.03,2212.14,4350.0,10585.14
2025-08-03,19000.0,4440.132196162047,3061.93,6983.3625,2150.0,1615.33,4350.0,10959.904999999999
2025-08-04,24545.45,4492.2022473773,3567.69,6960.9,2386.33,1114.11,4350.0,11334.67
2025-08-05,19791.44,4544.000473966928,3686.02,6938.4375,2540.89,992.01,4350.0,11256.99
2025-08-06,19832.4,4572.029561077709,3383.55,6915.975,2264.59,1270.35,4350.0,11402.76
2025-08-07,20018.18,4618.208186275055,3348.39,6893.5125,2312.98,1332.86,55000.0,10820.41
2025-08-08,23104.5,4575.005183539618,3544.02,6871.05,2548.91,1206.17,4350.0,10911.86
2025-08-09,26189.36,4676.589285714284,2719.23,6848.5875,2250.0,1163.84,4350.0,6500.0
2025-08-10,23241.9,4626.519774011299,2965.69,6826.125,2312.29,1065.81,4350.0,8752.029999999999
2025-08-11,20294.44,4547.715998451586,3587.81,6803.6625,2385.98,1248.45,4350.0,11004.06
2025-08-12,20828.18,4568.503272783842,3708.33,6781.2,2460.29,1418.37,4350.0,11134.73
2025-08-13,21233.7,4529.5197927791005,3563.85,6758.7375,2300.91,1446.933,4350.0,11193.71
2025-08-14,21723.2,4535.083251205975,3888.69,6736.275,2391.86,1475.4959999999999,4350.0,10792.34
2025-08-15,22000.0,4506.0,2448.6,6713.8125,2119.57,1504.059,4350.0,10846.17
2025-08-16,22213.73,4512.86184482521,3277.01,6691.35,2199.29,1532.6219999999998,4350.0,10900.0
2025-08-17,22166.02,4477.111716621254,3007.05,6668.8875,2270.65,1561.185,4350.0,11027.165
2025-08-18,22118.31,4471.549298781967,3778.07,6646.425,2674.57,1589.748,4350.0,11154.33
2025-08-19,23210.87,4437.42364539419,3958.19,6623.9625,2347.1,1618.311,4350.0,11063.2
2025-08-20,23607.65,4471.834444703458,2794.97,6601.5,2147.81,1646.874,4350.0,11650.58
2025-08-21,23376.65,4425.5190588623445,3575.22,6579.0375,2556.28,1675.437,4350.0,11462.7
2025-08-22,23734.58,4335.140625000001,4067.22,6556.575,2172.3,1704.0,4350.0,22000.0
2025-08-23,24745.79,4508.0332911104615,3913.29,6534.1125,2718.22,1732.563,4350.0,6899.0
2025-08-24,24379.114999999998,4513.938218390805,2920.81,6511.65,2248.7,1761.126,4375.0,7347.9349999999995
2025-08-25,24012.44,4439.666460188783,3214.96,6489.1875,2252.9,1789.689,4400.0,7796.87
2025-08-26,23409.95,4425.347539865053,3626.63,6466.725,2211.44,1818.252,4400.0,7280.246666666667
2025-08-27,23945.5,4465.136890951277,3717.17,6444.2625,2202.15,1846.815,4400.0,6763.623333333333
2025-08-28,23664.93,4223.006664233319,3597.21,6421.8,2670.42,1875.3780000000002,4400.0,6247.0
2025-08-29,23384.36,4258.800704446613,3767.59,6399.3375,2633.28,1903.941,4400.0,8031.99
2025-08-30,24721.43,4284.196484423872,4036.21,6376.875,2335.03,1932.504,4400.0,7629.57
2025-08-31,24724.85,4367.441860465116,2619.53,6354.4125,2395.49,1961.067,4400.0,8643.4
2025-09-01,24728.27,4356.212139791539,3756.77,6331.95,2302.1,1989.63,4400.0,9657.23
2025-09-02,24593.75,4288.464638925173,3657.56,6309.4875,1880.16,2068.19,4400.0,10671.06
2025-09-03,23500.0,4312.662430469716,3537.54,6287.025,2182.05,1567.25,4400.0,10823.39
2025-09-04,23250.0,4295.44465768284,3502.47,6264.5625,1915.79,1106.8,4400.0,10825.94
2025-09-05,23000.0,4283.071507556211,3954.22,6242.1,2898.02,1001.49,4400.0,10697.52
2025-09-06,23294.12,4244.32116993602,3429.55,6219.6375,2347.69,1406.52,4400.0,6762.0
2025-09-07,23043.725,4393.554921540655,2811.48,6197.175,2188.0,1305.11,4400.0,8891.795
2025-09-08,22793.33,4191.23784884681,3545.5,6174.7125,2087.28,957.0,4400.0,11021.59
2025-09-09,22844.74,4248.077833416654,3559.51,6152.25,2046.37,1135.58,4400.0,10935.43
2025-09-10,22993.01,4229.306187671769,3279.33,6129.7875,1848.72,1034.34,4400.0,10840.52
2025-09-11,25188.78,3993.756225193343,3125.78,6107.325,1778.05,1289.47,4400.0,11271.49
2025-09-12,23210.81,4185.6763696586295,3503.85,6084.8625,1706.3,1352.63,4400.0,10573.72
2025-09-13,21600.0,4208.224565380178,3499.17,6062.4,2210.67,1375.5084210526318,4400.0,10718.7
2025-09-14,23975.760000000002,3961.4906832298143,3052.61,6039.9375,2428.99,1398.3868421052632,4400.0,10918.515
2025-09-15,26351.52,4214.24049189871,3589.22,6017.475,1950.26,1421.2652631578949,4400.0,11118.33
2025-09-16,23152.76,4150.04019101952,3855.1,5995.0125,2218.58,1444.1436842105263,4400.0,10744.25
2025-09-17,23714.13,4112.2615123700525,3722.99,5972.55,1968.13,1467.022105263158,4400.0,10329.11
2025-09-18,23438.2,4190.990659837301,3398.22,5950.0875,2015.53,1489.9005263157896,4400.0,11109.14
2025-09-19,22904.62,4172.577756811663,3276.32,5927.625,1968.69,1512.778947368421,4400.0,10428.91
2025-09-20,22989.62,4152.310134175738,3670.86,5905.1625,2063.5,1535.6573684210528,4400.0,10563.53
2025-09-21,22791.67,4039.227459016394,2868.98,5882.7,2106.29,1558.5357894736842,4400.0,11030.785
2025-09-22,22197.98,4118.895040464827,2900.7,5860.2375,1632.45,1581.4142105263159,4400.0,11498.04
2025-09-23,22120.42,4098.686205121606,3601.54,5837.775,1935.6,1604.2926315789473,4400.0,10979.37
2025-09-24,22638.81,4135.749793251429,3421.2,5815.3125,1728.77,1627.171052631579,4400.0,10961.97
2025-09-25,22878.95,4109.263943051687,2780.87,5792.85,1668.32,1650.0494736842106,4400.0,10857.09
2025-09-26,22984.82,4165.225966593464,3739.88,5770.3875,1926.26,1672.927894736842,4400.0,10725.53
2025-09-27,22741.01,4087.510632835089,3711.66,5747.925,1819.46,1695.8063157894735,4400.0,15654.75
2025-09-28,22523.81,4150.0,3037.91,5725.4625,2158.33,1718.6847368421052,4400.0,13443.3
2025-09-29,22531.1,4078.1487582649793,3478.78,5703.0,2009.32,1741.5631578947368,4400.0,11231.85
2025-09-30,22500.0,4080.6973000880735,3376.16,6435.333333333333,1796.2,1764.4415789473683,4400.0,11393.48
2025-10-01,22642.855,4088.4171240395176,3335.3408343461665,7167.666666666666,1954.51,1787.32,4400.0,14687.5
2025-10-02,22785.71,4205.646766169154,3339.125000980161,7900.0,1532.68,2302.62,4400.0,12741.76
2025-10-03,22287.18,4023.331220660252,3342.9091676141556,5496.0,1853.55,1360.9,4400.0,10796.02
2025-10-04,24083.24,3966.797036559585,3346.69333424815,5429.0,1630.89,1066.22,4400.0,10750.0
2025-10-05,24168.67,3922.601931525252,3350.4775008821453,5551.17,2101.23,974.67,4400.0,11012.875
2025-10-06,24254.1,3929.964092844012,3354.26166751614,5673.34,1791.72,1420.73,4400.0,11275.75
2025-10-07,23811.61,3833.3524820109433,3358.0458341501344,6300.0,1667.76,1278.2,4400.0,11387.17
2025-10-08,23780.54,3846.74172305713,3361.830000784129,6600.0,1698.94,1218.64,4400.0,12102.92
2025-10-09,23894.2,3835.564255071604,3365.6141674181235,6377.78,1774.17,1069.61,4400.0,11987.12
2025-10-10,24115.57,3869.6263528491327,3369.398334052118,6188.889999999999,1849.16,1140.91,4400.0,6658.0
2025-10-11,23416.67,3762.976600980509,3373.1825006861127,6000.0,2147.48,1253.0,4400.0,20500.0
2025-10-12,23600.0,3856.6502172397154,3376.9666673201073,6223.9349999999995,2113.58,1478.41,4400.0,16273.385
2025-10-13,24006.55,3805.859731872138,3380.7508339541023,6447.87,1755.48,1486.0775,4400.0,12046.77
2025-10-14,24248.17,3834.097368676092,3384.535000588097,6300.0,1734.49,1493.7450000000001,4400.0,12802.13
2025-10-15,24526.67,3869.655888754616,3388.3191672220914,6468.49,1850.93,1501.4125000000001,4400.0,12146.62
2025-10-16,24224.31,3948.989968170848,3392.103333856086,6373.83,1664.93,1509.0800000000002,4400.0,12655.97
2025-10-17,24288.16,3971.421276617736,3395.8875004900806,6475.64,1590.79,1516.7475,4400.0,17970.27
2025-10-18,24068.79,3921.04030796056,3399.671667124075,6512.72,1599.38,1524.415,4400.0,13000.0
2025-10-19,23834.395,3823.700182075662,3403.4558337580697,6518.95,1642.96,1532.0825,4400.0,12250.0
2025-10-20,23600.0,4011.956155519608,3407.2400003920643,6525.18,1716.99,1539.75,4400.0,11500.0
2025-10-21,23937.89,4317.349726775956,3411.0241670260593,6386.786666666667,1732.2086714368538,1547.4175,4400.0,10750.0
2025-10-22,23992.82,4002.9592315760274,3414.808333660054,6248.393333333333,2003.84,1555.085,4400.0,10000.0
2025-10-23,23818.63,3949.942988770515,3418.5925002940485,6110.0,1791.04,1562.7525,4400.0,13765.72
2025-10-24,23698.71,3965.595379151605,3422.376666928043,5950.0,1853.78,1570.42,4400.0,17132.86
2025-10-25,23759.8,3836.03547381058,3426.1608335620376,6800.0,1950.21,1578.0875,4400.0,20500.0
2025-10-26,23700.0,3880.552068275876,3429.945000196032,7000.0,1702.28,1585.755,4400.0,16641.78
2025-10-27,23620.51,3819.818935350265,3433.7291668300268,6644.83,1668.08,1593.4225000000001,4400.0,12783.56
2025-10-28,23415.15,4043.712459659165,3437.5133334640213,6482.0,1649.46,1601.09,4400.0,13271.47
2025-10-29,23703.07,4084.543046008588,3441.2975000980164,6764.08,1717.82,1608.7575,4400.0,13552.29
2025-10-30,23648.81,4097.633682327174,3445.081666732011,6746.4,1619.11,1616.425,4400.0,12981.61
2025-10-31,23699.59,4131.81345697208,3448.8658333660055,6778.43,1718.68,1624.0925,4400.0,12689.41
2025-11-01,23536.46,4115.10301450793,3452.65,6779.57,1674.18,1631.76,4400.0,17149.17
2025-11-02,23290.525,3776.554001554002,2994.6,7147.7,1692.1,2291.87,4400.0,14926.935
2025-11-03,23044.59,4163.226113163399,3540.89,6879.77,1607.18,1295.87,4400.0,12704.7
2025-11-04,23279.82,4264.489170767652,3699.74,7358.6,1742.61,1039.26,4400.0,14548.2
2025-11-05,23440.0,4294.476449593213,3568.76,6914.52,1720.46,1027.82,4416.666666666667,13200.0
2025-11-06,23317.75,4142.927614753404,2659.97,7292.96,1494.89,1459.5,4433.333333333333,12742.41
2025-11-07,23300.0,4365.926994477512,2983.53,6902.73,1573.03,1291.25,4450.0,13103.39
2025-11-08,23400.0,4728.39284400391,3024.69,6821.6,1460.63,1182.84,4450.0,13050.0
2025-11-09,23500.0,3620.528519099948,2577.12,6800.0,1614.17,1042.56,4450.0,13442.630000000001
2025-11-10,23297.91,4711.344566856417,3841.72,6661.98,1645.1,841.01,4450.0,13835.26
2025-11-11,23155.75,4701.951755055906,3809.49,6761.36,1610.26,1281.23,4450.0,14194.61
2025-11-12,23612.21,4675.872960651446,3715.87,6817.08,1565.47,1636.46,4450.0,14457.86
2025-11-13,23261.41,4938.024177920877,3717.26,6851.49,1560.25,1645.2068421052631,4450.0,13928.48
2025-11-14,23024.56,4454.027268140537,3713.93,6946.94,1589.17,1653.9536842105263,4450.0,14160.5
2025-11-15,22917.49,4460.852457374126,2883.71,6800.45,1560.88,1662.7005263157896,4450.0,14105.86
2025-11-16,22600.0,4017.5301429459287,2869.12,6897.62,1476.33,1671.4473684210527,4450.0,14051.22
2025-11-17,22727.71,4542.863290425632,3657.45,7256.18,1630.47,1680.1942105263158,4450.0,13996.58
2025-11-18,22857.76,4629.72166478432,3664.16,7107.35,1526.86,1688.941052631579,4450.0,13709.15
2025-11-19,22478.31,4586.584828794203,3656.71,7260.95,1482.43,1697.687894736842,4450.0,13429.53
2025-11-20,22380.39,4596.540285773558,3760.82,7226.05,1472.63,1706.4347368421054,4450.0,20750.0
2025-11-21,22305.08,4465.664723503251,3761.73,7273.87,1536.72,1715.1815789473685,4450.0,14032.04
2025-11-22,22346.37,4677.580478452453,3234.85,7119.82,1516.96,1723.9284210526316,4450.0,13754.486666666668
2025-11-23,22300.0,4062.5574112734857,3037.71,6918.95,1366.71,1732.6752631578947,4450.0,13476.933333333332
2025-11-24,22310.73,4383.286916485392,3800.84,7356.52,1556.89,1741.4221052631578,4450.0,13199.38
2025-11-25,22200.0,4476.9354359667095,3764.05,7422.84,1536.17,1750.1689473684212,4450.0,13432.3
2025-11-26,22214.42,4344.746854491534,3450.25,7507.68,1477.84,1758.9157894736843,4450.0,14183.37
2025-11-27,22526.7,4291.380896774637,3353.15,7554.9,1482.24,1767.6626315789474,4450.0,20750.0
2025-11-28,22844.4,4325.1756638209545,3546.67,7563.88,1540.95,1776.4094736842105,4450.0,14036.71
2025-11-29,22477.99,4537.3774008417295,3175.56,7323.75,1601.17,1785.1563157894739,4450.0,14013.726666666666
2025-11-30,23400.0,4081.566490189972,2826.33,7014.56,1636.75,1793.903157894737,4450.0,13990.743333333334
2025-12-01,22721.35,4371.505239529002,3494.89,7514.23,1557.7,1802.65,4450.0,13967.76
2025-12-02,22640.46,4343.752119250088,3663.5,7421.26,1597.24,2434.09,4450.0,20750.0
2025-12-03,22587.85,4290.104226806742,3262.78,7552.25,1599.29,1287.53,4450.0,14219.29
2025-12-04,22402.56,4302.035045307146,3470.64,7464.21,1562.82,924.82,4450.0,13575.83
2025-12-05,22566.2,4301.749033071225,2874.19,7666.58,1674.85,1044.92,4450.0,13449.67
2025-12-06,22798.59,4274.781337988513,3279.59,7331.68,1579.98,1433.06,4450.0,13540.803333333333
2025-12-07,22000.0,3700.825046040515,2533.71,7092.25,1492.99,1212.48,4450.0,13631.936666666666
2025-12-08,22677.08,4330.57123794447,3568.01,7531.65,1668.94,1308.94,4450.0,13723.07
2025-12-09,22232.47,4237.172257917898,3638.95,7621.28,1649.75,1006.07,4450.0,14122.54
2025-12-10,21687.58,4278.443401002708,3466.64,7639.11,1693.91,1127.33,4450.0,14231.45
2025-12-11,21757.67,4257.80936199171,3191.47,7595.77,1646.76,1304.49,4450.0,13774.08
2025-12-12,21757.93,4284.835109547294,3635.69,7472.77,1706.48,1746.33,4450.0,13908.48
2025-12-13,21795.996666666666,4290.247992887548,3314.64,7439.76,1649.84,1734.971,4450.0,14012.906666666666
2025-12-14,21834.063333333335,4214.588867187501,2543.3,7281.65,1533.49,1723.6119999999999,4450.0,14117.333333333334
2025-12-15,21872.13,4313.836241330419,3552.03,7605.79,1691.4,1712.253,4450.0,14221.76
2025-12-16,22716.85,4351.760042806027,3608.29,7583.07,1685.68,1700.894,4450.0,15625.53
2025-12-17,22538.17,4320.115158581619,3564.56,7655.05,1668.43,1689.535,4450.0,14850.82
2025-12-18,21674.73,4328.273467729293,3440.42,7518.27,1705.29,1678.176,4450.0,14330.4
2025-12-19,20051.02,4351.424043591529,3680.95,7660.37,1723.82,1666.817,4450.0,20750.0
2025-12-20,21848.99,4405.530117888998,2880.06,7484.63,1651.99,1655.458,4450.0,18731.476666666666
2025-12-21,21209.79,4150.112385321101,3181.46,7260.22,1577.43,1644.099,4450.0,16712.953333333335
2025-12-22,20570.59,4279.116634859022,3546.54,7689.05,1679.02,1632.74,4450.0,14694.43
2025-12-23,20210.53,4500.483654034155,3621.41,7738.23,1687.0,1621.381,4450.0,14946.57
2025-12-24,20400.0,4476.29693979694,3283.1,7697.7,1709.95,1610.022,4450.0,15406.27
2025-12-25,21600.0,4652.714302693412,3652.55,7510.13,1657.47,1598.663,4450.0,15084.05
2025-12-26,20417.31,4539.696503225483,3440.25,7726.92,1725.35,1587.304,4450.0,15425.35
2025-12-27,21357.14,4596.868003317218,2986.55,7729.57,1663.56,1575.9450000000002,4450.0,15618.42
2025-12-28,21600.0,4570.01476141435,2580.75,7223.6,1597.87,1564.586,4450.0,15811.49
2025-12-29,20573.87,4607.254922090753,3507.57,7797.32,1667.0,1553.227,4450.0,16004.56
2025-12-30,20433.65,4577.271312594605,3529.26,7653.55,1652.73,1541.8680000000002,4450.0,16163.7
2025-12-31,23164.52,4618.270078120152,3511.61,7644.11,1697.8,1530.509,4450.0,16307.95
2026-01-01,23093.75375,4555.64,3604.953476848538,7702.35,1677.08,1519.15,4450.0,15441.56
2026-01-02,23022.9875,4618.89,3669.490648225071,7762.21,1694.9,1131.06,4450.0,15883.38
2026-01-03,22952.22125,4629.89,3327.1216019417466,7719.27,1748.57,862.25,4450.0,16144.44
2026-01-04,22881.455,4794.94,2626.318131256952,7381.69,1646.98,824.95,4450.0,16405.5
2026-01-05,22810.68875,4690.36,3541.214711851898,7757.8,1685.36,752.89,4450.0,16666.56
2026-01-06,22739.9225,4713.86,3660.9876446464486,7723.65,1693.22,1237.41,4450.0,16768.36
2026-01-07,22669.15625,4719.13,3559.022801573899,7818.93,1720.7,1952.18,4450.0,16375.89
2026-01-08,22598.39,4732.76,3598.829602435529,7803.99,1720.52,1932.5372,4450.0,15648.91
2026-01-09,22527.62375,4769.29,3637.925511904122,7847.61,1740.81,1912.8944000000001,4450.0,14937.5
2026-01-10,22456.857500000002,4738.81,3207.1087348621486,7824.75,1654.79,1893.2516,4450.0,15053.646666666667
2026-01-11,22386.09125,4675.36,2893.373934226553,7566.51,1577.55,1873.6088,4450.0,15169.793333333333
2026-01-12,22315.325,4824.44,3715.482880082881,7902.68,1687.68,1853.9660000000001,4450.0,15285.94
2026-01-13,22244.55875,4860.46,3669.738600080013,7932.38,1672.08,1834.3232,4425.0,15921.33
2026-01-14,22173.7925,4765.97,3577.421142969695,7894.4,1781.58,1814.6804,4425.0,20750.0
2026-01-15,22103.02625,4903.74,2633.819626168224,7900.34,1633.76,1795.0376,4425.0,17225.0
2026-01-16,22032.260000000002,4946.82,3720.803295010812,7915.68,1709.34,1775.3948,4425.0,13700.0
2026-01-17,21961.49375,4958.62,3192.736321052457,7872.23,1727.35,1755.752,4425.0,12000.0
2026-01-18,21890.7275,4741.52,2833.39204697091,7873.8,1709.87,1736.1092,4425.0,16375.0
2026-01-19,21819.96125,5069.84,3620.3666666666672,8017.92,1720.62,1716.4664,4425.0,20750.0
2026-01-20,21749.195,5195.72,3608.158381427073,7914.3,1702.52,1696.8236,4425.0,15350.0
2026-01-21,21678.42875,5029.32,3343.635455500402,7905.82,1628.0,1677.1808,4425.0,15112.82
2026-01-22,21607.6625,4928.28,3530.393748358288,7906.08,1663.92,1657.538,4425.0,15608.91
2026-01-23,21536.89625,5174.58,3557.6872931196795,7911.41,1680.04,1637.8952,4425.0,15412.85
2026-01-24,21466.13,5040.6,3076.061500842003,7955.68,1654.45,1618.2523999999999,4425.0,15253.845000000001
2026-01-25,21395.36375,4998.26,2571.2927756653994,7677.4,1614.89,1598.6096,4425.0,15094.84
2026-01-26,21324.5975,5203.86,2739.285714285714,7879.45,1700.0,1578.9668,4425.0,14935.835
2026-01-27,21253.83125,5404.82,2927.4355782641,7987.25,1641.1,1559.324,4425.0,14776.83
2026-01-28,21183.065,5426.29,3270.542505662058,7926.64,1698.54,1539.6812,4425.0,15767.41
2026-01-29,21112.29875,5518.49,3322.95654805132,7906.43,1590.74,1520.0384,4425.0,15317.93
2026-01-30,21041.5325,5593.78,3159.3072490501863,7917.17,1653.71,1500.3955999999998,4425.0,15118.95
2026-01-31,20970.76625,5430.38,2909.120860193888,7786.94,1623.03,1480.7528,4425.0,12601.0
2026-02-01,20900.0,5300.671157684631,2957.9213376401294,7790.96,1500.34,1461.11,4425.0,13882.82
2026-02-02,22125.61,5530.3512642205205,3502.68087433478,7712.08,1687.75,988.07,4425.0,15164.64
2026-02-03,21894.92,5446.877016638584,3333.913391468732,7768.18,1629.76,764.05,4425.0,14700.5
2026-02-04,22038.24,5578.50471303847,3382.507210812444,7817.08,1682.36,881.27,4425.0,15147.16
2026-02-05,21608.7,5520.3316535365775,3301.2554384391115,7763.44,1599.2,1008.83,4425.0,15395.78
2026-02-06,21826.99,5534.281246265873,3440.875728642167,7803.62,1661.94,1292.02,4425.0,15329.78
2026-02-07,21000.0,5463.989408017489,2677.1997592053776,7696.73,1617.58,1841.81,4425.0,15575.443333333335
2026-02-08,21200.0,5473.796324655436,2800.499791753436,7660.59,1676.61,1821.0372727272727,4425.0,15821.106666666667
2026-02-09,21225.72,5192.868527362587,3613.092219074245,7670.26,1617.56,1800.2645454545454,4425.0,16066.77
2026-02-10,21026.43,5082.829462589841,3624.2593393913166,7678.05,1606.88,1779.4918181818182,4425.0,16410.83
2026-02-11,21189.87,5031.849867621866,3569.740404449684,7568.01,1632.58,1758.719090909091,4425.0,15825.37
2026-02-12,21000.0,5015.1670706242085,3274.375287215056,7691.31,1579.21,1737.9463636363635,4425.0,15580.36
2026-02-13,21012.24,5179.313784929627,3340.8863033091498,7615.03,1624.72,1717.1736363636362,4425.0,14355.18
2026-02-14,21100.0,5203.22219472401,2797.4862986231788,7577.53,1546.68,1696.400909090909,4425.0,14676.51
2026-02-15,21600.0,4892.11356466877,2899.828676858197,7512.07,1500.27,1675.6281818181817,4425.0,14997.84
2026-02-16,21151.31,5071.1248853220495,3383.197761928316,7632.51,1607.77,1654.8554545454544,4425.0,15319.17
2026-02-17,21109.49,5101.366881957962,3351.7049230081147,7737.7,1543.55,1634.0827272727272,4425.0,20750.0
2026-02-18,20847.96,5162.495575873765,3113.7532964032134,7545.07,1594.43,1613.31,4425.0,15895.12
2026-02-19,20842.86,4985.542752701844,2639.9960106382982,7683.7,1603.82,1592.5372727272727,4425.0,16286.650000000001
2026-02-20,20937.16,5126.651024952718,3146.32831780504,7742.3,1602.49,1571.7645454545454,4425.0,16678.18
2026-02-21,20843.48,5043.642061119092,2712.0166032885218,7457.76,1555.52,1550.991818181818,4425.0,15500.0
2026-02-22,21431.67,4541.313524590164,2798.56981981982,7483.84,1452.15,1530.219090909091,4425.0,16092.72
2026-02-23,20602.58,5017.327401910276,2971.43948298062,7796.96,1566.41,1509.4463636363635,4425.0,16685.44
2026-02-24,20479.78,4990.544257706767,3079.586773294523,7757.21,1559.44,1488.6736363636362,4425.0,17830.66
2026-02-25,20731.83,5022.6891646754775,2774.448056260989,7767.77,1541.08,1467.900909090909,4425.0,14835.09
2026-02-26,20599.75,4996.689284921007,2822.127493802385,7704.61,1564.99,1447.1281818181817,4425.0,17548.66
2026-02-27,20544.77,5012.786660354091,2707.007184192576,7765.88,1615.7,1426.3554545454544,4425.0,17168.86
2026-02-28,20933.9,4990.269498331542,2532.485974754559,7523.64,1551.27,1405.5827272727272,4425.0,17300.0
2026-03-01,20732.97,4678.554301833568,2588.2589676290463,7428.27,1390.43,1384.81,4425.0,17158.67
2026-03-02,20532.04,5140.494274104175,3311.201849093304,7477.63,1770.83,1008.0,4425.0,17017.34
2026-03-03,20547.73,5003.553299492386,2669.499906349504,7641.116886638302,1547.93,912.27,4425.0,17205.335
2026-03-04,20473.84,5086.274573382387,2829.7953072323494,7599.92,1607.36,923.4,4425.0,17393.33
2026-03-05,20309.26,5194.904883336394,2550.664852199948,7595.38,1586.78,960.33,4425.0,15976.67
2026-03-06,20171.39,5147.855642037564,2478.0049369496446,7655.69,1562.14,1294.97,4425.0,16213.77
2026-03-07,20190.91,5218.300738063265,2535.563240123396,7643.91,1620.42,1891.05,4425.0,16900.0
2026-03-08,20500.0,5300.0,2792.407862407862,7539.63,1469.31,1873.0292,4425.0,16466.510000000002
2026-03-09,20202.71,5376.006186106898,2543.6095727452293,7623.76,1651.53,1855.0084,4425.0,16033.02
2026-03-10,20485.24,5283.776309260249,2512.445858772307,7644.0,1642.65,1836.9876,4425.0,16399.72
2026-03-11,20519.57,5141.606748947748,2435.349167688993,7696.43,1629.42,1818.9668,4425.0,15599.74
2026-03-12,20367.44,5339.952228840223,2510.0164500912106,7639.6,1627.0,1800.946,4425.0,15648.96
2026-03-13,20141.56,5304.259059225164,2516.232583467596,7553.06,1639.99,1782.9252,4425.0,15223.43
2026-03-14,20100.0,5213.640705179183,2337.4905918694485,7606.13,1637.86,1764.9044,4425.0,15800.0
2026-03-15,21388.0,5033.784355179703,2142.816083817075,7403.93,1429.8,1746.8836,4425.0,15462.195
2026-03-16,20180.75,5246.308663853546,2516.6493189169714,7493.97,1628.37,1728.8627999999999,4425.0,15124.39
2026-03-17,20162.47,5111.057049997957,2624.254970886549,7414.94,1584.43,1710.8419999999999,4425.0,15440.61
2026-03-18,20215.22,5173.121559922572,2612.966909344198,7469.53,1585.85,1692.8211999999999,4425.0,22165.76
2026-03-19,20190.06,5348.347002174588,2567.249222867956,7500.63,1681.84,1674.8004,4425.0,13835.27
2026-03-20,20000.0,5326.682546189064,2683.38298932137,7308.83,1662.05,1656.7795999999998,4425.0,16082.54
2026-03-21,20089.14,5162.5168422870975,3615.97760486432,7305.36,2296.74,1638.7588,4425.0,11991.13
2026-03-22,21538.46,5043.765595463138,2154.60358056266,7448.37,1473.54,1620.7379999999998,4425.0,13355.71
2026-03-23,20423.04,5313.856759853517,2288.4038564571406,7458.74,1648.62,1602.7172,4425.0,14720.29
2026-03-24,20442.9,5306.262002836793,2535.751444872476,7564.8,1609.91,1584.6964,4425.0,14485.92
2026-03-25,20474.45,5258.4085603596,2626.596545235873,7558.24,1642.64,1566.6756,4425.0,15123.02
2026-03-26,20518.07,5015.333333333333,3914.4512517242392,7488.52,1967.58,1548.6548,4425.0,14621.08
2026-03-27,20452.66,5262.877340269774,2572.869629963243,7673.68,1641.15,1530.634,4425.0,13879.98
2026-03-28,20558.41,5424.407656155481,2702.9552853934524,7355.8,1736.23,1512.6132,4425.0,19625.65
2026-03-29,20007.69,5343.28922495274,2190.9151935556056,7634.84,1427.58,1494.5924,4425.0,16031.1
2026-03-30,20297.81,5070.183811793516,3206.9795709138057,7527.51,1705.18,1476.5716,4425.0,12436.55
2026-03-31,20345.87,4921.399880968126,4021.281790738512,7496.02,2147.46,1458.5508,4425.0,14687.97
2026-04-01,20378.84,5550.156518710408,3128.7088360624343,7787.62,1581.5,1440.53,4425.0,14134.6
2026-04-02,20100.0,5424.924875311722,2838.687020211657,7607.23,1750.4,1029.61,4425.0,13667.78
2026-04-03,21300.0,5485.105606862341,3428.772399931913,7742.35,1762.34,788.94,4425.0,13961.62
2026-04-04,20417.3,5486.192244812869,2888.5850679877244,7567.67,1780.59,959.99,4425.0,15134.01
2026-04-05,20000.0,5359.829861111111,2501.4240764832243,7998.66,1588.74,987.98,4425.0,14344.51
2026-04-06,20350.86,5287.271596960543,2622.9238649221675,8147.55,1698.55,1248.11,4425.0,13555.01
2026-04-07,20353.7,5301.5735795217615,2790.9810447636764,7756.64,1695.26,1832.32,4425.0,15363.38
2026-04-08,20361.69,5409.9320552171375,2557.716036612737,7646.4,1730.41,1807.6354166666665,4425.0,15906.79
2026-04-09,20227.64,5381.306553001215,2528.725831705684,7922.64,1748.07,1782.9508333333333,4425.0,14728.63
2026-04-10,20162.89,5298.959202562449,2626.1699891831686,7637.21,1666.62,1758.26625,4425.0,14004.53
2026-04-11,20101.84,5258.013503534127,2782.865147026221,7889.76,1677.67,1733.5816666666667,4425.0,14060.17
2026-04-12,20000.0,5063.407407407408,2414.4889847831028,7777.72,1735.45,1708.8970833333333,4425.0,13735.165
2026-04-13,20151.62,5426.926811162039,2661.4931897243555,7724.63,1708.88,1684.2125,4425.0,13410.16
2026-04-14,20160.0,5043.122432210353,4061.682215857821,7848.23,1695.57,1659.5279166666667,4425.0,15883.85
2026-04-15,20100.0,5367.793389956983,2572.930622375503,7928.21,1690.51,1634.8433333333332,4425.0,14577.1
2026-04-16,20220.22,5404.737267488322,2496.591659310672,7690.1,1666.77,1610.15875,4425.0,13951.56
2026-04-17,20226.51,5313.683322572892,2625.610871951799,7905.67,1715.64,1585.4741666666666,4425.0,12920.11
2026-04-18,20219.78,5439.376862296278,2738.239077309289,7923.26,1671.09,1560.7895833333334,4425.0,14573.3
2026-04-19,20506.78,5050.0,2759.4566210045664,7999.25,1799.61,1536.105,4425.0,13200.0
2026-04-20,20169.65,5414.074200663712,2497.6261057709507,7858.31,1748.99,1511.4204166666668,4425.0,12919.04
2026-04-21,20162.68,5434.22922819777,2715.7960551778747,7488.8,1682.13,1486.7358333333334,4425.0,14011.15
2026-04-22,20088.34,5556.112403888252,2601.4593519166247,8277.59,1705.88,1462.05125,4425.0,13230.17
2026-04-23,20191.22,5555.757631780217,2536.668124237685,7658.0,1744.11,1437.3666666666668,4425.0,13835.0
2026-04-24,20191.36,5687.924279315721,2744.568584542556,7878.33,1745.75,1412.6820833333334,4425.0,13874.24
2026-04-25,20368.77,5830.884539782925,2694.343895052485,7838.67,1693.22,1387.9975,4425.0,14376.93
2026-04-26,20334.9,5559.617972010804,2362.246799116998,8123.83,1818.46,1363.3129166666668,4425.0,13067.0
2026-04-27,20301.03,5623.936706338086,2626.5568355880805,8251.02,1806.25,1338.6283333333336,4425.0,13299.66
2026-04-28,20301.04,5786.893741540044,2727.892403399197,8019.81,1846.91,1313.9437500000001,4425.0,13629.39
2026-04-29,20395.12,5844.468743528632,2593.0966272236487,7667.88,1838.27,1289.2591666666667,4425.0,13173.42
2026-04-30,20408.5,5835.140587883586,2725.0370432213267,8083.3,1893.05,1264.5745833333335,4425.0,13008.54
2026-05-01,20100.0,5236.8663594470045,2297.90990990991,8087.3,1797.29,1239.89,4425.0,12800.19
2026-05-02,20192.86,6037.531495547406,2432.8574020033125,8373.7,1855.62,1026.92,4425.0,12724.57
2026-05-03,20218.95,5817.904812549853,2347.248687536457,8193.81,1605.57,833.88,4425.0,12797.275
2026-05-04,20245.04,6179.978737672296,2635.550428081452,8899.22,1919.55,931.77,4425.0,12869.98
2026-05-05,20311.52,6293.070046206389,2624.8438344795754,8580.84,1879.96,1038.86,4425.0,12978.13
2026-05-06,20350.26,6354.368699326609,2616.4952234569314,8563.68,1878.17,1287.69,4425.0,13049.22
2026-05-07,20311.61,6387.195125313762,2685.738156727836,8623.0,1895.9,1997.6,4425.0,13144.82
2026-05-08,20344.9,6434.713985232736,2753.2226294109973,8680.79,1896.31,1970.1568,4425.0,13766.71
2026-05-09,20100.0,6420.056240290004,2997.1290428662087,8849.84,1756.76,1942.7135999999998,4425.0,12931.15
2026-05-10,20100.0,6013.003492433061,2338.7467298484626,8487.08,1973.16,1915.2703999999999,4425.0,13674.835
2026-05-11,20248.22,6610.438002449229,2724.809611383173,9444.23,1843.37,1887.8272,4425.0,14418.52
2026-05-12,20257.37,6602.640009722897,2858.036804843631,9399.14,1865.78,1860.384,4425.0,13489.4
2026-05-13,20278.06,7052.397422316385,2635.8610271814355,9027.93,1851.18,1832.9407999999999,4425.0,12756.5
2026-05-14,20420.1,7011.549527347252,2610.4866586113203,8886.74,1844.25,1805.4976,4425.0,12597.38
2026-05-15,20340.21,6959.768267148591,2675.734431714169,8999.28,1881.13,1778.0544,4425.0,12373.32
2026-05-16,20436.56,6827.546576373212,2381.798073755266,7670.66,1870.96,1750.6111999999998,4450.0,12541.42
2026-05-17,20321.33,7003.977687626773,2458.3355945555604,8967.06,1672.78,1723.168,4475.0,12809.335
2026-05-18,20206.1,6992.94287353974,2565.4072163266724,9550.1,1908.13,1695.7248,4500.0,13077.25
2026-05-19,20296.02,7268.835512203565,2617.7179692820528,9461.11,1885.69,1668.2816,4500.0,13249.72
2026-05-20,20207.92,7259.803443612721,2626.757764108625,8143.81,1904.42,1640.8383999999999,4500.0,12703.13
2026-05-21,20195.42,7254.019033533943,2581.918330850239,8650.18,1899.64,1613.3952,4500.0,12418.91
2026-05-22,20229.71,7180.714672259699,2585.863247206745,9053.85,1934.37,1585.952,4500.0,12929.32
2026-05-23,20200.3,7268.726402692328,2884.3509013937114,8400.32,1909.62,1558.5088,4500.0,13248.02
2026-05-24,20242.815,7184.663318986131,2493.788734334114,8668.26,1719.79,1531.0656,4500.0,14348.66
2026-05-25,20285.33,7222.007923096382,2659.1670837666475,8252.66,1957.21,1503.6224,4500.0,15449.3
2026-05-26,20290.34,7105.922095533835,2739.062140355938,8614.69,1947.16,1476.1792,4500.0,16410.65
2026-05-27,20270.47,7129.465440433787,2826.999584305688,8624.52,1993.64,1448.7359999999999,4500.0,14164.87
2026-05-28,20299.18,7121.464803585553,3160.306118478649,9003.38,2009.72,1421.2928,4500.0,13169.17
2026-05-29,20290.66,7014.233550211678,2584.110799287279,8833.08,2013.11,1393.8496,4500.0,12367.51
2026-05-30,20337.31,7169.37243955653,2774.3785901315737,8107.32,1940.06,1366.4063999999998,4500.0,12849.73
2026-05-31,20000.0,7021.118032786884,2557.042087542088,8556.87,1806.79,1338.9632000000001,4500.0,12880.72
2026-06-01,20335.08,7175.03563344332,2419.080799768699,8674.74,2019.54,1311.52,4500.0,12911.71
2026-06-02,20249.18,7111.79858986739,2649.01639844029,8646.62,2004.79,1024.19,4500.0,12461.56
2026-06-03,20123.08,6892.018406261464,2546.664514431516,8528.44,2050.12,841.55,4500.0,12695.4
2026-06-04,20096.12,6669.079030432474,2648.08290776544,8577.48,2120.74,958.88,4500.0,12446.47
2026-06-05,20111.88,6603.677379891243,2702.055618175289,8053.36,2120.01,1001.91,4500.0,12371.34
2026-06-06,20099.69,6566.013680909447,3027.891488413547,8335.36,2145.61,1266.04,4500.0,12586.35
2026-06-07,20099.57,6083.809523809524,2649.9828512632903,8416.55,2093.68,2076.49,4500.0,12494.77
2026-06-08,20099.45,6629.402610623174,2739.154098303841,8404.31,2098.5,2045.4099999999999,4500.0,12403.19
2026-06-09,19932.98,6492.861465788407,2366.239132167367,8159.92,2072.38,2014.3299999999997,4500.0,12337.5
2026-06-10,19931.59,6565.096105892607,2803.6658296051137,8063.31,2084.21,1983.2499999999998,4500.0,13126.44
2026-06-11,19899.17,6768.289108313211,2665.5756890934013,8358.31,2087.02,1952.1699999999998,4500.0,12477.69
2026-06-12,19839.39,6817.177134895808,2671.886663306409,8183.58,1975.34,1921.0899999999997,4500.0,12394.75
2026-06-13,20000.0,6830.149912673136,3047.2790773617016,8253.25,2040.96,1890.0099999999998,4500.0,12914.87
2026-06-14,20000.0,6658.236156351792,2337.5636418847107,8407.16,1925.2,1858.9299999999998,4500.0,12938.605
2026-06-15,20062.18,6712.237111189465,2854.879143835009,8300.77,2081.97,1827.85,4500.0,12962.34
2026-06-16,20167.93,6650.631484849419,2724.9156744163784,8202.96,2071.22,1796.7699999999998,4500.0,13580.87
2026-06-17,20266.94,6607.679461276119,2724.030541090898,8307.97,2069.96,1765.6899999999998,4500.0,14020.29
2026-06-18,20351.24,6586.055756503201,2692.0387154764608,8477.73,2047.8,1734.61,4500.0,13480.25
2026-06-19,20307.92,6857.222978576158,2846.4371655659925,8481.83,2051.28,1703.5299999999997,4500.0,13598.16
2026-06-20,20413.32,6648.637597198981,2428.225261675439,8704.37,2145.12,1672.4499999999998,4500.0,13855.37
2026-06-21,20350.995,6678.669201520914,2325.42801107522,8167.76,1986.79,1641.37,4500.0,14216.025000000001
2026-06-22,20288.67,6718.979013871319,2884.8427551430227,8219.71,2215.1,1610.29,4500.0,14576.68
2026-06-23,20351.1,6690.182119391252,3226.2925331092515,8034.83,2229.94,1579.2099999999998,4500.0,14116.02
2026-06-24,20488.2,6675.465490270117,2881.690430443924,8789.94,2228.74,1548.1299999999999,4500.0,13129.61
2026-06-25,20489.47,6638.186867035041,2866.490241889226,8648.77,2225.46,1517.0499999999997,4500.0,13116.67
2026-06-26,20400.0,6544.159042553191,3798.9746420303536,8630.229564511737,2301.29,1485.9699999999998,4500.0,13802.8
2026-06-27,20424.19,6769.637652811735,2974.3253595146425,8950.0,2286.01,1454.8899999999999,4500.0,13297.67
2026-06-28,20800.0,6423.776223776224,2777.0670495692343,8912.5,2164.84,1423.81,4425.0,13457.725
2026-06-29,20566.12,6645.469149531452,3144.8449269168304,8875.0,2306.27,1392.73,4350.0,13617.78
2026-06-30,20542.37,6666.651630836604,3215.4693551760483,8875.0,2120.88,1361.65,4350.0,13551.09
2026-07-01,20542.37,6637.804866166154,3091.019108621533,8875.0,2241.744444348411,1330.57,4350.0,13551.09
2026-07-02,20542.37,6637.804866166154,3091.019108621533,8875.0,2241.744444348411,1084.77,4525.0,13551.09
2026-07-03,20542.37,6637.804866166154,3091.019108621533,8875.0,2241.744444348411,846.0,4525.0,13551.09
2026-07-04,20542.37,6637.804866166154,3091.019108621533,8875.0,2241.744444348411,948.55,4525.0,13551.09
2026-07-05,20542.37,6637.804866166154,3091.019108621533,8875.0,2241.744444348411,992.55,4525.0,13551.09
2026-07-06,20542.37,6637.804866166154,3091.019108621533,8875.0,2241.744444348411,1351.81,4525.0,13551.09
2026-07-07,20542.37,6637.804866166154,3091.019108621533,8875.0,2241.744444348411,2161.85,4525.0,13551.09
2026-07-08,20542.37,6637.804866166154,3091.019108621533,8875.0,2241.744444348411,2127.168,4525.0,13551.09
2026-07-09,20542.37,6637.804866166154,3091.019108621533,8875.0,2241.744444348411,2092.486,4525.0,13551.09
2026-07-10,20542.37,6637.804866166154,3091.019108621533,8875.0,2241.744444348411,2057.804,4525.0,13551.09
2026-07-11,20542.37,6637.804866166154,3091.019108621533,8875.0,2241.744444348411,2023.1219999999998,4525.0,13551.09
2026-07-13,20542.37,6637.804866166154,3091.019108621533,8875.0,2241.744444348411,1953.7579999999998,4525.0,13551.09
2026-07-14,20542.37,6637.804866166154,3091.019108621533,8875.0,2241.744444348411,1919.076,4525.0,13551.09
2026-07-15,20542.37,6637.804866166154,3091.019108621533,8875.0,2241.744444348411,1884.3939999999998,4525.0,13551.09
2026-07-16,20542.37,6637.804866166154,3091.019108621533,8875.0,2241.744444348411,1849.712,4525.0,13551.09
2026-07-17,20542.37,6637.804866166154,3091.019108621533,8875.0,2241.744444348411,1815.03,4525.0,13551.09
2026-07-18,20542.37,6637.804866166154,3091.019108621533,8875.0,2241.744444348411,1780.348,4525.0,13551.09
2026-07-20,20542.37,6637.804866166154,3091.019108621533,8875.0,2241.744444348411,1710.984,4525.0,13551.09
2026-07-21,20542.37,6637.804866166154,3091.019108621533,8875.0,2241.744444348411,1676.302,4525.0,13551.09
2026-08-01,20542.37,6637.804866166154,3091.019108621533,8875.0,2241.744444348411,1294.8,4525.0,13551.09
2026-08-02,20542.37,6637.804866166154,3091.019108621533,8875.0,2241.744444348411,1179.03,4525.0,13551.09
2026-08-03,20542.37,6637.804866166154,3091.019108621533,8875.0,2241.744444348411,983.22,4525.0,13551.09
2026-08-04,20542.37,6637.804866166154,3091.019108621533,8875.0,2241.744444348411,935.38,4525.0,13551.09
2026-08-05,20542.37,6637.804866166154,3091.019108621533,8875.0,2241.744444348411,937.78,4525.0,13551.09
2026-08-06,20542.37,6637.804866166154,3091.019108621533,8875.0,2241.744444348411,1284.31,4525.0,13551.09
2026-08-07,20542.37,6637.804866166154,3091.019108621533,8875.0,2241.744444348411,2120.26,4525.0,13551.09
2026-09-01,20542.37,6637.804866166154,3091.019108621533,8875.0,2241.744444348411,1310.71,4525.0,13551.09
2026-09-02,20542.37,6637.804866166154,3091.019108621533,8875.0,2241.744444348411,1096.0,4525.0,13551.09
2026-09-03,20542.37,6637.804866166154,3091.019108621533,8875.0,2241.744444348411,871.15,4525.0,13551.09
2026-09-04,20542.37,6637.804866166154,3091.019108621533,8875.0,2241.744444348411,937.44,4525.0,13551.09
2026-09-05,20542.37,6637.804866166154,3091.019108621533,8875.0,2241.744444348411,942.95,4525.0,13551.09
2026-09-06,20542.37,6637.804866166154,3091.019108621533,8875.0,2241.744444348411,1296.11,4525.0,13551.09
2026-09-07,20542.37,6637.804866166154,3091.019108621533,8875.0,2241.744444348411,2005.4,4525.0,13551.09
2026-10-01,20542.37,6637.804866166154,3091.019108621533,8875.0,2241.744444348411,1219.67,4525.0,13551.09
2026-10-02,20542.37,6637.804866166154,3091.019108621533,8875.0,2241.744444348411,1098.63,4525.0,13551.09
2026-10-03,20542.37,6637.804866166154,3091.019108621533,8875.0,2241.744444348411,875.12,4525.0,13551.09
2026-10-04,20542.37,6637.804866166154,3091.019108621533,8875.0,2241.744444348411,938.42,4525.0,13551.09
2026-10-05,20542.37,6637.804866166154,3091.019108621533,8875.0,2241.744444348411,858.86,4525.0,13551.09
2026-10-06,20542.37,6637.804866166154,3091.019108621533,8875.0,2241.744444348411,1276.68,4525.0,13551.09
2026-10-07,20542.37,6637.804866166154,3091.019108621533,8875.0,2241.744444348411,1978.55,4525.0,13551.09
2026-11-01,20542.37,6637.804866166154,3091.019108621533,8875.0,2241.744444348411,1439.95,4525.0,13551.09
2026-11-02,20542.37,6637.804866166154,3091.019108621533,8875.0,2241.744444348411,1085.05,4525.0,13551.09
2026-11-03,20542.37,6637.804866166154,3091.019108621533,8875.0,2241.744444348411,868.6,4525.0,13551.09
2026-11-04,20542.37,6637.804866166154,3091.019108621533,8875.0,2241.744444348411,956.61,4525.0,13551.09
2026-11-05,20542.37,6637.804866166154,3091.019108621533,8875.0,2241.744444348411,932.28,4525.0,13551.09
2026-11-06,20542.37,6637.804866166154,3091.019108621533,8875.0,2241.744444348411,1282.18,4525.0,13551.09
2026-11-07,20542.37,6637.804866166154,3091.019108621533,8875.0,2241.744444348411,1958.4,4525.0,13551.09
2026-12-01,20542.37,6637.804866166154,3091.019108621533,8875.0,2241.744444348411,1289.13,4525.0,13551.09
2026-12-02,20542.37,6637.804866166154,3091.019108621533,8875.0,2241.744444348411,1038.22,4525.0,13551.09
2026-12-03,20542.37,6637.804866166154,3091.019108621533,8875.0,2241.744444348411,866.48,4525.0,13551.09
2026-12-04,20542.37,6637.804866166154,3091.019108621533,8875.0,2241.744444348411,933.9,4525.0,13551.09
2026-12-05,20542.37,6637.804866166154,3091.019108621533,8875.0,2241.744444348411,937.41,4525.0,13551.09
2026-12-06,20542.37,6637.804866166154,3091.019108621533,8875.0,2241.744444348411,1240.02,4525.0,13551.09
2026-12-07,20542.37,6637.804866166154,3091.019108621533,8875.0,2241.744444348411,2060.39,4525.0,13551.09
