commodity,country,keyword,title,date,source,url,language
Wheat,India,export,India lifts total wheat export quota to 5 million tons,,economictimes.indiatimes.com,https://economictimes.indiatimes.com/small-biz/trade/exports/insights/india-lifts-total-wheat-export-quota-to-5-million-tons/articleshow/130433071.cms,English
Wheat,India,export,India move to export 5 mt wheat unlikely to impact global market,,thehindubusinessline.com,https://www.thehindubusinessline.com/economy/agri-business/indias-move-to-export-5-mt-wheat-unlikely-to-impact-global-market/article70895909.ece,English
Wheat,India,export,"India set to double wheat , flour export quota to tap global price spurt",,livemint.com,https://www.livemint.com/news/wheat-atta-export-quota-record-harvest-farmers-war-food-price-11775988819013.html,English
Wheat,India,export,"Geopolitical crisis , weather may help India export 2 mt of wheat , says USDA",,thehindubusinessline.com,https://www.thehindubusinessline.com/economy/agri-business/geopolitical-crisis-weather-may-help-india-export-2-mt-of-wheat-says-usda/article70973195.ece,English
Wheat,India,export,"LInde reprend ses exportations de blé après quatre ans , mais la cherté des prix devrait limiter la demande",,zonebourse.com,https://www.zonebourse.com/actualite-bourse/l-inde-reprend-ses-exportations-de-ble-apres-quatre-ans-mais-la-cherte-des-prix-devrait-limiter-la-ce7f58dedd81f422,French
Wheat,India,export,Mint Explainer | Is India wheat export push a good idea ? ,,livemint.com,https://www.livemint.com/economy/wheat-exports-india-farmers-income-prices-11776743214640.html,English
Wheat,India,export,"India Grain Reserves : India builds record grain reserves as El Nino returns : Rice stocks hit new peak , wheat stores at five - year high",,timesofindia.indiatimes.com,https://timesofindia.indiatimes.com/business/india-business/india-builds-record-grain-reserves-as-el-nino-returns-rice-stocks-hit-new-peak-wheat-stores-at-five-year-high/articleshow/131771809.cms,English
Wheat,India,export,Commerce Ministry notifies decision to allow exports of 25 lakh tonne additional wheat,,thehindubusinessline.com,https://www.thehindubusinessline.com/markets/commodities/commerce-ministry-notifies-decision-to-allow-exports-of-25-lakh-tonne-additional-wheat/article70915520.ece,English
Wheat,India,export,किसानों और कृषि के सामने मानसून का जोखिम - dainiktribuneonline . com,,dainiktribuneonline.com,https://www.dainiktribuneonline.com/news/comment/monsoon-risks-facing-farmers-and-agriculture/,Hindi
Wheat,India,export,Govt wheat procurement to drop 69 % due to delayed arrivals,,economictimes.indiatimes.com,https://economictimes.indiatimes.com/news/economy/agriculture/govts-wheat-procurement-to-drop-69-due-to-delayed-arrivals/articleshow/130292742.cms,English
Wheat,India,export,India foodgrain stocks swell lens on effective management,,livemint.com,https://www.livemint.com/news/india/indias-foodgrain-stocks-buffer-norm-on-management-export-11776767956893.html,English
Wheat,India,export,India Records Highest - Ever Foodgrain Output,,indiawest.com,https://indiawest.com/india-records-highest-ever-foodgrain-output/,English
Wheat,India,export,West Asia Crisis : भारत से गेहूं आयात करेगा बांग्लादेश,,aajsamaaj.com,https://www.aajsamaaj.com/bangladesh-to-import-wheat-from-india-amidst-west-asia-crisis/,Hindi
Wheat,India,export,India approves additional 2 . 5 million mt of wheat exports | Hellenic Shipping News Worldwide,,hellenicshippingnews.com,https://www.hellenicshippingnews.com/india-approves-additional-2-5-million-mt-of-wheat-exports/,English
Wheat,India,export,India rice stocks climb to record high ; wheat inventories at five - year peak,,economictimes.indiatimes.com,https://economictimes.indiatimes.com/news/economy/agriculture/indias-rice-stocks-surge-to-all-time-high-as-wheat-inventories-reach-5-year-peak/articleshow/131771952.cms,English
Wheat,India,export,International Business : India rice stocks climb to record high,,gdnonline.com,https://www.gdnonline.com:443/Details/1397827/India%E2%80%99s-rice-stocks-climb-to-record-high,English
Wheat,India,export,The death of arbitrage : Why the grains trading model is broken for MNCs in India,,thehindubusinessline.com,https://www.thehindubusinessline.com/economy/agri-business/the-death-of-arbitrage-why-the-grains-trading-model-is-broken-for-mncs-in-india/article70952172.ece,English
Wheat,India,export,المغرب يتصدر وجهات القمح الروسي,,hespress.com,https://www.hespress.com/%D8%A7%D9%84%D9%85%D8%BA%D8%B1%D8%A8-%D9%8A%D8%AA%D8%B5%D8%AF%D8%B1-%D9%88%D8%AC%D9%87%D8%A7%D8%AA-%D8%A7%D9%84%D9%82%D9%85%D8%AD-%D8%A7%D9%84%D8%B1%D9%88%D8%B3%D9%8A-1728373.html,Arabic
Wheat,India,export,Глобальний прогноз врожаю пшениці на 2026 рік зменшено дані ФАО,,bin.ua,https://bin.ua/news/economics/aic/347450-globalnij-prognoz-vrozhayu-pshenici-na-2026-rik.html,Ukrainian
Wheat,Saudi Arabia,demand,Heat accelerates shift to smarter farming in MENA region,,arabnews.com,https://www.arabnews.com/node/2646967/saudi-arabia,English
Wheat,Saudi Arabia,demand,Getreidepreise bringen Landwirte in Not – Weizenpreise 20 Euro billiger als Maispreise,,agrarheute.com,https://www.agrarheute.com/markt/marktfruechte/getreidepreise-bringen-landwirte-not-weizenpreise-20-euro-billiger-maispreise-640495,German
Wheat,Saudi Arabia,demand,Opinion : Kyiv Quiet Power : Leveraging Food Diplomacy,,kyivpost.com,https://www.kyivpost.com/opinion/74070,English
Wheat,Saudi Arabia,demand,"Black Sea wheat prices rise as currency pressure , Middle East war cut margins | Hellenic Shipping News Worldwide",,hellenicshippingnews.com,https://www.hellenicshippingnews.com/black-sea-wheat-prices-rise-as-currency-pressure-middle-east-war-cut-margins/,English
Wheat,Saudi Arabia,demand,全球市场  已经打完仗了 ， 高盛交易台 ： AI主题将持续跑赢 ， 尤其是液冷 、 光学网络和推理算力|股票|期权|韩国|知名企业|标普500,,163.com,https://www.163.com/dy/article/KQPTP7F205198NMR.html,Chinese
Wheat,Saudi Arabia,demand,Le stress climatique aux États - Unis fait monter les cours du blé - Chronique des matières premières,,rfi.fr,https://www.rfi.fr/fr/podcasts/chronique-des-mati%C3%A8res-premi%C3%A8res/20260429-le-stress-climatique-aux-%C3%A9tats-unis-fait-monter-les-cours-du-bl%C3%A9,French
Wheat,Saudi Arabia,demand,美伊战事50天 全球  蒸发  了5亿桶原油 ， 这相当于 ……_ 凤凰网,,finance.ifeng.com,https://finance.ifeng.com/c/8sTQRLDg10t,Chinese
Wheat,Saudi Arabia,demand,乌克兰小麦粉获准入华 ， 中国明明不缺小麦 ， 为啥还要从乌进口 ？ ,,163.com,https://www.163.com/dy/article/KQCQ1API0552NMAF.html,Chinese
Wheat,Saudi Arabia,demand,عمرها أكثر من 1000 عام ، قصة  العيدية  من  ذهب المعز  و  الجامكية  إلى الجنيه المصري,,vetogate.com,https://www.vetogate.com/5663606,Arabic
Wheat,Saudi Arabia,demand,"Aktuelle Börsenpreise : Weizenkurs sinkt leicht , Maisexporte stützen , Pflanzenöle ziehen Rapspreis nach oben , Milch : Erlöse bei der GDT - Auktion sinken",,topagrar.com,https://www.topagrar.com/markt/news/wieviel-weizen-kauft-saudi-arabien-20025060.html,German
Wheat,Saudi Arabia,demand,Gaziantep baklavasında ihracat yoğunluğu : Aylık talep 5 tonu geçiyor,,haberler.com,https://www.haberler.com/ekonomi/gaziantep-baklavasina-avrupa-ve-orta-dogu-dan-yogun-talep-19988153-haberi/,Turkish
Wheat,Saudi Arabia,demand,Gaziantepte Baklava İhracatındaki Yoğunluk Aylık 5 Tona Ulaşıyor,,mersinhaber.com,https://www.mersinhaber.com/haber-gaziantepte-baklava-ihracatindaki-yogunluk-aylik-5-tona-ulasiyor/684404,Turkish
Wheat,Saudi Arabia,demand,美伊战事50天 全球  蒸发  了5亿桶原油 _ 东方财富网,,finance.eastmoney.com,https://finance.eastmoney.com/a/202604203710349256.html,Chinese
Wheat,Saudi Arabia,demand,Russia Will Not Interfere in Ukraine - Israel Grain Scandal Amid Global Food Shortages,,english.pravda.ru,https://english.pravda.ru/world/166567-ukraine-israel-russia-grain-dispute/,English
Wheat,Saudi Arabia,demand,US holds off planned Iran attack as nations resume talks,,sbs.com.au,https://www.sbs.com.au/news/podcast-episode/us-holds-off-planned-iran-attack-as-nations-resume-talks/bri4fmzbh,English
Wheat,Saudi Arabia,demand,أخبار مصر : تفاصيل افتتاح السيسي مشروع الدلتا الجديدة .. الكهرباء تكشف حجم الأحمال الكهربائية على الشبكة تزامنا مع الموجة الحارة,,vetogate.com,https://www.vetogate.com/5657311,Arabic
Wheat,Saudi Arabia,demand, # Plant26 : Iowa Farmers Plant Quickly as Rising Costs and Export Markets Send Mixed Signals,,rfdtv.com,https://www.rfdtv.com/plant26-iowa-farmers-plant-quickly-as-rising-costs-and-export-markets-send-mixed-signals,English
Wheat,Saudi Arabia,demand,震惊 ！ 伊朗战争近50天 ， 全球最大能源灾难 ： 5亿桶石油消失 ， 损失超500亿 _ 国际原油市场 _ 黄金网 _ 中金在线,,gold.cnfol.com,http://gold.cnfol.com/guojiyuanyousc/20260420/32156696.shtml,Chinese
Wheat,Saudi Arabia,demand,Key takeaways from EuroGrainExchange Bucharest event 2026,,fastmarkets.com,https://www.fastmarkets.com/insights/key-takeaways-from-eurograinexchange-bucharest-event-2026/,English
Wheat,Saudi Arabia,demand,Clock ticking as Hormuz standoff threatens Gulf food supply,,arabnews.com,https://www.arabnews.com/node/2646309,English
Wheat,Bangladesh,demand,Bangladesh Wheat Import Growth FY 2026 | Wheat imports exceed FY25 total with 2 . 5 months to go,,thedailystar.net,https://www.thedailystar.net/business/news/wheat-imports-exceed-fy25-total-25-months-go-4153201,English
Wheat,Bangladesh,demand,"গমের ৫টি নতুন জাত : ফলন হয়েছে দ্বিগুণ , রোগপ্রতিরোধী |",,bd-pratidin.com,https://www.bd-pratidin.com/country/2026/05/05/1247138,Bengali
Wheat,Bangladesh,demand,US now Bangladesh top soybean supplier,,thedailystar.net,https://www.thedailystar.net/business/economy/news/us-now-bangladeshs-top-soybean-supplier-4146041,English
Wheat,Bangladesh,demand,麦田父子兵 ： 跟着麦熟一路向北,,henan.people.com.cn,http://henan.people.com.cn/n2/2026/0609/c351638-41605301.html,Chinese
Wheat,Bangladesh,demand,Bangladesh Imports From US | Imports from US double in Jan - Apr,,thedailystar.net,https://www.thedailystar.net/news/bangladesh/news/imports-us-double-jan-apr-4171866,English
Wheat,Bangladesh,demand,"জানুয়ারি থেকে এপ্রিলে যুক্তরাষ্ট্র থেকে আমদানি দ্বিগুণ , রপ্তানি বেড়েছে মাত্র ৩ শতাংশ |",,bd-pratidin.com,https://www.bd-pratidin.com/economy/2026/05/10/1249051,Bengali
Wheat,Bangladesh,demand,আমেরিকার সঙ্গে  অসম বাণিজ্য চুক্তি  বাতিলের দাবিতে স্মারকলিপি,,jugantor.com,https://www.jugantor.com/national/1094688,Bengali
Wheat,Bangladesh,demand,"সম্পর্ক পর্যালোচনা , বৈশ্বিক ইস্যু নিয়ে আলোচনা করবে বাংলাদেশ ও রাশিয়া : মস্কো |",,bd-pratidin.com,https://www.bd-pratidin.com/national/2026/06/08/1259620,Bengali
Wheat,Bangladesh,demand,বৈশ্বিক ইস্যু নিয়ে আলোচনা করবে বাংলাদেশ ও রাশিয়া : মস্কো,,ntvbd.com,https://www.ntvbd.com/bangladesh/news-1750253,Bengali
Wheat,Bangladesh,demand,Главы МИД РФ и Бангладеш обсудят в Москве двустороннее сотрудничество,,interfax.ru,https://www.interfax.ru/russia/1094565,Russian
Wheat,Bangladesh,demand,চালসহ যেসব পণ্যের দাম কমতে পারে | | বাংলাদেশ প্রতিদিন,,bd-pratidin.com,https://www.bd-pratidin.com/national/2026/06/11/1260734,Bengali
Wheat,Bangladesh,demand,রাশিয়ায় পররাষ্ট্র উপদেষ্টা ও পররাষ্ট্রমন্ত্রী বাংলাদেশের সাথে রাজনৈতিক সংলাপ এগিয়ে চলছে,,dailyinqilab.com,https://dailyinqilab.com/national/article/903129,Bengali
Wheat,Bangladesh,demand,Inflation easing gradually as government steps up measures : Finance Minister,,bssnews.net,https://www.bssnews.net/js-session/380081,English
Wheat,Bangladesh,demand,"Pszenicy i kukurydzy przybywa , popyt spada . Rynek wysyła jasny sygnał",,farmer.pl,"https://www.farmer.pl/produkcja-roslinna/pszenicy-i-kukurydzy-przybywa-popyt-spada-rynek-wysyla-jasny-sygnal,175574.html",Polish
Wheat,Bangladesh,demand,停产 ！ 提价 ！ 断货 ！ 伊朗战争重创亚洲涤纶供应商 战火正烧向衣柜 ？ _ 东方财富网,,finance.eastmoney.com,https://finance.eastmoney.com/a/202604273719854914.html,Chinese
Wheat,Bangladesh,demand,"In Bangladesh , an ancient art form weaves new opportunities",,csmonitor.com,https://www.csmonitor.com/World/Asia-South-Central/2026/0415/Bangladesh-handwoven-rugs-shataranji,English
Wheat,Bangladesh,demand,উত্তরের কৃষিতেই অর্থনৈতিক মুক্তি,,dailyinqilab.com,https://dailyinqilab.com/national/article/882456,Bengali
Wheat,Singapore,import,What do China new US farm purchases mean for global trade ? ,,marketscreener.com,https://www.marketscreener.com/news/what-do-china-s-new-us-farm-purchases-mean-for-global-trade-ce7f5adad881fe2c,English
Wheat,Singapore,import,澳大利亚从马来西亚等国  补油  ,,yangtse.com,https://www.yangtse.com/news/txs/202604/t20260417_343022.html,Chinese
Wheat,Singapore,import,新澳将加强食品供应 、 国防及教育等领域的合作,,zaobao.com.sg,https://www.zaobao.com.sg/news/singapore/story20260410-8873161,Chinese
Wheat,Singapore,import,ফ্রান্স - রোমানিয়া থেকে গম কিনবে এশিয়ান ক্রেতারা » Business24BD,,business24bd.com,https://www.business24bd.com/%E0%A6%AB%E0%A7%8D%E0%A6%B0%E0%A6%BE%E0%A6%A8%E0%A7%8D%E0%A6%B8-%E0%A6%B0%E0%A7%8B%E0%A6%AE%E0%A6%BE%E0%A6%A8%E0%A6%BF%E0%A7%9F%E0%A6%BE-%E0%A6%A5%E0%A7%87%E0%A6%95%E0%A7%87-%E0%A6%97%E0%A6%AE/,Bengali
Wheat,Singapore,import,Iran war fertiliser squeeze could spell trouble for next year grain harvests,,asiaone.com,https://www.asiaone.com/world/iran-war-fertiliser-squeeze-could-spell-trouble-next-years-grain-harvests,English
Wheat,Singapore,import,能源危机冲击成本与出口 大马黄梨产业仍具强韧性 | 国内,,orientaldaily.com.my,https://www.orientaldaily.com.my/news/nation/2026/04/10/810319,Chinese
Wheat,Singapore,import,"Michael Baumgartner visits Vietnam , Singapore amid U . S .- China competition for influence in Asia",,spokesman.com,https://www.spokesman.com/stories/2026/jun/04/michael-baumgartner-visits-vietnam-singapore-amid-/,English
Wheat,Singapore,import,Australian PM diesel diplomacy tour calms fears at home,,straitstimes.com,https://www.straitstimes.com/asia/australianz/australian-pms-diesel-diplomacy-tour-of-se-asia-seen-as-welcome-bid-to-spread-calm-at-home,English
Wheat,Singapore,import,武汉组织16家企业  抱团出海  亮相新港两大国际展会 ， 深化经贸合作稳外贸,,baijiahao.baidu.com,https://baijiahao.baidu.com/s?id=1863167339750259287,Chinese
Wheat,Singapore,import,武汉组织16家企业  抱团出海 ： 亮相新港两大国际展会 深化经贸合作稳外贸,,baijiahao.baidu.com,https://baijiahao.baidu.com/s?id=1863168124181913873,Chinese
Wheat,Singapore,import,全球地缘政治不确定加剧 东南亚再生能源发展脚步未停,,zaobao.com.sg,https://www.zaobao.com.sg/finance/singapore/story20260528-9102811,Chinese
Wheat,Singapore,import,"Путин впервые с начала боевых действий на Украине примет у себя саммит АСЕАН ( Bloomberg , США ) ",,inosmi.ru,https://inosmi.ru/20260617/rossiya-278941909.html,Russian
Wheat,Singapore,import,资源大国陷  油荒 ， 澳大利亚燃油储备为何告急 ？ ,,baijiahao.baidu.com,https://baijiahao.baidu.com/s?id=1862445463647190075,Chinese
Wheat,Singapore,import,Menyoal Kerugian Negara dari Praktik Under Invoicing SDA,,aceh.tribunnews.com,https://aceh.tribunnews.com/opini/1029342/menyoal-kerugian-negara-dari-praktik-under-invoicing-sda,Indonesian
Wheat,Singapore,import,ইরানে যুদ্ধ ও দেশের জ্বালানিসংকট | | বাংলাদেশ প্রতিদিন,,bd-pratidin.com,https://www.bd-pratidin.com/open-air-theater/2026/04/26/1243439,Bengali
Wheat,Singapore,import,  싸구려 탕후루는 잊어라 … 프리미엄  무기 든 中 음료 · 주류의 역습,,inews24.com,http://inews24.com/view/1975669,Korean
Wheat,Singapore,import,The government plans to bolster Australia fuel stores are sensible – but 5 years too late,,theconversation.com,https://theconversation.com/the-governments-plans-to-bolster-australias-fuel-stores-are-sensible-but-5-years-too-late-282253,English
Wheat,Singapore,import,2026世足開踢 ！「 速食應援買1送1 、 超商大杯買2送2 」 懶人包 神券狂搶6元披薩 、 666元生啤無限暢飲 | 旅遊,,travel.udn.com,https://travel.udn.com/travel/story/7160/9560383,Chinese
Wheat,Singapore,import,"Desde Zimbabue , la nueva Marbella de los millonarios chinos , hasta la actual carrera espacial que pierde dinero a la velocidad de la luz",,elmundo.es,https://www.elmundo.es/economia/macroeconomia/2026/05/31/6a19a255fc6c83c95f8b45d8.html,Spanish
Wheat,Malaysia,import,भारतासमोर मोठे संकट ? खाद्यतेलाचा प्रचंड तुटवडा निर्माण होणार ? आयातीची आकडेवारी काय सांगते ? ,,loksatta.com,https://www.loksatta.com/explained/india-edible-oil-crisis-import-dependency-pm-modi-appeal-expert-analysis-sdp-92-5897133/,Marathi
Wheat,Malaysia,import,Palm oil is turning into fuel and India import bill could rise,,livemint.com,https://www.livemint.com/economy/palm-oil-supply-squeeze-biodiesel-india-edible-oil-imports-11779020167497.html,English
Wheat,Malaysia,import,Marchés agricoles : les préoccupations climatiques reprennent presque le dessus,,lafranceagricole.fr,https://www.lafranceagricole.fr/conjoncture-cultures/article/897783/marches-agricoles-les-preoccupations-climatiques-reprennent-presque-le-dessus,French
Wheat,Malaysia,import,যুদ্ধ পুঁজি করে সক্রিয় সিন্ডিকেট | | বাংলাদেশ প্রতিদিন,,bd-pratidin.com,https://www.bd-pratidin.com/city/2026/04/19/1240467,Bengali
Wheat,Malaysia,import,Межгосударственные отношения России и Малайзии,,1prime.ru,https://1prime.ru/20260617/rossija-870833597.html,Russian
Wheat,Malaysia,import,榴莲便宜了是因为北方也开始种 ？ 这些谣言不可信 - 大河网,,news.dahe.cn,https://news.dahe.cn/2026/04-28/2081849.html,Chinese
Wheat,Malaysia,import, 【 每周吃Fun 】《 麦氏西池港式云吞面 》 捍卫  细蓉  灵魂 为在马香港人解乡愁 | 食记 | U玩食,,orientaldaily.com.my,https://www.orientaldaily.com.my/news/ufood-food/2026/04/08/806917,Chinese
Wheat,Malaysia,import,النفط نعمة ويجب عدم تحويله لنقمة تضر البلاد والعباد !! – كتابات,,kitabat.com,https://kitabat.com/%D8%A7%D9%84%D9%86%D9%81%D8%B7-%D9%86%D8%B9%D9%85%D8%A9-%D9%88%D9%8A%D8%AC%D8%A8-%D8%B9%D8%AF%D9%85-%D8%AA%D8%AD%D9%88%D9%8A%D9%84%D9%87-%D9%84%D9%86%D9%82%D9%85%D8%A9-%D8%AA%D8%B6%D8%B1-%D8%A7%D9%84/,Arabic
Wheat,Malaysia,import,Азиатско - Тихоокеанский регион : « страна тысячи островов » – под пристальным взором Вашингтона Фонд стратегической культуры,,fondsk.ru,https://fondsk.ru/news/2026/06/17/aziatsko-tikhookeanskiy-region-strana-tysyachi-ostrovov-pod-pristalnym-vzorom,Russian
Wheat,Malaysia,import,  Puerto Completo : La estación marítima recuperó el ritmo y opera con sus seis muelles en simultáneo - Diario Cuatro Vientos,,diario4v.com,https://www.diario4v.com/nota/52573/puerto-completo-la-estacion-maritima-recupero-el-ritmo-y-opera-con-sus-seis-muelles-en-simultaneo/,Spanish
Wheat,Malaysia,import,Food Systems and Policies Undermining Food Security,,globalissues.org,https://www.globalissues.org/news/2026/05/12/43004,English
Wheat,Vietnam,demand,马面粉厂斥资1亿扩产 强化粮食布局 | 财经,,orientaldaily.com.my,https://www.orientaldaily.com.my/news/business/2026/05/19/819859,Chinese
Wheat,Vietnam,demand,Wheat Leader Joins TRUMP Mission to Vietnam,,agnews890.com,https://www.agnews890.com/2026/04/13/wheat-leader-joins-trump-mission-to-vietnam/,English
Wheat,Vietnam,demand,破解麦德龙卡闲置痛点 ， 华财回收重构麦德龙卡回收变现新生态 _ 中华网,,hea.china.com,https://hea.china.com/articles/20260513/202605131867186.html,Chinese
Wheat,Vietnam,demand,节令之美丨芒种 ： 收获 ， 是另一场播种的开始 - 新华网,,news.cn,https://www.news.cn/local/20260604/bde3e0b2018f4d0cafcd214e21249a0d/c.html,Chinese
Wheat,Vietnam,demand,平价狗狗软骨素选购避坑 ： 100元预算内如何判断有效成分是否达标 _ 中华网,,m.tech.china.com,https://m.tech.china.com/redian/2026/0423/042026_1853204.html,Chinese
Wheat,Vietnam,demand,THỊ TRƯỜNG HÀNG HÓA : Dòng tiền  quay lại  nhóm nông sản,,baochinhphu.vn,https://baochinhphu.vn/thi-truong-hang-hoa-dong-tien-quay-lai-nhom-nong-san-102260609143639244.htm,Vietnamese
Wheat,Vietnam,demand,麦捷科技2026年6月18日涨停分析 ： AI算力+产业链整合+产能布局,,finance.sina.com.cn,https://finance.sina.com.cn/stock/aiassist/ydfx/2026-06-18/doc-inicuyvz2369935.shtml,Chinese
Wheat,Vietnam,demand,自有品牌背后的  减法思维 ： 麦德龙如何让消费回归简单,,baijiahao.baidu.com,https://baijiahao.baidu.com/s?id=1863322863125214454,Chinese
Wheat,Vietnam,demand,收麦啦 河南进入  三夏  时间 - 新华网河南频道,,ha.xinhuanet.com,http://www.ha.xinhuanet.com/20260528/d10d62dfbeae443eb33762719a4fe61b/c.html,Chinese
Wheat,Vietnam,demand,青岛啤酒交易所湖南首店进四方坪夜市 喝啤酒看K线图  买涨跌  ,,baijiahao.baidu.com,https://baijiahao.baidu.com/s?id=1863995259564424786,Chinese
Wheat,Vietnam,demand,青年农机手赋能现代农业 （ 三夏进行时 ） -- 社会 · 法治 -- 人民网,,society.people.com.cn,http://society.people.com.cn/n1/2026/0614/c1008-40739752.html,Chinese
Wheat,Vietnam,demand,青年农机手赋能现代农业,,news.cyol.com,http://news.cyol.com/gb/articles/2026-06/15/content_OVmo3KfGeq.html,Chinese
Wheat,Vietnam,demand,一群90后 、 00后活跃在田野 ， 他们在忙啥 ？- 南海网,,hinews.cn,https://www.hinews.cn/page?n=2831224&m=1&s=1044,Chinese
Wheat,Vietnam,demand,青年农机手赋能现代农业 （ 三夏进行时 ） ,,china.qianlong.com,https://china.qianlong.com/2026/0615/8683352.shtml,Chinese
Wheat,Vietnam,demand,Το ρωσικό σχέδιο για εκτόξευση των εξαγωγών LNG και τροφίμων στη Νοτιονατολική Ασία,,bankingnews.gr,https://www.bankingnews.gr/diethni/articles/882414/to-rosiko-sxedio-gia-ektoksefsi-ton-eksagogon-lng-kai-trofimon-sti-notionatoliki-asia%20title=,Greek
Wheat,Vietnam,demand,Manitoba seeks to deepen agricultural cooperation with Vietnam,,vir.com.vn,https://vir.com.vn/manitoba-seeks-to-deepen-agricultural-cooperation-with-vietnam-154967.html,English
Wheat,Vietnam,demand,汽车终端市场调整进行时 ： 销量导向  退场  生存导向  上线 - 新浪汽车,,k.sina.com.cn,https://k.sina.com.cn/article_6248544856_174713a58020038zkc.html,Chinese
Wheat,Vietnam,demand,South Korea and Vietnam deepen strategic agricultural partnership,,vir.com.vn,https://vir.com.vn/south-korea-and-vietnam-deepen-strategic-agricultural-partnership-151287.html,English
Wheat,Netherlands,export,ميناء دمياط : خط الرورو يواصل دعم الصادرات المصرية إلى أوروبا والخليج,,shorouknews.com,https://www.shorouknews.com/news/view.aspx?cdate=06062026&id=ffa17f29-c711-4db6-96a0-1af5186b7c46,Arabic
Wheat,Netherlands,export,113 ألف طن قمح في صومعة الحبوب والغلال في دمياط,,dostor.org,https://www.dostor.org/5527296,Arabic
Wheat,Netherlands,export,تداول 31 سفينة بضائع وحاويات بميناء دمياط اليوم السبت,,vetogate.com,https://www.vetogate.com/5660907,Arabic
Wheat,Netherlands,export,ميناء دمياط : تداول 28 سفينة للحاويات والبضائع العامة خلال 24 ساعة,,dostor.org,https://www.dostor.org/5500268,Arabic
Wheat,Netherlands,export,Oil dominates Kazakhstan exports structure in 1Q2026,,trend.az,https://www.trend.az/casia/kazakhstan/4176126.html,English
Wheat,Netherlands,export,163 ألف طن قمح في صومعة غلال دمياط,,dostor.org,https://www.dostor.org/5618209,Arabic
Wheat,Netherlands,export,ميناء دمياط يستقبل 10 سفن ويصدر آلاف الأطنان من البضائع,,dostor.org,https://www.dostor.org/5615588,Arabic
Wheat,Netherlands,export,Kreuzfahrtschiff für die Bahamas bringt MV - Exporte nach vorn,,ndr.de,"https://www.ndr.de/nachrichten/mecklenburg-vorpommern/kreuzfahrtschiff-fuer-die-bahamas-bringt-mv-exporte-nach-vorn,bahamas-122.html",German
Wheat,Netherlands,export,ننشر حركة تداول السفن والحاويات في ميناء دمياط,,dostor.org,https://www.dostor.org/5576810,Arabic
Wheat,Netherlands,export,WASDE - Report April 2025 : Höhere Weizenbestände drücken Preise – Ölsaaten stabil,,topagrar.com,https://www.topagrar.com/markt/news/wasde-report-druckt-weizenpreis-ins-minus-20024656.html,German
Wheat,Netherlands,export,Відбудова України після війни - розвиток агросектору має стати пріорітетом,,24tv.ua,https://24tv.ua/vidbudova-ukrayini-pislya-viyni-rozvitok-agrosektoru-maye-stati_n3075844,Ukrainian
Wheat,Netherlands,export,  سلامة الغذاء : تصدير 230 ألف طن مواد غذائية والسعودية تتصدر قائمة الدول المستوردة,,dostor.org,https://www.dostor.org/5513726,Arabic
Wheat,Netherlands,export,سلامة الغذاء : تصدير 230 ألف طن مواد غذائية .. والسعودية تتصدر قائمة الدول المستوردة,,shorouknews.com,https://www.shorouknews.com/news/view.aspx?cdate=19042026&id=6d94778c-add2-4c38-a0b1-b803a35c1855,Arabic
Wheat,Netherlands,export, « سلامة الغذاء »: 280 ألف طن صادرات غذائية مصرية إلى 191 دولة خلال أسبوع,,elwatannews.com,https://www.elwatannews.com/news/details/8290192,Arabic
Wheat,Netherlands,export,285 ألف طن صادرات غذائية مصرية خلال أسبوعين,,youm7.com,https://www.youm7.com/story/2026/6/7/285-%D8%A3%D9%84%D9%81-%D8%B7%D9%86-%D8%B5%D8%A7%D8%AF%D8%B1%D8%A7%D8%AA-%D8%BA%D8%B0%D8%A7%D8%A6%D9%8A%D8%A9-%D9%85%D8%B5%D8%B1%D9%8A%D8%A9-%D8%AE%D9%84%D8%A7%D9%84-%D8%A3%D8%B3%D8%A8%D9%88%D8%B9%D9%8A%D9%86/7440546,Arabic
Wheat,Netherlands,export,سلامة الغذاء : 5520 رسالة غذائية مصدرة .. الموالح والبطاطس على رأس القائمة,,elwatannews.com,https://www.elwatannews.com/news/details/8277228,Arabic
Wheat,Netherlands,export,230 ألف طن صادرات غذائية .. والموالح والبطاطس على رأس القائمة,,dostor.org,https://www.dostor.org/5547453,Arabic
Wheat,Netherlands,export,تداول 27 سفينة حاويات وبضائع عامة في ميناء دمياط,,new-today.co,https://new-today.co/%D8%AA%D8%AF%D8%A7%D9%88%D9%84-27-%D8%B3%D9%81%D9%8A%D9%86%D8%A9-%D8%AD%D8%A7%D9%88%D9%8A%D8%A7%D8%AA-%D9%88%D8%A8%D8%B6%D8%A7%D8%A6%D8%B9-%D8%B9%D8%A7%D9%85%D8%A9-%D9%81%D9%8A-%D9%85%D9%8A%D9%86/,Arabic
Wheat,Netherlands,export,سلامة الغذاء : 230 ألف طن صادرات غذائية .. والسعودية وسوريا واليمن أكبر الأسواق المستقبلة,,elwatannews.com,https://www.elwatannews.com/news/details/8268311,Arabic
Wheat,Netherlands,export, « سلامة الغذاء »: 4149 رسالة غذائية مصدرة بـ237 ألف طن .. والسعودية أكبر الأسواق المستقبلة,,elwatannews.com,https://www.elwatannews.com/news/details/8272858,Arabic
Onion,Bangladesh,demand,"Onion Export Boom : महाराष्ट्र से प्याज निर्यात दोगुना , 10 . 59 लाख टन के पार पहुंचा आंकड़ा - onion exports from maharashtra double figure crosses 10 59 lakh tonnes",,hindi.business-standard.com,https://hindi.business-standard.com/commodities/onion-exports-from-maharashtra-double-figure-crosses-10-59-lakh-tonnes-id-529119,Hindi
Onion,Bangladesh,demand,"Onion farmers demand ₹1500 per quintal compensation , procure onions at ₹25 per kg",,thehindu.com,https://www.thehindu.com/incoming/onion-farmers-demand-1500-per-quintal-compensation-procure-onions-at-25-per-kg/article70994987.ece,English
Onion,Bangladesh,demand,"India Trade with Bangladesh : सिर्फ 0 . 01 % का अंतर और अमेरिका चारों खाने चित , बांग्लादेश के बाजार में भारत का बड़ा धमाका",,navbharattimes.indiatimes.com,https://navbharattimes.indiatimes.com/business/business-news/india-surpasses-us-as-bangladesh-second-largest-trading-partner/articleshow/131277362.cms,Hindi
Onion,Bangladesh,demand,Onion price crash leaves North Karnataka growers in distress | Hubballi News,,timesofindia.indiatimes.com,https://timesofindia.indiatimes.com/city/hubballi/onion-price-crash-leaves-north-karnataka-growers-in-distress/articleshow/130500805.cms,English
Onion,Bangladesh,demand,Israel - Iran - US War Impact : कांद्याची आता पावडर होणार ! ,,prahaar.in,https://prahaar.in/2026/04/15/israel-iran-us-war-impact-onions-to-be-converted-into-powder/,Marathi
Onion,Bangladesh,demand,Fadnavis Announces Onion Purchase At Rs 12 . 35 / Kg ; Farmers Unhappy,,deccanchronicle.com,https://www.deccanchronicle.com/nation/fadnavis-announces-onion-purchase-at-rs-1235kg-farmers-unhappy-1956978,English
Onion,Bangladesh,demand,২ হাজার মিনি কোল্ড স্টোরেজ স্থাপনের উদ্যোগ নিচ্ছে সরকার |,,bd-pratidin.com,https://www.bd-pratidin.com/national/2026/06/15/1262462,Bengali
Onion,Bangladesh,demand,"Govt to Set Up 2 , 000 Mini Cold Storages Across Country : Agriculture Minister",,bssnews.net,https://www.bssnews.net/news-flash/396110,English
Onion,Bangladesh,demand,Nashik onion farmers crisis - कांद्याच्या जखमेवर सरकारचे मीठ ; शेतकरी अखेर किती दिवस तग धरणार ? ,,pudhari.news,https://pudhari.news/maharashtra/north-maharashtra/nashik/nashik-onion-farmers-crisis-government-policy-impact-ss88,Marathi
Onion,Bangladesh,demand,From export bans to price crashes : Why onion farmers need more than buffer stock purchases,,economictimes.indiatimes.com,https://economictimes.indiatimes.com/news/economy/agriculture/from-export-bans-to-price-crashes-why-onion-farmers-need-more-than-buffer-stock-purchases/articleshow/131956593.cms,English
Onion,Bangladesh,demand,ঈদ ঘিরে মসলার বাজারে কারসাজি | | বাংলাদেশ প্রতিদিন,,bd-pratidin.com,https://www.bd-pratidin.com/city/2026/05/25/1255281,Bengali
Onion,Bangladesh,demand,মসলার উৎপাদন ৩০ বছরে বেড়েছে ১৫ গুণ,,jugantor.com,https://www.jugantor.com/tp-lastpage/1099613,Bengali
Onion,Bangladesh,demand,বৈশাখের আগমনে ইলিশের নাভিশ্বাস | | বাংলাদেশ প্রতিদিন,,bd-pratidin.com,https://www.bd-pratidin.com/last-page/2026/04/11/1237294,Bengali
Onion,Bangladesh,demand,"Pune : Maharashtra Government To Announce Farm Loan Waiver Before June 30 , Says CM Devendra Fadnavis",,freepressjournal.in,https://www.freepressjournal.in/pune/pune-maharashtra-government-to-announce-farm-loan-waiver-before-june-30-says-cm-devendra-fadnavis,English
Onion,Bangladesh,demand,"  Rs 12 . 35 / kg wont even pay for fertiliser , labour : Maharashtra onion farmers call Centre procurement price inadequate | Pune News",,indianexpress.com,https://indianexpress.com/article/cities/pune/maharashtra-onion-farmers-call-centres-procurement-price-inadequate-10694119/,English
Onion,Bangladesh,demand,প্রধানমন্ত্রীর সাথে মুক্ত আলোচনার সুযোগ পাচ্ছেন ডিসিরা,,dailyinqilab.com,https://dailyinqilab.com/national/news/888328,Bengali
Onion,Bangladesh,demand,দ্রব্যমূল্যে অস্থির জনজীবন | | বাংলাদেশ প্রতিদিন,,bd-pratidin.com,https://www.bd-pratidin.com/national/2026/04/10/1237036,Bengali
Onion,Germany,export,Soğan Amasyadan Avrupaya gönderiliyor,,ekonomi.haber7.com,https://ekonomi.haber7.com/ekonomi/haber/3620637-sogan-amasyadan-avrupaya-gonderiliyor,Turkish
Onion,Germany,export,Pazarın en ucuzu : Kilosu 15 lira ! Amasyadan Avrupaya ihraç ediliyor,,turkiyegazetesi.com.tr,https://www.turkiyegazetesi.com.tr/ekonomi/pazarin-en-ucuzu-kilosu-15-lira-amasyadan-avrupaya-ihrac-ediliyor-1784400,Turkish
Onion,Germany,export,Pazarın en ucuz ürünü oldu ! Kilosu 15 TLye satılıyor,,yenikonya.com.tr,https://www.yenikonya.com.tr/guncel/pazarin_en_ucuz_urunu_oldu_kilosu_15_tl_ye_satiliyor-1976866,Turkish
Onion,Germany,export,"  The estimation is a reduction of 30 % on last year , driven by market indications of demand and crop availability  ",,freshplaza.com,https://www.freshplaza.com/north-america/article/9836240/the-estimation-is-a-reduction-of-30-on-last-year-driven-by-market-indications-of-demand-and-crop-availability/,English
Onion,Germany,export,"Caramelised onions , pickled rings , and shallots",,freshplaza.com,https://www.freshplaza.com/north-america/article/9830933/caramelised-onions-pickled-rings-and-shallots/,English
Onion,Germany,export,Fußball - WM 2026 : Karibisches Matchday - Meal aus Curacao,,merkur.de,https://www.merkur.de/leben/genuss/fussball-wm-2026-karibisches-matchday-meal-aus-curacao-zr-94346065.html,German
Onion,Germany,export,La capital mundial de las papas fritas tiene un problema : demasiadas papas,,tn.com.ar,https://tn.com.ar/economia/2026/06/02/la-capital-mundial-de-las-papas-fritas-tiene-un-problema-demasiadas-papas/,Spanish
Onion,Germany,export,Η κρίση της τηγανητής πατάτας « χτυπάει » το Βέλγιο : Πέντε εκατ . τόνοι περισσεύουν στην Ευρώπη,,newsbomb.gr,https://www.newsbomb.gr/kosmos/story/1739779/i-krisi-tis-tiganitis-patatas-xtypaei-to-velgio-pente-ekat-tonoi-perisseyoun-stin-evropi,Greek
Onion,Germany,export,"  Demand for crownless pineapple , which now accounts for 15 % of our exports , still grows  ",,freshplaza.com,https://www.freshplaza.com/north-america/article/9827426/demand-for-crownless-pineapple-which-now-accounts-for-15-of-our-exports-still-grows/,English
Onion,Germany,export,Tomates en pleno mes de mayo,,hoy.es,https://www.hoy.es/agro/innovacion/tomates-pleno-mes-mayo-20260508094535-nt.html,Spanish
Onion,Germany,export,  我们看到了一个更加开放 、 高效 、 绿色的内蒙古 - 新闻中心 - 内蒙古新闻网,,inews.nmgnews.com.cn,https://inews.nmgnews.com.cn/system/2026/05/14/030347038.shtml,Chinese
Onion,Germany,export,Імпорт продуктів в Україну – чому зростають закупівлі та ціни,,rbc.ua,https://www.rbc.ua/rus/news/bitva-politsi-chomu-ukrayina-naroshchue-import-1781101482.html,Ukrainian
Onion,Germany,export,"Macfrut Daily 23 Aprile : Mango e Avocado Sud Italia . Filiera pomodoro , robotica e droni in campo",,emiliaromagnanews24.it,https://www.emiliaromagnanews24.it/macfrut-daily-23-aprile-mango-e-avocado-sud-italia-filiera-pomodoro-robotica-e-droni-in-campo-384457.html,Italian
Onion,Germany,demand,Kuru soğan ihracatı 15 kat arttı,,uzmanpara.milliyet.com.tr,https://uzmanpara.milliyet.com.tr/uzmanpara/kuru-sogan-ihracati-15-kat-artti-7577990,Turkish
Onion,Germany,demand,Kuru soğan ihracatı ilk çeyrekte yaklaşık 15 kat arttı,,haberler.com,https://www.haberler.com/ekonomi/kuru-sogan-ihracati-ilk-ceyrekte-yaklasik-15-kat-19784036-haberi/,Turkish
Onion,Germany,demand,全球资金Risk off ， 钱都去哪了 ？- 虎嗅网,,huxiu.com,https://www.huxiu.com/article/4849220.html,Chinese
Onion,Germany,demand,一张电子纸引来6亿元订单,,zjnews.zjol.com.cn,https://zjnews.zjol.com.cn/zjnews/202604/t20260422_31619561.shtml,Chinese
Onion,Germany,demand,甬企为机器人皮肤装上  感知神经  一张电子纸引来6亿元订单,,baijiahao.baidu.com,https://baijiahao.baidu.com/s?id=1863122701373711683,Chinese
Onion,Germany,demand,百醫生技推台灣首創 「 煎的膠原 」 專利技術切入機能性食品新藍海,,n.yam.com,https://n.yam.com/Article/20260420982878,Chinese
Onion,Germany,demand,旗舰电动为驾驭而生 沃尔沃EX90 沃尔沃ES90联袂开启重庆首秀 - 国际在线,,k.sina.com.cn,https://k.sina.com.cn/article_7857141524_1d452771401903ci8e.html,Chinese
Onion,Germany,demand,햄버거,,terms.naver.com,https://terms.naver.com/entry.naver?docId=2076194&cid=42717&categoryId=42718,Korean
Onion,Germany,demand,多门冰箱值得买清单 小户型WiFi智控+快速制冰优选,,jd.zol.com.cn,https://jd.zol.com.cn/1193/11930822.html,Chinese
Onion,Germany,demand,東協財經 ／ 2026年5月5日東協快訊 | 產經,,cna.com.tw,https://www.cna.com.tw:443/news/afe/202605053001.aspx,Chinese
Onion,Germany,demand,一份新菜单 ： 必胜客如何让年轻人乐于  见面吃饭  |必胜客|牛排 _ 新浪科技 _ 新浪网,,finance.sina.com.cn,https://finance.sina.com.cn/tech/roll/2026-04-20/doc-inhvcmef8583431.shtml,Chinese
Onion,Germany,demand,沃尔沃EX90 & 沃尔沃ES90正式上市 ， 限时参考价45 . 99万元起与38 . 99万元,,ifanr.com,https://www.ifanr.com/digest/1667572,Chinese
Onion,Germany,demand,一束光暖中国 ： 中惠电热膜清洁供暖的初心与征途,,baijiahao.baidu.com,https://baijiahao.baidu.com/s?id=1863063276740333895,Chinese
Onion,Germany,demand,一份新菜单 ： 必胜客如何让年轻人乐于  见面吃饭  ,,baijiahao.baidu.com,https://baijiahao.baidu.com/s?id=1863858668991749268,Chinese
Onion,Singapore,import,"Restoran Padang Sederhana Buka Cabang Pertama di Australia , Bumbu Impor dari Indonesia",,kompas.com,https://www.kompas.com/food/read/2026/05/30/103947275/restoran-padang-sederhana-buka-cabang-pertama-di-australia-bumbu-impor-dari,Indonesian
Onion,Singapore,import,송미령 장관  사람 떠나는 농촌 악순환 바꾸는 게 기본소득  ,,ohmynews.com,https://www.ohmynews.com/NWS_Web/View/at_pg.aspx?CNTN_CD=A0003238382&PAGE_CD=N0002&CMPT_CD=M0112,Korean
Onion,China,export,"Onion Exporters Request Indian Government to Avoid Export Restrictions Amid Price Surge , ETRetail",,retail.economictimes.indiatimes.com,https://retail.economictimes.indiatimes.com/news/food-entertainment/grocery/exporters-urge-govt-not-to-impose-curbs-on-onions/131980685,English
Onion,China,export,China onion exports enter the new production season window,,freshplaza.com,https://www.freshplaza.com/north-america/article/9852104/china-s-onion-exports-enter-the-new-production-season-window/,English
Onion,China,export,中國蔬菜疑洗產地輸台 台商籲借鏡美國防堵 | 台商 | 越南 | 洗產地,,epochtimes.com.tw,http://www.epochtimes.com.tw/n506079/%E4%B8%AD%E5%9C%8B%E8%94%AC%E8%8F%9C%E7%96%91%E6%B4%97%E7%94%A2%E5%9C%B0%E8%BC%B8%E5%8F%B0-%E5%8F%B0%E5%95%86%E7%B1%B2%E5%80%9F%E9%8F%A1%E7%BE%8E%E5%9C%8B%E9%98%B2%E5%A0%B5.html,Chinese
Onion,China,export,薄膜太阳能  首秀  广交会 ： 以硬核技术撬动全球民用与产业新场景 - 手机快报 - ITBear比尔科技,,itbear.com.cn,https://www.itbear.com.cn/html/2026-04/1282327.html,Chinese
Onion,China,export,大英图书馆一幅 《 卖羊图 》， 藏着清代广州怎样的贸易秘密 ？ ,,ysln.ycwb.com,https://ysln.ycwb.com/content/2026-04/09/content_54054289.html,Chinese
Onion,China,export,"Rare earth mining is poisoning Mekong River tributaries , threatening  the world kitchen  ",,latimes.com,https://www.latimes.com/world-nation/story/2026-04-29/rare-earth-mining-is-poisoning-mekong-river-tributaries-threatening-the-worlds-kitchen,English
Onion,China,export,"Edamame , une fève de soja qui regorge datouts",,humanite.fr,https://www.humanite.fr/vie-quotidienne/bon-et-sain/edamame-une-feve-de-soja-qui-regorge-datouts,French
Onion,China,export,Rare earths : mining is poisoning Mekong River tributaries,,bnnbloomberg.ca,https://www.bnnbloomberg.ca/business/2026/04/29/rare-earth-mining-is-poisoning-mekong-river-tributaries-threatening-the-worlds-kitchen/,English
Onion,China,export,Rare earth mining is poisoning Mekong tributaries,,columbian.com,https://www.columbian.com/news/2026/may/02/rare-earth-mining-is-poisoning-mekong-tributaries/,English
Onion,China,export,"भारत , न्यूजीलैंड ने एफटीए पर किए हस्ताक्षर , 100 फीसदी भारतीय निर्यात टैक्स - फ्री",,tarunmitra.in,https://www.tarunmitra.in/business/india-new-zealand-signs-fta-100-indian-exports-tax-free/article-139401,Hindi
Onion,China,export,肯德基快开成国企了|麦当劳|kfc|快餐|必胜客|炸鸡,,163.com,https://www.163.com/news/article/KSTJEPCV00018ASD.html,Chinese
Onion,China,export,Tania żywność nie zostanie z nami długo . Kiedy ceny zaczną rosnąć ? ,,tokfm.pl,https://www.tokfm.pl/gospodarka/tania-zywnosc-nie-zostanie-z-nami-dlugo-kiedy-ceny-zaczna-rosnac,Polish
Onion,Japan,export,양파 1만t 수출 추진 … 대만에 햇양파 100t 첫 선적,,biz.heraldcorp.com,https://biz.heraldcorp.com/article/10763383,Korean
Onion,Japan,export,양파밭 갈아엎는 농민들 … 정부는 2000톤 수출로 가격 방어,,etoday.co.kr,https://www.etoday.co.kr/news/view/2586197,Korean
Onion,Japan,export,"전주시 , 양파 폭락 해외 수출로 활로 찾는다",,inews24.com,http://inews24.com/view/1980549,Korean
Onion,Japan,export,3월 생산자물가 1 . 6 % ↑석유 · 화학제품 급등에 4년여 만  최고  ,,newsway.co.kr,https://www.newsway.co.kr/news/view?ud=2026042116224794625,Korean
Onion,Japan,export,"MACAU DAILY TIMES 澳門每日時報Mining is poisoning Mekong River , that starts in China , threatening  the world kitchen  ",,macaudailytimes.com.mo,https://macaudailytimes.com.mo/mining-is-poisoning-mekong-river-that-starts-in-china-threatening-the-worlds-kitchen.html,English
Onion,Japan,export,"The Worldfolio : Asahico Repositions Tofu as a Global Plant Protein Through Innovation , Technology and Changing Consumer Habits",,theworldfolio.com,https://www.theworldfolio.com/interviews/asahico-repositions-tofu-as-global-plant-protein-through-innovation-technology-and-changing-consumer-habits/7416/,English
Onion,Japan,export,לחם קופים מקסיקני ופרי האצבעות הקדוש - מסע מרתק אחר הפירות המוזרים בתבל,,kikar.co.il,https://www.kikar.co.il/interesting/tgf4fo,Hebrew
Onion,Japan,export,The $100 Billion Ghost : Why the 2026 Hunt for Bitcoin Creator Satoshi Nakamoto Has Reached a Fever Pitch,,indianexpress.com,https://indianexpress.com/article/world/my-quest-solve-bitcoin-great-mystery-10628748/,English
Onion,Japan,export,深读丨一场企业家与科学家的双向奔赴 - 经济,,fjnews.fjsen.com,http://fjnews.fjsen.com/2026-05/13/content_32184177.htm,Chinese
Onion,Japan,demand,함양 들녘 양파밭 짓밟은 트랙터 - 오마이뉴스,,ohmynews.com,https://www.ohmynews.com/NWS_Web/View/at_pg.aspx?CNTN_CD=A0003234521&PAGE_CD=N0002&BLCK_NO=&CMPT_CD=M0147,Korean
Onion,Japan,demand,欣葉 「 彩膳楽亭 」 正式亮相 ！ 秒飛日本街町 香魚姿燒 、 味噌銀鱈吃到飽,,n.yam.com,https://n.yam.com/Article/20260609486817,Chinese
Onion,Japan,demand,日本超商Lawson新店型曝光 ！ 押注迷你超市業務 、 販售商品一次看,,ec.ltn.com.tw,https://ec.ltn.com.tw/article/breakingnews/5450804,Chinese
Onion,Japan,demand,大雨釀災損 為因應近期菜價波動 … 北市市場處啟動購貯蔬菜平價措施 | 大台北 | 地方,,udn.com,https://udn.com/news/story/7323/9586256,Chinese
Onion,Japan,demand,穩定菜價 ！ 北農明啟動蔬菜平穩機制 冷凍蔬菜首次上市 - 生活,,news.ltn.com.tw,https://news.ltn.com.tw/news/life/breakingnews/5482638,Chinese
Onion,Japan,demand,雨害菜價波動 ！ 北農明起啟動蔬菜平穩機制 冷凍蔬菜首次上市 | ETtoday生活新聞,,ettoday.net,https://www.ettoday.net/news/20260624/3189157.htm,Chinese
Onion,Japan,demand,  地中海饮食  没有负担又有饱足的幸福感,,epochtimes.com,https://www.epochtimes.com/gb/26/5/18/n14767164.htm,Chinese
Onion,Japan,demand,닭고기 · 계란 · 토마토 · 참외 · 애호박 등 9개 품목 더 싸진다,,ohmynews.com,https://www.ohmynews.com/NWS_Web/View/at_pg.aspx?CNTN_CD=A0003227714&PAGE_CD=N0002&BLCK_NO=&CMPT_CD=M0147,Korean
Onion,Japan,demand,日本15家保健食品企業來台尋找合作夥伴 TQF協會攜手北海道與九州策略夥伴舉辦媒合活動 - 財經,,chinatimes.com,https://www.chinatimes.com/realtimenews/20260624002260-260410,Chinese
Onion,Japan,demand,농번기 일손 비상에 외국인력 10만4000명 투입 … 역대 최대 규모,,newspim.com,https://www.newspim.com/news/view/20260508000928,Korean
Onion,Japan,demand,W杯初戦へ 、 高崎名物オランダコロッケも準備万全 ライバル 「 食う 」 ,,mainichi.jp,https://mainichi.jp/articles/20260610/k00/00m/040/340000c,Japanese
Onion,Japan,demand,"5월 물가 3 . 1 % ↑ , 26개월만 최고 … 중동 리스크  에 석유류 24 . 2 % ↑",,fnnews.com,https://www.fnnews.com/news/202606020813301009,Korean
Onion,Japan,demand,Paraná amplia área de milho em 31 % na 1ª safra e projeta recorde na 2ª,,arede.info,https://arede.info/a-forca-do-agro/643276/parana-amplia-area-de-milho-em-31-na-1-safra-e-projeta-recorde-na-2,Portuguese
Onion,Japan,demand,Los chef internacionales coinciden : cuáles son los 5 mejores guisos del mundo y cómo prepararlos,,tn.com.ar,https://tn.com.ar/cocina/recetas/2026/06/21/los-chef-internacionales-coinciden-cuales-son-los-5-mejores-guisos-del-mundo-y-como-prepararlos/,Spanish
Onion,Japan,demand,全聯限8天15款蔬菜降價 ！ 大全聯送18吋披薩 、 愛買牛肉麵99元 | ETtoday消費新聞,,ettoday.net,https://www.ettoday.net/news/20260625/3189865.htm,Chinese
Onion,Japan,demand,9月成关键节点 ！ 摩根大通 ： 届时原油库存逼近极限 ， 霍尔木兹海峡  无论如何都将重开 _ 新浪财经 _ 新浪网,,finance.sina.com.cn,https://finance.sina.com.cn/stock/hkstock/hkstocknews/2026-05-01/doc-inhwkpte5588124.shtml,Chinese
Onion,Japan,shortage,"Slog AM : Japan Back in the Weapons Business , Idaho Could Re - Legalize Abortion , Alex Jones Takes Shirt Off",,thestranger.com,https://www.thestranger.com/slog-am/slog-am-japan-back-in-the-weapons-business-idaho-could-re-legalize-abortion-alex-jones-takes-shirt-off/,English
Onion,Japan,shortage,The Best Sushi Restaurants in Houston,,houston.eater.com,https://houston.eater.com/maps/houston-best-sushi-restaurants-sashimi-hand-rolls-maki,English
Onion,Japan,shortage,从  赶超中日  到全民节流 ， 印度总理莫迪呼吁省钱式爱国 - CFi . CN 中财网,,cfi.net.cn,http://www.cfi.net.cn/p20260515001540.html,Chinese
Onion,Japan,shortage,"Trying Japan Airlines Business Class ; Not the Best , but Worth It",,businessinsider.com,https://www.businessinsider.com/japan-airlines-business-class-flight-review-drawbacks-worth-it-2026-6,English
Onion,Japan,shortage, 【 环时深度 】 近观政治风暴中的菲律宾,,163.com,https://www.163.com/dy/article/KU0FLUMU0514R9OJ.html,Chinese
Onion,Japan,shortage,"5 shortages caused by the Iran war , from Diet Coke to snack pack ink",,thepost.on.ca,https://www.thepost.on.ca:443/life/food/5-shortages-caused-by-the-iran-war,English
Onion,Nepal,shortage,Maharashtra Onion Output Hit By Unseasonal Weather ; Exporters Oppose Sudden Export Ban,,freepressjournal.in,https://www.freepressjournal.in/pune/maharashtra-onion-output-hit-by-unseasonal-weather-exporters-oppose-sudden-export-ban,English
Sugar,Saudi Arabia,import,Afrique du Nord : Marché mondial du sucre - Larrêt des exportations indiennes inquiète les importateurs arabes,,fr.allafrica.com,https://fr.allafrica.com/stories/202605250513.html,French
Sugar,Saudi Arabia,import,鸣帆  十五五  | 甜啦啦谢观海 ： 乘上  徽动全球  东风 ， 新茶饮助  皖茶  走出去 _ 消费 _ 产经频道首页 _ 财经网,,industry.caijing.com.cn,https://industry.caijing.com.cn/20260617/5165926.shtml,Chinese
Sugar,Saudi Arabia,import,鸣帆  十五五  | 甜啦啦谢观海 ： 乘上  徽动全球  东风 ， 新茶饮助  皖茶  走出去 _ 中华网,,digi.china.com,https://digi.china.com/articles/20260618/202606181896784.html,Chinese
Sugar,Saudi Arabia,import,В мире назревает еще один неожиданный глобальный дефицит,,ria.ru,https://ria.ru/20260415/defitsit-2087007360.html,Russian
Sugar,Saudi Arabia,import,"Stock Market Today Live : Markets eye rebound after 4 % fall , though sentiment remains fragile",,thehindubusinessline.com,https://www.thehindubusinessline.com/markets/sensex-nifty50-today-stock-market-live-13th-may-2026/article70969544.ece,English
Sugar,Saudi Arabia,import,Rusyada Türk kahvesi ve baklavada ithalat rekoru,,samanyoluhaber.com,https://www.samanyoluhaber.com/rusyada-turk-kahvesi-ve-baklavada-ithalat-rekoru-haberi/1488790,Turkish
Sugar,Saudi Arabia,import,مركز دراسات : موريتانيا عرضة لصدمات الأسعار العالمية وعليها تنويع مصادر الاستيراد,,alakhbar.info,https://www.alakhbar.info/69e7f069da7e5d0001410cd7/,Arabic
Sugar,Saudi Arabia,import,How Saudi Arabia is engineering its food future,,arabnews.com,https://www.arabnews.com/node/2642866/business-economy,English
Sugar,Saudi Arabia,import,前4个月潮州外贸进出口89 . 6亿元 ， 比增10 . 8 %- 潮州新闻网 - 潮州日报官方网站,,chaozhoudaily.com,https://www.chaozhoudaily.com/content/202606/03/c26060497.html,Chinese
Sugar,Saudi Arabia,import,عرعر والعقبة وإبراهيم الخليل .. 3 منافذ لتعزيز الاستيراد الغذائي,,almadapaper.net,https://almadapaper.net/439067/,Arabic
Sugar,Saudi Arabia,import,化肥供应链修复  路长且阻  _ 东方财富网,,finance.eastmoney.com,https://finance.eastmoney.com/a/202606263783736813.html,Chinese
Sugar,Saudi Arabia,import,Beverage makers scramble as can shortage hits peak summer sales,,moneycontrol.com,https://www.moneycontrol.com/news/business/beverage-makers-scramble-as-can-shortage-hits-peak-summer-sales-13933571.html,English
Sugar,Saudi Arabia,import,نشرة الشروق الاقتصادية 3 مايو 2026 : تجديد وديعة كويتية بقيمة ملياري دولار لمدة عام .. و7 دول تتفق على رفع إنتاج النفط,,shorouknews.com,https://www.shorouknews.com/news/view.aspx?cdate=03052026&id=ad8431d1-6e1f-4ef4-bbab-20d6e80a324e,Arabic
Sugar,Saudi Arabia,import,印度缺油 ， 快受不了了 _ 凤凰网,,news.ifeng.com,https://news.ifeng.com/c/8tHuHpCvy17,Chinese
Sugar,Saudi Arabia,import,جريدة البلاد | خبراء في حلقة  البلاد  الحوارية ( 1 - 2 ): بناء اقتصاد بحريني مرن ومستدام يتطلب تعزيز استدامة سلاسل الإمداد وتوسيع التكامل الخليجي,,albiladpress.com,https://www.albiladpress.com/news/2026/6432/finance/1000561.html,Arabic
Sugar,Saudi Arabia,import,"India , Oman trade pact to come into force from June 1 : An explainer",,dailyexcelsior.com,https://www.dailyexcelsior.com/india-oman-trade-pact-to-come-into-force-from-june-1-an-explainer/,English
Sugar,Saudi Arabia,import,Traders Question How Much Iranian Oil Can Really Return to Market,,oilprice.com,https://oilprice.com/Energy/Energy-General/Traders-Question-How-Much-Iranian-Oil-Can-Really-Return-to-Market.html,English
Sugar,Saudi Arabia,import,أبعد من مجرد  غلاء .. حرب هرمز تكشف هشاشة  اقتصاد الاستيراد  ,,non14.net,https://www.non14.net/187322,Arabic
Sugar,Saudi Arabia,import,Tarým ve ormana yönelik düzenlemeleri içeriyor ! Kanun teklifi TBMMde kabul edildi,,star.com.tr,https://www.star.com.tr/guncel/tarim-ve-ormana-yonelik-duzenlemeleri-iceriyor-kanun-teklifi-tbmmde-kabul-edildi-haber-2021605/,Turkish
Sugar,Bangladesh,demand,ঈদের আগে চিনি রফতানিতে নিষেধাজ্ঞা জারি করেছে ভারত,,dailyinqilab.com,https://dailyinqilab.com/national/news/895348,Bengali
Sugar,Bangladesh,demand,"India sugar output down 18 % from peak as demand rises , tightening supply balance : Exencial Research",,news.webindia123.com,https://news.webindia123.com/news/Articles/Business/20260621/4465387.html,English
Sugar,Bangladesh,demand,বাংলাদেশের খাদ্যপণ্য যুক্তরাষ্ট্র - যুক্তরাজ্যসহ বিভিন্ন দেশে রপ্তানি হয় : বাণিজ্যমন্ত্রী,,ntvbd.com,https://www.ntvbd.com/bangladesh/news-1750305,Bengali
Sugar,Bangladesh,demand,Speakers call for mandatory food package labelling to tackle rising non - communicable diseases,,bssnews.net,https://www.bssnews.net/others/378554,English
Sugar,Bangladesh,demand,चिनी निर्यातमा भारतको प्रतिबन्ध : नेपालमा कस्तो पर्ला प्रभाव ? | Nepal first 24 - hour updated news portal,,ratopati.com,https://www.ratopati.com/story/563598/indias-ban-on-sugar-exports-what-will-be-the-impact-on-nepal,Nepali
Sugar,Bangladesh,demand,季連成重返光復災區 10戶原民中繼屋動工 - 生活,,news.ltn.com.tw,https://news.ltn.com.tw/news/life/breakingnews/5414590,Chinese
Sugar,Bangladesh,demand,季連成重返光復災區 10戶原民中繼屋動工 - 花蓮縣,,news.ltn.com.tw,https://news.ltn.com.tw/news/Hualien/breakingnews/5414590,Chinese
Sugar,Bangladesh,demand,টিসিবি পণ্যে আগ্রহ ক্রেতাদের,,dailyinqilab.com,https://dailyinqilab.com/national/article/894944,Bengali
Sugar,Bangladesh,demand,Dünya emek gündeminden,,birgun.net,https://www.birgun.net/haber/dunya-emek-gundeminden-705414,Turkish
Sugar,Bangladesh,demand,জাটকা উৎপাদন বাড়াতে বিজ্ঞানীদের গবেষণায় সক্রিয় অংশগ্রহণ জরুরি : মৎস্য মন্ত্রী,,ntvbd.com,https://www.ntvbd.com/bangladesh/news-1716569,Bengali
Sugar,Bangladesh,demand,মৃত সব ক্ষুদ্র পূঁজিপতিদের জন্য সমবেদনা । ,,sachalayatan.com,http://www.sachalayatan.com/opobak/15374,Bengali
Sugar,Bangladesh,demand,"Complex rules erode competitiveness , Muktadir says",,thedailystar.net,https://www.thedailystar.net/business/economy/news/complex-rules-erode-competitiveness-muktadir-says-4170366,English
Sugar,Bangladesh,demand,চাক্তাই - খাতুনগঞ্জে সিন্ডিকেটের কবলে চিনির বাজার,,jugantor.com,https://www.jugantor.com/country-news/1093393,Bengali
Sugar,Singapore,shortage,The biggest AI skill may not be technical,,businesstimes.com.sg,https://www.businesstimes.com.sg/startups-tech/technology/biggest-ai-skill-may-not-be-technical,English
Sugar,Singapore,shortage,Singapore Oceanarium : Inside the massive S$6 . 8 billion revamp of the Resorts World Sentosa attraction,,smh.com.au,https://www.smh.com.au/traveller/inspiration/i-was-not-enthused-about-visiting-this-attraction-until-i-walked-through-the-door-20260605-p604al.html,English
Sugar,Singapore,shortage,退休夫妻廿年如一日 周末化身特需儿护航员,,zaobao.com.sg,https://www.zaobao.com.sg/news/singapore/story20260518-9026118,Chinese
Sugar,Singapore,shortage,东方财富期货早餐 4月17日 周五 _ 东方财富网,,finance.eastmoney.com,https://finance.eastmoney.com/a/202604163707804385.html,Chinese
Sugar,Singapore,shortage,讨口饭 ， 飘洋过海|电影|郭鹤年|下南洋|股东大会 _ 网易订阅,,163.com,https://www.163.com/dy/article/KSTVUM8L05198ATO.html,Chinese
Sugar,Singapore,shortage,The hidden costs of Asia data center rush,,globalvoices.org,https://globalvoices.org/2026/04/30/the-hidden-costs-of-asias-data-center-rush/,English
Sugar,Singapore,shortage,10 Best Hawker Centers in Singapore and What to Eat,,afar.com,https://www.afar.com/magazine/best-hawker-centers-in-singapore-and-what-to-eat-there,English
Sugar,Singapore,shortage,2026 ACSEC东盟 - 中国银发经济发展论坛在曼谷举行 _ 商讯 _ 产经频道首页 _ 财经网,,industry.caijing.com.cn,http://industry.caijing.com.cn/20260430/5157544.shtml,Chinese
Sugar,Singapore,shortage, 《 给阿嬷的情书 》 全球上映第二轮国家及地区官宣 ！ 五眼国家和日本都将上映 - 中国侨网,,chinaqw.com,http://www.chinaqw.com/hwjy/2026/06-15/407508.shtml,Chinese
Sugar,Singapore,shortage,廖文達 Liao Wenda ( 完 ) - 微風岸,,blog.udn.com,https://blog.udn.com/7speranze/190039676,Chinese
Sugar,Singapore,shortage,113道高考地理基础知识简答题 ， 快来测测 ！ ,,163.com,https://www.163.com/dy/article/KQPBVSQC0516DHVE.html,Chinese
Sugar,Singapore,shortage,"Stock Market Today Highlights : Sensex gains 789 pts , Nifty ends at 23 , 689 as US - China trade talks lift investor sentiment",,thehindubusinessline.com,https://www.thehindubusinessline.com/markets/sensex-nifty50-today-stock-market-highlights-14th-may-2026/article70974643.ece,English
Sugar,Singapore,shortage,五芳斋 ( 603237 ): 浙江五芳斋实业股份有限公司2025年年度股东会会议材料 - CFi . CN 中财网,,cfi.net.cn,http://www.cfi.net.cn/p20260507000607.html,Chinese
Sugar,Singapore,shortage,LankaWeb – War Criminals Rise from their Graves to Confront Sri Lanka Future,,lankaweb.com,https://www.lankaweb.com/news/items/2026/06/14/war-criminals-rise-from-their-graves-to-confront-sri-lankas-future/,English
Sugar,Singapore,shortage,Weekly Climate and Energy News Roundup # 694 - Watts Up With That ? ,,wattsupwiththat.com,https://wattsupwiththat.com/2026/06/15/weekly-climate-and-energy-news-roundup-694/,English
Sugar,Singapore,shortage,一路向东南看山看水 西十高铁风物志 - 综合新闻 _ 华商网新闻,,news.hsw.cn,https://news.hsw.cn/system/2026/0630/1940421.shtml,Chinese
Sugar,Singapore,shortage,"For this summer biggest Jersey Shore restaurant openings , head to the mainland",,inquirer.com,https://www.inquirer.com/food/a/jersey-shore-restaurant-hollow-pines-pablo-webster-cow-somers-point-20260627.html,English
Sugar,Japan,shortage,10 Genius Inventions Born from Total Desperation,,listverse.com,https://listverse.com/2026/04/14/10-genius-inventions-born-from-total-desperation/,English
Sugar,Japan,shortage,Off - script | NCPA,,ncpa.org,https://www.ncpa.org/newsroom/qam/2026/04/27/script,English
Sugar,Japan,shortage,中东局势致原料供应不稳定 ！ 卡乐比多款产品将换黑白包装,,m.mp.oeeee.com,https://m.mp.oeeee.com/a/BAAFRD0000202605121588589.html,Chinese
Sugar,Japan,shortage, 「 罪惡美食 」 泡麵為何風行全球 ？ 米其林餐廳老闆也愛吃 - 趨勢,,chinatimes.com,https://www.chinatimes.com/realtimenews/20260617004106-260408,Chinese
Sugar,Japan,shortage,养生饮食的乱炖 | www . wenxuecity . com,,wenxuecity.com,https://www.wenxuecity.com/blog/202605/80385/5079.html,Chinese
Sugar,Japan,shortage,"曼谷河景房飯店推薦2025 - 2021及代書貸款風險 ,【 房屋借錢 】, 屏東佳冬鄉身分證借款",,blog.udn.com,https://blog.udn.com:443/b5vh1bx1d/190809158,Chinese
Sugar,Japan,shortage,低调的国茶标杆 ： 中茶进出口的顶级茶资源版图 _ 中华网,,hea.china.com,https://hea.china.com/articles/20260525/202605251876841.html,Chinese
Sugar,Japan,shortage,אורך ואורח חיים : קשר מחייב,,ynet.co.il,https://www.ynet.co.il/economy/healthy/article/skq8x01fzg,Hebrew
Sugar,Japan,shortage,SK海力士的传奇 - 虎嗅网,,huxiu.com,https://www.huxiu.com/article/4863562.html,Chinese
Sugar,Japan,shortage,反人類罪行拼圖系列之起底江口｜起底731伸向香港的幕後黑手江口豐潔 - 香港,,wenweipo.com,https://www.wenweipo.com/a/202606/10/AP6a28c0f8e4b0b49ad1beb9b3.html,Chinese
Sugar,Japan,shortage,Noodles instantáneos : por qué el mundo no deja de consumirlos pese a su mala fama,,cnnespanol.cnn.com,http://cnnespanol.cnn.com/2026/06/16/salud/noodles-instantaneos-salud-consumo-mundial-trax,Spanish
Sugar,Japan,shortage,蛋白質補充推薦 ： 7款低卡奶昔口感 、 溶解度全整理 》 Body Goals｜飽飽控卡白奶昔和其他品牌比呢 ？ - 小弟跑桿記 . ,,blog.udn.com,https://blog.udn.com:443/twbf0vrdzf/188816071,Chinese
Sugar,Japan,shortage,新闻8点见丨起底暴利  减肥糖果  乱象 ； 短剧演员们被AI  甩下车  ,,baijiahao.baidu.com,https://baijiahao.baidu.com/s?id=1862445902384073579,Chinese
Sugar,Japan,shortage,10 Culture Shocks That Surprise Americans When Grocery Shopping Abroad,,islands.com,https://www.islands.com/2190623/culture-shocks-americans-experience-grocery-shopping-abroad/,English
Sugar,Japan,shortage,早报｜曝苹果Vision Pro系列被砍 / 多地高考将查验智能眼镜 / DeepSeek首轮融资规模约500亿元,,163.com,https://www.163.com/dy/article/KUILFDM305118O8G.html,Chinese
Sugar,Vietnam,export,"Đường Tăng đầu tiên của  Tây du ký : Trở thành giáo sư , đời tư kín tiếng",,baomoi.com,https://baomoi.com/duong-tang-dau-tien-cua-tay-du-ky-tro-thanh-giao-su-doi-tu-kin-tieng-c54929848.epi,Vietnamese
Sugar,Vietnam,export,"16조 베트남 육류 시장 열렸다 ... CJ제일제당 · 하림 , 9년 만에 수출 길 선점",,insight.co.kr,https://www.insight.co.kr/news/551478,Korean
Sugar,Vietnam,export,台南芒果再出擊 ！ 9噸愛文芒果泥外銷日本 搶攻全年市場 | ETtoday地方新聞,,ettoday.net,https://www.ettoday.net/news/20260421/3152985.htm,Chinese
Sugar,Vietnam,export,"Vietnam , India expand trade cooperation in new growth phase",,vietnamnet.vn,https://vietnamnet.vn/en/vietnam-india-expand-trade-cooperation-in-new-growth-phase-2512509.html,English
Sugar,Vietnam,export,Cái Mép đón thêm tuyến vận tải trực tiếp Việt Nam – châu Âu,,baomoi.com,https://baomoi.com/cai-mep-don-them-tuyen-van-tai-truc-tiep-viet-nam-chau-au-c54974157.epi,Vietnamese
Sugar,Vietnam,export,Cassava demand surge turns crop into gold mine for Cambodian farmers,,freemalaysiatoday.com,https://www.freemalaysiatoday.com/category/business/2026/04/28/cassava-demand-surge-turns-crop-into-gold-mine-for-cambodian-farmers,English
Sugar,Vietnam,export,"Sửa đổi , bổ sung một số quy định về trật tự , an toàn giao thông đường bộ",,vov.vn,http://vov.vn/xa-hoi/sua-doi-bo-sung-mot-so-quy-dinh-ve-trat-tu-an-toan-giao-thong-duong-bo-post1310785.vov,Vietnamese
Sugar,Vietnam,export,Which Country Is The Largest Producer Of Dragon Fruit In The World ? ,,newsx.com,https://www.newsx.com/world/which-country-is-the-largest-producer-of-dragon-fruit-in-the-world-233477/,English
Sugar,Vietnam,export,Debunking economic myths # 2 : High 1Q GDP growth indicates sustained progress,,ft.lk,https://www.ft.lk/columns/Debunking-economic-myths-2-High-1Q-GDP-growth-indicates-sustained-progress/4-793691,English
Sugar,Vietnam,export,"Ba Đường Tăng của Tây du ký : Người thừa kế tỷ USD , người vật vã mưu sinh - Sao châu Á",,vietgiaitri.com,https://vietgiaitri.com/ba-duong-tang-cua-tay-du-ky-nguoi-thua-ke-ty-usd-nguoi-vat-va-muu-sinh-20260418i7676896/,Vietnamese
Sugar,Vietnam,export,Industrial policy with teeth,,tribune.com.pk,https://tribune.com.pk/story/2613721/industrial-policy-with-teeth,English
Sugar,Vietnam,export,Di 10 weakest currencies for di world for 2026,,pidgin.informationng.com,https://pidgin.informationng.com/?p=35123,English
Sugar,Vietnam,export,The $9 billion issue at the heart of US - Cuba tensions,,kvia.com,https://kvia.com/news/us-world/cnn-world/2026/06/04/the-9-billion-issue-at-the-heart-of-us-cuba-tensions/,English
Sugar,Vietnam,export,How India growth story has left its workers behind,,livemint.com,https://www.livemint.com/economy/indias-growth-story-left-workers-behind-manufacturing-noida-unrest-wages-11778045866274.html,English
Sugar,Vietnam,export,Shreekant Sambrani : Rupee Fall Exposes India Economic Weakness,,rediff.com,https://www.rediff.com/news/column/shreekant-sambrani-rupee-fall-exposes-indias-economic-weakness/20260527.htm,English
Sugar,Vietnam,export,허프포스트코리아,,huffingtonpost.kr,https://www.huffingtonpost.kr:443/article/257593,Korean
Sugar,Vietnam,export,The $9 billion issue at the heart of US - Cuba tensions - LocalNews8 . com,,localnews8.com,https://localnews8.com/news/national-world/cnn-world/2026/06/04/the-9-billion-issue-at-the-heart-of-us-cuba-tensions/,English
Sugar,Vietnam,export,Vựa mía lớn nhất nước lao đao,,stockbiz.vn,https://stockbiz.vn/tin-tuc/vua-mia-lon-nhat-nuoc-lao-dao/40653141,Vietnamese
Sugar,Indonesia,export,Sugar supply secure despite ban,,thestar.com.my,https://www.thestar.com.my/news/nation/2026/05/19/sugar-supply-secure-despite-ban,English
Sugar,Indonesia,export,Indonesian herbal exports secure Saudi market entry,,en.antaranews.com,https://en.antaranews.com/news/419797/indonesian-herbal-exports-secure-saudi-market-entry,English
Sugar,Indonesia,export,"Indonesia plans 5 , 000 export villages to boost rural economies",,en.antaranews.com,https://en.antaranews.com/news/413983/indonesia-plans-5000-export-villages-to-boost-rural-economies,English
Sugar,Indonesia,export,Prabowo sees Indonesia emerging as global food power,,en.antaranews.com,https://en.antaranews.com/news/420315/prabowo-sees-indonesia-emerging-as-global-food-power,English
Sugar,Indonesia,export,President Prabowo launches nationwide corn harvest festival,,en.antaranews.com,https://en.antaranews.com/news/415925/president-prabowo-launches-nationwide-corn-harvest-festival,English
Sugar,Indonesia,export,Minimum export price on agri items will lift forex coffers,,thehindubusinessline.com,https://www.thehindubusinessline.com/opinion/minimum-export-price-on-agri-items-will-lift-forex-coffers/article71003335.ece,English
Sugar,Indonesia,export,Blockbuster EU - Mercosur trade deal enters into force,,insidenova.com,https://www.insidenova.com/news/national/blockbuster-eu-mercosur-trade-deal-enters-into-force/article_288b1e89-dcd7-50ce-aec7-c87b0bf6b770.html,English
Sugar,Indonesia,export,根植岭南烟火匠心 通达四海广货风行,,news.ycwb.com,https://news.ycwb.com/ikimvkotjk/content_54055878.htm,Chinese
Sugar,Nepal,import,"चिनी उद्योग संघले भन्यो - चिनी मौज्दात पर्याप्त छ , मूल्यवृद्धि हुँदैन",,onlinekhabar.com,https://www.onlinekhabar.com/2026/05/1932509/sugar-industry-association-says-sugar-stock-is-sufficient-no-price-hike,Nepali
Sugar,Nepal,import,भारतले चिनी निर्यात रोक्ने भनेपछि नेपालमा सुरु भयो आत्मनिर्भरताको बहस,,onlinekhabar.com,https://www.onlinekhabar.com/2026/05/1933085/debate-on-self-reliance-begins-in-nepal-after-india-says-it-will-stop-sugar-exports,Nepali
Sugar,Nepal,import,नेपालमा पेट्रोलमा इथानोल मिश्रण परिदृश्य,,karobardaily.com,https://www.karobardaily.com/news/384928,Nepali
Sugar,Nepal,import,इथानोल प्रयोग चाँडो गर,,karobardaily.com,https://www.karobardaily.com/news/364619,Nepali
Sugar,Nepal,import,चिनी निर्यातमा भारतको प्रतिबन्ध,,gorkhapatraonline.com,https://www.gorkhapatraonline.com/news/205903,Nepali
Sugar,Nepal,import,चिनीमा आत्मनिर्भरताका लागि उत्पादन वृद्धिको योजना | Nepal first 24 - hour updated news portal,,ratopati.com,https://www.ratopati.com/story/563648/production-increase-plan-for-self-reliance-in-sugar,Nepali
Sugar,Nepal,import,सीमामा रोकिएन तस्करी,,annapurnapost.com,https://www.annapurnapost.com/story/498046/,Nepali
Sugar,Nepal,import,"India Nepal : नेपाल को अब 3 साल तक नहीं मिलेगी भारत की चीनी , PM बालेन शाह की बढ़ी टेंशन , जानें क्‍या है वजह",,navbharattimes.indiatimes.com,https://navbharattimes.indiatimes.com/world/asian-countries/nepal-balen-shah-govt-concern-over-sugar-amid-india-exports-ban-and-el-nino-threat/articleshow/131906801.cms,Hindi
Sugar,Nepal,import,भारतले चिनी निर्यात रोक्दा मूल्य र आपूर्तिमा दबाब,,ehimalayatimes.com,https://ehimalayatimes.com/2026/05/448049/,Nepali
Sugar,Nepal,import,Sugar prices rise despite adequate stocks claim,,kathmandupost.com,https://kathmandupost.com/money/2026/06/12/sugar-prices-rise-despite-adequate-stocks-claim,English
Sugar,Nepal,import,मल आयात गर्दा सीमा नाकामा कुनै अवरोध हुँदैनः उजुरी दिए तत्काल कारबाही गर्छौं : अतिरिक्त महानिरीक्षक मगर,,ehimalayatimes.com,https://ehimalayatimes.com/2026/04/441260/,Nepali
Sugar,Nepal,import,किसानले ५० रूपैयाँ दर्जनमा बेच्ने केरा उपभोक्तालाई ३०० ! ,,onlinekhabar.com,https://www.onlinekhabar.com/2026/04/1914487/farmers-sell-bananas-for-rs-50-a-dozen-but-consumers-pay-rs-300,Nepali
Sugar,Nepal,import,चिनीको मौज्दात आठ महिनालाई पुग्ने,,gorkhapatraonline.com,https://www.gorkhapatraonline.com/news/206175,Nepali
Sugar,Nepal,import,चिनीमा आत्मनिर्भरता बढाउन उखु उत्पादन विस्तार गर्ने सरकारको योजना,,ehimalayatimes.com,https://ehimalayatimes.com/2026/05/448602/,Nepali
Sugar,Nepal,import,अन्त : शुल्कमा व्यापक परिवर्तन तयारी,,onlinekhabar.com,https://www.onlinekhabar.com/2026/05/1941677/preparations-for-comprehensive-changes-in-excise-duties,Nepali
Sugar,Nepal,import,India protectionist policies squeeze Nepali markets and raise food security fears,,kathmandupost.com,https://kathmandupost.com/money/2026/05/15/india-s-protectionist-policies-squeeze-nepali-markets-and-raise-food-security-fears,English
Sugar,Nepal,import,देश विकासको लागि साझा संकल्प,,onlinekhabar.com,https://www.onlinekhabar.com/2026/06/1956248/shared-determination-for-the-development-of-the-country,Nepali
Sugar,Nepal,import,"पेट्रोलमा इथानोल मिसाउने सरकारको तयारी , खेर जाने कृषि उपजबाट उत्पादन गर्न आह्वान",,onlinekhabar.com,https://www.onlinekhabar.com/2026/05/1935788/government-preparing-to-blend-ethanol-with-petrol-calls-for-production-from-wasted-agricultural-produce,Nepali
Sugar,Nepal,export,"Sugar Industry Criticises Government Export Ban , Warns of Price Crash and Rising Dues",,dailypioneer.com,https://dailypioneer.com/news/sugar-export-ban-will-trigger-price-crash-hurt-factories-argue-industry-experts,English
Sugar,Nepal,export,Which City Is Known As The Watermelon Capital Of India ? ,,jagranjosh.com,https://www.jagranjosh.com/general-knowledge/which-city-is-known-as-the-watermelon-capital-of-india-1820008158-1,English
Sugar,Nepal,export,चुनौतीको चक्रव्यूहमा सम्भावनाको खोजीः कसरी बन्ला  स्मार्ट  नेपाल ? ,,karobardaily.com,https://www.karobardaily.com/news/380855,Nepali
Sugar,Nepal,export,Nigerian Drug Syndicates In Mumbai Emerge As Major Challenge For Police Amid ₹10 Crore Nalasopara Seizure,,freepressjournal.in,https://www.freepressjournal.in/mumbai/nigerian-drug-syndicates-in-mumbai-emerge-as-major-challenge-for-police-amid-10-crore-nalasopara-seizure,English
Sugar,Nepal,export,"ईरान का दावा : संघर्ष समाप्ति की दिशा में प्रगति , लेबनान युद्धविराम बना सबसे बड़ी चुनौती",,tarunmitra.in,https://www.tarunmitra.in/international/iran-claims-progress-towards-ending-conflict-lebanon-ceasefire-becomes-biggest/article-148935,Hindi
Sugar,Nepal,export,Nepal industrial slowdown deepens as new factory registrations fall,,kathmandupost.com,https://kathmandupost.com/money/2026/06/15/nepal-s-industrial-slowdown-deepens-as-new-factory-registrations-fall,English
Sugar,Nepal,export,  Clock is ticking : Hormuz disruption raises fears of global food crisis Global Issues,,globalissues.org,https://www.globalissues.org/news/2026/04/13/42755,English
Sugar,Nepal,export,Hope of economic resurgence in the northeastern belt,,theshillongtimes.com,https://theshillongtimes.com/2026/06/27/hope-of-economic-resurgence-in-the-northeastern-belt/,English
Sugar,Nepal,export,Jaggery Revolution : India sweet power goes global,,organiser.org,https://organiser.org/2026/05/21/354446/bharat/from-vedic-fields-to-global-markets-indias-ancient-superfood-leading-a-global-sweetener-revolution/,English
Sugar,Nepal,export,Patel Manufacturing Company : Delivering Reliable Sugarcane Processing Solutions Since 1988 . ,,smetimes.in,https://www.smetimes.in:443/smetimes/face-to-face/2026/May/21/Alpesh-Patel-Interview.html,English
Sugar,Nepal,export,Hormuz Disruption Sparks Global Food Crisis Fears,,miragenews.com,https://www.miragenews.com/hormuz-disruption-sparks-global-food-crisis-1654502/,English
Sugar,Nepal,export,  Clock Is Ticking : Hormuz Disruption Raises Fears Of Global Food Crisis – Eurasia Review,,eurasiareview.com,https://www.eurasiareview.com/14042026-clock-is-ticking-hormuz-disruption-raises-fears-of-global-food-crisis/,English
Sugar,Nepal,export,"Goulot d  étranglement , malgré la trêve - La Nouvelle République Algérie",,lnr-dz.com,https://www.lnr-dz.com/2026/04/16/goulot-detranglement-malgre-la-treve/,French
Sugar,Nepal,export,  I look look ， 义乌 ， 怎么就成  世界义乌  了 ？ |商贸城|跨境电商|小商品|宁波,,163.com,https://www.163.com/news/article/KUU480T3000189FH.html,Chinese
Sugar,Nepal,export,"UPSC Weekly Current Affairs : June 8 - 14 , 2026 , Prelims and Mains",,indianexpress.com,https://indianexpress.com/article/upsc-current-affairs/upsc-essentials/20-upsc-current-affairs-pointers-sipri-bhavya-june-8-14-2026-10735316/,English
Sugar,Nepal,export,"Sensex today | Stock Market Highlights : Nifty , Sensex close marginally lower amid inflation worries , IT stocks shine",,thehindubusinessline.com,https://www.thehindubusinessline.com/markets/sensex-nifty50-today-stock-market-highlights-19-may-2026/article70994734.ece,English
Sugar,Sri Lanka,import,Sunday Lankadeepa,,lankadeepa.lk,https://www.lankadeepa.lk/sunday/politics/%E0%B6%A2%E0%B6%B1%E0%B6%AD-%E0%B6%B1%E0%B6%AF%E0%B6%9A%E0%B6%B1-%E0%B6%89%E0%B7%84%E0%B7%85-%E0%B6%B4%E0%B6%BB%E0%B6%B7%E0%B6%A2%E0%B6%B1%E0%B6%BA-%E0%B7%80%E0%B6%B4%E0%B6%9A/54-692702,Sinhalese
Sugar,Sri Lanka,import,රුපියලෙන් මතුවන ආර්ථික කෝඩය - Lankadeepa Online,,lankadeepa.lk,https://www.lankadeepa.lk/mathawada/%E0%B6%BB%E0%B6%B4%E0%B6%BA%E0%B6%BD%E0%B6%B1-%E0%B6%B8%E0%B6%AD%E0%B7%80%E0%B6%B1-%E0%B6%86%E0%B6%BB%E0%B6%AE%E0%B6%9A-%E0%B6%9A%E0%B6%A9%E0%B6%BA/317-692471,Sinhalese
Sugar,Sri Lanka,import,"Govt . projects sharp primary surplus decline , reaffirms reform agenda",,ft.lk,https://www.ft.lk/top-story/Govt-projects-sharp-primary-surplus-decline-reaffirms-reform-agenda/26-792939,English
Sugar,Sri Lanka,import,"Govt Banned Sugar Export ; साखर निर्यातीवर 2026 पर्यंत बंदी , याचा भारताला काय फायदा होणार ? जाणून घ्या ... ",,maharashtratimes.com,https://maharashtratimes.com/business/business-news/government-banned-export-of-raw-white-and-refined-sugar-until-september-30-2026/articleshow/131092596.cms,Marathi
Sugar,Sri Lanka,import,舒达塔塔Tart意式轻奢真皮床 ， 给卧室加  亿点点甜蜜 _ 中华网,,hea.china.com,https://hea.china.com/articles/20260415/202604151847345.html,Chinese
Sugar,Sri Lanka,import,芒果季熱潮來襲 開元食品搶攻夏季餐飲黃金商機,,n.yam.com,https://n.yam.com/Article/20260624885378,Chinese
Sugar,Sri Lanka,import,獻給媽媽粉嫩康乃馨蛋糕 LADY KELLY粉漾朵朵清新登場,,n.yam.com,https://n.yam.com/Article/20260413365724,Chinese
Sugar,Sri Lanka,import,US Israel Iran war  होर्मुझ  मधून किती हिंदुस्थानी जहाजे पार ? राजनाथ सिंह यांनी मंत्रिगटाच्या बैठकीत दिली माहिती,,saamana.com,https://www.saamana.com/defence-minister-led-igom-takes-stock-of-indias-readiness-in-view-of-evolving-west-asia-situation/,Marathi
Sugar,Sri Lanka,import,2026年冰淇淋经典品牌深度解析与选购指南,,china.qianlong.com,https://china.qianlong.com/2026/0527/8674540.shtml,Chinese
Sugar,Sri Lanka,import,2026年冰淇淋哪个品牌最好吃 : 经典品牌巧乐兹深度解析与指南 _ 中华网,,m.tech.china.com,https://m.tech.china.com/redian/2026/0520/052026_1873125.html,Chinese
Sugar,Sri Lanka,import,东方财富期货早餐 6月18日 周四 _ 东方财富网,,finance.eastmoney.com,https://finance.eastmoney.com/a/202606173774843227.html,Chinese
Sugar,Sri Lanka,import,SOE profits fall 18 % to Rs . 444 b in 2025 weighed by CEB losses,,ft.lk,https://www.ft.lk/front-page/SOE-profits-fall-18-to-Rs-444-b-in-2025-weighed-by-CEB-losses/44-792937,English
Sugar,Sri Lanka,import,这些事在某些国家违法 入境随俗才不会被关 | 喂鸽子 | 口香糖 | 贝壳,,epochtimes.com,https://www.epochtimes.com/gb/26/4/23/n14747862.htm,Chinese
Sugar,Sri Lanka,import,"卡布利島必去觀景台 - 房屋貸款計算 , 中和新汽車貸款率利多少 , 轉貸銀行哪家好",,blog.udn.com,https://blog.udn.com:443/nt17nh19h/190552006,Chinese
Sugar,Sri Lanka,import,气温越高福利越多 ？ 成渝两地冰茶开启  高温补贴  模式 ， 元气森林这波操作很懂年轻人 _ 中华网,,m.tech.china.com,https://m.tech.china.com/redian/2026/0525/052026_1877579.html,Chinese
Sugar,Sri Lanka,import,LankaWeb – US Wars on Asia Disrupt Agriculture & Food in Sri Lanka,,lankaweb.com,https://www.lankaweb.com/news/items/2026/05/17/us-wars-on-asia-disrupt-agriculture-food-in-sri-lanka/,English
Sugar,Sri Lanka,import,"Strait of Hormuz Crisis : How Conflict Threatens Food , Energy and Water Security",,dailypioneer.com,https://dailypioneer.com/news/how-us-iran-tensions-threaten-the-global-food-energy-water-balance,English
Sugar,Sri Lanka,import,冷库板好用公司 _ 中华网,,digi.china.com,https://digi.china.com/articles/20260601/202606011883617.html,Chinese
Sugar,Sri Lanka,demand, 《 葬送的芙莉蓮 》 變身療癒甜點 ！ 今日限量開賣 吃完還能收藏打卡,,n.yam.com,https://n.yam.com/Article/20260423190121,Chinese
Sugar,Sri Lanka,demand,哈根达斯交易背后 ： 线下打法变了 ， 外资品牌在中国重新分工 - 钛媒体官方网站,,tmtpost.com,https://www.tmtpost.com/8012184.html,Chinese
Sugar,Sri Lanka,demand,中餐打造世界级品牌 ， 迎来黄金窗口期 ？- DoNews专栏,,donews.com,https://www.donews.com/article/detail/6499/100838.html,Chinese
Sugar,Sri Lanka,demand,"India sugar production in 2025 - 26 season may be around 28 million tonnes , experts say",,thehindubusinessline.com,https://www.thehindubusinessline.com/economy/agri-business/indias-sugar-production-in-2025-26-season-may-be-around-28-million-tonnes-experts-say/article70869264.ece,English
Sugar,Sri Lanka,demand,京东大药房痛风关爱中心已累计服务超15万痛风患者 ， 一站式解决痛风全病程管理难题 _ 中华网,,tech.china.com,https://tech.china.com/articles/20260421/202604211851477.html,Chinese
Sugar,Sri Lanka,demand,研究 ： 美最受欢迎GLP - 1减重药 或削弱骨骼 | GLP - 1药物 | 骨骼风险 | 骨质软化症,,epochtimes.com,https://www.epochtimes.com/gb/26/4/15/n14742403.htm,Chinese
Sugar,Sri Lanka,demand,第十个世界痛风日 | 京东健康  医检诊药  服务闭环 一站式解决痛风全病程管理难题 _ 中华网,,tech.china.com,https://tech.china.com/articles/20260420/202604201850817.html,Chinese
Sugar,Netherlands,shortage,不吃碳水能瘦更快 ？ 碳水化合物都很不健康 ？ 小心長期缺碳水 「 3後果 」 ,,n.yam.com,https://n.yam.com/Article/20260522601953,Chinese
Sugar,Netherlands,shortage,Slavery atrocities had many global masters,,seattletimes.com,https://www.seattletimes.com/opinion/slaverys-atrocities-had-many-global-masters/,English
Sugar,Netherlands,shortage, 「 财闻联播 」 新易盛 ， 最新业绩出炉 ！ 特朗普特使 ： 让意大利取代伊朗踢世界杯,,baijiahao.baidu.com,https://baijiahao.baidu.com/s?id=1863268571777261570,Chinese
Sugar,Netherlands,shortage, 【 财闻联播 】 新易盛 ， 最新业绩出炉 ！ 特朗普特使 ： 让意大利取代伊朗踢世界杯,,stcn.com,https://www.stcn.com/article/detail/3795727.html,Chinese
Sugar,Netherlands,shortage,"Miałam anemię , ale przeszłam na wegetarianizm . Nie uwierzysz , co odkryłam",,newsweek.pl,https://www.newsweek.pl/zdrowie-i-nauka/nauka/mialam-anemie-ale-przeszlam-na-wegetarianizm-nie-uwierzysz-co-odkrylam/v0llpxt,Polish
Sugar,Netherlands,shortage,早安世界 》 蕭副總統訪二戰遺址籲維護區域穩定 惠恕仁重申挺台參與國際 | 生活,,cna.com.tw,https://www.cna.com.tw:443/news/ahel/202606085001.aspx,Chinese
Sugar,Netherlands,shortage,India news : Gas price hiked in Delhi NCR amid Iran fallout,,dw.com,https://www.dw.com/en/india-news-cng-gas-price-hiked-in-delhi-ncr-amid-iran-war-fallout/live-77178271,English
Sugar,Netherlands,shortage,Suomessa viljaa kasvatetaan yhä venälisellä ammoniakilla – huolto­varmuuden takaava tehdas­hanke lykkntyy,,suomenkuvalehti.fi,https://suomenkuvalehti.fi/paajutut/suomessa-viljaa-kasvatetaan-yha-venalaisella-ammoniakilla-huoltovarmuuden-takaava-tehdashanke-lykkaantyy/,Finnish
Sugar,Netherlands,shortage,Carbon pollution : The invisible force making our food less nutritious,,adn.com,https://www.adn.com/nation-world/2026/05/01/carbon-pollution-the-invisible-force-making-our-food-less-nutritious/,English
Sugar,Netherlands,shortage,The invisible force making food less nutritious,,nzherald.co.nz,https://www.nzherald.co.nz/lifestyle/the-invisible-force-making-food-less-nutritious/premium/AY7PRHHJIFEYJOUE4ZH2GASRFY/,English
Sugar,Netherlands,shortage,首部酵母蛋白白皮书发布 国家战略级爆款原料真的来了 ！ ,,finance.sina.com.cn,https://finance.sina.com.cn/tech/roll/2026-04-17/doc-inhuuimn3375866.shtml,Chinese
Sugar,Netherlands,shortage, « Piesaistīts miljards »: Vai Latvijā tiešām noticis ārvalstu investīciju izrāviens ? ,,lsm.lv,https://www.lsm.lv/raksts/zinas/ekonomika/28.04.2026-piesaistits-miljards-vai-latvija-tiesam-noticis-arvalstu-investiciju-izraviens.a644762/,Latvian
Sugar,Netherlands,shortage,"Overnight News Digest : Science Saturday , 5 / 2 / 26",,dailykos.com,https://www.dailykos.com/stories/2026/5/2/800028229/community/overnight-news-digest-science-saturday-4-4-26/,English
Sugar,Netherlands,shortage,Moto News | WSX | Flat & Long Track | AusProMX | SX,,mcnews.com.au,https://www.mcnews.com.au/moto-off-road-weekly-news-2026-may-12/,English
Sugar,Netherlands,shortage,William Lithgow : Ο Σκωτσέζος περιηγητής που χαρακτήρισε την Κρήτη « Βασίλισσα της Μεσογείου » το 1610,,rethemnosnews.gr,https://www.rethemnosnews.gr/apopseis/722487_william-lithgow-o-skotsezos-periigitis-poy-haraktirise-tin-kriti-basilissa-tis,Greek
Cotton,India,import,印度取消为期五个月的棉花进口关税 ， 助力纺织品出口商 - CFi . CN 中财网,,cfi.net.cn,http://www.cfi.net.cn/p20260601000625.html,Chinese
Cotton,India,import,印度取消为期五个月的棉花进口关税 ， 助力纺织品出口商,,finance.sina.com.cn,https://finance.sina.com.cn/stock/usstock/c/2026-06-01/doc-inhzwuhs4001069.shtml,Chinese
Cotton,India,import,  零关税  印度出手 ！ 利多棉花品种 ？ _ 东方财富网,,finance.eastmoney.com,https://finance.eastmoney.com/a/202606023757554389.html,Chinese
Cotton,India,import,  零关税 ， 印度出手 ！ 利多这个品种 ？ ,,stcn.com,https://www.stcn.com/article/detail/3939340.html,Chinese
Cotton,India,import,Raw cotton import duty withdrawal essential for competitiveness of apparel sector : Study,,thehindubusinessline.com,https://www.thehindubusinessline.com/economy/agri-business/raw-cotton-import-duty-withdrawal-essential-for-competitiveness-of-apparel-sector-study/article70950377.ece,English
Cotton,India,import,"CITI welcomes temporary removal of 11 % cotton import duty , calls it boost for textile exports",,news.webindia123.com,https://news.webindia123.com/news/Articles/Business/20260531/4456614.html,English
Cotton,India,import,Tiruppur textile industry seeks zero duty on cotton imports,,thehindubusinessline.com,https://www.thehindubusinessline.com/economy/tiruppur-textile-industry-seeks-zero-duty-on-cotton-imports/article70977749.ece,English
Cotton,India,import,"Cotton prices down 3 % on import duty suspension , may slide more",,economictimes.indiatimes.com,https://economictimes.indiatimes.com/news/economy/agriculture/cotton-prices-down-3-on-import-duty-suspension-may-slide-more/articleshow/131449772.cms,English
Cotton,India,import,Study on cotton calls for long - term policies,,thehindu.com,https://www.thehindu.com/business/study-on-cotton-calls-for-long-term-policies/article70956262.ece,English
Cotton,India,import,"Indo Count , Gokaldas Exports , other textile stocks rise up to 11 % as govt scraps cotton import duty for five months",,moneycontrol.com,https://www.moneycontrol.com/news/business/markets/indo-count-gokaldas-exports-other-textile-stocks-rise-up-to-11-as-govt-scraps-cotton-import-duty-for-five-months-13937324.html,English
Cotton,India,import,"Can Marco Rubio Calm Markets as U . S .- India Tensions , Supply Chain Issues and Cotton Prices Mount ? ",,wwd.com,https://wwd.com/sourcing-journal/industry-news/marco-rubio-us-india-supply-chain-issues-cotton-prices-1238986582/,English
Cotton,India,import,"कपास आयात शुल्क घटाने पर सरकार और उद्योग में मतभेद , किसानों पर असर को लेकर बढ़ी चिंता - differences between government and industry on reducing cotton import duty increased concern over impact on farmers",,hindi.business-standard.com,https://hindi.business-standard.com/companies/industrial/differences-between-government-and-industry-on-reducing-cotton-import-duty-increased-concern-over-impact-on-farmers-id-521774,Hindi
Cotton,India,import,Indian cotton prices ease after govt suspends import duty,,thehindubusinessline.com,https://www.thehindubusinessline.com/economy/agri-business/indian-cotton-prices-ease-after-govt-suspends-import-duty/article71049006.ece,English
Cotton,India,import,伊朗戰爭打亂貿易 印度棉紗重鎮對中國出貨逆勢暴增 | 國際,,cna.com.tw,https://www.cna.com.tw:443/news/aopl/202604230233.aspx,Chinese
Cotton,India,import,Cotton Import Duty Removed : Boost for Textile Exports,,newkerala.com,https://www.newkerala.com/news/a/citi-welcomes-temporary-removal-11-cotton-import-duty-856.htm,English
Cotton,India,import,"Cotton Import Custom Duty : भारत के इस कदम से उड़ेगी बांग्‍लादेश की नींद , 5 महीने के लिए रहेगी यह छूट",,navbharattimes.indiatimes.com,https://navbharattimes.indiatimes.com/business/business-news/india-cotton-customs-duty-exemption-impact-on-bangladesh-textile-industry-5-months-of-relief/articleshow/131408896.cms,Hindi
Cotton,India,import,Centre waives cotton import duty till 31 October to boost supply,,livemint.com,https://www.livemint.com/industry/cotton-import-duty-exemption-cotton-imports-india-textile-industry-india-11780145727346.html,English
Cotton,India,import,"India Exports to China : महीनों पहले ऑर्डर बुक , चीन की इस डिमांड पर भारतीय मिलें दौड़ीं , युद्ध और कमजोर रुपया बने वरदान",,navbharattimes.indiatimes.com,https://navbharattimes.indiatimes.com/business/business-news/china-increased-demand-and-weak-rupee-a-boon-for-indian-cotton-yarn-mills-40-per-cent-jump-in-exports-orders/articleshow/130465370.cms,Hindi
Cotton,India,import,"कपास से इंपोर्ट ड्यूटी हटी , भारतीय कपास की मांग और कीमत घटी ! विदेशों में ऑर्डर लगा रहे मिल मालिक - indian cotton prices drop as import duty removed on foreign cotton",,jagran.com,https://www.jagran.com/business/msme-indian-cotton-prices-drop-as-import-duty-removed-on-foreign-cotton-40261008.html,Hindi
Cotton,India,shortage,棉花价格持续上涨 ， 什么原因 ？ 中东仍是关键变量,,stcn.com,https://www.stcn.com/article/detail/3743071.html,Chinese
Cotton,India,shortage,Cotton prices on the rise - The Hindu,,thehindu.com,https://www.thehindu.com/business/cotton-prices-on-the-rise/article70889492.ece,English
Cotton,India,shortage,"AP raises cotton , shrimp , tobacco issues with Union minister Piyush Goyal",,newindianexpress.com,https://www.newindianexpress.com/states/andhra-pradesh/2026/May/20/ap-raises-cotton-shrimp-tobacco-issues-with-union-minister-piyush-goyal,English
Cotton,India,shortage,为何说印度的这个夏天有点麻烦 经济困境与天气双重打击 _ 军事频道 _ 中华网,,military.china.com,https://military.china.com/news/13004177/20260512/49488645.html,Chinese
Cotton,India,shortage,Textile Mills Face Shutdown Threat as Cotton Inventories Hit All - Time Low,,propakistani.pk,https://propakistani.pk/2026/05/11/textile-mills-face-shutdown-threat-as-cotton-inventories-hit-all-time-low/,English
Cotton,India,shortage,TN CM Vijay urges PM Modi to scrap cotton import duty amid textile sector crisis,,prokerala.com,https://www.prokerala.com/news/articles/a1763002.html,English
Cotton,India,shortage,"India textile output shrinks in March as Iran war fuels input costs , hits",,economictimes.indiatimes.com,https://economictimes.indiatimes.com/industry/cons-products/garments-/-textiles/indias-textile-output-shrinks-in-march-as-iran-war-fuels-input-costs-hits/articleshow/130648148.cms,English
Cotton,India,shortage,"India Textile Sector Faces Setbacks as Input Costs and Crude Oil Prices Surge , ETRetail",,retail.economictimes.indiatimes.com,https://retail.economictimes.indiatimes.com/news/apparel-fashion/apparel/textiles-production-takes-a-hit-as-input-costs-crude-oil-surge/130670108,English
Cotton,India,shortage,TN chief minister urges PM Modi to remove import duty on cotton,,thehindubusinessline.com,https://www.thehindubusinessline.com/economy/agri-business/tn-chief-minister-urges-pm-modi-to-remove-import-duty-on-cotton/article70979257.ece,English
Cotton,India,shortage,Cotton prices rise by 4 % in single day in India - The HinduBusinessLine,,thehindubusinessline.com,https://www.thehindubusinessline.com/economy/agri-business/cotton-prices-rise-by-4-in-single-day-in-india/article70938839.ece,English
Cotton,India,shortage,印度有多缺油 食用油危机凸显 _ 军事频道 _ 中华网,,military.china.com,https://military.china.com/news/13004177/20260521/49506516.html,Chinese
Cotton,India,shortage,"India and Pakistan : पाकिस्तान ने दी भारत को युद्ध की धमकी , दिल्ली के इस एक फैसले से पड़ोसी देश का कमाऊ पूत डूबने की कगार पर",,navbharattimes.indiatimes.com,https://navbharattimes.indiatimes.com/business/business-news/india-and-pakistan-indus-waters-treaty-war-warning-textile-industry/articleshow/131900148.cms,Hindi
Cotton,India,shortage,"Tamil Nadu CM Vijay writes to PM Modi , urges scrapping 11 % import duty on cotton to safeguard textile sector , jobs",,calcuttanews.net,http://www.calcuttanews.net/news/279050679/tamil-nadu-cm-vijay-writes-to-pm-modi-urges-scrapping-11-import-duty-on-cotton-to-safeguard-textile-sector-jobs,English
Cotton,India,shortage,"Pick of BL commodities - June 28 , 2026 - The HinduBusinessLine",,thehindubusinessline.com,https://www.thehindubusinessline.com/newsletter/pick-of-bl-commodities/pick-of-bl-commodities-june-28-2026/article71154977.ece,English
Cotton,India,shortage,El Niño is set to further disrupt India $300 billion farm supply chain,,economictimes.indiatimes.com,https://economictimes.indiatimes.com/news/economy/agriculture/el-nio-is-set-to-further-disrupt-indias-300-billion-farm-supply-chain/articleshow/131979962.cms,English
Cotton,India,shortage,厄尔尼诺现象下 ， 哪些资产将受益 ？ ,,wallstreetcn.com,https://wallstreetcn.com/articles/3772975,Chinese
Cotton,Singapore,export,"Singapore First Lady tours Dar cotton factory , lauds textile innovation",,dailynews.co.tz,https://dailynews.co.tz/singapore-first-lady-tours-dar-cotton-factory-lauds-textile-innovation/,English
Cotton,Singapore,export,"India Pakistan Trade Operation Sindoor , ऑपरेशन सिंदूर के बाद  सुपर पावर  भारत के आगे पाकिस्‍तान नतमस्‍तक , इंडिया की एक चीज के बिना नहीं चल रहा काम - operation sindoor one year pakistan still buying pharmaceutical medicine products from india - Asia...",,navbharattimes.indiatimes.com,https://navbharattimes.indiatimes.com/world/asian-countries/operation-sindoor-one-year-pakistan-still-buying-pharmaceutical-medicine-products-from-india/articleshow/130883041.cms,Hindi
Cotton,Singapore,export,India exports roar back : Trade jumps 13 . 6 % to $80 . 8 billion in April | Indiablooms - First Portal on Digital News Management,,indiablooms.com,https://www.indiablooms.com/finance/indias-exports-roar-back-trade-jumps-136-to-808-billion-in-april/details,English
Cotton,Singapore,export,Ce se pregătește în culisele economiei chineze : restricțiile care pot redesena piața globală,,capital.ro,https://www.capital.ro/ce-se-pregateste-in-culisele-economiei-chineze-restrictiile-care-pot-redesena-piata-globala.html,Romanian
Cotton,Singapore,export,"Entenda como Brasil pode ter sobretaxa de 37 , 5 % nos EUA - 03 / 06 / 2026 - Economia",,folha.uol.com.br,https://www1.folha.uol.com.br/mercado/2026/06/entenda-como-nova-tarifa-de-trump-pune-brasil-duas-vezes-e-coloca-china-na-mira.shtml,Portuguese
Cotton,Singapore,export,广货出海 ， 一场跨越千年的  自我进化 _ 南方网,,news.southcn.com,https://news.southcn.com/node_457bd632a7/657214c353.shtml,Chinese
Cotton,Singapore,export,一线探访 · 看进展｜打通架梁  咽喉 ！ 绵遂资内铁路李家祠隧道贯通 _ 绵阳新闻网,,myrb.net,http://www.myrb.net/html/2026/news/6/448489.html,Chinese
Cotton,Singapore,export,CoBank Quarterly : Economic fallout of rising fuel and energy costs will be most acute in rural America,,manilatimes.net,https://www.manilatimes.net/2026/04/09/tmt-newswire/globenewswire/cobank-quarterly-economic-fallout-of-rising-fuel-and-energy-costs-will-be-most-acute-in-rural-america/2316728,English
Cotton,Singapore,export,绵遂资内铁路李家祠隧道贯通 _ 绵阳新闻网,,myrb.net,http://www.myrb.net/html/2026/news/6/448468.html,Chinese
Cotton,Singapore,export,"대상 , 동남아 식탁 점령 중 ... 현지화 전략으로 매출 1조원 정조준한다",,insight.co.kr,https://www.insight.co.kr/news/553683,Korean
Cotton,Singapore,export,脳のない臓器だけの構造体が 、 医療と長寿の切り札になる,,wired.jp,https://wired.jp/article/sz-a-billionaire-backed-startup-wants-to-grow-organ-sacks-to-replace-animal-testing/,Japanese
Cotton,Singapore,export,财经连线｜这家淄博企业 ， 与国家发改委主任面对面,,baijiahao.baidu.com,https://baijiahao.baidu.com/s?id=1863522594446434688,Chinese
Cotton,Singapore,export,シンガポールにおけるプラント ・ メンテナンス会社への出資について ： 紀伊民報AGARA｜和歌山県のニュースサイト,,agara.co.jp,https://www.agara.co.jp/article/622309,Japanese
Cotton,Singapore,export,情報BOX ： イランによるホルムズ海峡通航料徴収は可能か,,jp.reuters.com,https://jp.reuters.com/economy/KFJJUYZ5RVI3NLCOGBWPGJGMVY-2026-04-08/,Japanese
Cotton,Singapore,export,Why China Bangladesh Push Should Worry India,,rediff.com,https://www.rediff.com/news/special/why-chinas-bangladesh-push-should-worry-india/20260630.htm,English
Cotton,Singapore,export,コラム ： ＵＡＥのイラン資産凍結案は 「 諸刃の剣 」 か,,jp.reuters.com,https://jp.reuters.com/opinion/breakingviews/RCZ2M22XG5IXXDU5SMHZ3L2JQA-2026-04-10/,Japanese
Cotton,Singapore,export,コラム ： ホルムズ回避のパイプライン建設 、 経済合理性はあるか,,jp.reuters.com,https://jp.reuters.com/opinion/breakingviews/LMEWESC3WBL7ZJETLUEK45B6B4-2026-04-17/,Japanese
Cotton,Singapore,export,SLEEPING WITH THE ENEMY – THISDAYLIVE,,thisdaylive.com,https://www.thisdaylive.com/2026/06/14/sleeping-with-the-enemy/,English
Cotton,Singapore,export,Bhavani jamakkalam revival : Can reinvention secure the future of the GI - tagged craft ? ,,thehindu.com,https://www.thehindu.com/society/bhavani-jamakkalam-revival-can-reinvention-secure-the-future-of-the-gi-tagged-craft/article71130467.ece,English
Cotton,China,import,600 %， 飞往中亚的航班为何激增 ？ 供应链安全新布局 _ 新闻频道 _ 中华网,,news.china.com,https://news.china.com/socialgd/10000169/20260422/49440230.html,Chinese
Cotton,China,import,Bangladesh may face 10 % more tariff on US exports,,thedailystar.net,https://www.thedailystar.net/news/bangladesh/news/bangladesh-may-face-10-more-tariff-us-exports-4190276,English
Cotton,China,import,Labubu服装被检测出新疆棉 ， 泡泡玛特面临处罚,,wenxuecity.com,https://www.wenxuecity.com/news/2026/04/23/126628203.html,Chinese
Cotton,China,import,"Cotton Price : कपास 10 % महंगी , सप्लाई की चिंता बढ़ी ; टेक्सटाइल उद्योग ने मांगी ड्यूटी - फ्री आयात की इजाजत - cotton prices rise 10 pc raising supply concerns textile industry seeks permission for duty free imports",,hindi.business-standard.com,https://hindi.business-standard.com/commodities/cotton-prices-rise-10-pc-raising-supply-concerns-textile-industry-seeks-permission-for-duty-free-imports-id-520273,Hindi
Cotton,China,import,Pakistan Becomes Top Buyer of US Cotton Again as Local Stocks Run Dry,,propakistani.pk,https://propakistani.pk/2026/06/01/pakistan-becomes-top-buyer-of-us-cotton-again-as-local-stocks-run-dry/,English
Cotton,China,import,拉布布驗出 「 新疆棉 」 泡泡瑪特陷強迫勞動風暴 | 玩偶,,ntdtv.com,https://www.ntdtv.com/b5/2026/05/22/a104099130.html,Chinese
Cotton,China,import,国泰海通 ： 仍看好受益于美棉价格上行带来业绩弹性的纱线龙头 _ 股市直播 _ 市场 _ 中金在线,,sc.stock.cnfol.com,http://sc.stock.cnfol.com/gushizhibo/20260409/32132166.shtml,Chinese
Cotton,China,import,"परराष्ट्र धोरण फेल ! चीनने तब्बल 70 वेळा हिंदुस्थानचा तांदूळ नाकारला , तीन कंपन्यांचे परवाने रद्द",,saamana.com,https://www.saamana.com/china-rejects-indian-rice-70-times-licenses-of-three-companies-revoked-saamana-online-news/,Marathi
Cotton,China,import,农产品进口为何多元布局,,china.zjol.com.cn,https://china.zjol.com.cn/pinglun/202606/t20260609_31714652.shtml,Chinese
Cotton,China,import,"India cotton import duty hurting textile competitiveness , warns new Study",,news.webindia123.com,https://news.webindia123.com/news/Articles/Business/20260507/4447339.html,English
Cotton,China,import,国泰海通 ： 仍看好受益于美棉价格上行带来业绩弹性的纱线龙头 _ 东方财富网,,finance.eastmoney.com,https://finance.eastmoney.com/a/202604093698909232.html,Chinese
Cotton,China,import,Tom Cotton warns of cyber threat from Chinese medical devices,,washingtonexaminer.com,https://www.washingtonexaminer.com/policy/healthcare/4582563/tom-cotton-warns-fda-cybersecurity-threat-chinese-medical-devices/,English
Cotton,China,import,海关总署 ： 允许符合检验检疫要求的罗马尼亚乳品进口 _ 东方财富网,,finance.eastmoney.com,https://finance.eastmoney.com/a/202604183709691690.html,Chinese
Cotton,Netherlands,shortage,日本战俘在西伯利亚劳改事件 - 博客,,blog.wenxuecity.com,https://blog.wenxuecity.com/myblog/82804/202606/3883.html,Chinese
Cotton,Netherlands,shortage,日本战俘在西伯利亚劳改事件 | www . wenxuecity . com,,wenxuecity.com,https://www.wenxuecity.com/blog/202606/82804/3883.html,Chinese
Cotton,Netherlands,shortage,太平CNC車床零組件代工推薦 》 高品質CNC車床零件加工推薦晶禹金屬加工 - f78ecxe10223 的部落格,,blog.udn.com,https://blog.udn.com:443/f78ecxe10223/188454777,Chinese
Cotton,Netherlands,shortage, [ 年报 ] 三旺通信 ( 688618 ): 深圳市三旺通信股份有限公司2025年年度报告摘要 - CFi . CN 中财网,,cfi.net.cn,http://www.cfi.net.cn/p20260430000386.html,Chinese
Cotton,Netherlands,shortage,绵阳市国民经济和社会发展第十五个五年规划纲要 _ 绵阳新闻网,,myrb.net,http://www.myrb.net/html/2026/news/5/447643.html,Chinese
Cotton,Netherlands,shortage,Προτάσεις Ευριπίδη Στυλιανίδη για τους αγρότες και την αναγέννηση της υπαίθρου,,xronos.gr,https://xronos.gr/politiki/protaseis-eyripidi-stylianidi-gia-toys-agrotes-kai-tin-anagennisi-tis-ypaithroy,Greek
Turmeric,India,export,Which City is Known As the Turmeric City of India ? ,,jagranjosh.com,https://www.jagranjosh.com/general-knowledge/which-city-is-titled-as-the-turmeric-city-of-india-1820008327-1,English
Turmeric,India,export,State - Wise List of Famous Spices in India,,jagranjosh.com,https://www.jagranjosh.com/general-knowledge/statewise-list-of-famous-spices-in-india-1820009871-1,English
Turmeric,India,export,"कमजोर रहा भारत के मसालों का कारोबार , विदेशी एक्सपोर्ट में फीकी पड़े देसी मसाले - indias spice exports decline in fy26 chili cumin down",,jagran.com,https://www.jagran.com/business/commodity-indias-spice-exports-decline-in-fy26-chili-cumin-down-40262250.html,Hindi
Turmeric,India,export,Lakadong turmeric : The story of India  Golden Spice  from Meghalaya that reached the global stage with G7 gift,,timesofindia.indiatimes.com,https://timesofindia.indiatimes.com/etimes/trending/lakadong-turmeric-the-story-of-indias-golden-spice-from-meghalaya-that-reached-the-global-stage-with-g7-gift/articleshow/131927720.cms,English
Turmeric,India,export,"Huge export opportunities for food , beverages in Singapore mkt : TPCI",,economictimes.indiatimes.com,https://economictimes.indiatimes.com/small-biz/trade/exports/insights/huge-export-opportunities-for-food-beverages-in-singapore-mkt-tpci/articleshow/130433165.cms,English
Turmeric,India,export,"India - UK FTA to benefit farmers , fishermen , MSMEs : Piyush Goyal",,theshillongtimes.com,https://theshillongtimes.com/2026/06/23/india-uk-fta-to-benefit-farmers-fishermen-msmes-piyush-goyal/,English
Turmeric,India,export,"Global , then local : How Vahdam India is aiming to scale revenues of Rs 500 cr by next year",,economictimes.indiatimes.com,https://economictimes.indiatimes.com/small-biz/sme-sector/global-then-local-how-vahdam-india-is-aiming-to-scale-revenues-of-rs-500-cr-by-next-year/articleshow/131983068.cms,English
Turmeric,India,export,"From farms to factories , trade pact with the united kingdom opens new opportunities in India",,indianexpress.com,https://indianexpress.com/article/opinion/columns/from-farms-to-factories-trade-pact-with-the-uk-opens-new-opportunities-in-india-10752503/,English
Turmeric,India,export,Navigating the India - EU trade deal - The HinduBusinessLine,,thehindubusinessline.com,https://www.thehindubusinessline.com/opinion/navigating-the-india-eu-trade-deal/article70921369.ece,English
Turmeric,India,export,FM Sitharaman inaugurates northeast largest organic spice processing unit,,prokerala.com,https://www.prokerala.com/news/articles/a1777361.html,English
Turmeric,India,export,"Make way for the  queen : Ahead of pineapple festival in Delhi , Tripura eyes global status for its state fruit | India News",,indianexpress.com,https://indianexpress.com/article/india/tripura-global-pineapple-festival-delhi-mission-queen-10739279/,English
Turmeric,India,export,Greenspace Herbs launches world first quantum - enhanced curcumin supplements,,americanbazaaronline.com,https://americanbazaaronline.com/2026/04/23/greenspace-herbs-launches-worlds-first-quantum-enhanced-curcumin-supplements-479562/,English
Turmeric,India,export,अनुसंधान को राष्ट्र निर्माण से जोड़ें युवा वैज्ञानिक : CM योगी,,hindi.webdunia.com,https://hindi.webdunia.com/uttar-pradesh/cm-yogi-vibh-national-convention-varanasi-young-scientists-126061300055_1.html,Hindi
Turmeric,India,export,"I - Beauty : India Emerging Skincare Movement Set to Rival K - beauty and J - beauty , ETRetail",,retail.economictimes.indiatimes.com,https://retail.economictimes.indiatimes.com/news/health-and-beauty/i-beauty-after-j-k-and-c-now-its-indias-turn-in-the-big-beautiful-market/131086689,English
Turmeric,India,export,Meghalaya Nuggets | The Shillong Times,,theshillongtimes.com,https://theshillongtimes.com/2026/05/16/meghalaya-nuggets-626/,English
Turmeric,India,export,"Cash , with caveats : Is Sebi about to nudge the door open for agri - commodities ? ",,livemint.com,https://www.livemint.com/market/commodities/cash-with-caveats-is-sebi-about-to-nudge-the-door-open-on-agri-commodities-derivatives-ncdex-11778408784566.html,English
Turmeric,India,export,Tk 45 . 81 lakh fines collected for violating Jute Packaging Act,,bssnews.net,https://www.bssnews.net/news/384276,English
Turmeric,India,export,Naturite Agro Products Strengthens Its Position in the Growing Global Natural Ingredients and Nutraceuticals Market,,middleeaststar.com,http://www.middleeaststar.com/news/279142478/naturite-agro-products-strengthens-its-position-in-the-growing-global-natural-ingredients-and-nutraceuticals-market,English
Turmeric,Bangladesh,demand,南博会首日商贸合同金额超100亿元 - 新华网,,xinhuanet.com,http://www.xinhuanet.com/20260612/a9cf8b8277904daf8b88aeaa467fbb8d/c.html,Chinese
Turmeric,Bangladesh,demand,南博会首日商贸合同金额超100亿元,,news.china.com.cn,http://news.china.com.cn/2026-06/13/content_118546617.shtml,Chinese
Turmeric,Bangladesh,demand,VPP Crowd - funded Election | The Shillong Times,,theshillongtimes.com,https://theshillongtimes.com/2026/06/02/vpps-crowd-funded-election/,English
Turmeric,Germany,demand,बाँदरबाट हैरान बेसार खेतीमा सफलता,,gorkhapatraonline.com,https://www.gorkhapatraonline.com/news/206637,Nepali
Turmeric,Germany,demand,"Frisches Image : Romanesco , lila und mehr : Blumenkohl begeistert mit Vielfalt",,volksstimme.de,https://www.volksstimme.de/leben/gesundheit/romanesco-lila-und-mehr-blumenkohl-begeistert-mit-vielfalt-4257426,German
Turmeric,Germany,demand,Von Ingwer bis Kurkuma : Jungunternehmer baut exotisches Gemüse an,,shz.de,https://www.shz.de/lokales/gluecksburg-angeln/artikel/von-ingwer-bis-kurkuma-jungunternehmer-baut-exotisches-gemuese-an-50548662,German
Turmeric,Germany,demand,"Romanesco , lila und mehr : Blumenkohl begeistert mit Vielfalt",,op-online.de,http://www.op-online.de/leben/gesundheit/romanesco-lila-und-mehr-blumenkohl-begeistert-mit-vielfalt-zr-94326050.html,German
Turmeric,Germany,demand,"Future Market Insights : Non - Dairy Ice Cream Market Outlook 2036 with Key Contributions from Unilever , Danone S . A ., General Mills , Unilever , Trader Joe , Tofutti Brands",,finanznachrichten.de,https://www.finanznachrichten.de/nachrichten-2026-04/68327962-future-market-insights-non-dairy-ice-cream-market-outlook-2036-with-key-contributions-from-unilever-danone-s-a-general-mills-unilever-trader-joe-008.htm,English
Turmeric,Germany,demand,臺南4月求職熱潮接力 沈浸式體驗徵才登場 釋逾480職缺,,n.yam.com,https://n.yam.com/Article/20260409705231,Chinese
Turmeric,Germany,demand,Verstecktes Gemüse im Waffelteig : So klappt der Trick,,kreiszeitung.de,https://www.kreiszeitung.de/leben/einfach-tasty/verstecktes-gemuese-im-waffelteig-so-klappt-der-trick-zr-94261156.html,German
Turmeric,Germany,demand,时尚WEEKLY｜Jellycat Dog Hotel狗狗酒店主题店登陆成都SKP icebreaker Touch Lab全球最新形象首站落地成都太古里,,163.com,https://www.163.com/dy/article/KTHDU5CT0514D3UH.html,Chinese
Turmeric,Germany,demand,Gewürze aus der Kleinmarkthalle : Frankfurter Tradition für Ihre Küche,,business-on.de,https://www.business-on.de/kleinmarkthalle-frankfurt-gewuerze-traditionsstand-kaufen.html,German
Turmeric,Germany,demand,War Against Drugs or Food Adulteration Which battle will save more lives ? ,,dailyexcelsior.com,https://www.dailyexcelsior.com/war-against-drugs-or-food-adulteration-which-battle-will-save-more-lives-2/,English
Turmeric,Germany,demand,下南洋 ： 穷人活路与老钱生意 - 虎嗅网,,huxiu.com,https://www.huxiu.com/article/4864512.html,Chinese
Turmeric,Germany,demand,"  Limpossibile non esiste : Carlotta Fabbri racconta i segreti di Fabbri 1905 , lazienda che ha conquistato il mondo con un vasetto di amarene",,quotidiano.net,https://www.quotidiano.net/economia/money-vibez/limpossibile-non-esiste-carlotta-fabbri-racconta-i-segreti-di-fabbri-1905-lazienda-che-ha-conquistato-il-mondo-con-un-vasetto-di-amarene-q043aaw8,Italian
Turmeric,Germany,demand,下南洋 （ 上 ） | 穷人活路与老钱生意 - 经济观察网 － 专业财经新闻网站,,eeo.com.cn,http://www.eeo.com.cn/2026/0604/902191.shtml,Chinese
Turmeric,China,import,臺南榮服處拜會後備指揮部後備旅 攜手推安心御老平臺,,n.yam.com,https://n.yam.com/Article/20260418549127,Chinese
Turmeric,China,import,最新肥胖标准发布 ！ Plameca西班牙肝脏专家提醒 ： 腰围超标当心得脂肪肝 ！_ 中华网,,hea.china.com,https://hea.china.com/hea/xinwen/2026/0618/062026_1897056.html,Chinese
Turmeric,China,import,臺南YouBike功能再升級 ！ iPASS MONEY支付服務5 / 6起上線,,n.yam.com,https://n.yam.com/Article/20260504814664,Chinese
Turmeric,China,import,臺南首屆 「 AI IMPACT 」 成果展示 體驗智慧城市魅力×享數位通行好康,,n.yam.com,https://n.yam.com/Article/20260425582712,Chinese
Turmeric,China,import,科技有溫度 ！ 成大醫 ： 打造孕產兒連續照護新典範 母嬰更親善,,n.yam.com,https://n.yam.com/Article/20260610382586,Chinese
Turmeric,China,import,云南曲靖发展成效绽放南博会 _ 新华网,,yn.xinhuanet.com,http://yn.xinhuanet.com/20260612/62cd8920b2b7434fba1da6a1087cba16/c.html,Chinese
Turmeric,China,import,銀髮也能練槓鈴 南市醫 「 肌廠實驗室 」 AI客製化運動處方,,n.yam.com,https://n.yam.com/Article/20260421418943,Chinese
Turmeric,China,import,易水肿体质选哪款膳食 ？ 亲测英国Nicikk ， 平缓碳水维持线条 _ 中华网,,m.tech.china.com,https://m.tech.china.com/redian/2026/0617/062026_1896441.html,Chinese
Turmeric,China,import,南紡年中超足回饋 新APP新櫃齊發 世足快閃電競賽引爆初夏熱潮,,n.yam.com,https://n.yam.com/Article/20260520372744,Chinese
Turmeric,China,import,驛起響愛公益園遊會 「 我有 、 你嘛有 」 一起 「 5² 」 讓愛翻倍,,n.yam.com,https://n.yam.com/Article/20260514129344,Chinese
Turmeric,China,import,結合AI科技防洪 南市府驗證操作TV車檢視下水道清淤成效,,n.yam.com,https://n.yam.com/Article/20260414564901,Chinese
Turmeric,China,import,Disease Outbreak Drives Ghana to Import Chinese Ginger,,newsghana.com.gh,https://www.newsghana.com.gh/disease-outbreak-drives-ghana-to-import-chinese-ginger/,English
Turmeric,China,import,高榮南院推護理友善環境獲優等雙獎 ！ 田燕凌護理師同獲個人績優,,n.yam.com,https://n.yam.com/Article/20260526236306,Chinese
Turmeric,China,import,市場快訊 - 中時新聞網,,act.chinatimes.com,https://act.chinatimes.com/market/content.aspx?AdID=21496,Chinese
Turmeric,China,import,屏東縣政府攜手46家業者進軍2026台北國際食品展,,n.yam.com,https://n.yam.com/Article/20260624136819,Chinese
Turmeric,China,import,水交社迎來生活美學新風景 草木入駐歷史場域,,n.yam.com,https://n.yam.com/Article/20260621355328,Chinese
Turmeric,China,import,奇美醫結合LINE @「 奇醫管家 」 ePROM智慧照護平台 落實以人為本,,n.yam.com,https://n.yam.com/Article/20260602173627,Chinese
Turmeric,China,import,护肝片产品效果好不好看什么 ？ 2026优质奶蓟草护肝品牌多维测评 ： 产品特点 、 成分纯度 、 适用人群全PK ， 高效护肝款直接锁定肝益莱 _ 中华网,,m.tech.china.com,https://m.tech.china.com/redian/2026/0415/042026_1847268.html,Chinese
Turmeric,China,import,产后代谢变慢怎么调理 ？ Nicikk轻体宝 ， 成分温和适配日常补充 _ 中华网,,m.tech.china.com,https://m.tech.china.com/redian/2026/0622/062026_1898654.html,Chinese
Turmeric,China,import,进口体态管理产品哪家好 ？ Nicikk轻体宝 ， 多维营养温和调理 _ 中华网,,m.tech.china.com,https://m.tech.china.com/redian/2026/0625/062026_1901620.html,Chinese
Turmeric,China,export,How Costa Rica approaches marketing and consumer outreach : From Alexa to in - store supermarket tastings,,freshplaza.com,https://www.freshplaza.com/north-america/article/9836234/how-costa-rica-approaches-marketing-and-consumer-outreach-from-alexa-to-in-store-supermarket-tastings/,English
Turmeric,China,export,Filipino Restaurant Month : best dishes to try in Ontario,,stcatharinesstandard.ca,https://www.stcatharinesstandard.ca/things-to-do/food-and-drink/filipino-restaurant-month-ontario-guide/article_78845378-466a-572f-b169-4d1f75f409f9.html,English
Turmeric,China,export,大反弹 ！ A股悄然收复4100点 ， 这波行情究竟在  涨  什么 ？_ 财富号 _ 东方财富网,,caifuhao.eastmoney.com,https://caifuhao.eastmoney.com/news/20260503074046563131010,Chinese
Turmeric,China,export,Reimagining sustainability from the ground up,,thedailystar.net,https://www.thedailystar.net/opinion/views/news/reimagining-sustainability-the-ground-4159846,English
Turmeric,China,export,"Thailand 2026 Economic Growth Forecast : 1 . 6 - 1 . 8 %, Key Drivers And Risks",,chiangraitimes.com,https://www.chiangraitimes.com/business/thailands-2026-economic-growth/,English
Turmeric,China,export,How Russia Is Upending The West Attempt To Control Technology With Intellectual Property,,scoop.co.nz,https://www.scoop.co.nz/stories/WO2606/S00285/how-russia-is-upending-the-wests-attempt-to-control-technology-with-intellectual-property.htm,English
Turmeric,Japan,demand,國科會32次會議核准南科2家投資進駐屏東科學園區,,n.yam.com,https://n.yam.com/Article/20260511419059,Chinese
Turmeric,Japan,demand,May Farming Guide : Water Conservation & Monsoon Preparation|മേയ് മാസത്തെ കൃഷിപ്പണികൾ : കൃഷിരീതികളും മഴവെള്ള സംഭരണവും | Mathrubhumi,,mathrubhumi.com,https://www.mathrubhumi.com/agriculture/features/may-farming-guide-2026-monsoon-preparation-jvaiwlym,Malayalam
Turmeric,Japan,demand,台中福華×西螺福興宮×瑞春醬油 三強聯名推端午最狂粽禮 早鳥預購限量開搶,,n.yam.com,https://n.yam.com/Article/20260505185085,Chinese
Turmeric,Japan,demand,奇美食品×昭和食堂登國際食品展 從預約困難店到顛覆甜餃美味,,n.yam.com,https://n.yam.com/Article/20260624230769,Chinese
Turmeric,Japan,demand,日本の食品着色料市場調査レポート2036 ： 市場規模 、 競争環境 、 および成長要因,,japan.cnet.com,https://japan.cnet.com/release/31177286/,Japanese
Turmeric,Japan,demand,养生品牌与奶蓟草产品推荐2026年对话 ， 以科研实力为根基 ， 用临床数据说话 ， 强势入围年度科学专业养护名录 _ 中华网,,m.tech.china.com,https://m.tech.china.com/redian/2026/0429/042026_1858783.html,Chinese
Turmeric,Japan,demand,Más de 31 millones de kilos de productos orgánicos nacionales llegaron a mercados exigentes en el 2025,,mag.go.cr,https://mag.go.cr/mas-de-31-millones-de-kilos-de-productos-organicos-nacionales-llegaron-a-mercados-exigentes-en-el-2025/,Spanish
Turmeric,Japan,demand,Flavour trends coming for coffee sector,,beveragedaily.com,https://www.beveragedaily.com/Article/2026/04/14/flavour-trends-coming-for-coffee-sector/,English
Turmeric,Japan,demand,成大藝坊攜手藝術家桑拿大可 、 陳橋 、 蓉生展出插畫聯展,,n.yam.com,https://n.yam.com/Article/20260416794018,Chinese
Turmeric,Japan,demand,輔導會陳進廣偕立委視察中榮灣橋分院長照推動成果,,n.yam.com,https://n.yam.com/Article/20260620615342,Chinese
Turmeric,Japan,demand,护肝片哪个牌子好 ？ 2026养肝护肝产品口碑推荐 ， 多维度实测数据揭秘真实力 ， 清排疏养技术获全网用户一致好评 _ 中华网,,m.tech.china.com,https://m.tech.china.com/redian/2026/0514/052026_1868343.html,Chinese
Turmeric,Japan,demand,护肝片哪个品牌好 ？《 护肝片修护力综合评价白皮书 》 实力品牌推荐 ， 多重构筑肝脏防护屏障 ， 快速降脂肪肝指标 _ 中华网,,m.tech.china.com,https://m.tech.china.com/redian/2026/0515/052026_1869651.html,Chinese
Turmeric,Japan,demand,护肝片哪个牌子效果好 ？ 从水飞蓟官方旗舰店口碑看品牌的逻辑 ， 科学配方+临床验证多层面深扒实力派护肝好物 _ 中华网,,m.tech.china.com,https://m.tech.china.com/redian/2026/0429/042026_1858784.html,Chinese
Turmeric,Japan,demand,护肝片哪个品牌效果高效又专业 ？ 2026柳叶刀+Nature联合推荐护肝片养肝品牌实测选购指南 ： 水飞蓟+奶蓟草双升华 ， KNC获专家一致认可 _ 中华网,,m.tech.china.com,https://m.tech.china.com/redian/2026/0514/052026_1868696.html,Chinese
Turmeric,Japan,demand,护肝片哪个牌子效果好 ？ 2026国产奶蓟草提取技术逆袭白皮书 ， 产品品质与临床功效深度分析报告 _ 中华网,,m.tech.china.com,https://m.tech.china.com/redian/2026/0408/042026_1841987.html,Chinese
Turmeric,Japan,demand,护肝片哪个品牌好还安全 ？ 降转氨酶的养肝护肝产品推荐 ， 持续滋养肝细胞 、 稳定肝酶数值 、 改善面色发黄 ， 长期养护优选 _ 中华网,,m.tech.china.com,https://m.tech.china.com/redian/2026/0423/042026_1853558.html,Chinese
Turmeric,Japan,demand,护肝片哪个牌子效果好 ？ 2026年度护肝片推荐 ， 先进科技 、 配方与实证效果深度横评 _ 中华网,,m.tech.china.com,https://m.tech.china.com/redian/2026/0625/062026_1901468.html,Chinese
Turmeric,Japan,demand,护肝片官方旗舰店临床观察分析 ， 2026全网安全实证好的酒精肝产品揭晓 ， 最擅长清除肝内脂质 _ 中华网,,m.tech.china.com,https://m.tech.china.com/redian/2026/0424/042026_1854157.html,Chinese
Turmeric,Japan,demand,KNC肝益莱如何以  协同增效技术  重新定义进口护肝赛道 ？ 2026热门护肝品牌与成分技术解析 _ 中华网,,m.tech.china.com,https://m.tech.china.com/redian/2026/0421/042026_1852113.html,Chinese
Turmeric,Vietnam,import,护肝片哪个牌子效果好 ？ 2026年改善肝酶的奶蓟草养肝护肝品牌实测横评 ， 高性价比+用户口碑证实熬夜肝功稳定 _ 中华网,,m.tech.china.com,https://m.tech.china.com/redian/2026/0513/052026_1867542.html,Chinese
Turmeric,Vietnam,import,Le Vietnam promeut ses produits phares au Forum africain sur linvestissement et le commerce,,vietnam.vnanet.vn,https://vietnam.vnanet.vn/french/tin-van/le-vietnam-promeut-ses-produits-phares-au-forum-africain-sur-linvestissement-et-le-commerce-445139.html,French
Turmeric,Vietnam,import,1491 越南牛排｜宜蘭牛排推薦 ！ 越式醬汁＋河粉鐵板 ， 自助吧麵包湯品吃到飽｜食尚玩家,,supertaste.tvbs.com.tw,https://supertaste.tvbs.com.tw/food/359636,Chinese
Turmeric,Vietnam,import,"Les nouveaux ALE , un levier pour les exportations vers le Moyen - Orient et lAsie du Sud",,lecourrier.vn,https://lecourrier.vn/les-nouveaux-ale-un-levier-pour-les-exportations-vers-le-moyen-orient-et-lasie-du-sud/1349408.html,French
Turmeric,Vietnam,import,全球11強占2席 ！ 永康柳營奇美雙院無菸治理國際金獎,,n.yam.com,https://n.yam.com/Article/20260617507286,Chinese
Turmeric,Vietnam,import,代谢差易囤积怎么破 ？ Nicikk轻体宝 ， 调节肠道促循环 _ 中华网,,m.tech.china.com,https://m.tech.china.com/redian/2026/0614/062026_1892898.html,Chinese
Turmeric,Vietnam,import,护肝片品牌2026推荐 ！ 针对肝火旺 、 肌肤暗沉的奶蓟草护肝保健产品 ， 柴胡+牛蒡根双效 ， 清热泻肝 、 净透肤质 _ 中华网,,m.tech.china.com,https://m.tech.china.com/redian/2026/0414/042026_1846554.html,Chinese
Turmeric,Vietnam,import,2026年Q2度养肝护肝奶蓟草产品调研 ， 十款主流降酶 、 减脂 、 利肝品牌推荐 ， 综合实力 、 品质矩阵 、 成分技术深度分析 _ 中华网,,m.tech.china.com,https://m.tech.china.com/redian/2026/0517/052026_1870752.html,Chinese
Turmeric,Vietnam,import,中国留学生亲历印度  能源危机 ： 食堂再也不供应荤菜,,wenxuecity.com,https://www.wenxuecity.com/news/2026/05/23/126657569.html,Chinese
Turmeric,Vietnam,import,苗栗防穿刺鞋墊企業採購 》 廣薪實業 鞋墊 OEM / ODM 製造優勢 ， 從打樣到量產一站完成 - ff67d5nu72199 的部落格,,blog.udn.com,https://blog.udn.com:443/ff67d5nu72199/188531875,Chinese
Turmeric,Indonesia,demand,"Что входит в состав специи - как изготавливают корицу , шафран и ваниль",,unian.net,https://www.unian.net/curiosities/chto-vhodit-v-sostav-specii-kak-izgotavlivayut-koricu-shafran-i-vanil-13364757.html,Russian
Turmeric,Indonesia,demand,成大115級畢典 沈孟儒勉畢業生 「 勤以立身 善以立世 」 ,,n.yam.com,https://n.yam.com/Article/20260607299711,Chinese
Turmeric,Indonesia,demand,Thailand Pushes To Become Asia Ultimate Wellness Hub In 2026,,chiangraitimes.com,https://www.chiangraitimes.com/health/thailand-pushes-to-become-asias-ultimate-wellness-hub-in-2026/,English
Turmeric,Nepal,demand,महासंघ र १८ वस्तुगत संघबीच सहमति,,ehimalayatimes.com,https://ehimalayatimes.com/2026/04/441415/,Nepali
Turmeric,Nepal,demand,कृषि उत्पादनमा जोडिँदै महिला सहकारी | Nepal first 24 - hour updated news portal,,ratopati.com,https://www.ratopati.com/story/571660/womens-cooperatives-joining-agricultural-production,Nepali
Turmeric,Nepal,demand,"बाँदरले खोसे किसानको गाँस : समस्या संसद्सम्म , समाधान छैन",,annapurnapost.com,https://www.annapurnapost.com/story/498252/,Nepali
Turmeric,Nepal,demand,"कृषिमा कर्पोरेट मोडेल : साना किसानका कार्यक्रम खारेज , ठूलालाई ४० प्रतिशत अनुदान",,onlinekhabar.com,https://www.onlinekhabar.com/2026/05/1942729/corporate-model-in-agriculture-small-farmers-programs-scrapped-40-percent-subsidy-for-large-farmers,Nepali
Turmeric,Nepal,demand,२७ वटा पालिकाले ल्याएनन् बजेट,,annapurnapost.com,https://www.annapurnapost.com/story/502477/,Nepali
Turmeric,Nepal,demand,Fulvicearth Introduces Pure Himalayan Shilajit Resin to Boost Vitality and Mental Clarity,,itnewsonline.com,https://www.itnewsonline.com/GlobeNewswire/Fulvicearth-Introduces-Pure-Himalayan-Shilajit-Resin-to-Boost-Vitality-and-Mental-Clarity/119895,English
Maize,Saudi Arabia,export,"Kombos : Orta Doğuda dengeler değişiyor , Güney Kıbrıs seyirci kalmıyor - Gündem Kıbrıs Gazetesi",,gundemkibris.com,https://www.gundemkibris.com/kombos-orta-doguda-dengeler-degisiyor-guney-kibris-seyirci-kalmiyor,Turkish
Maize,Saudi Arabia,export,Глобальний гравець : як Україна посилила позиції на ринку зернових та олійних,,dengi.ua,https://dengi.ua/ua/agro/9760866-globalnij-gravets-yak-ukrayina-posilila-pozitsiyi-na-rinku-zernovikh-ta-olijnikh,Ukrainian
Maize,Saudi Arabia,export,  Krize seyirci kalmayacağız  ,,halkinsesikibris.com,https://www.halkinsesikibris.com/krize-seyirci-kalmayacagiz,Turkish
Maize,Saudi Arabia,export,Bir kırılışın anatomisi : BAEnin OPECten ayrılmasının ardındaki yapısal gler,,haksozhaber.net,https://www.haksozhaber.net/bir-kirilisin-anatomisi-baenin-opecten-ayrilmasinin-ardindaki-yapisal-gucler-205078h.htm,Turkish
Maize,Saudi Arabia,export,Diyanette  sahte diploma  skandalı : Sahte diplomalı müftü,,birgun.net,https://www.birgun.net/haber/diyanette-sahte-diploma-skandali-sahte-diplomali-muftu-712593%20class=slide-link%20target=_blank,Turkish
Maize,Saudi Arabia,export,ABD - İran ateşkesinin dünyadaki yankıları : Diplomasi için umut verici bir yol,,haberturk.com,https://www.haberturk.com/abd-iran-ateskesinin-dunyadaki-yankilari-diplomasi-icin-umut-verici-bir-yol-3875655,Turkish
Maize,Saudi Arabia,export,트럼프가 이란 전쟁에 쏟아부은 돈 40조 원 … 이걸로 끝일까 ? ,,pressian.com,https://www.pressian.com/pages/articles/2026041313562742275,Korean
Maize,Saudi Arabia,export,جريدة الرياض | إمدادات المياه في المملكة تتجاوز 16 مليون م³ يوميًا .. الأكبر عالميًا في الإنتاج,,alriyadh.com,https://www.alriyadh.com/2185825,Arabic
Maize,Saudi Arabia,export,Middle East conflict and new global economic reset,,tribune.com.pk,https://tribune.com.pk/story/2610766/middle-east-conflict-and-new-global-economic-reset,English
Maize,Saudi Arabia,export,North Almajiri As Nigeria Albatross – THISDAYLIVE,,thisdaylive.com,https://www.thisdaylive.com/2026/06/13/norths-almajiri-as-nigerias-albatross/,English
Maize,Saudi Arabia,export,"Ruto warns diaspora against social media  fake news , defends economic agenda",,standardmedia.co.ke,https://www.standardmedia.co.ke/national/article/2001545879/ruto-warns-diaspora-against-social-media-fake-news-defends-economic-agenda,English
Maize,Saudi Arabia,export,美伊谈判反复拉锯 ， 全球供应链韧性承压,,yicai.com,https://www.yicai.com/news/103146853.html,Chinese
Maize,Saudi Arabia,export,Kenya :  Dont Rely On Social Media for News About Home  - Ruto Tells Kenyans in Rome,,allafrica.com,https://allafrica.com/stories/202604210155.html,English
Maize,Saudi Arabia,export,Не вывозим : смогла ли Россия заработать на войне в Персидском заливе,,forbes.ru,https://www.forbes.ru/biznes/558905-ne-vyvozim-smogla-li-rossia-zarabotat-na-vojne-v-persidskom-zalive,Russian
Maize,Saudi Arabia,export,جريمة على ضفاف النيل .. هل أصبح السودان  وكر  الكبتاغون العالمي الجديد ؟ ,,aljazeera.net,https://www.aljazeera.net/politics/2026/4/25/%D9%83%D8%A7%D8%B1%D8%AB%D8%A9-%D8%B9%D9%84%D9%89-%D8%B6%D9%81%D8%A7%D9%81-%D8%A7%D9%84%D9%86%D9%8A%D9%84-%D9%87%D9%84-%D8%A3%D8%B5%D8%A8%D8%AD-%D8%A7%D9%84%D8%B3%D9%88%D8%AF%D8%A7%D9%86,Arabic
Maize,Saudi Arabia,export,Южный Кавказ и Ормузский дедлайн : что будет после 22 апреля,,vesti.az,https://vesti.az/v-mire/yuznyi-kavkaz-i-ormuzskii-dedlain-cto-budet-posle-22-aprelya-590214,Russian
Maize,Saudi Arabia,export,This is what all - out economic warfare looks like - The Globe and Mail,,theglobeandmail.com,https://www.theglobeandmail.com/opinion/article-this-is-what-all-out-economic-warfare-looks-like/,English
Maize,Saudi Arabia,export,"Ситуация в Ормузском проливе 2026 : блокада Ирана и США , мины , сколько танкеров прошло ? ",,vestikavkaza.ru,https://vestikavkaza.ru/articles/situacia-v-ormuzskom-prolive-2026-blokada-irana-i-ssa-miny-skolko-tankerov-proslo.html,Russian
Maize,Saudi Arabia,export,"UPSC Key - 29th April 2026 : AI in diplomacy , OPEC and Digital Arrest",,indianexpress.com,https://indianexpress.com/article/upsc-current-affairs/upsc-key-ai-in-diplomacy-opec-and-digital-arrest-10662715/,English
Maize,Saudi Arabia,shortage, [ 한마당 ] 식량위기 - 국민일보,,kmib.co.kr,https://www.kmib.co.kr/article/view.asp?arcid=1778477389&code=11171211&sid1=col,Korean
Maize,Saudi Arabia,shortage,英媒 ： 全球化肥價格飈升 ， 中國靠煤炭穩住了 | 國際,,hkcna.hk,https://www.hkcna.hk/docDetail.jsp?id=101288916&channel=2810,Chinese
Maize,Saudi Arabia,shortage,Kıtlık tehlikesi büyüyor ! ,,yeniakit.com.tr,https://www.yeniakit.com.tr/haber/kitlik-tehlikesi-buyuyor-2003994.html,Turkish
Maize,Saudi Arabia,shortage,在这个领域的战争中 ， 中国手握最大底牌,,163.com,https://www.163.com/dy/article/KSCVGC070519DKT1.html,Chinese
Maize,Saudi Arabia,shortage,塑料之乱 ： 从霍尔木兹海峡聊聊中国煤化工底牌 - 虎嗅网,,huxiu.com,https://www.huxiu.com/article/4852605.html,Chinese
Maize,Saudi Arabia,shortage,  全球化肥价格飙升 ， 中国靠煤炭稳住了 - 华侨网,,chinesepress.com,https://www.chinesepress.com/archives/141556,Chinese
Maize,Saudi Arabia,shortage,  回不去的霍尔木兹  重塑大宗商品定价逻辑 ？ ,,stcn.com,https://www.stcn.com/article/detail/3981523.html,Chinese
Maize,Saudi Arabia,shortage,Skeptical Science New Research for Week # 26 2026,,skepticalscience.com,https://skepticalscience.com/new_research_2026_26.html,English
Maize,Saudi Arabia,shortage,有没有人管管黄仁勋 _ 投资界,,news.pedaily.cn,https://news.pedaily.cn/202606/565028.shtml,Chinese
Maize,Saudi Arabia,shortage,华泰证券 ： 延迟需求如何改变本次能源冲击路径,,stock.jrj.com.cn,https://stock.jrj.com.cn/2026/06/03090457315948.shtml,Chinese
Maize,Singapore,shortage,Clima quente prejudica safras na Ásia enquanto El Niño severo toma forma,,infomoney.com.br,https://www.infomoney.com.br/mercados/clima-quente-prejudica-safras-na-asia-enquanto-el-nino-severo-toma-forma/,Portuguese
Maize,Singapore,shortage,"Alta do petróleo dá atratividade ao SAF , mas uso é desafio - 05 / 06 / 2026 - Economia",,folha.uol.com.br,https://www1.folha.uol.com.br/mercado/2026/06/alta-do-petroleo-com-guerra-da-atratividade-ao-saf-mas-uso-na-aviacao-ainda-e-desafio.shtml,Portuguese
Maize,Singapore,shortage,陕西多措并举夯实粮食安全根基 - 综合新闻 _ 华商网新闻,,news.hsw.cn,https://news.hsw.cn/system/2026/0413/1922346.shtml,Chinese
Maize,Singapore,shortage,Mapping the most critical shipping lanes in the world,,abc.net.au,https://www.abc.net.au/news/2026-04-24/mapping-the-most-critical-shipping-lanes-in-the-world/106567522,English
Maize,Singapore,shortage,Mapping the most critical shipping lanes in the world - 24 - Apr - 2026,,home.nzcity.co.nz,https://home.nzcity.co.nz/news/article.aspx?id=444543,English
Maize,Singapore,shortage,FT早报 ： 2026年5月26日,,ftchinese.com,http://www.ftchinese.com/interactive/280888,Chinese
Maize,Singapore,shortage,摸透土壤  脾气  他们以科技为犁数十载耕护黑土地 - 千龙网 · 中国首都网,,china.qianlong.com,https://china.qianlong.com/2026/0413/8653626.shtml,Chinese
Maize,Singapore,shortage,科技为犁 ， 耕护黑土粮仓 （ 弘扬科学家精神 ） -- 教育 -- 人民网,,edu.people.com.cn,http://edu.people.com.cn/n1/2026/0413/c1006-40699888.html,Chinese
Maize,Singapore,shortage,  云上耕作  润泽良田 来自新疆的调查,,baijiahao.baidu.com,https://baijiahao.baidu.com/s?id=1864842941065763141,Chinese
Maize,Singapore,shortage,  云上耕作  润泽良田 来自新疆的调查|果树|棉花|棉田|无人机,,163.com,https://www.163.com/dy/article/KSKMBAVO0519AKBM.html,Chinese
Maize,Singapore,shortage,  云上耕作  润泽良田 来自新疆的调查 _ 大陆 _ 国内新闻 _ 新闻 _ 齐鲁网,,news.iqilu.com,https://news.iqilu.com/china/gedi/2026/0511/5912920.shtml,Chinese
Maize,Singapore,shortage,科技为犁 ， 耕护黑土粮仓 - 鲁网教育频道,,jy.sdnews.com.cn,http://jy.sdnews.com.cn/yw/202604/t20260414_4663956.html,Chinese
Maize,Indonesia,export,Advancing Pakistan Agricultural Future Through the National Agricultural Biotechnology Policy,,propakistani.pk,https://propakistani.pk/2026/06/28/advancing-pakistans-agricultural-future-through-the-national-agricultural-biotechnology-policy/,English
Maize,Indonesia,export,Pelindo Ungkap Arus Peti Kemas Nasional Naik,,koran-jakarta.com,https://koran-jakarta.com/2026-05-30/pelindo-ungkap-arus-peti-kemas-nasional-naik,Indonesian
Maize,Indonesia,export,"Ditopang Perdagangan Internasional , Arus Peti Kemas Nasional Naik",,rri.co.id,https://rri.co.id/ekonomi/bisnis/2452794/ditopang-perdagangan-internasional-arus-peti-kemas-nasional-naik,Indonesian
Maize,Indonesia,export,"MAIA : Din 1 iunie 2026 , se modifică cerințele pentru exportul de grâu în Indonezia",,tribuna.md,https://tribuna.md/2026/05/21/maia-din-1-iunie-2026-se-modifica-cerintele-pentru-exportul-de-grau-in-indonezia/,Romanian
Maize,Indonesia,export,東協財經 ／ 2026年6月22日東協快訊 | 產經,,cna.com.tw,https://www.cna.com.tw:443/news/afe/202606223001.aspx,Chinese
Maize,Indonesia,export,"Pertumbuhan Arus Peti Kemas Internasional Tembus 11 %, Sinyal Positif bagi Ekonomi Indonesia",,koran-jakarta.com,https://koran-jakarta.com/2026-05-29/pertumbuhan-arus-peti-kemas-internasional-tembus-11-sinyal-positif-bagi-ekonomi-indonesia,Indonesian
Maize,Indonesia,export,"Indonezia introduce noi cerințe fitosanitare pentru grâul din Republica Moldova , valabile din 1 iunie 2026",,ziarulnational.md,https://www.ziarulnational.md/indonezia-introduce-noi-cerinte-fitosanitare-pentru-graul-din-republica-moldova-valabile-din-1-iunie-2026/,Romanian
Maize,Indonesia,export,Govt mulls customs duty relief on cotton import to support textile industry,,livemint.com,https://www.livemint.com/economy/govt-considers-reduction-withdrawal-of-customs-duty-on-cotton-to-support-textile-industry-amid-west-asia-crisis-11777389088497.html,English
Maize,Indonesia,export,Pertumbuhan Arus Peti Kemas Internasional Tembus 11 Persen,,tempo.co,https://www.tempo.co/info-tempo/pertumbuhan-arus-peti-kemas-internasional-tembus-11-persen-2138829,Indonesian
Maize,Indonesia,export,期市收评 | 国内商品涨跌互现 有色板块领涨期市 _ 东方财富网,,finance.eastmoney.com,https://finance.eastmoney.com/a/202604143704326511.html,Chinese
Maize,Indonesia,export,Here are 10 ways a  super  El Niño could impact the planet | Benjamin Selwyn,,theguardian.com,https://www.theguardian.com/commentisfree/2026/jun/09/super-el-nino-global-economy,English
Maize,Indonesia,export,Why energy shock from Iran war has not spread to food,,indianexpress.com,https://indianexpress.com/article/explained/explained-economics/why-energy-shock-from-iran-war-has-not-spread-to-food-10633079/,English
Maize,Indonesia,export,Bangkok Post - The paradox of plenty,,bangkokpost.com,https://www.bangkokpost.com/life/social-and-lifestyle/3243725/the-paradox-of-plenty,English
Maize,Indonesia,export,"  সুপার  এল নিনোর কবলে বিশ্ব , যে ১০টি বড় সংকটে পড়তে যাচ্ছে পৃথিবী",,jugantor.com,https://www.jugantor.com/international/1111732,Bengali
Maize,Indonesia,export,梁文傑買15萬鳳梨釋迦賠罪 陳瑩 ： 少去酒店可買很多 - 綜合,,news.cts.com.tw,https://news.cts.com.tw/cts/general/202606/202606223046817.html,Chinese
Maize,Indonesia,export,Що Україна продавала і купувала у 2025 році ( інфографіка ) Finance . ua,,news.finance.ua,https://news.finance.ua/ua/shho-ukraina-prodavala-i-kupuvala-u-2025-roci-infohrafika,Ukrainian
Maize,Indonesia,export,Agricultores correm para acompanhar a febre global do ube,,dw.com,https://www.dw.com/pt-br/agricultores-filipinos-correm-para-acompanhar-a-febre-global-do-ube/a-77492793,Portuguese
Maize,Indonesia,export,Shoppers issued  £100s more  warning - full list of foods likely to see biggest price rise | united kingdom | News,,express.co.uk,https://www.express.co.uk/news/uk/2213425/shoppers-warnings-foods-price-rise,English
Maize,Indonesia,export,"India , US talk trade again : The story so far and a deadline that could yield breakthrough",,hindustantimes.com,https://www.hindustantimes.com/india-news/india-us-talk-trade-again-the-story-so-far-and-a-deadline-that-could-yield-breakthrough-101782280026154.html,English
Maize,Sri Lanka,import,万斯 ： 伊朗将用解冻资金购买美国大豆 、 玉米和小麦,,news.ifeng.com,https://news.ifeng.com/c/8uBMtgfGNwH,Chinese
Maize,Sri Lanka,import,Nutrience纽翠斯|70年加拿大匠心传承 ， 全方位滋养宠物 _ 中华网,,digi.china.com,https://digi.china.com/articles/20260417/202604171849874.html,Chinese
Maize,Sri Lanka,import,中国买少了让伊朗买 ？ 美国农民不买账 ： 太天真了,,news.ifeng.com,https://news.ifeng.com/c/8uCODJMX8aR,Chinese
Maize,Sri Lanka,import,NCE cautions continued Rupee depreciation will cause long - term negative impact,,ft.lk,https://www.ft.lk/business/NCE-cautions-continued-Rupee-depreciation-will-cause-long-term-negative-impact/34-792203,English
Maize,Sri Lanka,import,大豆市場找替身 中國退場 、 伊朗登場 ？ 美國農民 ： 太天真 - 財經,,chinatimes.com,https://www.chinatimes.com/realtimenews/20260624004564-260410,Chinese
Maize,Sri Lanka,import,වැට් සංශෝධනයට මුදල් සභාවේ අනුමැතිය - Lankadeepa Online,,lankadeepa.lk,https://www.lankadeepa.lk/news/%E0%B7%80%E0%B6%A7-%E0%B7%83%E0%B7%81%E0%B6%B0%E0%B6%B1%E0%B6%BA%E0%B6%A7-%E0%B6%B8%E0%B6%AF%E0%B6%BD-%E0%B7%83%E0%B6%B7%E0%B7%80-%E0%B6%85%E0%B6%B1%E0%B6%B8%E0%B6%AD%E0%B6%BA/101-693953,Sinhalese
Maize,Sri Lanka,import,释新闻｜美伊首轮谈判结束 ： 暂时解除石油制裁 ， 核问题和海峡僵局未解,,163.com,https://www.163.com/dy/article/L040K88N0514R9P4.html,Chinese
Maize,Sri Lanka,import,美伊首轮谈判结束 ： 暂时解除石油制裁 ， 核问题和海峡僵局未解,,news.ifeng.com,https://news.ifeng.com/c/8uBqgNJH09e,Chinese
Maize,Sri Lanka,import,中国买少了 、 让伊朗买 ？ 美国农民不买账 ： 太天真了 - 华侨网,,chinesepress.com,https://www.chinesepress.com/archives/172466,Chinese
Maize,Sri Lanka,import,भारतीय अर्थतन्त्रमा ऊर्जा,,karobardaily.com,https://www.karobardaily.com/news/368516,Nepali
Maize,Sri Lanka,import,美以伊战争启示录｜餐桌危机 ： 不赚钱的冰美式外卖 ， 不油炸的新德里炸鸡,,163.com,https://www.163.com/dy/article/KTOOT60D0514R9P4.html,Chinese
Maize,Sri Lanka,import,Agroecology urged as Mideast crisis deepens food insecurity,,scidev.net,https://www.scidev.net/global/news/agroecology-mideast-food-insecurity/,English
Maize,Sri Lanka,import,How Asean can reduce its heavy dependence on imported agricultural inputs,,eco-business.com,https://www.eco-business.com/opinion/how-asean-can-reduce-its-heavy-dependence-on-imported-agricultural-inputs/,English
Maize,Sri Lanka,import, 【 新聞大家談 】 美伊和談 驚爆羅生門 憤而離席卻又密會9小時 | 美國軍工 | 全球經貿,,ntdtv.com,https://www.ntdtv.com/b5/2026/06/22/a104108391.html,Chinese
Maize,Sri Lanka,import,地缘冲突与气候危机双重挑战下 巴西农业的多维解法,,china.zjol.com.cn,https://china.zjol.com.cn/gjxw/202605/t20260526_31684612.shtml,Chinese
Coffee,India,import,以南博会为媒 云南和印尼持续深化经贸合作 _ 新华网,,yn.xinhuanet.com,http://yn.xinhuanet.com/20260615/436327e598ae421d9ba4c9cf0ca712ef/c.html,Chinese
Coffee,India,import,India Oman Trade Agreement | भारत - ओमान व्यापार करार लागू ; बहुतांश भारतीय उत्पादनांना मिळणार शुल्कमुक्त प्रवेश,,pudhari.news,https://pudhari.news/international/india-oman-trade-agreement-comes-into-effect-to-boost-bilateral-trade-ap84,Marathi
Coffee,India,import,Indonesia Ajukan Sawit hingga Kopi agar Tak Dikenai Tarif Impor Hasil Investigasi AS,,ekonomi.bisnis.com,https://ekonomi.bisnis.com/read/20260610/9/1979845/indonesia-ajukan-sawit-hingga-kopi-agar-tak-dikenai-tarif-impor-hasil-investigasi-as,Indonesian
Coffee,India,import,More Trump tariffs ? India looks to resolve USTR - proposed duty in trade deal,,theweek.in,https://www.theweek.in/news/biz-tech/2026/06/03/india-denies-forced-labor-trade-talks-ustr-tariffs.html,English
Coffee,India,import,चियाको आयातनिर्यात दुवै बढ्यो,,gorkhapatraonline.com,https://www.gorkhapatraonline.com/news/203318,Nepali
Coffee,India,import,"भारतकै कारण नेपाली चिया निर्यात ठप्प , ट्रकपिच्छे परीक्षण र महँगो शुल्कको सास्ती",,onlinekhabar.com,https://www.onlinekhabar.com/2026/05/1926150/%E0%A4%AD%E0%A4%BE%E0%A4%B0%E0%A4%A4%E0%A4%95%E0%A5%88-%E0%A4%95%E0%A4%BE%E0%A4%B0%E0%A4%A3-%E0%A4%A8%E0%A5%87%E0%A4%AA%E0%A4%BE%E0%A4%B2%E0%A5%80-%E0%A4%9A%E0%A4%BF%E0%A4%AF%E0%A4%BE-%E0%A4%A8,Nepali
Coffee,India,import,"Nhân chuyến thăm của Tổng Bí thư , Chủ tịch nước Tô Lâm đến Ấn Độ , nhìn lại các mặt hàng nông sản Việt tại ở nước tỷ dân",,danviet.vn,https://danviet.vn/nhieu-mat-hang-tang-truong-2-con-so-nong-san-viet-chinh-phuc-thi-truong-an-do-nhu-the-nao-d1424075.html,Vietnamese
Coffee,India,import,獨家 》 喪屍煙彈 、 毒咖啡包氾濫 ！ 檢警揭密 ： 製毒先驅原料9成來自中國 - 社會,,news.ltn.com.tw,https://news.ltn.com.tw/news/society/breakingnews/5473201,Chinese
Coffee,India,import,Pakistan among 60 countries to face new US import tariffs,,samaa.tv,https://www.samaa.tv/2087351397-60-countries-including-pakistan-may-face-new-us-import-tariffs,English
Coffee,India,import,From apples to apparels : Who gains what in the India – New Zealand FTA,,moneycontrol.com,https://www.moneycontrol.com/news/business/from-apples-to-apparels-who-gains-what-in-the-india-new-zealand-fta-13900929.html,English
Coffee,India,import,"Breaking ! Neraca Dagang RI Surplus US$3 , 32 Miliar Maret 2026",,ekonomi.bisnis.com,https://ekonomi.bisnis.com/read/20260504/12/1971057/breaking-neraca-dagang-ri-surplus-us332-miliar-maret-2026,Indonesian
Coffee,India,import,藍議員老公涉詐欺 「 洗產地 」 手法曝光 | ETtoday政治新聞,,ettoday.net,https://www.ettoday.net/news/20260420/3152030.htm,Chinese
Coffee,India,import,"Kinerja Ekspor Sumut per Maret 2026 Anjlok 12 , 46 %, Dipengaruhi Sektor Pertanian",,sumatra.bisnis.com,https://sumatra.bisnis.com/read/20260505/534/1971352/kinerja-ekspor-sumut-per-maret-2026-anjlok-1246-dipengaruhi-sektor-pertanian,Indonesian
Coffee,India,import,"व्यापार घाटा १५ . ६७ प्रतिशतले बढ्यो , १५७ मध्ये १२३ देशसँग घाटा | Nepal first 24 - hour updated news portal",,ratopati.com,https://www.ratopati.com/story/572243/trade-deficit-increased-by-1567-percent-with-123-out-of-157-countries-having-deficits,Nepali
Coffee,India,import,零关税落地 ， 长沙如何借势开创中非经贸新图景 ？ ,,hunan.ifeng.com,https://hunan.ifeng.com/c/8tYC9NhlrLs,Chinese
Coffee,India,import,"Les Etats - Unis veulent instaurer de nouveaux droits de douane , au nom de la lutte contre le travail forcé",,lopinion.fr,https://www.lopinion.fr/economie/les-etats-unis-veulent-instaurer-de-nouveaux-droits-de-douane-au-nom-de-la-lutte-contre-le-travail-force,French
Coffee,India,import,"Giá nông sản hôm nay 5 / 6 / 2026 : Giá cà phê xuống vùng thấp mới , Giá tiêu đồng loạt tăng ; Lý do cán cân thương mại Việt Nam đảo chiều sang nhập siêu",,baomoi.com,https://baomoi.com/gia-nong-san-hom-nay-5-6-2026-gia-ca-phe-xuong-vung-thap-moi-gia-tieu-dong-loat-tang-ly-do-can-can-thuong-mai-viet-nam-dao-chieu-sang-nhap-sieu-c55323868.epi,Vietnamese
Coffee,India,import,US proposes new tariffs on 60 countries over forced labor,,arynews.tv,https://arynews.tv/us-proposes-new-tariffs-on-60-countries-over-forced-labor,English
Coffee,India,import,美国拟因强迫劳动 对多数贸易伙伴加税至少10 % ,,zaobao.com.sg,https://www.zaobao.com.sg/news/world/story20260603-9147328,Chinese
Coffee,India,demand,"कॉफी बेचकर 4 महीने में भारत ने कमाए ₹936 . 57 करोड़ , रोबस्टा और इंस्टेंट कॉफी ने मचाई धूम - indias coffee exports surge 27 936 cr earned in 4 months",,jagran.com,https://www.jagran.com/business/commodity-indias-coffee-exports-surge-27-936-cr-earned-in-4-months-40230497.html,Hindi
Coffee,India,demand,"Cold Coffee Craze : How Gen Z is Revolutionizing India Beverage Market , ETRetail",,retail.economictimes.indiatimes.com,https://retail.economictimes.indiatimes.com/news/food-entertainment/food-services/gen-zs-love-for-cold-coffee-has-brands-chasing-beverage-boom/131624156,English
Coffee,India,demand,"Coffee Purity Test : 1 lakh fake ENOs and 50 , 000 coffee sachets seized : FSSAI 2 simple tests to check coffee purity at home |",,timesofindia.indiatimes.com,https://timesofindia.indiatimes.com/life-style/food-news/1-lakh-fake-enos-and-50000-coffee-sachets-seized-fssais-2-simple-tests-to-check-coffee-purity-at-home/articleshow/130418514.cms,English
Coffee,India,demand,Starbucks to add up to 100 India stores a year as coffee booms,,moneycontrol.com,https://www.moneycontrol.com/news/business/starbucks-to-add-up-to-100-india-stores-a-year-as-coffee-booms-13952730.html,English
Coffee,India,demand,Blue Tokai Appoints Former Yum ! Brands Executive Dheeraj Dahiya as Chief Business Officer,,franchiseindia.com,https://www.franchiseindia.com/insights/en/news/blue-tokai-appoints-former-yum-brands-executive-dheeraj-dahiya-as-chief-business-officer.59108,English
Coffee,India,demand,A new - age thirst for beverages is emerging as a key force in India consumer goods market,,economictimes.indiatimes.com,https://economictimes.indiatimes.com/industry/cons-products/fmcg/a-new-age-thirst-for-beverages-is-emerging-as-a-key-force-in-indias-consumer-goods-market/articleshow/131582828.cms,English
Coffee,India,demand,BSH targets 2x growth in Siemens appliances as Indians upgrade to premium kitchens,,livemint.com,https://www.livemint.com/companies/news/bsh-india-siemens-appliances-premium-kitchens-bosch-gaggenau-11781245068320.html,English
Coffee,India,demand,Why is Anand Mahindra still emotionally connected to a 60 - acre coffee plantation from his childhood |,,timesofindia.indiatimes.com,https://timesofindia.indiatimes.com/life-style/food-news/why-is-anand-mahindra-still-emotionally-connected-to-a-60-acre-coffee-plantation-from-his-childhood/articleshow/130140429.cms,English
Coffee,India,demand,Heat beats price hikes : Summer product sales zoom,,timesofindia.indiatimes.com,https://timesofindia.indiatimes.com/business/india-business/heat-beats-price-hikes-summer-products-sales-zoom/articleshow/131380756.cms,English
Coffee,India,demand,FMCG Companies Price Hike : FMCG सेक्टर पर महंगाई की मार ! क्या आपके घर का बजट फिर से बिगड़ने वाला है ? ,,prabhatkhabar.com,https://www.prabhatkhabar.com/business/fmcg-companies-price-hike-dabur-hul-nestle-q4-results-inflation-impact,Hindi
Coffee,India,demand,So Good India Partners as Title Sponsor for Vegan India Conference 2026,,thehindubusinessline.com,https://www.thehindubusinessline.com/brandhub/pr-release/so-good-india-partners-as-title-sponsor-for-vegan-india-conference-2026/article71051996.ece,English
Coffee,India,demand,"How Blinkit , Zepto and Instamart are turning Indian startup brands into 10 - minute delivery success stories",,livemint.com,https://www.livemint.com/industry/how-blinkit-zepto-and-instamart-are-turning-indian-startup-brands-into-10-minute-delivery-success-stories-11779760653380.html,English
Coffee,India,demand,Parag Milk Foods Launches a Milk - based Protein Drink in Collaboration with Tetra Pak,,aninews.in,https://aninews.in/news/business/parag-milk-foods-launches-a-milk-based-protein-drink-in-collaboration-with-tetra-pak20260513104015/,English
Coffee,India,demand,"Indian Consulate , New York Showcases India – USA Trade Facilitation Portal at Smorgasburg AAPI Festival of Tea May 23 – 24 , 2026",,newsindiatimes.com,https://newsindiatimes.com/indian-consulate-new-york-showcases-india-usa-trade-facilitation-portal-at-smorgasburg-aapi-festival-of-tea-may-23-24-2026/,English
Coffee,India,demand,"Tata Consumer Products Aims for Double - Digit Growth Amid Rising Costs and Global Tensions , ETRetail",,retail.economictimes.indiatimes.com,https://retail.economictimes.indiatimes.com/news/food-entertainment/personal-care-pet-supplies-liquor/tata-consumer-banks-on-strong-brands-selective-price-hikes-to-fuel-double-digit-growth/131007121,English
Coffee,India,demand,High costs dampen summer for beverage companies,,timesofindia.indiatimes.com,https://timesofindia.indiatimes.com/india/high-costs-dampen-summer-for-beverage-companies/articleshow/131471123.cms,English
Coffee,India,demand,"Summer Trends 2026 : कोला पर भारी जीरा मसाला सोडा , हर रात 9 बजे आइसक्रीम तो चाहिए ही , यह रिपोर्ट पढ़ लीजिए",,navbharattimes.indiatimes.com,https://navbharattimes.indiatimes.com/business/business-news/how-india-instamarted-this-summer-peoples-wants-dahi-jeera-cola-and-icecream/articleshow/130603071.cms,Hindi
Coffee,India,demand,How climate change is driving the search for new coffee beans,,livemint.com,https://www.livemint.com/mint-lounge/excelsa-liberica-coffee-coorg-climate-change-11782452115240.html,English
Coffee,India,shortage,Mixed impact for South Indian plantation exports due to West Asian turmoil : UPASI,,thehindubusinessline.com,https://www.thehindubusinessline.com/economy/agri-business/mixed-impact-for-south-indian-plantation-exports-due-to-west-asian-turmoil-upasi/article71108605.ece,English
Coffee,India,shortage,"Lực bán lan rộng trên thị trường hàng hóa , MXV - Index giảm gần 1 , 4 % ",,baotintuc.vn,https://baotintuc.vn/thi-truong-tien-te/luc-ban-lan-rong-tren-thi-truong-hang-hoa-mxvindex-giam-gan-14-20260521104155016.htm,Vietnamese
Coffee,India,shortage,"महंगाई और मौसम की मार , फिर भी कम नहीं हो रहा कॉफी का खुमार ! कैसे दुनिया की सबसे महंगी आदत बन रही कॉफी - how coffee is becoming one of the most expensive habits",,jagran.com,https://www.jagran.com/lifestyle/lifestyle-news-how-coffee-is-becoming-one-of-the-most-expensive-habits-40258714.html,Hindi
Coffee,India,shortage,印度高温近50℃ 宿舍没空调 中国留学生被热到回国,,wenxuecity.com,https://www.wenxuecity.com/news/2026/05/30/126664072.html,Chinese
Coffee,India,shortage,The soberest generation : Why Gen Z prefers matcha over margaritas,,indianexpress.com,https://indianexpress.com/article/lifestyle/feelings/coffee-diet-coke-gen-z-obsession-emotional-support-drinks-10656727/,English
Coffee,India,shortage,Bharat Nagar Chowk ਨੇੜੇ National Highway ਦੀ ਸੜਕ ਧਸੀ,,punjabitribuneonline.com,https://www.punjabitribuneonline.com/news/ludhiana/road-collapse-on-national-highway-near-bharat-nagar-chowk/,Punjabi
Coffee,India,shortage,  Phía sau  lực bán lan rộng trên thị trường hàng hóa,,baochinhphu.vn,https://baochinhphu.vn/phia-sau-luc-ban-lan-rong-tren-thi-truong-hang-hoa-102260521105005514.htm,Vietnamese
Coffee,India,shortage,"Nestlé India flags Iran war risks , holds prices amid cost pressures",,economictimes.indiatimes.com,https://economictimes.indiatimes.com/industry/cons-products/nestl-india-flags-iran-war-risks-holds-prices-amid-cost-pressures/articleshow/130739074.cms,English
Coffee,India,shortage,三屆USRC烘豆季軍隱身台中老宅 ！ 每日現拉 「 拔絲可頌 」 限量供應 | ETtoday旅遊雲,,travel.ettoday.net,https://travel.ettoday.net/article/3164335.htm,Chinese
Coffee,India,shortage,"Vivo T5 Pro 5G India launch date confirmed : Expected price , specifications and features",,livemint.com,https://www.livemint.com/technology/gadgets/vivo-t5-pro-5g-india-launch-date-confirmed-expected-price-specifications-and-features-11775632542323.html,English
Coffee,India,shortage,The Indian workers training AI robots to take their jobs,,economictimes.indiatimes.com,https://economictimes.indiatimes.com/tech/artificial-intelligence/the-indian-workers-training-ai-robots-to-take-their-jobs/articleshow/131783972.cms,English
Coffee,India,shortage, _ 晋控电力 ( 000767 ) 股吧 _ 东方财富网股吧,,guba.eastmoney.com,"https://guba.eastmoney.com/o/news,000767,1718521465.html",Chinese
Coffee,India,shortage,异常热浪在法国造成7人死亡 ， 中国留学生 ： 当地普遍不装空调 ， 这几天很崩溃 ， 连续一周没怎么睡好觉,,163.com,https://www.163.com/dy/article/KU8QJCU9053469LG.html,Chinese
Coffee,India,shortage,EUA conclui investigao e propõe taxar em 25 % importaes brasileiras,,arede.info,https://arede.info/cotidiano/643880/eua-conclui-investigacao-e-propoe-taxar-em-25-importacoes-brasileiras,Portuguese
Coffee,India,shortage,"Shrinkflation , price hikes buzz in consumer firms as war spikes costs",,livemint.com,https://www.livemint.com/industry/retail/consumer-fmcg-price-hikes-shrinkflation-volume-growth-in-q4-input-cost-war-hul-homecare-palm-oil-consumers-11777620416561.html,English
Coffee,India,shortage, 【 湖南党史之最⑬ 】 湖南对非贸易稳居中西部第一 - 要闻 - 湖南在线,,hunan.voc.com.cn,https://hunan.voc.com.cn/news/202606/33031175.html,Chinese
Coffee,India,shortage,Itamaraty faz varredura global atrás de fertilizantes - 19 / 06 / 2026 - Economia,,folha.uol.com.br,https://www1.folha.uol.com.br/mercado/2026/06/itamaraty-faz-varredura-emergencial-atras-de-fertilizantes-para-o-brasil.shtml,Portuguese
Coffee,Saudi Arabia,demand,Ronaldonun başarısının sırrını açıkladı :  Yasaklar listesi  ortaya çıktı,,turkiyegazetesi.com.tr,https://www.turkiyegazetesi.com.tr/spor/ronaldonun-basarisinin-sirrini-acikladi-yasaklar-listesi-ortaya-cikti-1786406,Turkish
Coffee,Saudi Arabia,demand,Saudi Arabia first  coffee city  helping drive economy in Baha,,arabnews.com,https://www.arabnews.com/node/2646289/saudi-arabia,English
Coffee,Saudi Arabia,demand,沙特闪闪发光的热钱 ， 蒸发在改革开放第一个7年 - 虎嗅网,,huxiu.com,https://www.huxiu.com/article/4848859.html,Chinese
Coffee,Saudi Arabia,demand,"রিয়াদে দুর্ঘটনায় প্রবাসীর মৃত্যু , ২০ দিন পর খবর পেল পরিবার",,risingbd.com,https://www.risingbd.com/bangladesh/news/646457,Bengali
Coffee,Saudi Arabia,demand,Ціни на фісташки зросли до максимуму через війну в Ірані,,24tv.ua,https://24tv.ua/agro24/tsini-fistashki-zrosli-do-maksimumu-cherez-viynu-irani_n3048414,Ukrainian
Coffee,Saudi Arabia,demand,Miami : 2026 Dünya Kupası ev sahibi kentinin gezi rehberi,,tr.euronews.com,https://tr.euronews.com/gezi/2026/06/02/miami-2026-dunya-kupasi-ev-sahibi-kentinin-gezi-rehberi,Turkish
Coffee,Saudi Arabia,demand,China brewing up business for African coffee beans,,usa.chinadaily.com.cn,http://usa.chinadaily.com.cn/a/202605/22/WS6a0fac7da310d6866eb4a0b7.html,English
Coffee,Saudi Arabia,demand,KSA Business : RSG completes modernisation of AlWajh International Airport,,gdnonline.com,https://www.gdnonline.com:443/Details/1397016/RSG-completes-modernisation-of-AlWajh-International-Airport-,English
Coffee,Saudi Arabia,demand,Matcha meets Saudi hospitality experience,,arabnews.com,https://www.arabnews.com/node/2648024/saudi-arabia,English
Coffee,Saudi Arabia,demand,Muss Europa bald ohne Kaffee aus Äthiopien auskommen ? ,,faz.net,https://www.faz.net/aktuell/wirtschaft/klima-nachhaltigkeit/muss-europa-bald-ohne-kaffee-aus-aethiopien-auskommen-200725404.html,German
Coffee,Saudi Arabia,demand,The World Cup is coming to Miami . Here what to know about Lionel Messi adopted home area – Sun Sentinel,,sun-sentinel.com,https://www.sun-sentinel.com/2026/05/25/the-world-cup-is-coming-to-miami-heres-what-to-know-about-lionel-messis-adopted-home-area/,English
Coffee,Saudi Arabia,demand,World Cup in Miami : What to know about Messi adopted home area,,baltimoresun.com,https://www.baltimoresun.com/2026/06/03/miami-world-cup-host-city/,English
Coffee,Saudi Arabia,demand,BI sees Indonesia 2027 growth at upper end of 5 . 1 - 5 . 9 pct range,,en.antaranews.com,https://en.antaranews.com/news/418737/bi-sees-indonesias-2027-growth-at-upper-end-of-51-59-pct-range,English
Coffee,Saudi Arabia,demand,海南展区 ， 为啥成了老外的  打卡地 ？- 新华网,,hq.xinhuanet.com,http://www.hq.xinhuanet.com/20260626/3d1cef50cb4e4fbcb73f731234a7a620/c.html,Chinese
Coffee,Saudi Arabia,demand,海南展区 ， 为啥成了老外的  打卡地 ？- 南海网,,hinews.cn,https://www.hinews.cn:443/page?n=2833263&m=1&s=1044,Chinese
Coffee,Saudi Arabia,shortage,美军晒对伊作战伙食清单 ： 吃了600万顿饭 ， 喝了760万杯咖啡,,baijiahao.baidu.com,https://baijiahao.baidu.com/s?id=1862004926220479318,Chinese
Coffee,Saudi Arabia,shortage,The World Cup is coming to Miami . Here what to know about Lionel Messi adopted home area,,sitkasentinel.com,"http://www.sitkasentinel.com/stories/the-world-cup-is-coming-to-miami-heres-what-to-know-about-lionel-messis-adopted-home-area,143915",English
Coffee,Saudi Arabia,shortage, 【 新聞直擊 】 世界盃生死戰開打 ！ 6場巔峰戰必看 | 霍爾木茲海峽 | 疫情 | 伊朗襲美軍,,ntdtv.com,https://www.ntdtv.com/b5/2026/06/20/a104107801.html,Chinese
Coffee,Saudi Arabia,shortage,"בסופר , במוסך ובקרוב אולי גם בגני ילדים : מהפכת העובדים הזרים בישראל",,ynet.co.il,https://www.ynet.co.il/economy/article/yokra14779571,Hebrew
Coffee,Saudi Arabia,shortage,黄金海岸房产 ， 出大事 ！ 新州此处房价涨幅是悉尼40倍 ！ ,,163.com,https://www.163.com/dy/article/KS2D64P505199N88.html,Chinese
Coffee,Bangladesh,demand,這個五一 ， 來深圳品世界級風味咖啡 ！ 2026福田咖啡生活周正式啟幕 - 灣區生活,,wenweipo.com,https://www.wenweipo.com/a/202604/30/AP69f2af09e4b0b49ad1b8f63f.html,Chinese
Coffee,Bangladesh,demand,第10届中国 南亚博览会在昆明开幕 - 中新网,,chinanews.com.cn,https://www.chinanews.com.cn/gn/2026/06-11/10638318.shtml,Chinese
Coffee,Bangladesh,demand,"BJP leader D Rajegowda demands removal of state president R Ashok over cross - voting , alleges Congress  freebie ruined Karnataka",,news.webindia123.com,https://news.webindia123.com/news/Articles/India/20260620/4465019.html,English
Coffee,Bangladesh,demand,"AJA Newsbites – April 23 , 2026",,theasian.asia,https://theasian.asia/archives/204173,English
Coffee,Bangladesh,demand,昆明南博会 ： 国际采购商的  购物车  不断扩容 - 千龙网 · 中国首都网,,china.qianlong.com,https://china.qianlong.com/2026/0616/8683988.shtml,Chinese
Coffee,Bangladesh,demand, （ 專訪 ） Teddy閃兵遭換角 ！ 鍾岳軒重拍反變 「 上訴 」 初孟軒 「 地獄級救火 」 驚吐曾想轉行,,ent.ltn.com.tw,https://ent.ltn.com.tw/news/breakingnews/5433426,Chinese
Coffee,Bangladesh,demand,Air - conditioning is in short supply as Asia swelters,,omanobserver.om,https://www.omanobserver.om/article/1189266/world/asia/air-conditioning-is-in-short-supply-as-asia-swelters,English
Coffee,Bangladesh,demand,3年剑指10万店 ， 小咖咖啡将拿出6亿资金赋能门店增长,,finance.sina.com.cn,https://finance.sina.com.cn/tech/roll/2026-05-28/doc-inhzmayw8716469.shtml,Chinese
Coffee,Bangladesh,demand,10th China - South Asia Expo opens in SW China to facilitate regional trade,,azertag.az,https://azertag.az/en/xeber/10th_china_south_asia_expo_opens_in_sw_china_to_facilitate_regional_trade-4254691,English
Coffee,Bangladesh,demand,昆明南博会 ： 国际采购商的  购物车  不断扩容 - 南海网,,hinews.cn,https://www.hinews.cn/page?n=2831156&m=1&s=1044,Chinese
Coffee,Bangladesh,demand,数读中国开局新活力｜68个参展方共赴春城之约 277亿元签约背后的开放新活力 _ 央广网,,cnr.cn,https://www.cnr.cn/yn/gstjyn/20260618/t20260618_527666541.shtml,Chinese
Coffee,Bangladesh,demand,昆明南博会 ： 国际采购商的  购物车  不断扩容,,baijiahao.baidu.com,https://baijiahao.baidu.com/s?id=1868065362434908808,Chinese
Coffee,Bangladesh,demand,饿了么前高管卖咖啡融资4亿 ， 一年开8000家店 - 虎嗅网,,huxiu.com,https://www.huxiu.com/article/4859314.html,Chinese
Coffee,Bangladesh,demand,品世界咖香 赴一城烟火丨广州咖啡文化季 _ 广州日报大洋网,,news.dayoo.com,https://news.dayoo.com/guangzhou/202605/02/139995_54955228.htm,Chinese
Coffee,Bangladesh,demand,以产教融合赋能数字经济 西安构建人才培养新生态 _ 中华网,,hea.china.com,https://hea.china.com/articles/20260414/202604141846468.html,Chinese
Coffee,Bangladesh,demand,"Regulars , newcomers witness fresh vistas for shared growth at China - South Asia Expo",,china.org.cn,http://www.china.org.cn/2026-06/14/content_118547620.shtml,English
Coffee,Bangladesh,demand,開拍首日就開戰 ！ 北影新人鄧筠熹中正橋上狠吵香港男星 崩潰 ： 簡直要把我逼瘋 | ETtoday星光雲,,star.ettoday.net,https://star.ettoday.net/news/3178784,Chinese
Coffee,Bangladesh,demand,"SIAL Guangzhou 2026 : Backed by the World Factory , Fast Becoming Asia New Food Sourcing Hub",,manilatimes.net,https://www.manilatimes.net/2026/06/18/tmt-newswire/pr-newswire/sial-guangzhou-2026-backed-by-the-worlds-factory-fast-becoming-asias-new-food-sourcing-hub/2368043,English
Coffee,Germany,import,广州拥有8000多家咖啡门店 世界咖啡豆在此实现产销衔接 _ 广州日报大洋网,,news.dayoo.com,https://news.dayoo.com/guangzhou/202604/25/139995_54952358.htm,Chinese
Coffee,Germany,import,LIDL senkt Kaffeepreise dauerhaft für über 20 Kaffeeprodukte,,tz.de,http://www.tz.de/produktempfehlung/lidl-senkt-kaffeepreise-dauerhaft-fuer-ueber-20-kaffeeprodukte-zr-94301060.html,German
Coffee,Germany,import,盯屏熬夜记性差 ？ 五大进口原料协同 ， 畅瑙睛灵告别职场亚健康 _ 中华网,,digi.china.com,https://digi.china.com/articles/20260608/202606081888163.html,Chinese
Coffee,Germany,import,錸德轉型布局文化場域 估今年餐飲事業營收6 . 1億元 - 財經,,news.cts.com.tw,https://news.cts.com.tw/cna/money/202605/202605153031761.html,Chinese
Coffee,Germany,import,广州咖啡文化季启幕 以  啡  常活力点燃假日经济|广州市 _ 新浪科技 _ 新浪网,,finance.sina.com.cn,https://finance.sina.com.cn/tech/roll/2026-05-02/doc-inhwmkwx6303801.shtml,Chinese
Coffee,Germany,import,氣候變遷可可成本漲不停 德國巧克力大廠裁員10 % | 國際,,cna.com.tw,https://www.cna.com.tw:443/news/aopl/202604240286.aspx,Chinese
Coffee,Germany,import,一粒咖啡豆 紧连豫与非 - 新华网河南频道,,ha.xinhuanet.com,http://www.ha.xinhuanet.com/20260504/124841e11d6a4933a993981b8cf974aa/c.html,Chinese
Coffee,Germany,import,Palmelita abrirá su segunda tienda en Santa Cruz de Tenerife,,diariodeavisos.elespanol.com,https://diariodeavisos.elespanol.com/2026/05/palmelita-santa-cruz-tenerife/,Spanish
Coffee,Germany,import,90 % 咖啡豆靠进口 霹押注利比里卡 2030剑指大马主要产区 | 霹雳 | 地方,,orientaldaily.com.my,https://www.orientaldaily.com.my/news/perak/2026/05/13/818325,Chinese
Coffee,Germany,import,Las exportaciones brasileñas de café cayeron más del 20 % en el primer trimestre del año,,infobae.com,https://www.infobae.com/america/america-latina/2026/04/14/las-exportaciones-brasilenas-de-cafe-cayeron-mas-del-20-en-el-primer-trimestre-del-ano/,Spanish
Coffee,Germany,import,Incapto logra 10 millones para llevar su café a Europa,,lavanguardia.com,https://www.lavanguardia.com/dinero/20260424/11521240/incapto-logra-10-millones-llevar-cafe-europa.html,Spanish
Coffee,Germany,import,Polska ma  ukrytą kopalnię  aluminium . Możemy uniezależnić się od Rosji,,bankier.pl,https://www.bankier.pl/wiadomosc/Polska-ma-ukryta-kopalnie-aluminium-Mozemy-uniezaleznic-sie-od-Rosji-9134565.html,Polish
Coffee,Germany,import,"Lidl legt vor , Aldi zieht direkt nach : Kaffeepreise sinken um bis zu 10 Prozent",,chip.de,https://www.chip.de/news/supermaerkte-lebensmittel/lidl-legt-vor-aldi-zieht-direkt-nach-kaffeepreise-sinken-um-bis-zu-10-prozent_022318f2-cfba-4d1d-90fd-ed658082f6bd.html,German
Coffee,Germany,import,"Porazno : BiH ne uvozi samo naftu , već i hljeb i vodu",,rtvbn.com,https://www.rtvbn.com/4091121/porazno-bih-ne-uvozi-samo-naftu-vec-i-hljeb-i-vodu,Croatian
Coffee,Germany,import,又一万亿级大市场 ！ 这场  升咖  战 ， 怎么打 _ 新浪科技 _ 新浪网,,finance.sina.com.cn,https://finance.sina.com.cn/tech/roll/2026-04-09/doc-inhtwtfe0961869.shtml,Chinese
Coffee,Germany,import,規模再升級 ！ IEAT串聯美國與中美洲友邦 共拓台灣農食市場商機 | ETtoday財經雲,,finance.ettoday.net,https://finance.ettoday.net/news/3147185,Chinese
Coffee,Germany,import,消费热浪之下 ， 咖啡产业该如何  强链补芯 _ 中国网,,food.china.com.cn,http://food.china.com.cn/2026-04/09/content_118427161.shtml,Chinese
Coffee,Germany,import,格米莱鹦鹉2代 G3131D｜以专业科技 ， 沉淀日常咖啡风味 _ 中华网,,hea.china.com,https://hea.china.com/articles/20260605/202606051887115.html,Chinese
Coffee,Germany,import,中國免非洲關稅 法媒 ： 外交禮物象徵意義多於實質 | 國際,,cna.com.tw,https://www.cna.com.tw/news/aopl/202605010219.aspx,Chinese
Coffee,Germany,export,13 German coffee roasters to visit farms,,ntv.co.ug,https://ntv.co.ug/news/13-german-coffee-roasters-to-visit-farms,English
Coffee,Germany,export,Café colombiano conquista China : esta es la historia de cafetera del Tolima,,semana.com,https://www.semana.com/foros-semana/articulo/china-abre-la-puerta-a-una-nueva-generacion-de-cafeteros-colombianos-hoy-es-el-mercado-emergente-mas-grande-del-mundo/202619/,Spanish
Coffee,Germany,export,Vietnam ranks 18th among world top exporters in 2025,,vietnamnet.vn,https://vietnamnet.vn/en/vietnam-ranks-18th-among-world-s-top-exporters-in-2025-2509182.html,English
Coffee,Germany,export,Kasama Coffee farmer shares sustainable growing techniques with Hauraki grower,,nzherald.co.nz,https://www.nzherald.co.nz/the-country/news/kasama-coffee-farmer-shares-sustainable-growing-techniques-with-hauraki-grower/LZNYUCZFMFEQTJFP3WWOZTLAOQ/,English
Coffee,Germany,export,Momento amargo del café golpea las exportaciones del Huila,,lanacion.com.co,https://www.lanacion.com.co/momento-amargo-del-cafe-golpea-las-exportaciones-del-huila/,Spanish
Coffee,Germany,export,Comment la Suisse est devenue le deuxième exportateur mondial de café ... sans en cultiver,,rts.ch,https://www.rts.ch/info/economie/2026/article/comment-la-suisse-est-devenue-le-deuxieme-exportateur-mondial-de-cafe-sans-en-cultiver-29245253.html,French
Coffee,Germany,export,How Switzerland became a land of coffee,,swissinfo.ch,https://www.swissinfo.ch/eng/swiss-oddities/how-switzerland-became-a-land-of-coffee/91395129,English
Coffee,Germany,export,Peru Coffee Report : Production Steady Despite Structural Challenges,,dailycoffeenews.com,https://dailycoffeenews.com/2026/06/17/peru-coffee-report-production-steady-despite-structural-challenges/,English
Coffee,Germany,export,Especial : Exportaciones de café de Brasil a China se disparan en primer trimestre de 2026 pese a caída global de envíos,,spanish.xinhuanet.com,http://spanish.xinhuanet.com/20260414/6f71bc5fedb740fe87b7108bdcc48802/c.html,Spanish
Coffee,Germany,export,Honduras Coffee Report : Production Rising to Highest Level in Years,,dailycoffeenews.com,https://dailycoffeenews.com/2026/05/19/honduras-coffee-report-production-rising-to-highest-level-in-years/,English
Coffee,Germany,export,У Польщі співробітниця митниці допомагала вивозити санкційні товари у Білорусь,,eurointegration.com.ua,https://www.eurointegration.com.ua/news/2026/05/27/7238440/,Ukrainian
Coffee,Germany,export,"Honduras : Ingresos por exportación de café suben 18 , 5 % en ocho meses de cosecha actual",,revistaeyn.com,https://www.revistaeyn.com/centroamericaymundo/honduras-ingresos-por-exportacion-de-cafe-suben-185-en-ocho-meses-de-cosecha-actual-FC30890612,Spanish
Coffee,Germany,export,Venezuela y Alemania fortalecen alianzas para impulsar intercambio comercial,,eluniversal.com,https://www.eluniversal.com/politica/232646/venezuela-y-alemania-fortalecen-alianzas-para-impulsar-intercambio-comercial,Spanish
Coffee,Germany,export,"Juan Valdez , a la conquista del mercado europeo",,elpais.com.co,https://www.elpais.com.co/economia/juan-valdez-aterriza-con-fuerza-en-espana-y-tiene-nueva-plataforma-para-conquistar-a-europa-0947.html,Spanish
Coffee,Germany,export,Kaffeepreise : Warum sie steigen und was sich dagegen tun lässt,,deutschlandfunk.de,https://www.deutschlandfunk.de/kaffeepreis-ursachen-klimawandel-boerse-100.html,German
Coffee,Germany,export,Café libre de deforestación procedente de Copán será exportado a Alemania,,abriendobrecha.tv,https://abriendobrecha.tv/nacionales/cafe-libre-de-deforestacion-procedente-de-copan-sera-exportado-a-alemania/,Spanish
Coffee,Germany,export,"Việt Nam cements status as world No . 2 coffee producer , robusta powerhouse",,vietnamnews.vn,https://vietnamnews.vn/economy/1781254/viet-nam-cements-status-as-world-s-no-2-coffee-producer-robusta-powerhouse.html,English
Coffee,Germany,export,"Vietnam cements status as world No . 2 coffee producer , robusta powerhouse – Asia News Network",,asianews.network,https://asianews.network/vietnam-cements-status-as-worlds-no-2-coffee-producer-robusta-powerhouse/,English
Coffee,Germany,export,Más de 420 sacos de café libres de deforestación se exportan desde Corquín a Alemania,,proceso.hn,https://proceso.hn/mas-de-420-sacos-de-cafe-libres-de-deforestacion-se-exportan-desde-corquin-a-alemania/,Spanish
Coffee,Malaysia,export,Ministro de Comercio Exterior resalta productividad y capacidad exportadora de Portuguesa,,avn.info.ve,https://avn.info.ve/ministro-de-comercio-exterior-resalta-productividad-y-capacidad-exportadora-de-portuguesa/,Spanish
Coffee,Malaysia,export,Sector cafetalero proyecta exportaciones en Expoferia Lara es Café 2026,,eluniversal.com,https://www.eluniversal.com/economia/234185/sector-cafetalero-proyecta-exportaciones-en-expoferia-lara-es-cafe-2026,Spanish
Coffee,Malaysia,export,Agriculture can still be Sabah economic engine,,theborneopost.com,https://www.theborneopost.com/2026/06/22/agriculture-can-still-be-sabahs-economic-engine/,English
Coffee,Malaysia,export,广货行天下 呼应百年史 首站在大马柏威年广场光华日报 | 1910年创刊 创新每一天生活,,kwongwah.com.my,https://www.kwongwah.com.my/20260423/%E5%B9%BF%E8%B4%A7%E8%A1%8C%E5%A4%A9%E4%B8%8B-%E5%91%BC%E5%BA%94%E7%99%BE%E5%B9%B4%E5%8F%B2-%E9%A6%96%E7%AB%99%E5%9C%A8%E5%A4%A7%E9%A9%AC%E6%9F%8F%E5%A8%81%E5%B9%B4%E5%B9%BF%E5%9C%BA/,Chinese
Coffee,Malaysia,export,"ΗΠΑ : Ο Τραμπ επιβάλλει νέους δασμούς ύψους 12 , 5 % σε 60 οικονομίες για καταναγκαστική εργασία",,newsbomb.gr,https://www.newsbomb.gr/kosmos/story/1740027/ipa-proteinoun-neous-dasmoys-se-60-oikonomies-gia-praktikes-katanagkastikis-ergasias,Greek
Coffee,Malaysia,export,"Beyond EVs , electronics , more Chinese brands surge across ASEAN markets",,usa.chinadaily.com.cn,http://usa.chinadaily.com.cn/a/202605/22/WS6a0fb1bfa310d6866eb4a12d.html,English
Coffee,Malaysia,export,De Santander para el mundo : así han crecido las exportaciones de cacao en los últimos años,,vanguardia.com,https://www.vanguardia.com/santander/2026/04/19/de-santander-para-el-mundo-asi-han-crecido-las-exportaciones-de-cacao-en-los-ultimos-anos/,Spanish
Coffee,Malaysia,export,新兴市场成外贸新增长极 -- 经济 · 科技 -- 人民网,,finance.people.com.cn,http://finance.people.com.cn/n1/2026/0529/c1004-40729981.html,Chinese
Coffee,Malaysia,export,69 ESG champions recognized at the Asia Responsible Enterprise Awards ( AREA ) 2026 for shaping a regenerative and inclusive tomorrow,,bworldonline.com,https://bworldonline.com/spotlight/2026/06/29/759760/69-esg-champions-recognized-at-the-asia-responsible-enterprise-awards-area-2026-for-shaping-a-regenerative-and-inclusive-tomorrow/,English
Coffee,Malaysia,export,2026 CIFM / interzum guangzhou开启家具智造新纪元 - 美通社PR - Newswire,,prnasia.com,https://www.prnasia.com/story/526332-1.shtml,Chinese
Coffee,Malaysia,export,SIAL西雅国际食品展在沪开幕 ， 以  中国方案  赋能全球食饮贸易 _ 中华网,,digi.china.com,https://digi.china.com/articles/20260518/202605181871423.html,Chinese
Coffee,Malaysia,export,The 25 most influential coffee businesses in the world,,monocle.com,https://monocle.com/business/leading-coffee-brands-of-the-world/,English
Coffee,China,demand,星巴克与博裕投资合作启动 ， 开启  千店千面  新篇章,,baijiahao.baidu.com,https://baijiahao.baidu.com/s?id=1861903163670249816,Chinese
Coffee,China,demand,不去咖啡馆 ， 照样喝同款 ： 菲诺以  生椰拿铁  切入即饮咖啡市场 _ 产业资讯 _ 行业 _ 中金在线,,hy.stock.cnfol.com,http://hy.stock.cnfol.com/hangyejingcui/20260615/32279358.shtml,Chinese
Coffee,China,demand,星巴克中国CEO刘文娟 ： 未来覆盖1500个县级以上行政区 ， 门店拓展仍是增长引擎,,163.com,https://www.163.com/dy/article/KQ135UCR0511U82T.html,Chinese
Coffee,China,demand,星巴克中国合资落地后首发全新战略 ， 计划三年内覆盖1500个县级行政区,,baijiahao.baidu.com,https://baijiahao.baidu.com/s?id=1861896024603443213,Chinese
Coffee,China,demand,星巴克官宣 ： 和中国进入恋爱期 ！ ,,163.com,https://www.163.com/dy/article/KQ3LE4V005399MBQ.html,Chinese
Coffee,China,demand,百胜中国2026年首季业绩增长 ， 肯悦咖啡门店超2600家 _ 财经频道 _ 中华网,,finance.china.com,https://finance.china.com/xiaofei/13004691/20260430/49465996.html,Chinese
Coffee,China,demand,Grid Coffee联手ONA咖啡 ， 精品化能否走出一条新路 ？ ｜新消费观察,,finance.sina.com.cn,https://finance.sina.com.cn/tech/roll/2026-05-07/doc-inhxanxc8245612.shtml,Chinese
Coffee,China,demand,要和瑞幸们火拼 ， 星巴克先向自己  开刀 ： 重回特许经营 ， 要下沉或许还得降价|星巴克,,finance.sina.com.cn,https://finance.sina.com.cn/tech/roll/2026-04-10/doc-inhtyrvy1413409.shtml,Chinese
Coffee,China,demand,门店装不下瑞幸了 - 虎嗅网,,huxiu.com,https://www.huxiu.com/article/4855885.html,Chinese
Coffee,China,demand,门店装不下瑞幸了 _ 中华网,,hea.china.com,https://hea.china.com/articles/20260507/202605071862114.html,Chinese
Coffee,China,demand,星巴克中国携手博裕投资启新程 ， 推  千店千面  战略加速县级市场布局 - 商业消费 - ITBear比尔科技,,itbear.com.cn,https://www.itbear.com.cn/html/2026-04/1264559.html,Chinese
Coffee,China,demand,咖啡液一年售出4亿杯 ！ 瑞幸即享咖啡引领行业增长 - 经济观察网 － 专业财经新闻网站,,eeo.com.cn,http://www.eeo.com.cn/2026/0423/848742.shtml,Chinese
Coffee,China,demand,一杯咖啡 ， 串起一条城市产业链,,baijiahao.baidu.com,https://baijiahao.baidu.com/s?id=1863165701939629419,Chinese
Coffee,China,demand,一杯咖啡 ， 串起一条城市产业链 _ 中华网,,digi.china.com,https://digi.china.com/articles/20260422/202604221853170.html,Chinese
Coffee,China,demand,咖啡液一年售出4亿杯 ！ 瑞幸即享咖啡引领行业增长 _ 中华网,,hea.china.com,https://hea.china.com/articles/20260423/202604231853480.html,Chinese
Coffee,China,demand,星巴克中国与云南农业大学达成战略合作 - 美通社PR - Newswire,,prnasia.com,https://www.prnasia.com/story/533716-1.shtml,Chinese
Coffee,China,demand,Inside Government Plan to Source Suppliers for China Exports Ahead of May 1st,,capitalfm.co.ke,https://www.capitalfm.co.ke/news/2026/04/inside-government-plan-to-source-suppliers-for-china-exports-ahead-of-may-1st/,English
Coffee,Nepal,export,Nepal - India Relations : भारत के इस फैसले से फीकी हो जाएगी नेपाल के बालेन शाह की चाय ! लगा तगड़ा झटका,,hindi.moneycontrol.com,https://hindi.moneycontrol.com/india/nepal-india-relations-indian-govt-decision-set-to-leave-nepal-pm-balen-shah-tea-tasting-bland-major-blow-dealt-article-2396842.html,Hindi
Coffee,Nepal,export,"Nepali Tea Export India News , भारत - नेपाल में  चाय पर तकरार , नेपाली चाय खरीदने से पीछे हट रहे भारतीय खरीदार , काठमांडू में टेंशन - nepali tea exports to india face fresh hurdles delhi testing disrupted twice in two weeks - Asian countries News",,navbharattimes.indiatimes.com,https://navbharattimes.indiatimes.com/world/asian-countries/nepali-tea-exports-to-india-face-fresh-hurdles-delhi-testing-disrupted-twice-in-two-weeks/articleshow/131528565.cms,Hindi
Coffee,Nepal,export,"भारत - नेपाल के बीच अब चाय बनी दरार , सख्ती के बाद शुरू हो गया नया विवाद - india s recurring barriers expose battle over nepali tea",,punjabkesari.in,https://www.punjabkesari.in/national/news/india-s-recurring-barriers-expose-battle-over-nepali-tea-2338651,Hindi
Coffee,Nepal,export,Nepali tea exporters in hot water as India toughens import rules,,phnompenhpost.com,https://phnompenhpost.com/national/nepali-tea-exporters-in-hot-water-as-india-toughens-import-rules-2/,English
Coffee,Nepal,export,परनिर्भरबाट आत्मनिर्भरः सरकारको उद्योग नीतिमा के छ ? | Nepal first 24 - hour updated news portal,,ratopati.com,https://www.ratopati.com/story/562505/from-dependent-to-self-reliant-what-is-in-the-governments-industrial-policy,Nepali
Coffee,Nepal,export,"Indian duties batter Nepal steel exports , wipe out billions in earnings – Asia News Network",,asianews.network,https://asianews.network/indian-duties-batter-nepals-steel-exports-wipe-out-billions-in-earnings/,English
Coffee,Nepal,export,نكهات الهيمالايا على ضفاف النيل : سفارة نيبال تحتفي بالشاي بالقاهرة,,almontasaf.net,https://www.almontasaf.net/news142829.html,Arabic
Coffee,Nepal,export,Nepal Export Landscape : A Strategic and Statistical Overview,,reviewnepal.com,https://www.reviewnepal.com/nepals-export-landscape-a-strategic-and-statistical-overview/,English
Coffee,Nepal,export,India new testing - related rule has brought Nepal tea exports to a standstill,,spotlightnepal.com,https://www.spotlightnepal.com/2026/05/20/indias-new-testing-related-rule-has-brought-nepals-tea-exports-standstill/,English
Coffee,Nepal,export,Nepali tea exports disrupted twice in two weeks due to India quality testing,,kathmandupost.com,https://kathmandupost.com/money/2026/06/04/nepali-tea-exports-disrupted-twice-in-two-weeks-due-to-india-quality-testing,English
Coffee,Nepal,export,"India new curbs stall Nepali tea exports , costly testing rules hit traders",,peoplesreview.com.np,https://peoplesreview.com.np/2026/05/08/indias-new-curbs-stall-nepali-tea-exports-costly-testing-rules/,English
Coffee,Nepal,export,Why industrial federalism is necessary,,kathmandupost.com,https://kathmandupost.com/columns/2026/05/26/why-industrial-federalism-is-necessary,English
Coffee,Nepal,export,नयाँ बजेटमा जनअपेक्षा,,karobardaily.com,https://www.karobardaily.com/news/379261,Nepali
Coffee,Nepal,export,重庆国际友好城市 、 友好交流城市总数达196+6个,,cq.ifeng.com,https://cq.ifeng.com/c/8tI6pha0u8U,Chinese
Coffee,Nepal,export,2026重庆国际友好城市合作大会发布系列合作成果 重庆国际友好城市 、 友好交流城市总数达196+6个,,cqnews.net,https://www.cqnews.net/web/content_1506917316448108544.html,Chinese
Coffee,Nepal,export,2026重庆国际友好城市合作大会发布系列合作成果 重庆国际友好城市和友好交流城市总数达196+6个 -- 视界网,,cbg.cn,https://www.cbg.cn/a/4933/20260521/996fe838a3454ba8b08b4e62173c4f30.html,Chinese
Coffee,Nepal,export,A new budget designed to lay the groundwork for transformation : Minister Wagle,,spotlightnepal.com,https://www.spotlightnepal.com/2026/05/18/new-budget-designed-lay-groundwork-transformation-minister-wagle/,English
Coffee,Nepal,export,三个爱尔兰团队的上交会直播 ： 国外药械初创企业为何选择中国,,163.com,https://www.163.com/dy/article/KVQOREKA0519DDQ2.html,Chinese
Coffee,Nepal,export,2026广州旅展盛大开幕 ： 海量品质线路 ， 优惠直降上万元,,163.com,https://www.163.com/dy/article/KTHPRIPO05129QAF.html,Chinese
Coffee,Netherlands,import,2026广州咖啡文化季明日开幕 广交会客商可凭证件免费入场 _ 广州日报大洋网,,news.dayoo.com,https://news.dayoo.com/guangzhou/202604/30/139995_54954336.htm,Chinese
Coffee,Netherlands,import,江苏昆山 ： 一瓶可乐背后的  甜蜜经济  进化史 _ 新华网江苏频道,,js.xinhuanet.com,http://www.js.xinhuanet.com/20260601/dd28e4abb2684a1a9d960e14667cc954/c.html,Chinese
Coffee,Netherlands,import,Byznys a stát spolupracují na nové značce Česka . Inspiraci hledají v zahraničí,,denik.cz,https://www.denik.cz/byznys-kafe/dobre-rano-cesko-katerina-kadlecova-2et.html,Czech
Coffee,Netherlands,import,"Jacob Alejandro Gets Bigger in Troy , NY , with Cocktails Coming",,dailycoffeenews.com,https://dailycoffeenews.com/2026/06/03/jacob-alejandro-gets-bigger-in-troy-ny-with-cocktails-coming/,English
Coffee,Netherlands,import,麥當勞宣布大變身 ！ 菜單 、 門市全面升級 CEO最新改革計畫一次看,,ec.ltn.com.tw,https://ec.ltn.com.tw/article/breakingnews/5457383,Chinese
Coffee,Netherlands,import,美伊達成協議後 … 全球通膨壓力難消 債市仍陷高利率環境 | 全球財經 | 全球,,udn.com,https://udn.com/news/story/6811/9571868,Chinese
Coffee,Netherlands,import,北外滩2 . 3公里江岸线变身咖啡长廊 ， 300个摊位喝遍全世界 ！ 这份五一逛喝指南请收好｜来上海过五一 . 花头啡常浓,,baijiahao.baidu.com,https://baijiahao.baidu.com/s?id=1863892994285683232,Chinese
Coffee,Netherlands,import,台灣年丟5億顆藥 ！ 專家示警 「 7類藥 」 不能亂丟 ： 6步驟可安全回收 | 生活,,newtalk.tw,https://newtalk.tw/news/view/2026-04-22/1031078,Chinese
Coffee,Netherlands,import,"奧入瀨溪流健行步道路線 - 台南借錢管道及債務整合協商 , 台中龍井區機車貸款 , 屏東小額信貸",,blog.udn.com,https://blog.udn.com:443/dnl33lj11j/190140335,Chinese
Coffee,Netherlands,import,도넛,,terms.naver.com,https://terms.naver.com/entry.naver?docId=2082304&cid=42717&categoryId=42718,Korean
Coffee,Netherlands,import,Neue Zollgebühr : Online - Shopping wird teurer - DAS musst du jetzt wissen,,derwesten.de,https://www.derwesten.de/verbraucher/zollgebuehr-online-shopping-kunden-preis-id302092092.html,German
Coffee,Netherlands,import,Umowa UE - Mercosur od 1 maja 2026 : wpływ na polskie rolnictwo i ceny,,gazetaprawna.pl,"https://www.gazetaprawna.pl/wiadomosci/swiat/artykuly/11241908,unia-otwiera-rynki-dla-mercosur-od-1-maja-polska-zlozy-skarge-do-tsue.html",Polish
Coffee,Netherlands,import,挪威海底的中国盘子,,news.cyol.com,http://news.cyol.com/gb/articles/2026-06/17/content_X59nQJfp25.html,Chinese
Coffee,Netherlands,import,透视链博会上的消费产业链 ： 链主协同带动上游品质提升 ， AI+机器人体系加速智能化迈进 _ 消费 _ 产经频道首页 _ 财经网,,industry.caijing.com.cn,https://industry.caijing.com.cn/20260624/5167019.shtml,Chinese
Coffee,Netherlands,import,5 、 6月手搖咖啡新品懶人包 ！ 再睡5分鐘週年冰沙 、 可不可蘋果回歸 、 迷客夏荔枝飲 、 星巴克草莓抹茶一次看 | 美食旅遊,,woman.udn.com,https://woman.udn.com/woman/story/123162/9484977,Chinese
Soybean,India,import,तेस्रो मुलुकबाट ल्याएर खानेतेल भारत पठाउँदै नेपाली उद्योग | Nepal first 24 - hour updated news portal,,ratopati.com,https://www.ratopati.com/story/565212/nepali-industry-importing-edible-oil-from-third-countries-and-sending-it-to-india,Nepali
Soybean,India,import,"India Soymeal Export : भारत ने रद्द किया यह कॉन्‍ट्रैक्‍ट , 2021 के बाद पहली बार हुआ ऐसा , बदला कारोबार का रुख",,navbharattimes.indiatimes.com,https://navbharattimes.indiatimes.com/business/business-news/indias-big-decision-soymeal-export-deals-canceled-for-the-first-time-since-2021-80000-tonnes-to-be-imported-from-african-countries/articleshow/131333575.cms,Hindi
Soybean,India,import,"खाने तेल व्यापार : अर्जेन्टिना र ब्राजिलबाट आयात , प्रशोधन गरी भारत निर्यात",,onlinekhabar.com,https://www.onlinekhabar.com/2026/06/1961711/edible-oil-trade-import-from-argentina-and-brazil-processing-and-export-to-india,Nepali
Soybean,India,import,Soybean Meal Exports : चार साल के रिकॉर्ड स्तर पर सोयाबीन ! महंगा होने से भारतीय सोयामील का निर्यात आधा रहने का अनुमान - indian soymeal exports plunge as soybean prices hit record high,,hindi.business-standard.com,https://hindi.business-standard.com/commodities/indian-soymeal-exports-plunge-as-soybean-prices-hit-record-high-id-527135,Hindi
Soybean,India,import,देश का खाद्य तेल आयात मई में 6 . 7 % बढ़कर 13 . 39 लाख टन - country s edible oil imports rose by 6 7 to 1 339 million tonnes in may,,punjabkesari.in,https://www.punjabkesari.in/business/news/country-s-edible-oil-imports-rose-by-6-7-to-1-339-million-tonnes-in-may-2345637,Hindi
Soybean,India,import,"नेपाली सामग्रीको निर्यात बढ्यो , कुन देशमा कति ? ",,annapurnapost.com,https://www.annapurnapost.com/story/501471/,Nepali
Soybean,India,import,Soybean oil likely to remain competitive in 2027 as Argentina plans export tax cuts,,thehindubusinessline.com,https://www.thehindubusinessline.com/economy/agri-business/soybean-oil-likely-to-remain-competitive-in-2027-as-argentina-plans-export-tax-cuts/article71093110.ece,English
Soybean,India,import,棕榈油反弹至四周高位 ： 是跟随性脉冲 ， 还是原油 - 豆油联动正逼近共振临界点 ？_ 国际原油市场 _ 黄金网 _ 中金在线,,gold.cnfol.com,http://gold.cnfol.com/guojiyuanyousc/20260603/32269228.shtml,Chinese
Soybean,India,import,Edible Oil Imports : दुनिया में खाने के तेल का सबसे बड़ा आयातक देश कौन ? जानें नाम,,jagranjosh.com,https://www.jagranjosh.com/general-knowledge/world-largest-importer-of-edible-oil-in-hindi-1820008868-2,Hindi
Soybean,India,import,Агро Перспектива,,agroperspectiva.com,http://www.agroperspectiva.com/ru/news/199755,Ukrainian
Soybean,India,import,"India cancels soymeal export deals , turns to African soybean imports , sources say",,thehindubusinessline.com,https://www.thehindubusinessline.com/economy/agri-business/india-cancels-soymeal-export-deals-turns-to-african-soybean-imports-sources-say/article71024341.ece,English
Soybean,India,import,India Edible Oil Imports Rise 6 . 7 Per Cent In May To 13 . 39 Lakh Tonnes On Higher Crude Soyabean Oil Shipments,,freepressjournal.in,https://www.freepressjournal.in/business/indias-edible-oil-imports-rise-67-per-cent-in-may-to-1339-lakh-tonnes-on-higher-crude-soyabean-oil-shipments,English
Soybean,India,import,印度修订黄金 、 白银关税,,wallstreetcn.com,https://wallstreetcn.com/livenews/3104553,Chinese
Soybean,India,import,India must improve oilseed yields to reduce imports : SEA chief,,thehindubusinessline.com,https://www.thehindubusinessline.com/economy/agri-business/india-must-improve-oilseed-yields-to-reduce-imports-sea-chief/article71112539.ece,English
Soybean,India,import,"India edible oil import bill jumps 19 % in H1 of oil year 2025 - 26 , volumes rise over 13 % ",,thehindubusinessline.com,https://www.thehindubusinessline.com/economy/agri-business/indias-edible-oil-import-bill-jumps-19-in-h1-of-oil-year-2025-26-volumes-rise-over-13/article70973222.ece,English
Soybean,India,import,India Edible Oil Imports Shift to Supply - Driven Sourcing,,newkerala.com,https://www.newkerala.com/news/a/west-asia-conflict-driving-indias-edible-oil-imports-288.htm,English
Soybean,India,import,India vegetable oil imports jump 13pc in first half of 2025 - 26 on palm oil surge,,retail.economictimes.indiatimes.com,https://retail.economictimes.indiatimes.com/news/food-entertainment/personal-care-pet-supplies-liquor/indias-vegetable-oil-imports-jump-13pc-in-first-half-of-2025-26-on-palm-oil-surge/131058442,English
Soybean,India,import,"बाह्य सूचकमा रेकर्ड ब्रेक , आन्तरिक अर्थतन्त्र चुनौतीमै",,annapurnapost.com,https://www.annapurnapost.com/story/501484/,Nepali
Soybean,Saudi Arabia,export,"Takeaways from AP and Lee report on how soybean farmers were impacted by tariffs , Iran war",,finance.yahoo.com,https://finance.yahoo.com/markets/commodities/articles/takeaways-ap-lees-report-soybean-212616782.html,English
Soybean,Saudi Arabia,export,Trade deals offer potential wins for farmers and ranchers,,hpj.com,https://hpj.com/2026/05/29/trade-deals-offer-potential-wins-for-farmers-and-ranchers/,English
Soybean,Germany,export,Скільки коштує соя з ГМО та без ГМО : актуальні ціни на заводи,,delo.ua,https://delo.ua/news/cini-na-soyu-v-ukrayini-znovu-zrosli-pererobniki-zmagayutsya-za-sirovinu-463864/,Ukrainian
Soybean,Germany,export,India soymeal exports to fall to four - year low on rising prices,,economictimes.indiatimes.com,https://economictimes.indiatimes.com/news/economy/foreign-trade/india-soymeal-exports-to-fall-to-four-year-low-on-rising-prices/articleshow/131196094.cms,English
Soybean,Germany,export,"चार वर्ष में दोगुना हो गया भोपाल का निर्यात , अमेरिका , फ्रांस , जर्मनी और ईराक सहित कई देशों में जा रहे उत्पाद",,naidunia.com,https://www.naidunia.com/madhya-pradesh/bhopal-bhopal-exports-doubled-in-four-years-products-shipped-us-france-germany-and-iraq-8444020,Hindi
Soybean,Germany,export,大成擴大食品加工布局 植物蛋7月在台上市 | 產經,,cna.com.tw,https://www.cna.com.tw/news/afe/202606240229.aspx,Chinese
Soybean,Germany,export,El acuerdo Mercosur - Unión Europea abre una nueva etapa para el agro y las exportaciones argentinas,,ellitoral.com,https://www.ellitoral.com/puerto-negocios/mercosur-unioneuropea-comercio-agroindustria-exportaciones-aranceles-productos-beneficios_0_TwbrvfA0HY.html,Spanish
Soybean,Germany,export,La soja acumuló una suba semanal de $5000 y cerró a $460 mil por tonelada en Rosario,,tn.com.ar,https://tn.com.ar/campo/2026/06/12/la-soja-acumulo-una-suba-semanal-de-5000-y-cerro-a-460-mil-por-tonelada-en-rosario/,Spanish
Soybean,Germany,export,A geoeconomia dos gramados,,mais.opovo.com.br,https://mais.opovo.com.br/colunistas/marcio-coimbra/2026/06/22/a-geoeconomia-dos-gramados.html,Portuguese
Soybean,Germany,export,"Ni soja , ni merluza : este es el primer producto que Argentina exporta bajo el acuerdo Mercosur",,libertaddigital.com,https://www.libertaddigital.com/libremercado/2026-05-06/ni-soja-ni-merluza-este-es-el-primer-producto-que-argentina-exporta-bajo-el-acuerdo-mercosur-1b-7400183/,Spanish
Soybean,Germany,export,Brazil Agribusiness Q1 Hits Record US$38 Billion,,riotimesonline.com,https://www.riotimesonline.com/brazil-agribusiness-q1-2026-record-us-china-trade/,English
Soybean,Germany,export,19 سفينة حاويات وبضائع عامة تتألق في ميناء دمياط,,aiwaegypt.com,https://www.aiwaegypt.com/13253,Arabic
Soybean,Germany,export,Huevos y cerdo : las exportaciones alcanzaron números récord y se abren nuevos mercados en Europa y Asia,,analisisdigital.com.ar,https://www.analisisdigital.com.ar/economia/2026/06/04/huevos-y-cerdo-las-exportaciones-alcanzaron-numeros-record-y-se-abren-nuevos-mercados-en-europa-y-asia,Spanish
Soybean,Germany,export,트럼프가 일으킨 전쟁에 전 세계가 경제적 고통 … 미국은  예외  ,,hani.co.kr,https://www.hani.co.kr/arti/international/america/1256246.html,Korean
Soybean,Germany,export,Ціни на нафту злетіли : Україні терміново потрібен власний біодизель,,epravda.com.ua,https://epravda.com.ua/energetika/cini-na-naftu-zletili-ukrajini-terminovo-potriben-vlasniy-biodizel-821953/,Ukrainian
Soybean,Germany,export,El campo como motor de una nueva potencia agrobioindustrial para Buenos Aires,,agencianova.com,https://www.agencianova.com/nota.asp?n=2026_6_16&id=168762&id_tiponota=3,Spanish
Soybean,Germany,export,Entra en vigor acuerdo comercial UE - Mercosur tras 25 años de negociaciones : beneficiará a 720 millones de consumidores,,larepublica.pe,https://larepublica.pe:443/mundo/2026/05/01/entra-en-vigor-acuerdo-comercial-uemercosur-tras-25-anos-de-negociaciones-beneficiara-a-720-millones-de-consumidores-85012,Spanish
Soybean,Germany,export,Como Três Lagoas transformou a costa leste no motor industrial de Mato Grosso do Sul,,progresso.com.br,https://progresso.com.br/index.php/2026/05/28/como-tres-lagoas-transformou-a-costa-leste-no-motor-industrial-do-estado/,Portuguese
Soybean,Germany,export,东方财富财经早餐 4月10日周五 _ 东方财富网,,finance.eastmoney.com,https://finance.eastmoney.com/a/202604093700008596.html,Chinese
Soybean,Singapore,import,"এলএনজি , সার ও ভোজ্যতেল আমদানিসহ ২০ ক্রয় প্রস্তাব অনুমোদন",,dailyinqilab.com,https://dailyinqilab.com/bangladesh/article/909028,Bengali
Soybean,Singapore,import,棕榈油破位下行 ： 原油疲软与竞争性油脂施压 ， 市场等待出口验证 _ 期市动态 _ 期货 _ 中金在线,,futures.cnfol.com,http://futures.cnfol.com/qishidongtai/20260414/32143251.shtml,Chinese
Soybean,Singapore,import,"Harga Kedelai Naik Akibat Konflik Timur Tengah , Produsen Tempe Terjepit",,surabaya.bisnis.com,https://surabaya.bisnis.com/read/20260411/532/1965844/harga-kedelai-naik-akibat-konflik-timur-tengah-produsen-tempe-terjepit,Indonesian
Soybean,Singapore,import,Openness essential to fueling Asia - Pacific growth,,europe.chinadaily.com.cn,http://europe.chinadaily.com.cn/a/202606/21/WS6a37f573a310986e2b461023.html,English
Soybean,Singapore,import,东方财富期货早餐 6月1日 周一 _ 东方财富网,,finance.eastmoney.com,https://finance.eastmoney.com/a/202605313755173191.html,Chinese
Soybean,Singapore,import,京粮控股 ( 000505 ): 海南京粮控股股份有限公司2026年跟踪评级报告 - CFi . CN 中财网,,cfi.net.cn,http://www.cfi.net.cn/p20260527002785.html,Chinese
Soybean,Singapore,import,23京粮01 : 海南京粮控股股份有限公司2026年跟踪评级报告 - CFi . CN 中财网,,cfi.net.cn,http://www.cfi.net.cn/p20260527002784.html,Chinese
Soybean,Singapore,import,হরমুজের পর মালাক্কা প্রণালি নিয়ে শঙ্কা তৈরি হচ্ছে কেন ? |,,bd-pratidin.com,https://www.bd-pratidin.com/international-news/2026/04/20/1240961,Bengali
Soybean,Singapore,import,হরমুজের পর কেন মালাক্কা প্রণালি বন্ধের শঙ্কা ? ,,dailyinqilab.com,https://dailyinqilab.com/international/news/885610,Bengali
Soybean,Singapore,import,掐住中國60 % 貿易命脈 ！ 美軍索要印尼 「 全面飛越權 」， 北京擔憂的 「 麻六甲困境 」 恐成真 | BBC News 中文 | 新聞,,storm.mg,https://www.storm.mg/article/11122736,Chinese
Soybean,Singapore,import,হরমুজের পর কেন মালাক্কা প্রণালী নিয়ে শঙ্কা,,dailynayadiganta.com,https://dailynayadiganta.com/international/asia/middle-east/bRcxSTzJ7H9p,Bengali
Soybean,Singapore,import,微专题|高考地理中土壤的相关知识点,,163.com,https://www.163.com/dy/article/KR30V6810516DHVE.html,Chinese
Soybean,Singapore,import,India seeks edge over Asian peers in trade talks with US,,indianexpress.com,https://indianexpress.com/article/business/india-us-trade-agreement-piyush-goyal-section-301-tariffs-deadline-10718913/,English
Soybean,Singapore,import,"होर्मुज में कार्गो शिप पर हमला , यूएन ने सुरक्षा मिशन रोका",,dw.com,https://www.dw.com/hi/top-news-26-june-dw-hindi-live-news/live-77716930,Hindi
Soybean,Singapore,import,الطاقة وراء مواقف آسيا وأوروبا من الحرب,,egyptwindow.net,https://www.egyptwindow.net/article/4899986/%D8%A7%D9%84%D8%B7%D8%A7%D9%82%D8%A9-%D9%88%D8%B1%D8%A7%D8%A1-%D9%85%D9%88%D8%A7%D9%82%D9%81-%D8%A2%D8%B3%D9%8A%D8%A7-%D9%88%D8%A3%D9%88%D8%B1%D9%88%D8%A8%D8%A7-%D9%85%D9%86-%D8%A7%D9%84%D8%AD%D8%B1%D8%A8,Arabic
Soybean,Singapore,import,"India , US to hold ministerial - level trade pact talks this week",,thehindubusinessline.com,https://www.thehindubusinessline.com/economy/india-us-to-hold-ministerial-level-trade-pact-talks-this-week/article71129069.ece,English
Soybean,Malaysia,demand,跳空缺口未补 ， 成本坍塌与需求回归的赛跑正逼近赛点 _ 期市动态 _ 期货 _ 中金在线,,futures.cnfol.com,http://futures.cnfol.com/qishidongtai/20260615/32280368.shtml,Chinese
Soybean,Malaysia,demand,"खाने के तेल की कीमतों में हलचल , दो हफ्ते के उच्चतम स्तर पर पाम ऑयल - volatility in edible oil prices palm oil hits two week high",,punjabkesari.in,https://www.punjabkesari.in/business/news/volatility-in-edible-oil-prices-palm-oil-hits-two-week-high-2336488,Hindi
Soybean,Malaysia,demand,出口骤降叠加原油破位 ， 棕榈油正逼近情绪与技术双重临界点 ？_ 期市动态 _ 期货 _ 中金在线,,futures.cnfol.com,http://futures.cnfol.com/qishidongtai/20260521/32243790.shtml,Chinese
Soybean,Malaysia,demand,"Palm oil : पाम की कीमतें 2 हफ्तों की ऊंचाई पर , बायोफ्यूल की मांग में सपोर्ट से जून में भी कीमतें रह सकती है 4400 रिंग्गित पर",,hindi.moneycontrol.com,https://hindi.moneycontrol.com/news/commodity/palm-prices-hit-a-two-week-high-supported-by-biofuel-demand-prices-may-remain-at-4400-ringgit-in-june-2403911.html,Hindi
Soybean,Malaysia,demand,原油反弹撞上供应收缩 ， 棕榈油正逼近多空分水岭 ？_ 期市动态 _ 期货 _ 中金在线,,futures.cnfol.com,http://futures.cnfol.com/qishidongtai/20260526/32255524.shtml,Chinese
Soybean,Malaysia,demand,盯着原油做马棕油的逻辑还能跑多远 ？_ 期市动态 _ 期货 _ 中金在线,,futures.cnfol.com,http://futures.cnfol.com/qishidongtai/20260416/32148862.shtml,Chinese
Soybean,Malaysia,demand,B50进入百日倒数 ： 棕榈油获利盘清洗过后 ， 能源底牌还能撑住多少溢价 ？_ 期市动态 _ 期货 _ 中金在线,,futures.cnfol.com,http://futures.cnfol.com/qishidongtai/20260423/32168565.shtml,Chinese
Soybean,Malaysia,demand,马来西亚棕榈油期货小幅收涨 ， 5月产量预期下滑提供支撑 _ 期市动态 _ 期货 _ 中金在线,,futures.cnfol.com,http://futures.cnfol.com/qishidongtai/20260608/32273263.shtml,Chinese
Soybean,Malaysia,demand,出口激增25 % 却在4697关口前  急刹 ： 棕榈油的这轮折返 ， 是蓄力还是多空逻辑的裂变 ？_ 期市动态 _ 期货 _ 中金在线,,futures.cnfol.com,http://futures.cnfol.com/qishidongtai/20260623/32287528.shtml,Chinese
Soybean,Malaysia,demand,棕榈油市场分析 ： 出口政策博弈与生柴需求共振下的多空拉锯 _ 国际原油市场 _ 黄金网 _ 中金在线,,gold.cnfol.com,http://gold.cnfol.com/guojiyuanyousc/20260529/32264804.shtml,Chinese
Soybean,Malaysia,demand,一边是印度进口大跌27 %， 一边是马棕油创新高 ， 到底怎么了 ？_ 期市动态 _ 期货 _ 中金在线,,futures.cnfol.com,http://futures.cnfol.com/qishidongtai/20260505/32200393.shtml,Chinese
Soybean,Malaysia,demand,油脂市场录得三周首个周涨幅 ： 能源溢价与汇率走弱支撑棕榈油价格 _ 期市动态 _ 期货 _ 中金在线,,futures.cnfol.com,http://futures.cnfol.com/qishidongtai/20260424/32172790.shtml,Chinese
Soybean,Malaysia,demand,精选 | 夜盘盘前要闻汇总 4月14日 周二 _ 东方财富网,,finance.eastmoney.com,https://finance.eastmoney.com/a/202604143704619290.html,Chinese
Soybean,Malaysia,demand,警惕节奏错配和影响非对称性风险 _ 东方财富网,,finance.eastmoney.com,https://finance.eastmoney.com/a/202605053728375286.html,Chinese
Soybean,Malaysia,demand,马来西亚棕榈油委员会 共推棕榈油健康 、 可持续与产业创新 _ 中华网,,m.tech.china.com,https://m.tech.china.com/redian/2026/0418/042026_1850163.html,Chinese
Soybean,Malaysia,demand,棕榈油市场分析 ： 利多因素共振 ， 马棕期货连续两日走高 _ 期市动态 _ 期货 _ 中金在线,,futures.cnfol.com,http://futures.cnfol.com/qishidongtai/20260528/32262365.shtml,Chinese
Soybean,Malaysia,demand,"Rising Global Prices , Tight Supply Drag Palm Oil Supply Three - month Low",,businessworld.in,https://www.businessworld.in/article/rising-global-prices-tight-supply-drag-palm-oil-supply-three-month-low-601984,English
Soybean,Japan,demand,中 개방에 대두값 오름세 .. 韓 먹거리 물가까지 위협,,fnnews.com,https://www.fnnews.com/news/202605191825085330,Korean
Soybean,Japan,demand,纳豆激酶市场升温 ： 高活性 、 复配型产品成中老年新选择 _ 中华网,,hea.china.com,https://hea.china.com/articles/20260413/202604131845244.html,Chinese
Soybean,Japan,demand,Exportaes de soja dos EUA afundam 18 % e abrem brecha no mercado,,agroemcampo.ig.com.br,https://agroemcampo.ig.com.br/2026/noticias/exportacoes-de-soja-dos-eua-afundam-18-e-abrem-brecha-no-mercado/,Portuguese
Soybean,Japan,demand,Gigante chinesa faz investimento bilionário para ampliar operaes no agronegócio do Brasil,,revistaforum.com.br,https://revistaforum.com.br/brasil/gigante-chinesa-faz-investimento-bilionario-para-ampliar-operacoes-no-agronegocio-do-brasil/,Portuguese
Soybean,Japan,demand,Vietnam MOU with Ohio farmers aims to expand soybean exports,,ocj.com,https://ocj.com/2026/04/vietnam-mou-with-ohio-farmers-aims-to-expand-soybean-exports/,English
Soybean,Japan,demand,Agro : Comércio com América do Norte ainda não se recuperou - 10 / 06 / 2026 - Vaivém,,folha.uol.com.br,https://www1.folha.uol.com.br/colunas/vaivem/2026/06/comercio-do-agro-com-america-do-norte-ainda-nao-se-recuperou.shtml,Portuguese
Soybean,Japan,demand,味精巨頭靠 「 副產品 」 壟斷AI晶片命脈 市佔逾90 ％ 沒它就崩壞 - 財經,,chinatimes.com,https://www.chinatimes.com/realtimenews/20260413001646-260410,Chinese
Soybean,Japan,demand,日本発のフードテックＰＲ 農水省 、 各国大使館向け ： 中日新聞Web,,chunichi.co.jp,https://www.chunichi.co.jp:443/article/1270580,Japanese
Soybean,Japan,demand,东方财富期货早餐 5月27日 周三 _ 东方财富网,,finance.eastmoney.com,https://finance.eastmoney.com/a/202605263749940810.html,Chinese
Soybean,Japan,demand,AI 돈잔치의 청구서 … 월가가 HBM 호황을 다시 보는 이유,,etoday.co.kr,https://www.etoday.co.kr/news/view/2580274,Korean
Soybean,Japan,demand,"Soybean , rice export sales drop to marketing year lows",,brownfieldagnews.com,https://www.brownfieldagnews.com/news/soybean-rice-export-sales-drop-to-marketing-year-lows/,English
Soybean,Japan,demand,  GMC · 뷰익  들여온다고 될까요 ?... 올해 국내서 월 1000대도 못 판 한국GM,,insight.co.kr,https://www.insight.co.kr/news/557145,Korean
Soybean,Japan,demand,Grain Export Inspections Show Strong Corn Movement Weekly,,rfdtv.com,https://www.rfdtv.com/grain-export-inspections-show-strong-corn-movement-weekly,English
Soybean,Japan,demand," [ 이슈 ] 해수담수화 , 대체수자원에서 산업용수 안보 전략으로 1 / 3",,ecomedia.co.kr,http://www.ecomedia.co.kr/news/newsview.php?ncode=1065571489891876,Korean
Soybean,Japan,demand,Importaes de carros elétricos disparam no Paran,,bemparana.com.br,https://www.bemparana.com.br/noticias/economia/importacoes-de-carros-eletricos-disparam-no-parana/,Portuguese
Soybean,Japan,demand,Desplome : la soja tuvo la quinta jornada consecutiva de bajas y quedó en el peor precio en casi cuatro meses,,lanacion.com.ar,https://www.lanacion.com.ar/economia/campo/desplome-la-soja-sigue-en-el-tobogan-tuvo-la-quinta-jornada-consecutiva-con-bajas-y-acumula-una-nid04062026/,Spanish
Soybean,Japan,demand, [ 年报 ] 嘉华股份 ( 603182 ): 嘉华股份2025年年度报告摘要 - CFi . CN 中财网,,cfi.net.cn,http://www.cfi.net.cn/p20260428000553.html,Chinese
Soybean,Japan,demand,午盘播报 4月28日 周二 _ 东方财富网,,finance.eastmoney.com,https://finance.eastmoney.com/a/202604283721912429.html,Chinese
Soybean,Japan,demand,열릴까 닫힐까호르무즈  골든타임  원유 수급 갈린다,,newsway.co.kr,https://newsway.co.kr/news/view?ud=2026040916380632797,Korean
Soybean,Vietnam,demand,肉馅水饺配料表出现大豆蛋白 ？ 专家 ： 它是食品原料 ， 并非添加剂 ， 使用涉口感 、 成本因素,,baijiahao.baidu.com,https://baijiahao.baidu.com/s?id=1863070101880542352,Chinese
Soybean,Vietnam,demand,Exportaes de soja e milho oscilam com mercado global e câmbio em março | Notícias de Campo Grande e MS,,capitalnews.com.br,https://www.capitalnews.com.br/economia-e-agronegocio/agronegocio/exportacoes-de-soja-e-milho-oscilam-com-mercado-global-e-cambio-em-marco/438894,Portuguese
Soybean,Vietnam,demand,Thị trường dầu thô thế giới giằng co vì địa chính trị,,baochinhphu.vn,https://baochinhphu.vn/thi-truong-dau-tho-the-gioi-giang-co-vi-dia-chinh-tri-1022604221056056.htm,Vietnamese
Soybean,Vietnam,demand,"Aqua farmers , stakeholders asked not to rely on unverified reports on feed prices",,thehindu.com,https://www.thehindu.com/news/national/andhra-pradesh/aqua-farmers-stakeholders-asked-not-to-rely-on-unverified-reports-on-feed-prices/article71113885.ece,English
Soybean,Vietnam,demand,Kỳ vọng hòa bình Mỹ - Iran kéo giá dầu xuống thấp nhất hơn 3 tháng,,baochinhphu.vn,https://baochinhphu.vn/ky-vong-hoa-binh-my-iran-keo-gia-dau-xuong-thap-nhat-hon-3-thang-102260616152110975.htm,Vietnamese
Soybean,Vietnam,demand,Brasil vendeu US$ 700 milhões à UE em produtos do agro com iseno imediata,,globorural.globo.com,https://globorural.globo.com/agricultura/noticia/2026/04/brasil-vendeu-us-700-milhoes-a-ue-em-produtos-do-agro-com-isencao-imediata.ghtml,Portuguese
Soybean,Vietnam,demand,Exportaes do agronegócio gaúcho registram alta de 32 % em maio,,gaz.com.br,https://www.gaz.com.br/exportacoes-do-agronegocio-gaucho-registram-alta-de-32-em-maio/,Portuguese
Soybean,Vietnam,demand,蘑菇中有 「 新蛋白 」（ 科技瞭望 ） ,,portal.sina.com.hk,https://portal.sina.com.hk/news-china/sina/2026/05/25/1775311/%E8%98%91%E8%8F%87%E4%B8%AD%E6%9C%89%E3%80%8C%E6%96%B0%E8%9B%8B%E7%99%BD%E3%80%8D%EF%BC%88%E7%A7%91%E6%8A%80%E7%9E%AD%E6%9C%9B%EF%BC%89/,Chinese
Soybean,Vietnam,demand,"Thị trường hàng hóa : MXV - Index nối dài đà suy yếu , dao động trên vùng 2 . 500 điểm",,baomoi.com,https://baomoi.com/thi-truong-hang-hoa-mxv-index-noi-dai-da-suy-yeu-dao-dong-tren-vung-2-500-diem-c55475109.epi,Vietnamese
Soybean,Vietnam,demand,Exportaes de grãos refletem cenário de oferta elevada e ajustes na demanda,,progresso.com.br,https://progresso.com.br/index.php/2026/04/14/exportacoes-de-graos-refletem-cenario-de-oferta-elevada-e-ajustes-na-demanda/,Portuguese
Soybean,Vietnam,demand,Opportunities for U . S . soy in Southeast Asia - Brownfield Ag News,,brownfieldagnews.com,https://www.brownfieldagnews.com/news/opportunities-for-u-s-soy-in-southeast-asia/,English
Soybean,Vietnam,demand,"Nhà nào trữ cà phê tốt , bán đợt này khi giá cà phê tăng lên gần 90 . 000 đồng / kg là trúng lớn",,danviet.vn,https://danviet.vn/nha-nao-tru-ca-phe-tot-ban-dot-nay-khi-gia-tang-len-gan-90000-dong-kg-la-trung-lon-d1435048.html,Vietnamese
Soybean,Vietnam,demand,"Corn Export Sales Lead Weekly Report as Soybeans Slow , Cotton Stays Strong",,rfdtv.com,https://www.rfdtv.com/corn-export-sales-lead-weekly-report-as-soybeans-slow-cotton-stays-strong,English
Soybean,Vietnam,demand,期权工具解了饲料 、 粮油老板烦心事,,futures.jrj.com.cn,https://futures.jrj.com.cn/2026/06/02074157293921.shtml,Chinese
Soybean,Vietnam,demand,"Agronegócio no Rio Grande do Sul movimenta US$ 3 , 2 bilhões em exportaes no primeiro trimestre de 2026",,gaz.com.br,https://www.gaz.com.br/agronegocio-no-rio-grande-do-sul-movimenta-us-32-bilhoes-em-exportacoes-no-primeiro-trimestre-de-2026/,Portuguese
Soybean,Vietnam,demand,Cà phê đảo chiều giảm sau khi chạm ngưỡng 90 . 000 đồng / kg,,baomoi.com,https://baomoi.com/ca-phe-dao-chieu-giam-sau-khi-cham-nguong-90-000-dong-kg-c55445048.epi,Vietnamese
Soybean,Vietnam,demand,蘑菇中有  新蛋白 （ 科技瞭望 ） -- 科普中国 -- 人民网,,kpzg.people.com.cn,http://kpzg.people.com.cn/n1/2026/0525/c404214-40726377.html,Chinese
Soybean,Indonesia,demand,Bapanas ensures a sufficient soybean supply for tofu and tempeh producers in Indonesia,,thestar.com.my,https://www.thestar.com.my/aseanplus/aseanplus-news/2026/04/18/bapanas-ensures-a-sufficient-soybean-supply-for-tofu-and-tempeh-producers-in-indonesia,English
Soybean,Indonesia,demand,B50路测撞上增产季 ： 棕榈油出口  池子  缩水倒计时 ？_ 期市动态 _ 期货 _ 中金在线,,futures.cnfol.com,http://futures.cnfol.com/qishidongtai/20260421/32161019.shtml,Chinese
Soybean,Indonesia,demand,"Bapanas ensures soybean supply sufficient for tofu , tempeh producers",,en.antaranews.com,https://en.antaranews.com/news/412761/bapanas-ensures-soybean-supply-sufficient-for-tofu-tempeh-producers,English
Soybean,Indonesia,demand,强厄尔尼诺预期升温 ， 大宗商品定价逻辑有变 ？ ,,futures.jrj.com.cn,https://futures.jrj.com.cn/2026/06/09074257386030.shtml,Chinese
Soybean,Indonesia,demand,Indonésia une ciência e agricultura em busca da autossuficiência alimentar,,brasil247.com,https://www.brasil247.com:443/sul-global/indonesia-une-ciencia-e-agricultura-em-busca-da-autossuficiencia-alimentar,Portuguese
Soybean,Indonesia,demand,Why Indonesia Biodiesel Policy could Drive Up Cooking Oil Prices in India,,indianexpress.com,https://indianexpress.com/article/explained/explained-economics/why-indonesia-biofuel-push-cooking-oil-expensive-india-10658727/,English
Soybean,Indonesia,demand,对冲基金大举涌入豆油 、 玉米 ， 押注伊朗战争推高生物燃料需求,,wallstreetcn.com,https://wallstreetcn.com/articles/3772062,Chinese
Soybean,Sri Lanka,export,东方财富期货早餐 5月11日 周一 _ 东方财富网,,finance.eastmoney.com,https://finance.eastmoney.com/a/202605103732398932.html,Chinese
Soybean,Sri Lanka,export,创新路子越走越宽 在琼央企乘风而上奋力拼 - 南海网,,hinews.cn,https://www.hinews.cn/page?n=2831639&m=1&s=1044,Chinese
Soybean,Sri Lanka,export,"UPSC Key - 24th June 2026 : Kharif Crops , Non - governmental Organizations and Lipulekh pass",,indianexpress.com,https://indianexpress.com/article/upsc-current-affairs/upsc-key-kharif-crops-non-governmental-organizations-and-lipulekh-pass-10755664/,English
Soybean,Netherlands,export,川習會 摩根大通 ： 可能達成進一步談判框架協議 | 兩岸,,cna.com.tw,https://www.cna.com.tw/news/acn/202605090066.aspx,Chinese
Soybean,Netherlands,export,Holandia odsyła statki ze śrutą sojową z Argentyny i Brazylii . Pasza z zakazanych w UE odmianach,,farmer.pl,"https://www.farmer.pl/fakty/holandia-odsyla-statki-ze-sruta-sojowa-z-argentyny-i-brazylii-pasza-z-zakazanych-w-ue-odmianach,177267.html",Polish
Soybean,Netherlands,export,Statków z soją z Mercosur nie rozładowano w Holandii . Nie spełniała unijnych wymogów,,farmer.pl,"https://www.farmer.pl/fakty/statkow-z-soja-z-mercosur-nie-rozladowano-w-holandii-nie-spelniala-unijnych-wymogow,177267.html",Polish
Soybean,Netherlands,export,قناة النيل للأخبار | تقرير سلامة الغذاء : تصدير 237 ألف طن مواد غذائية,,nile.eg,https://www.nile.eg/%D8%AA%D9%82%D8%B1%D9%8A%D8%B1-%D8%B3%D9%84%D8%A7%D9%85%D8%A9-%D8%A7%D9%84%D8%BA%D8%B0%D8%A7%D8%A1-%D8%AA%D8%B5%D8%AF%D9%8A%D8%B1-237-%D8%A3%D9%84%D9%81-%D8%B7%D9%86-%D9%85%D9%88%D8%A7%D8%AF-%D8%BA,Arabic
Soybean,Netherlands,export,美中各懷盤算 日專家解析川習會3大焦點 - 政治圈,,chinatimes.com,https://www.chinatimes.com/realtimenews/20260514002580-260408,Chinese
Soybean,Netherlands,export,19 أبريل 2026 .. نشرة الشروق الاقتصادية : الدولار يواصل التراجع وأسعار بعض السلع الأساسية تنخفض,,shorouknews.com,https://www.shorouknews.com/news/view.aspx?cdate=19042026&id=7fa72f6e-256b-44bf-9774-7a58c364b272,Arabic
Soybean,Netherlands,export,Cenapop · Por que o Brasil só voltará a ser campeão do mundo quando valorizar o futebol nacional ? ,,cenapop.uol.com.br,https://cenapop.uol.com.br/noticias/estilo-de-vida/por-que-o-brasil-so-voltara-a-ser-campeao-do-mundo-quando-valorizar-o-futebol-nacional.html,Portuguese
Soybean,Netherlands,export,South Africa overtakes US as world no . 2 poultry producer,,thepoultrysite.com,https://www.thepoultrysite.com/news/2026/06/south-africa-overtakes-us-as-worlds-no-2-poultry-producer,English
Soybean,Netherlands,export,世界の海に24の急所 貿易目詰まりリスク 、 ホルムズ海峡以外にも,,vdata.nikkei.com,https://vdata.nikkei.com/newsgraphics/world-chokepoints-map/,Japanese
Soybean,Netherlands,demand,貿易戰中國豬不吃美國大豆 ， 豬飼料 「 菜單 」 大改變,,technews.tw,https://technews.tw/2026/04/17/chinese-pigs-fed-new-menu-as-beijing-weans-farmers-off-us-soy/,Chinese
Soybean,Netherlands,demand,Produo de soja certificada bate recorde no mundo,,globorural.globo.com,https://globorural.globo.com/agricultura/soja/noticia/2026/05/producao-de-soja-certificada-bate-recorde-no-mundo.ghtml,Portuguese
Soybean,Netherlands,demand,荷莫茲海峽航運受阻 大陸4月原油進口量近三年最低 | 陸港經貿 | 兩岸,,udn.com,https://udn.com/news/story/7333/9492464,Chinese
Soybean,Netherlands,demand,每天16小時辛勞 換來關稅與債務 ！ 川普農民鐵票倉恐動搖 - 財經,,chinatimes.com,https://www.chinatimes.com/realtimenews/20260623000022-260410,Chinese
Soybean,Netherlands,demand,台航 ： 散裝航運淡季不淡 煤炭需求穩定運價 | 產經,,cna.com.tw,https://www.cna.com.tw:443/news/afe/202604280363.aspx,Chinese
Soybean,Netherlands,demand,油價與足球賽影響散貨交易 巴西 、 澳洲與印尼礦產為散裝船主要支撐 | ETtoday財經雲,,finance.ettoday.net,https://finance.ettoday.net/news/3188325,Chinese
Soybean,Netherlands,demand,Noroeste paulista se destaca na exportao de limão,,g1.globo.com,https://g1.globo.com/sp/sorocaba-jundiai/nosso-campo/noticia/2026/05/24/noroeste-paulista-se-destaca-na-exportacao-de-limao-e-impulsiona-agronegocio.ghtml,Portuguese
Soybean,Netherlands,demand,"EU flags banned GMOs in Argentine , Brazilian soymeal",,thepigsite.com,https://www.thepigsite.com/news/2026/04/eu-flags-banned-gmos-in-argentine-brazilian-soymeal,English
Soybean,Netherlands,demand,連便當配菜都要吃不起了 ？ 美伊開戰不只油價狂飆 ， 經濟學人警告 ：「 斷肥 」 危機恐掀糧食浩劫 | 劉俞妗 | 新聞,,storm.mg,https://www.storm.mg/article/11124742,Chinese
Soybean,Netherlands,demand,Good Food Institute of India report seeks focus on underutilised crop varieties,,thehindubusinessline.com,https://www.thehindubusinessline.com/economy/agri-business/good-food-institute-of-india-report-seeks-focus-on-underutilised-crop-varieties/article71009943.ece,English
Soybean,Netherlands,demand,更年期失智如何預防 ？ - 天蠍浪子的咖啡杯,,blog.udn.com,https://blog.udn.com/blues1112a/190772394,Chinese
Soybean,Netherlands,demand,致癌物｜吃1份鹽酥雞身體發炎3日 致癌元兇需6年完全代謝 醫生教3招排毒+1飲食法清腸胃 【 附WHO列6種生活致癌物 】 ,,topick.hket.com,https://topick.hket.com/article/4111756/?mtc=80002,Chinese
Soybean,Netherlands,demand,一口  克东味  满城产业兴|中国 _ 新浪科技 _ 新浪网,,finance.sina.com.cn,https://finance.sina.com.cn/tech/roll/2026-05-06/doc-inhwxhnr3479009.shtml,Chinese
Soybean,Netherlands,demand,  超级食物  真的  超级营养  吗 ？-- 健康 · 生活 -- 人民网,,health.people.com.cn,http://health.people.com.cn/n1/2026/0411/c14739-40699358.html,Chinese
