Date,Wheat,Sugar,Coffee,Cotton,Soybean,Maize,Onion,Turmeric
2021-01-01,2094.37,3222.0,12400.0,5552.88,4140.76,1296.750514857311,2172.17,5552.85
2021-02-01,2288.28,3222.0,12400.0,5544.25,4105.05,1313.0051880674448,3046.76,6906.67
2021-03-01,1591.33,,,5473.75,4222.87,1399.679012345679,2293.75,5200.0
2021-04-01,2311.38,,12000.0,5595.69,4260.4,1285.3588879528222,896.13,5614.35
2021-05-01,2685.35,3242.0,9005.99,5549.85,4269.38,1303.0612629594723,755.43,6250.83
2021-06-01,3091.55,3242.0,7645.0,5666.09,4208.79,1312.9915254237287,1597.04,6019.56
2021-07-01,1563.14,,8521.05,5700.0,,1679.375,1605.06,5510.0
2021-08-01,1599.09,,10647.26,5706.76,,1225.0,1358.03,5798.24
2021-09-01,1858.58,,10647.62,5361.86,4073.67,1349.789029535865,1402.22,
2021-10-01,1715.17,,,5231.73,,1400.0,2243.98,
2021-11-01,3208.68,,7701.3,5600.0,4101.0,1605.6186440677966,1947.9,
2021-12-01,1724.78,,7750.0,5517.76,4155.43,1220.2666666666669,1542.31,5950.0
2021-01-13,1673.44,,7641.18,5592.7,4155.82,1275.6586572438162,,5853.98
2021-01-14,2539.62,3222.0,11036.84,5612.23,4130.31,1295.8001378359752,,6345.0
2021-01-15,2743.09,3222.0,13279.26,5629.27,4343.44,1235.8423913043478,,7416.67
2021-01-16,2356.84,3212.0,10364.57,5602.56,4283.23,1305.4455040871935,,10000.0
2021-01-17,1713.03,,,5623.91,4366.15,1215.75,,
2021-01-18,2304.74,3212.0,7585.88,5590.48,4252.3,1273.2761835130689,,6202.03
2021-01-19,2527.74,3202.0,7405.56,5609.84,4193.87,1281.951585156058,,6594.51
2021-01-20,2200.71,3202.0,8044.05,5579.36,4129.38,1291.8465260974767,,6055.3
2021-01-21,2182.45,3202.0,7087.11,5594.33,3593.66,1295.551987281399,,6389.84
2021-01-22,2311.47,,6882.86,5642.99,4192.63,1343.86573816156,,6181.33
2021-01-23,2363.81,3222.0,6450.0,5626.78,4215.88,1334.803807106599,,6614.55
2021-01-24,1743.97,,,5597.1,4213.79,1400.5642701525055,,
2021-01-25,2199.04,3222.0,7490.91,5639.34,4117.27,1309.5623901581723,,6525.89
2021-01-26,1700.62,,8424.25,5584.99,4089.33,1683.7662337662337,,
2021-01-27,2437.33,3212.0,7409.98,5619.31,4159.0,1311.4754373687897,,6411.48
2021-01-28,2248.83,3212.0,8248.74,5592.47,4178.5,1316.7039140445129,,10000.0
2021-01-29,2074.8,3222.0,7153.18,5562.39,4184.49,1297.6047655068078,,7453.29
2021-01-30,2267.22,3222.0,9668.06,5610.35,4276.96,1349.7330279050395,,8993.83
2021-01-31,1749.37,,6300.0,5486.73,4291.37,1431.2930463576158,,
2021-01-02,2200.89,3222.0,7303.3,5572.56,3623.88,1297.5443265599713,2263.7,7571.84
2021-02-02,2286.0,3222.0,7714.55,5618.01,4273.36,1287.1559048428207,3013.14,7960.77
2021-03-02,2237.33,3222.0,7792.45,5641.09,4322.48,1279.420854945448,2303.12,7184.03
2021-04-02,2168.81,3222.0,8094.02,5633.09,4318.27,1273.6916347731,843.65,7274.14
2021-05-02,2368.31,3242.0,7334.68,5755.81,4391.66,1269.960011936735,879.77,7540.19
2021-06-02,1838.28,,7248.12,5525.24,4433.36,1284.3395707209686,1636.23,9398.23
2021-07-02,1663.35,,7600.0,5754.57,4475.56,1245.6521739130435,1558.56,
2021-08-02,1728.22,,11000.0,5790.07,4333.43,1276.504226173127,1511.71,7542.08
2021-09-02,2498.4,3242.0,11000.0,5699.22,4510.72,1255.6060862214708,1454.43,9194.98
2021-10-02,1655.92,3222.0,6793.63,5859.04,4492.89,1289.804030761071,2165.91,8853.77
2021-11-02,2434.77,3222.0,7780.08,5801.26,4317.11,1276.932831136221,1984.13,7790.91
2021-12-02,2217.2,3222.0,7331.58,5861.11,4489.16,1290.2420470262794,1868.87,9862.63
2021-02-13,2437.3,3222.0,6885.71,5837.18,4470.14,1306.870731707317,,10971.48
2021-02-14,1646.65,,11000.0,5786.1,4593.38,1244.4600938967135,,
2021-02-15,2106.35,3222.0,7162.69,5798.35,4490.04,1310.920200462606,,10063.53
2021-02-16,2456.36,3202.0,6978.86,5796.83,4674.66,1291.7804182509506,,11101.47
2021-02-17,2062.61,3202.0,7396.58,5742.95,4688.71,1326.2735813603908,,10523.11
2021-02-18,1949.99,3222.0,7566.13,5806.33,4707.18,1323.4276910435497,,9689.68
2021-02-19,1688.14,,7003.3,5775.92,4595.07,1174.514598540146,,
2021-02-20,2284.38,3222.0,7289.33,5891.24,4672.25,1365.6615252784918,,10648.99
2021-02-21,1669.8,,,5908.45,4574.1,1286.0759493670887,,
2021-02-22,2089.57,3222.0,9499.38,5978.48,4715.61,1488.5226130653266,,9349.54
2021-02-23,2137.25,3222.0,7591.76,5912.02,4807.94,1384.12661039538,,13797.74
2021-02-24,1950.34,3222.0,8392.31,5933.65,4817.15,1372.4561403508771,,15191.84
2021-02-25,1745.14,3222.0,6688.96,5971.13,4870.7,1416.5222627737226,,15897.24
2021-02-26,2001.48,3222.0,6835.02,5930.92,4788.59,1410.431793179318,,13049.71
2021-02-27,1822.98,,7518.37,5898.09,4857.2,1408.6274678111588,,13683.02
2021-02-28,1682.14,,7713.89,5904.16,4649.07,1340.2325581395348,,
2021-01-03,2013.85,3222.0,7545.39,5946.23,4842.85,1421.7985581000848,2137.84,14086.01
2021-02-03,2125.13,3222.0,7170.0,5873.27,4923.77,1401.852094901565,3088.32,18604.72
2021-03-03,1843.55,3222.0,7365.52,5932.15,4973.1,1442.9750135795764,2178.37,16350.22
2021-04-03,1973.14,3222.0,7014.29,5980.63,4913.89,1494.5218855218857,860.85,12574.13
2021-05-03,1989.51,3222.0,7801.52,5863.27,5090.33,1468.7515188335358,1040.35,12601.57
2021-06-03,2219.91,3222.0,7171.19,5936.92,4872.72,1449.9056420233462,1640.28,13049.81
2021-07-03,1711.81,,6400.0,5981.64,4948.39,1365.0442477876106,1638.65,
2021-08-03,1951.18,3222.0,7971.32,5926.24,4989.07,1439.876216216216,1450.94,15290.89
2021-09-03,2116.86,3222.0,6919.68,5868.77,4969.97,1413.436477007015,1306.23,12515.52
2021-10-03,1983.89,3222.0,7753.12,5838.79,4992.97,1410.8478818998717,2225.27,14167.26
2021-11-03,2146.46,,7800.0,5881.85,4778.05,1371.3057324840763,2071.29,
2021-12-03,1988.06,3222.0,7611.11,5796.84,5109.07,1412.146570397112,2074.36,12230.16
2021-03-13,2119.92,3222.0,8035.29,6090.12,5008.83,1631.664705882353,,12283.57
2021-03-14,1706.7,,,6021.23,4657.94,1387.0,,
2021-03-15,2039.39,3222.0,7305.92,5618.27,5118.49,1395.800332778702,,16564.71
2021-03-16,2489.6,3222.0,7717.45,6421.88,5221.62,1409.4290322580646,,14299.61
2021-03-17,1716.17,,7491.35,6222.55,,1352.162162162162,,8400.0
2021-03-18,1768.19,,7580.95,6275.8,,1290.9638009049777,,8525.9
2021-03-19,1672.35,,7631.68,5855.52,,1303.039660056657,,
2021-03-20,2216.14,3222.0,7867.23,5812.34,5230.59,1394.8045325779035,,12580.65
2021-03-21,1741.85,,,5862.09,5401.95,1360.0,,
2021-03-22,2051.48,3222.0,7627.18,5676.89,5246.09,1411.9308681672026,,9370.66
2021-03-23,1797.14,,7897.25,5601.85,5480.18,1349.4332688588008,,11877.89
2021-03-24,2265.87,3222.0,8261.22,5633.5,5332.49,1454.6985294117646,,10698.81
2021-03-25,1995.97,3220.0,7426.42,5646.14,5518.51,1387.8602305475504,,10475.29
2021-03-26,2022.42,,7509.09,5678.0,5417.58,1352.1980676328503,,10109.31
2021-03-27,2214.11,3222.0,8183.1,5709.08,5458.69,1493.2287390029326,,10135.0
2021-03-28,1784.25,,6450.0,6118.75,5400.0,1425.0,,
2021-03-29,1935.16,,7744.44,,4300.0,1457.5,,
2021-03-30,2624.83,3222.0,7670.87,5879.92,4970.21,1388.8478260869565,,6092.0
2021-03-31,2670.02,3202.0,7666.67,5628.85,5214.62,1345.3193277310925,,12670.17
2021-01-04,2191.0,3222.0,7560.0,5572.38,5584.39,1343.175084175084,2352.14,11350.0
2021-02-04,2796.66,3222.0,8237.41,5626.56,5810.48,1355.7,2896.02,11960.35
2021-03-04,2176.72,3213.0,7955.22,5544.85,5915.2,1299.031798245614,1873.31,9374.28
2021-04-04,1795.17,,7600.0,5696.67,6015.88,1424.5934959349593,837.06,
2021-05-04,2054.09,3213.0,7597.7,5720.1,5974.7,1409.6608846487425,984.6,7720.06
2021-06-04,2118.2,3252.0,7550.0,5613.76,6137.16,1385.3168202764978,1650.42,10540.37
2021-07-04,2301.85,3252.0,7581.25,5625.08,6264.93,1397.9038686987103,1506.75,10455.37
2021-08-04,2106.13,3252.0,7955.56,5596.79,6092.49,1377.3144611186904,1510.49,10938.85
2021-09-04,2315.16,3242.0,8044.44,5854.99,6244.65,1379.6789437109103,1385.69,9710.96
2021-10-04,3000.02,3242.0,11209.68,6057.38,6233.74,1542.5776397515529,2940.39,13000.0
2021-11-04,1688.14,,,5632.35,6393.85,1366.0,1997.92,
2021-12-04,2343.25,3242.0,7683.72,6025.45,6521.51,1387.8631705846897,2099.56,7754.55
2021-04-13,2919.58,,7527.27,5946.77,6914.39,1413.8257261410788,,8053.66
2021-04-14,3182.48,3262.0,9220.0,5901.79,5923.53,1526.057142857143,,6630.0
2021-04-15,2203.86,3262.0,7544.19,5533.58,6770.77,1430.637101811368,,10706.33
2021-04-16,2183.09,3282.0,7444.74,5650.08,6986.55,1436.4170681348933,,9645.56
2021-04-17,2380.03,3282.0,7325.33,5330.41,7037.2,1480.855789473684,,9376.79
2021-04-18,1726.19,,4700.0,6000.0,7424.33,1404.6511627906978,,
2021-04-19,2646.35,,7076.92,5587.81,7039.18,1477.436507936508,,7100.03
2021-04-20,2431.44,3282.0,6538.46,5582.93,7130.63,1483.0130813953488,,10335.92
2021-04-21,3139.03,3262.0,7781.13,5917.65,6256.25,1548.6387434554974,,6878.42
2021-04-22,2050.09,3262.0,8273.33,5643.84,7089.0,1527.068261376896,,9761.08
2021-04-23,2248.3,3262.0,6951.4,5588.78,7222.26,1514.2426390403489,,10153.48
2021-04-24,1859.62,,6248.62,5511.12,7271.26,1500.7434210526317,,7200.0
2021-04-25,2005.94,,3300.0,6000.0,6800.0,1459.357142857143,,
2021-04-26,2313.78,3262.0,7881.71,5493.43,6830.97,1504.6304464766004,,9062.0
2021-04-27,2257.45,3252.0,6650.75,5464.76,6447.92,1445.3367346938776,,8649.17
2021-04-28,1944.84,3252.0,5244.44,5526.07,6833.25,1466.592972181552,,7721.92
2021-04-29,2193.99,3252.0,6868.97,5447.01,6954.58,1439.215582893966,,9200.46
2021-04-30,2114.61,3252.0,6896.55,5470.46,6890.37,1443.7252141982865,,8811.48
2021-01-05,2529.29,,7955.22,6000.0,6092.5,1439.1891891891892,2197.32,6700.0
2021-02-05,1763.57,,,6000.0,6893.71,1476.457894736842,2844.01,6800.0
2021-03-05,2270.6,3252.0,7955.22,6103.1,6932.11,1460.149299474606,1676.45,6966.9
2021-04-05,2169.37,3262.0,8710.91,6081.25,7097.2,1454.9813602015113,812.28,6889.21
2021-05-05,1997.63,3262.0,7986.57,5914.71,7022.5,1453.3689862542956,972.39,7038.77
2021-06-05,2123.37,3262.0,7884.62,6000.0,7198.76,1449.337889557135,1546.23,6888.86
2021-07-05,2234.62,3252.0,7766.67,6033.33,7147.54,1462.2834046600094,1654.82,7072.05
2021-08-05,2634.64,3252.0,11100.0,,6725.59,1458.1874386653585,1540.49,6941.06
2021-09-05,2030.8,,,,6700.0,1488.0530973451328,1265.36,6800.0
2021-10-05,2593.93,3252.0,7766.67,,6676.33,1478.594017094017,2796.71,6818.52
2021-11-05,2684.25,3250.0,11100.0,,6851.44,1472.2545454545457,2120.64,6900.73
2021-12-05,2243.16,3250.0,11100.0,,7068.68,1478.1618357487923,1827.41,7000.74
2021-05-13,2471.51,3252.0,7651.72,,6990.08,1427.4205533596837,,7079.51
2021-05-14,3222.29,3252.0,11100.0,,6475.0,1413.252427184466,,6691.67
2021-05-15,2839.71,3252.0,11100.0,5925.0,7064.84,1395.97703180212,,13000.0
2021-05-16,1660.81,,,5000.0,6695.78,1460.0,,6780.95
2021-05-17,2554.45,3252.0,11100.0,,7343.96,1447.2319801159902,,7048.85
2021-05-18,2399.9,3252.0,11100.0,5930.0,7364.63,1477.210717529519,,7259.81
2021-05-19,2391.8,3252.0,11100.0,,7384.52,1482.1073131955484,,6982.88
2021-05-20,2285.88,3252.0,11200.0,,7207.39,1468.6477272727273,,7097.76
2021-05-21,1860.86,3252.0,11200.0,5900.0,7011.12,1425.014705882353,,6949.54
2021-05-22,2422.31,3242.0,11200.0,,6898.23,1440.2021276595744,,6650.0
2021-05-23,1770.48,,,,5192.29,1450.0,,6800.0
2021-05-24,2041.82,,11300.0,,6788.12,1540.027397260274,,7041.12
2021-05-25,2363.69,3242.0,11300.0,,6837.05,1469.1699429296132,,7121.81
2021-05-26,2944.28,3252.0,11300.0,,6673.11,1555.522480620155,,7344.02
2021-05-27,2013.04,3252.0,11400.0,,7035.35,1509.0772303595206,,7188.14
2021-05-28,2014.59,3252.0,11400.0,,7012.83,1494.2197802197802,,6914.54
2021-05-29,2298.95,3252.0,11400.0,,6933.27,1518.236338797814,,7314.46
2021-05-30,1738.71,,,,7066.62,1465.891891891892,,6700.0
2021-05-31,2187.15,3252.0,11400.0,,6993.19,1521.7158154859967,,7175.39
2021-01-06,2409.65,3252.0,11400.0,5930.0,6804.98,1508.7598978288634,2412.54,6889.33
2021-02-06,1650.79,3246.0,11600.0,,6885.63,1528.0495356037152,2715.95,6785.43
2021-03-06,1769.75,3246.0,11500.0,,6937.69,1527.007619047619,1782.29,7979.21
2021-04-06,2226.34,3252.0,11500.0,,6926.61,1517.7808510638297,785.75,8020.2
2021-05-06,1929.77,3252.0,11500.0,5920.0,6848.49,1533.2820512820513,1006.34,5876.74
2021-06-06,1719.58,,,,6813.06,1517.6470588235295,1544.4,6416.67
2021-07-06,1860.83,,7618.91,,6919.4,1571.6789772727273,1589.8,8195.53
2021-08-06,2571.87,3242.0,7612.62,,6914.87,1566.0345821325648,1446.21,7759.78
2021-09-06,2447.84,3242.0,11400.0,,6291.9,1591.112121212121,1379.05,8168.85
2021-10-06,2372.56,3242.0,11300.0,,7033.12,1604.8152424942264,2718.05,8362.8
2021-11-06,2277.45,3242.0,11400.0,,6949.67,1607.0193905817175,2296.84,7694.08
2021-12-06,2538.35,3236.0,11400.0,,6918.48,1710.2985074626863,1771.85,10312.31
2021-06-13,2144.82,,,,6645.24,1645.6315789473683,,5946.15
2021-06-14,2195.22,3236.0,7670.49,5760.0,7041.18,1584.0796963946868,,7585.24
2021-06-15,2604.38,3232.0,7665.02,,6852.04,1665.199460916442,,8332.65
2021-06-16,2280.7,3232.0,7665.02,,6972.58,1645.1508771929823,,6726.05
2021-06-17,2233.21,3232.0,7688.24,5825.0,6978.05,1652.90332326284,,6335.56
2021-06-18,2271.0,3232.0,7602.2,5100.0,6752.75,1619.958041958042,,6823.54
2021-06-19,2427.75,3232.0,7621.89,,7078.03,1728.029197080292,,6585.66
2021-06-20,1739.13,,,,6826.35,1682.5471698113208,,6400.0
2021-06-21,2242.56,,7621.89,,7277.37,1643.6809210526317,,8805.55
2021-06-22,2441.11,3232.0,7629.8,,7337.56,1754.5248756218905,,7317.15
2021-06-23,2281.72,3226.0,6878.33,,7266.04,1754.0719602977667,,8415.12
2021-06-24,2346.92,3226.0,5991.63,,6844.15,1810.2900943396223,,7803.24
2021-06-25,2188.86,3226.0,7666.5,,6956.12,1793.8850174216027,,7333.91
2021-06-26,2529.95,3226.0,7644.55,,6957.17,1811.8630952380952,,6298.89
2021-06-27,2007.42,,7600.0,,7087.5,1700.0,,
2021-06-28,2204.37,3226.0,12300.0,,6878.45,1793.1486068111456,,7113.21
2021-06-29,2381.26,3232.0,6854.46,,6818.34,1798.6491228070176,,7269.39
2021-06-30,2134.69,3232.0,6785.71,,6943.05,1757.8392857142858,,7773.47
2021-01-07,2437.45,,12600.0,,6858.87,1764.8129496402878,,7041.07
2021-02-07,2396.26,3232.0,12600.0,,7168.45,1829.485207100592,2612.76,7369.8
2021-03-07,2725.29,3222.0,7673.89,,7241.77,1797.9239130434785,1613.06,8316.67
2021-04-07,1672.94,,,,7158.62,1775.0,763.1,
2021-05-07,2669.41,3222.0,12700.0,,7052.85,1799.452380952381,1011.45,6816.42
2021-06-07,2867.95,3226.0,7630.42,,7050.7,1878.9105691056911,1597.01,7756.4
2021-07-07,2500.98,3226.0,7650.5,,7251.83,1753.2535211267605,1623.15,6943.55
2021-08-07,2587.5,3226.0,7751.46,,6969.66,1861.512,1498.95,6990.89
2021-09-07,2770.93,3226.0,7651.49,,6953.11,1893.657894736842,1374.03,9705.0
2021-10-07,3085.57,3226.0,7700.0,5820.0,7177.56,1930.8867924528304,2835.2,
2021-11-07,1646.1,,,,6700.0,,2098.44,
2021-12-07,2526.95,3232.0,7678.33,,7161.59,1833.3522727272727,1845.28,6563.65
2021-07-13,2782.53,3232.0,6957.43,,7297.87,1765.9583333333333,,7040.69
2021-07-14,2541.98,3232.0,7650.5,,7268.15,1804.1206896551723,,7129.6
2021-07-15,2411.28,3232.0,6788.67,,7314.31,1857.8,,6629.19
2021-07-16,1101.93,3232.0,5868.32,,7133.1,1735.5454545454545,,8701.16
2021-07-17,2385.04,3232.0,6660.4,,7594.6,1839.631067961165,,8625.0
2021-07-18,1907.07,,,,7556.31,1897.4,,6250.0
2021-07-19,2288.04,,7650.5,,7632.1,1828.5,,6469.13
2021-07-20,1960.12,,7625.87,,7382.82,1795.3846153846157,,6282.21
2021-07-21,3254.65,3232.0,12800.0,,7633.43,2085.2631578947367,,6250.0
2021-07-22,2203.82,3232.0,7631.01,,7914.84,1873.225806451613,,6586.94
2021-07-23,2368.43,3232.0,7651.49,,8130.61,1789.6813186813188,,6579.41
2021-07-24,2376.06,3232.0,6858.42,,7864.52,1809.025,,6676.44
2021-07-25,1660.73,,7600.0,,8695.15,1940.0,,6250.0
2021-07-26,2190.47,,6888.67,,8499.63,1839.044776119403,,6404.65
2021-07-27,2481.24,3232.0,6859.41,,9127.73,1875.637362637363,,7092.19
2021-07-28,2217.98,3232.0,7671.05,,9280.94,1793.0310559006211,,6578.83
2021-07-29,2121.26,3232.0,7901.96,,9135.08,1801.9276315789475,,6606.97
2021-07-30,2209.45,3242.0,7709.8,,9406.04,1772.1323529411766,,6529.79
2021-07-31,2486.95,3252.0,5800.0,,9528.76,1864.0,,6440.0
2021-01-08,1809.87,,,,9540.0,1781.578947368421,,6100.0
2021-02-08,2406.09,3282.0,6937.57,,9690.16,1801.783783783784,3144.55,6421.98
2021-03-08,2489.41,3290.0,7842.86,,9536.33,1950.9,1422.99,6488.53
2021-04-08,2441.08,3332.0,7901.96,5850.0,9418.8,1843.6666666666667,780.05,6705.5
2021-05-08,2608.1,,7705.88,,9389.47,1820.3958333333333,1054.96,6387.08
2021-06-08,2432.34,3322.0,13000.0,,9677.76,1848.914893617021,1587.41,6794.43
2021-07-08,2542.36,3322.0,13000.0,120.0,9606.48,1979.4183673469388,1625.39,8192.26
2021-08-08,1667.33,,,,9455.0,1785.9375,1250.58,6087.5
2021-09-08,2419.1,3332.0,7875.37,,9160.79,1834.3164556962024,1456.34,6583.83
2021-10-08,2379.25,3342.0,7949.5,,8257.27,1955.481132075472,2787.2,7691.48
2021-11-08,2180.83,3342.0,7863.16,,8242.27,1503.5436893203882,2500.5,6787.22
2021-12-08,2126.39,3342.0,6978.95,,8657.99,1921.1968503937007,1964.17,6236.91
2021-08-13,2603.71,3342.0,8000.0,5850.0,7753.88,1881.65625,,6846.55
2021-08-14,2530.32,3342.0,7709.8,,8642.84,2763.0,,7278.52
2021-08-15,1718.75,,,,8000.0,,,
2021-08-16,2744.51,3342.0,7023.53,,8990.58,1973.397727272728,,7072.55
2021-08-17,2610.27,,13200.0,,8379.23,1769.428571428571,,7102.12
2021-08-18,2355.24,3500.0,13200.0,,8480.03,1893.5,,7108.27
2021-08-19,2555.41,3500.0,13200.0,,7924.32,1940.9722222222224,,6849.24
2021-08-20,2363.91,3526.0,13200.0,,8182.54,1942.3030303030305,,7215.75
2021-08-21,2501.9,3580.0,7931.71,,8677.31,1929.915254237288,,7562.82
2021-08-22,1718.3,,7600.0,,7000.0,,,6750.0
2021-08-23,2291.67,,13100.0,,8606.46,1894.135593220339,,6895.81
2021-08-24,2504.62,3592.0,7734.15,,8810.56,1926.0,,6827.14
2021-08-25,2256.84,3592.0,7763.11,,8665.6,1865.9545454545453,,6998.59
2021-08-26,2133.83,3592.0,7709.8,,8409.86,1836.7945205479448,,7107.54
2021-08-27,2081.63,3562.0,13200.0,,8603.4,1790.5416666666667,,6926.23
2021-08-28,2423.32,3562.0,7600.0,,8779.0,2914.495652173913,,7694.44
2021-08-29,1783.62,,7600.0,,8443.93,1708.3333333333333,,
2021-08-30,2372.01,3562.0,7800.0,,7873.99,1901.692307692308,,6757.97
2021-08-31,2122.34,,7905.88,,8331.03,1927.142857142857,,6845.64
2021-01-09,2485.08,3562.0,7682.76,,8666.39,1732.6296296296296,2853.75,7641.12
2021-02-09,2251.55,3562.0,7673.68,,8758.6,1956.151079136691,3040.02,6520.92
2021-03-09,2336.64,3562.0,7669.14,,8709.61,1799.137254901961,1197.52,6903.79
2021-04-09,2436.07,3646.0,7600.0,,8752.02,1989.6615384615384,803.35,6816.74
2021-05-09,1828.4,,,,7820.0,1666.6666666666667,1021.93,
2021-06-09,3055.55,3646.0,7600.0,,7552.0,2126.904761904762,1657.34,
2021-07-09,2942.24,3646.0,7709.8,,7731.81,1951.622641509434,1501.64,7168.75
2021-08-09,2614.67,3646.0,7815.38,,8286.97,1899.7792207792209,1510.57,6911.44
2021-09-09,2261.87,,7666.56,,8550.83,1842.6382978723404,1439.07,6553.7
2021-10-09,2020.9,,7661.11,,7646.43,1760.0,2886.54,6700.0
2021-11-09,2757.39,3652.0,8256.9,,8310.32,1763.0,2599.22,6423.16
2021-12-09,1850.32,,7450.0,,7818.67,1750.0,1980.85,6700.0
2021-09-13,3270.15,3652.0,7697.32,,7929.63,1616.7125,,
2021-09-14,2546.64,3642.0,7680.6,,7607.47,1805.1447368421047,,7808.82
2021-09-15,2363.56,3642.0,7841.22,,7688.81,1707.2626262626263,,6626.86
2021-09-16,2257.03,3662.0,7666.67,,7853.91,1673.8878504672898,,6089.61
2021-09-17,2657.83,3662.0,7690.91,,7442.26,1786.358208955224,,6013.22
2021-09-18,2366.18,3662.0,7805.7,,7385.31,1575.287037037037,,9600.0
2021-09-19,1843.88,,7595.45,,7015.44,,,
2021-09-20,2390.79,3662.0,7669.33,,5758.26,1665.0207100591715,,6416.59
2021-09-21,2375.21,3662.0,7676.06,,5561.47,1355.0407523510971,,6897.0
2021-09-22,2114.31,3672.0,7696.53,5130.0,5938.7,1453.111111111111,,6271.87
2021-09-23,2258.91,3672.0,7687.01,,6642.27,1486.8265306122448,,6205.31
2021-09-24,2304.05,3672.0,8660.9,5130.0,6592.41,1434.2841530054643,,6341.73
2021-09-25,2065.76,,7612.15,5130.0,5964.42,1665.6896551724135,,6000.0
2021-09-26,1789.56,,7800.0,5120.0,5710.09,1778.3333333333333,,
2021-09-27,2761.33,3672.0,13500.0,,5769.06,1608.1542416452442,,6499.77
2021-09-28,2697.97,3662.0,7280.4,,6144.15,1552.960396039604,,11724.88
2021-09-29,1896.31,3652.0,7747.28,,6168.22,1587.354838709677,,6635.38
2021-09-30,2539.46,3672.0,7854.08,5150.0,5801.39,1584.1502590673574,,6240.61
2021-01-10,2791.79,3642.0,7975.89,5180.0,5713.71,1503.755263157895,2438.77,6149.41
2021-02-10,3346.32,3642.0,7859.88,,5441.38,1955.2631578947369,3232.27,5486.77
2021-03-10,1771.66,,,,5006.62,1687.8947368421052,1125.84,
2021-04-10,2155.28,,7842.72,,5014.86,1540.8706786171574,900.04,6252.44
2021-05-10,2423.93,3642.0,7668.52,,5071.45,1540.9448160535117,1044.59,6452.73
2021-06-10,2907.71,3642.0,7264.58,,5384.06,1419.095238095238,1650.74,6317.38
2021-07-10,2292.42,3611.0,7967.24,,5068.37,1558.5028735632184,1584.85,6138.17
2021-08-10,2446.99,3611.0,7668.52,,5127.72,1533.2537067545304,1464.58,6524.11
2021-09-10,2494.42,3652.0,7889.82,,5173.77,1569.2570888468808,1229.91,7988.75
2021-10-10,1809.89,,7600.0,,4728.13,1590.6641791044776,2947.53,
2021-11-10,2257.35,,7846.67,6103.33,4852.87,1363.9831932773109,2658.21,
2021-12-10,2677.43,3652.0,7890.18,6177.42,4764.83,1554.0025624599616,2143.65,6299.47
2021-10-13,2367.45,3652.0,7941.9,6311.84,4838.69,1517.641749723145,,6608.87
2021-10-14,2378.1,3672.0,7672.31,6383.54,4670.86,1505.5061494796594,,6082.44
2021-10-15,2042.25,,7863.08,6673.89,4877.09,1512.2259259259258,,6143.71
2021-10-16,2071.81,,7852.51,6486.3,4784.0,1550.5986301369862,,6232.0
2021-10-17,1811.43,,7600.0,6493.88,4778.5,1521.15,,
2021-10-18,2241.59,3662.0,7852.53,6893.86,4651.54,1571.753711790393,,6425.13
2021-10-19,3231.65,3642.0,7986.89,6935.19,4654.52,1566.3636363636365,,10383.42
2021-10-20,2431.1,3642.0,7647.86,7007.54,4710.67,1571.797078931013,,6426.81
2021-10-21,2334.38,3620.0,8809.81,7088.72,4746.98,1567.1479015918958,,6236.69
2021-10-22,2492.16,3602.0,8829.46,7197.7,4700.78,1527.6493192133132,,6364.15
2021-10-23,2549.06,3602.0,7847.47,7154.45,4775.24,1528.6533135509396,,6010.29
2021-10-24,1811.99,,,7534.64,4693.35,1552.929104477612,,
2021-10-25,2360.74,3602.0,8587.69,7755.22,4613.8,1541.1616757846243,,6148.24
2021-10-26,2574.58,3602.0,,7724.58,4596.13,1433.9126390293225,,6270.06
2021-10-27,2510.85,3602.0,8630.16,7771.5,4658.97,1439.6667205169629,,6313.62
2021-10-28,2585.59,3602.0,7890.21,7919.73,4764.37,1510.4720105509964,,6330.43
2021-10-29,2520.66,3602.0,7863.08,8027.71,4789.81,1472.9973627055538,,6280.11
2021-10-30,2662.63,3602.0,7825.45,8061.8,4381.6,1481.5377866400795,,8123.08
2021-10-31,1845.09,,,8071.35,4864.49,1590.3646496815286,,
2021-01-11,2797.56,3602.0,8805.7,8254.97,4866.3,1443.88,3039.77,6890.72
2021-02-11,3105.63,3602.0,7672.31,8405.27,4817.45,1556.132911392405,3382.98,10316.25
2021-03-11,3090.45,3602.0,7888.32,8407.72,4979.33,1557.2469135802469,1250.51,8923.08
2021-04-11,1795.65,3612.0,7677.34,8335.25,5057.55,1500.0,999.6,12000.0
2021-05-11,3069.14,3602.0,7869.53,8049.07,5060.19,1563.3063457330416,1057.68,6786.64
2021-06-11,2282.07,,8425.0,8159.98,5084.73,1500.842105263158,1644.04,6755.75
2021-07-11,1828.12,,7600.0,8114.1,4986.43,1413.029411764706,1382.5,6650.0
2021-08-11,2473.75,,7956.92,8194.39,4833.41,1517.4192033070274,1545.34,6382.0
2021-09-11,2220.11,3602.0,7958.04,8171.32,4944.93,1509.089178987103,1394.14,6632.51
2021-10-11,2482.6,3612.0,8727.39,8135.35,4979.12,1525.816295248202,1982.89,6698.5
2021-11-11,2356.69,3612.0,8588.27,8150.79,5120.8,1498.4226525557308,2481.71,6212.01
2021-12-11,2664.37,3612.0,8787.69,8104.13,5177.94,1510.109554140127,2083.54,6719.86
2021-11-13,2547.0,3612.0,7450.0,8119.81,5212.74,1512.102820932134,,6024.59
2021-11-14,1812.03,,,8104.83,5291.18,1496.6666666666667,,
2021-11-15,2605.36,3612.0,8787.69,8074.6,5476.18,1503.333051635257,,6630.06
2021-11-16,2630.48,,8988.44,8000.61,5455.34,1458.6418716946423,,6794.51
2021-11-17,2510.77,3612.0,8721.2,7851.56,5611.51,1483.6957815867802,,6690.01
2021-11-18,2457.99,3612.0,7743.36,7708.89,5719.9,1505.8741067675494,,6921.55
2021-11-19,2804.77,3612.0,8527.61,7783.78,5873.35,1474.8015384615385,,6827.41
2021-11-20,2466.55,3612.0,7975.46,7909.09,5785.27,1453.643522833178,,7417.79
2021-11-21,1855.45,,,7988.9,5923.42,1604.1019417475727,,
2021-11-22,2780.34,3482.0,8458.33,8059.94,6108.6,1542.546263089944,,7349.57
2021-11-23,2438.62,3476.0,7852.56,8121.84,6469.52,1527.7568306010928,,7430.45
2021-11-24,2443.33,3462.0,7813.66,8135.61,6299.57,1539.2031156381067,,7357.58
2021-11-25,2431.47,3462.0,7740.65,8214.46,6318.42,1547.7007255858214,,7087.74
2021-11-26,2526.66,3462.0,7903.25,8350.52,6351.46,1580.1413257762445,,7164.21
2021-11-27,2446.24,3462.0,7893.62,8195.76,6336.55,1595.993273542601,,6995.66
2021-11-28,1864.77,,7600.0,8196.73,6278.64,1596.372641509434,,
2021-11-29,2479.39,,7836.99,8157.8,5976.75,1609.7454897993591,,7319.92
2021-11-30,2515.2,3462.0,7856.52,8022.7,5938.93,1568.6820137299771,,7485.37
2021-01-12,2472.42,,7905.69,,6003.09,1547.8049450549452,2547.18,7638.85
2021-02-12,2490.74,3462.0,7816.9,,6111.47,1547.326299924642,3258.56,7374.84
2021-03-12,2518.89,3462.0,7856.82,,6184.97,1547.3116793365584,1201.66,7478.34
2021-04-12,2484.9,3462.0,8761.79,,6409.9,1540.7339246119734,793.95,7558.37
2021-05-12,1863.66,,,,6383.96,1603.2750809061488,1108.54,
2021-06-12,2497.01,3462.0,7948.2,,6507.49,1577.5052891396333,1687.83,7457.49
2021-07-12,4141.2,3462.0,8665.69,,6341.79,1594.2819409407923,1566.68,7428.6
2021-08-12,2537.13,3462.0,7172.01,,6440.5,1571.0219147758717,1552.0,7842.14
2021-09-12,2503.15,3462.0,7859.89,,6323.87,1573.2681928635377,1207.02,7691.62
2021-10-12,2128.47,3482.0,16968.75,,6343.42,1579.966587445827,3267.5,7652.32
2021-11-12,2629.88,3482.0,8717.05,,6346.58,1560.8098558809857,2261.93,8000.61
2021-12-12,1887.1,,,,6224.93,1510.9115913555993,1965.31,
2021-12-13,2626.26,3482.0,7865.76,,6365.31,1598.9267690927445,,7507.71
2021-12-14,2730.86,3482.0,7793.18,,6214.52,1573.0933758978451,,7687.24
2021-12-15,2353.05,3482.0,7798.75,,6099.38,1575.626325316783,,7606.42
2021-12-16,2512.23,3482.0,7835.03,,6249.56,1561.1594816525533,,8135.28
2021-12-17,2323.08,3482.0,7826.47,,6140.89,1562.581164221486,,7916.32
2021-12-18,2755.01,3482.0,6902.68,,6230.16,1532.290196078431,,7611.46
2021-12-19,1989.79,,,,5993.74,1702.7287581699347,,
2021-12-20,2296.39,,7895.05,,5938.16,1594.96600877193,,7858.78
2021-12-21,2570.45,3482.0,7769.08,,5913.2,1587.788531278332,,8005.65
2021-12-22,2558.15,3482.0,7737.5,,5986.23,1588.2988060164366,,7903.18
2021-12-23,2358.23,3482.0,8585.67,,6057.62,1604.7284221173295,,7900.08
2021-12-24,2524.92,3482.0,7873.38,,6149.62,1558.479584120983,,8029.51
2021-12-25,2901.67,3472.0,8667.59,,6038.72,1645.1703617269543,,8485.71
2021-12-26,1903.14,,14300.0,,6164.0,1537.2254641909817,,
2021-12-27,2558.25,3472.0,8891.8,,5946.97,1606.355665181413,,7966.5
2021-12-28,2672.31,3472.0,7952.09,,6151.01,1592.5062811092675,,7976.42
2021-12-29,2260.45,3482.0,8001.63,,6113.42,1600.3721244925575,,7729.78
2021-12-30,2433.5,3492.0,7050.0,,6201.07,1599.0015978087197,,7814.13
2021-12-31,2629.67,3482.0,7675.0,,6090.94,1609.675468483816,,8628.31
2022-01-01,2513.53,3462.0,7915.84,9119.44,6024.114148816235,1617.46,1988.52,7910.15
2022-02-01,2197.1,,,9071.08,5855.173501577287,1582.22,1877.19,
2022-03-01,2622.62,3462.0,7906.52,9381.02,6099.144225014961,1618.81,1636.8,8394.01
2022-04-01,2540.2,3462.0,8197.66,9552.04,6306.368681718864,1613.84,863.67,12000.0
2022-05-01,2436.78,3462.0,7786.97,9704.45,6183.374204643164,1619.29,814.19,10290.6
2022-06-01,2196.36,,7952.73,9423.92,6118.817838466008,1628.34,985.53,8351.0
2022-07-01,2413.04,3452.0,8063.06,9481.33,6124.089325308838,1641.52,1147.64,8747.95
2022-08-01,2537.6,3452.0,8350.0,9493.8,6161.094819611471,1629.39,1098.59,8733.82
2022-09-01,2188.68,,,9414.17,6199.935483870968,1667.97,1102.1,
2022-10-01,2639.05,3452.0,8079.4,9528.04,6132.622300215983,1644.51,1318.25,8802.4
2022-11-01,2705.22,3452.0,8059.66,9401.15,6183.473065310663,1655.5,2379.16,9965.22
2022-12-01,2700.09,,8049.87,9427.16,6060.753025936599,1657.53,1360.1,8835.38
2022-01-13,1843.16,3452.0,8066.45,9438.74,6080.239931740614,1708.29,,8261.79
2022-01-14,2738.14,3452.0,8142.7,9472.4,5977.690605239386,1699.14,,9368.89
2022-01-15,2817.15,3452.0,7969.7,9559.52,6017.885869565217,1796.64,,12000.0
2022-01-16,2144.34,,7800.0,9662.18,6028.46943231441,1641.64,,
2022-01-17,2544.59,3452.0,7906.38,9537.41,6005.429662331464,1757.96,,8728.84
2022-01-18,2631.07,3452.0,8661.11,9656.26,5989.2689747004,1737.18,,8811.51
2022-01-19,2523.91,3452.0,8190.25,9708.22,6008.954065620542,1773.28,,8845.31
2022-01-20,2503.73,3452.0,8247.06,9665.2,6075.889026198714,1881.4,,8435.77
2022-01-21,2487.87,3452.0,8226.32,9548.29,6071.141825186612,1804.53,,8690.01
2022-01-22,2493.29,3452.0,8179.91,9518.35,6088.145802377415,1788.95,,12000.0
2022-01-23,2106.99,,,9476.17,6319.066598360656,1812.0,,
2022-01-24,2449.32,3452.0,7933.68,9527.22,6024.273044779843,1810.22,,8357.4
2022-01-25,2592.53,3402.0,8111.76,9505.38,6009.595431319507,1823.06,,8597.8
2022-01-26,2076.09,,8280.0,9519.57,5843.44262295082,1730.21,,
2022-01-27,2499.47,3402.0,8957.93,9538.64,5934.724581379773,1867.99,,8107.15
2022-01-28,2555.01,3402.0,8043.68,9565.46,5923.525546533417,1866.83,,9655.36
2022-01-29,2445.93,,7858.33,9578.62,5926.995973389356,1883.84,,7050.0
2022-01-30,2129.67,,,9602.54,5894.468468468468,1800.0,,
2022-01-31,2547.33,3400.0,8080.3,9642.59,5806.194805194805,1884.83,,8533.63
2022-01-02,2786.86,3400.0,8343.18,9695.21,5848.922858302883,1841.24,1972.5,12000.0
2022-02-02,2354.4,3412.0,8445.92,9771.17,6039.612084592145,1835.24,1760.77,8343.74
2022-03-02,2420.85,3412.0,8314.73,9682.09,5991.555525460455,1827.45,1542.11,7936.95
2022-04-02,2299.01,3412.0,8295.89,9761.03,6037.585066019123,1822.86,874.4,8205.37
2022-05-02,2552.02,3392.0,8587.91,9635.72,6108.925934579439,1803.49,847.88,14025.86
2022-06-02,2181.02,,,9549.77,6197.652733118971,1774.72,1039.29,
2022-07-02,2638.25,3372.0,9018.75,9786.06,6095.881578947368,1819.83,1230.67,
2022-08-02,2505.79,3372.0,8724.18,9563.91,6128.38301362948,1788.36,1061.92,9826.76
2022-09-02,2413.38,3362.0,9560.0,9592.92,6152.182412125963,1808.29,1053.32,9863.97
2022-10-02,2454.91,,8300.0,9582.82,6163.448531837677,1825.76,1472.41,9826.32
2022-11-02,2532.91,3382.0,9143.75,9697.91,6186.628777826921,1819.82,2306.15,10352.81
2022-12-02,2497.39,3382.0,,9640.11,6266.550301259814,1496.22,1245.47,10590.23
2022-02-13,2025.38,,,9546.39,6335.493264248705,1794.39,,
2022-02-14,2448.05,3517.0,8634.62,9731.01,6379.421005728836,1861.29,,9769.31
2022-02-15,2513.58,3382.0,9286.41,9763.83,6337.240336544324,1847.74,,10606.18
2022-02-16,2432.22,3362.0,8873.29,9687.45,6296.781197465408,1882.69,,11844.27
2022-02-17,2356.02,3362.0,9865.85,9742.24,6319.292555253975,1881.13,,10972.76
2022-02-18,2455.6,3362.0,9008.62,9704.93,6355.331428571429,1894.5,,11414.07
2022-02-19,2461.96,,8987.69,9809.06,6150.187096774193,1883.96,,
2022-02-20,1970.67,,,9452.58,6511.918128654971,1790.82,,
2022-02-21,2445.25,3362.0,9117.65,9607.6,6456.027964342411,1904.82,,12137.52
2022-02-22,2537.51,3392.0,9075.86,9553.79,6572.197798252962,1861.36,,13394.44
2022-02-23,2389.69,3392.0,9866.67,9685.85,6791.352124183007,1888.65,,12223.15
2022-02-24,2336.95,3392.0,9852.83,9586.3,7203.0774677658,1908.33,,18869.33
2022-02-25,2270.02,3382.0,10226.13,9484.74,6918.654518570062,1903.77,,16085.55
2022-02-26,2484.29,3467.0,9592.68,9479.7,6684.080639494026,1974.48,,19532.78
2022-02-27,1928.46,,8600.0,9325.2,6986.638504155125,1917.37,,
2022-02-28,2362.77,3512.0,9096.43,9400.27,6994.611559317551,1977.69,,18965.33
2022-01-03,2557.89,,,9662.5,6520.600760456274,2003.71,2019.26,
2022-02-03,2317.35,3392.0,8847.19,9413.79,7009.643386749582,2025.74,1861.41,7659.0
2022-03-03,2226.74,3392.0,8968.97,9280.45,7103.218872704243,1998.42,1508.2,13371.4
2022-04-03,2291.8,3392.0,8395.27,9345.27,7073.397615344738,2018.43,979.51,12135.58
2022-05-03,2308.84,3392.0,8400.0,9444.59,7003.102362204724,2066.38,765.85,11116.68
2022-06-03,2032.31,,,9334.98,7137.249258160237,1848.27,984.33,
2022-07-03,2302.94,3392.0,8344.44,9495.36,7009.340934790803,2065.96,1093.62,10755.27
2022-08-03,2450.82,3392.0,8348.15,9346.9,7044.830618321947,2048.74,1104.3,11538.75
2022-09-03,2406.07,3392.0,8343.62,9389.75,7090.149349349349,2166.27,1077.12,10340.73
2022-10-03,2454.82,3392.0,8336.49,9229.35,7145.317486338798,2134.98,1258.27,11364.77
2022-11-03,2430.93,3392.0,8432.35,9297.32,7160.977436389822,2133.33,2376.28,12164.48
2022-12-03,2527.36,3392.0,8689.55,9477.61,7155.97588978186,2178.9,1526.64,11784.16
2022-03-13,2143.64,,,9479.61,7077.637181409295,2096.7,,
2022-03-14,2442.93,3392.0,8442.95,9489.57,7040.5494765282,2201.01,,10187.65
2022-03-15,2382.14,3392.0,8459.32,9349.78,7000.8442314275935,2099.17,,10928.4
2022-03-16,2362.07,3385.0,8457.14,9418.61,6976.204114562323,2141.86,,10431.02
2022-03-17,2416.89,3385.0,8490.53,9361.8,6945.270939086295,2135.21,,10103.3
2022-03-18,2862.87,,8455.77,,6787.921875,2099.4,,
2022-03-19,2448.53,3385.0,8594.81,9725.5,6836.865143699337,2109.05,,10388.93
2022-03-20,2119.52,,,9541.35,6640.39603960396,2002.99,,
2022-03-21,2306.72,3385.0,8565.22,9936.6,6910.269045064378,2089.09,,9754.58
2022-03-22,2224.41,3385.0,8563.21,9682.3,6925.464023984011,1956.99,,7894.89
2022-03-23,2309.1,,8535.75,9995.07,7067.100292331909,2044.51,,13769.94
2022-03-24,2273.14,3358.0,8561.9,10122.08,7117.506167588261,2058.97,,11546.0
2022-03-25,2315.72,3472.0,8565.53,10285.96,6995.604529616725,2005.76,,10069.17
2022-03-26,2396.03,3472.0,8583.06,10386.96,7158.750774679062,2047.31,,11471.75
2022-03-27,2049.07,,8700.0,10468.33,7276.604210526316,1802.78,,
2022-03-28,2465.55,3472.0,8790.91,10793.09,7079.521823097721,2022.72,,13476.01
2022-03-29,2403.25,3472.0,8800.0,10814.05,7269.655079181151,1998.47,,7959.56
2022-03-30,2519.71,3472.0,8565.22,10699.72,6978.996778350515,2040.08,,7232.8
2022-03-31,2501.95,3472.0,8566.67,11094.36,7197.762013729977,1979.57,,7477.35
2022-01-04,2425.52,3472.0,9551.24,10492.93,6882.431486880467,2101.17,2026.73,9000.0
2022-02-04,2603.78,3472.0,8706.52,11447.63,7221.684210526316,2164.37,1834.1,8262.15
2022-03-04,2119.04,,15500.0,10861.08,7151.307385229541,2063.77,1386.17,
2022-04-04,2248.57,,10758.93,10701.63,7107.968229368462,1975.31,837.35,10816.41
2022-05-04,2346.2,3472.0,9514.37,10500.58,7108.811345939933,2024.91,812.97,18198.54
2022-06-04,2377.59,3472.0,10601.85,3434.29,7163.002658742571,2111.87,947.24,11029.87
2022-07-04,2265.29,3541.0,10745.45,10782.47,7186.444612286002,2130.74,1164.92,10616.59
2022-08-04,2317.69,3541.0,9423.21,10700.63,7158.603225315685,2191.66,1118.73,10691.99
2022-09-04,2414.28,3541.0,10456.58,10749.44,7192.53638472896,2087.24,1124.01,10248.79
2022-10-04,2173.95,,9000.0,10404.56,6928.526315789473,2195.3,1364.58,
2022-11-04,2345.96,3541.0,9486.28,10824.99,7181.141805377721,2194.56,2217.68,9216.68
2022-12-04,2377.64,3541.0,10166.36,10640.47,7182.487927977084,2188.38,1098.19,10294.45
2022-04-13,2328.59,3541.0,10633.33,10899.42,7104.809241046576,2253.49,,9541.11
2022-04-14,2762.43,3541.0,13165.38,9765.13,6697.564102564103,2288.1,,9000.0
2022-04-15,2660.26,,8900.0,10514.43,7349.402684563758,2246.62,,6733.3
2022-04-16,2572.54,,10226.58,10738.17,7065.844481605352,2249.63,,9290.65
2022-04-17,2054.12,,15900.0,11110.1,7060.915584415585,2159.84,,
2022-04-18,2364.61,3532.0,10324.29,10926.48,7168.162892822836,2273.37,,10128.22
2022-04-19,2417.33,3532.0,11155.0,10443.86,7143.830582645662,2242.51,,8878.86
2022-04-20,2428.23,3532.0,10489.76,10690.25,7132.43911554033,2236.64,,8210.89
2022-04-21,2427.1,3537.0,10648.48,10388.37,7134.499224806202,2173.9,,7647.71
2022-04-22,2383.15,3537.0,10593.37,10345.37,7046.21053611318,2165.12,,9145.15
2022-04-23,2535.24,3537.0,10664.52,10490.42,7064.536880033913,2177.35,,8971.37
2022-04-24,2658.63,,,9943.76,7114.705696202532,2086.58,,7250.0
2022-04-25,2403.91,3537.0,9824.43,10529.69,7097.649709864603,2172.17,,8283.18
2022-04-26,2484.39,3537.0,11159.8,10075.52,7119.818998716303,2133.13,,7064.93
2022-04-27,2440.77,3537.0,11273.58,10656.61,7017.480191863564,2186.96,,7034.91
2022-04-28,2295.13,3532.0,12185.71,10599.39,7024.450440018527,2175.06,,6746.27
2022-04-29,2536.61,3532.0,13360.0,10748.62,6006.2886645962735,2130.85,,7588.62
2022-04-30,2479.44,3532.0,9250.0,10620.93,6712.931690140845,2145.33,,6631.44
2022-01-05,2116.47,,,10750.99,6667.441860465116,2193.33,2083.05,
2022-02-05,2395.5,3532.0,12556.9,11037.5,6659.678687812297,2123.45,1937.83,6932.42
2022-03-05,2811.04,3532.0,10787.5,10847.2,6577.836734693878,2184.91,1495.86,7092.0
2022-04-05,2444.0,3532.0,10661.81,11483.2,6718.198485244189,2116.85,850.79,7822.56
2022-05-05,2403.98,3557.0,10653.45,10997.23,6869.286393910561,2143.01,830.86,8651.25
2022-06-05,2453.28,3557.0,10481.02,10488.25,6887.911270983213,2173.8,981.3,7540.01
2022-07-05,2334.52,3557.0,,9997.93,6983.005689900427,2131.05,1199.04,7083.2
2022-08-05,2130.05,,,10341.66,6902.816618911174,2034.05,1047.1,
2022-09-05,2474.36,,9600.0,11742.05,6856.10761378137,2134.42,1078.37,7280.0
2022-10-05,2521.33,3557.0,10857.86,11422.46,6824.873318872017,2156.48,1337.43,7551.58
2022-11-05,2486.64,3557.0,10815.89,10755.31,6766.526647286822,2146.23,2286.79,7013.01
2022-12-05,2593.96,,10871.3,10404.72,6853.043193717277,2151.42,1203.98,7396.38
2022-05-13,2276.19,,10889.33,10436.09,6656.551849605822,2209.08,,6548.58
2022-05-14,2501.33,3556.0,15259.38,11799.5,6612.883874518437,2201.5,,6362.66
2022-05-15,2223.66,,9600.0,10177.75,6773.290780141844,2173.77,,6400.0
2022-05-16,2662.01,3557.0,14922.41,11403.82,6130.882716049383,2040.63,,6593.7
2022-05-17,2435.52,3557.0,10053.97,12235.87,6626.966233116558,2128.27,,7287.48
2022-05-18,2409.18,3557.0,11653.26,11727.21,6725.6096972944015,2116.3,,7621.93
2022-05-19,2297.47,3557.0,10295.95,12020.33,6688.871437234688,2150.2,,7059.24
2022-05-20,2296.69,3557.0,10014.19,11894.08,6705.321301613344,2115.46,,6282.94
2022-05-21,2463.98,3557.0,14346.43,11766.6,6718.922778561354,2149.32,,6294.29
2022-05-22,2094.47,,9700.0,10923.71,6776.2768595041325,1937.25,,
2022-05-23,2367.08,,14516.67,11200.66,6673.819521178637,2114.63,,7284.05
2022-05-24,2408.27,3557.0,10860.32,12280.45,6644.78395480226,2111.36,,7402.31
2022-05-25,2422.49,3557.0,14433.33,11900.35,6542.687762605042,2103.19,,7964.96
2022-05-26,2405.46,3557.0,14881.82,10500.0,6407.587521663778,2078.12,,6223.09
2022-05-27,2496.36,3557.0,14916.67,,6414.215488215488,2041.81,,6974.04
2022-05-28,2543.85,,13911.11,,6422.0892298948565,1976.39,,10173.4
2022-05-29,2308.71,,,,6412.083783783784,1989.47,,
2022-05-30,2535.66,,10305.62,,6413.414984059511,2006.57,,5802.58
2022-05-31,2432.33,3537.0,11184.62,11500.0,6292.939827307069,1990.13,,7261.51
2022-01-06,2499.77,3537.0,11719.47,,6377.988058003981,1982.47,2189.18,6866.32
2022-02-06,2628.39,3537.0,12591.67,,6558.682352941177,2026.41,1902.43,6626.61
2022-03-06,2160.85,,16103.12,,6069.788450860633,1989.64,1326.0,6603.36
2022-04-06,2268.74,,15919.7,,6389.538704062323,2003.89,865.24,8636.86
2022-05-06,2100.37,,,,6370.103773584906,2092.55,807.81,
2022-06-06,2138.34,,15560.61,,6169.271950334597,2044.0,983.42,7533.97
2022-07-06,2495.75,3536.0,14500.0,11400.0,6363.0637680114905,2129.31,1222.76,7129.99
2022-08-06,2517.79,3536.0,14947.3,7445.45,6356.096859364887,2227.19,1066.43,7443.55
2022-09-06,2495.18,3536.0,15284.21,11200.0,6586.698302330578,2227.19,1040.58,7232.0
2022-10-06,2458.18,3536.0,15284.21,11300.0,6527.111772905465,2237.22,1475.09,7004.94
2022-11-06,2492.11,3536.0,10050.0,11200.0,6531.977468151106,2209.94,2221.23,8630.09
2022-12-06,2079.03,,,,6296.646341463415,2177.18,1176.48,
2022-06-13,2436.59,3536.0,15022.5,11000.0,6386.006162077087,2199.08,,7126.7
2022-06-14,2440.99,3476.0,15894.74,11000.0,6440.600319318786,2143.2,,7459.41
2022-06-15,2690.42,3476.0,15110.53,11000.0,6348.699163968135,2201.38,,6800.09
2022-06-16,2618.61,,17500.0,11000.0,6257.640564780463,2269.22,,7649.09
2022-06-17,2572.67,3476.0,15214.29,11025.0,6307.5568503604445,2163.21,,7052.59
2022-06-18,2643.75,3476.0,14676.47,11025.0,6326.793340987371,2156.25,,6772.0
2022-06-19,2129.28,,,,6415.2405063291135,2245.0,,
2022-06-20,2814.93,3476.0,15177.42,11030.0,6246.006202820528,2248.61,,6832.24
2022-06-21,2709.21,3472.0,15883.23,11150.0,6210.746386610174,2215.17,,7404.77
2022-06-22,2535.99,3472.0,15960.61,11200.0,6127.126159554731,2256.62,,6704.14
2022-06-23,2358.77,3472.0,15722.22,11300.0,6117.7177874471245,2265.18,,6428.82
2022-06-24,2698.67,3472.0,15560.61,11250.0,6048.966523348916,2220.28,,6827.76
2022-06-25,2715.98,3472.0,15440.0,11300.0,6019.333919678914,2337.78,,10081.93
2022-06-26,2080.66,,,,6158.796116504855,2400.0,,6200.0
2022-06-27,2541.33,3462.0,15440.0,11400.0,6077.655901436462,2280.9,,6871.43
2022-06-28,2459.75,3462.0,15214.29,11100.0,6084.080332061549,2335.33,,6829.71
2022-06-29,2569.21,3462.0,15914.29,11000.0,6216.286060543329,2260.38,,6663.29
2022-06-30,2557.54,3462.0,15792.31,11000.0,6283.250657571114,2259.11,,6183.5
2022-01-07,2812.74,3462.0,10100.0,11050.0,6201.563276382678,2289.01,2002.24,6573.82
2022-02-07,2748.28,3462.0,,,5950.381631103989,2388.58,2058.42,10150.07
2022-03-07,2401.73,,,,6077.012987012987,2488.25,1316.6,6200.0
2022-04-07,2607.63,3358.0,16260.56,10200.0,6151.050991858881,2306.27,836.94,6774.67
2022-05-07,2758.47,3358.0,15820.0,10300.0,6112.894791473795,2337.57,843.3,8825.2
2022-06-07,2605.46,3358.0,16357.14,7883.33,5919.806383583072,2311.9,969.26,6797.35
2022-07-07,2595.43,3358.0,16260.56,10200.0,5900.256175380815,2382.44,1231.41,6353.3
2022-08-07,2695.42,3358.0,11672.28,10190.0,5977.361775172363,2370.91,1066.32,6696.45
2022-09-07,2727.19,3358.0,16018.52,10195.0,5992.528348641151,2351.13,1044.72,6549.24
2022-10-07,2518.36,,,,5786.428571428572,2375.14,1598.7,5400.0
2022-11-07,2731.02,3469.0,15718.18,10180.0,6076.035875520784,2364.49,2095.38,6644.62
2022-12-07,2827.8,3469.0,15597.56,10120.0,6065.715377899217,2340.03,1701.0,8120.0
2022-07-13,2809.81,3469.0,9750.0,10128.0,5982.994525547445,2298.84,,7344.8
2022-07-14,2777.54,3469.0,15683.63,8750.0,6003.292272158599,2398.78,,6497.58
2022-07-15,2691.36,3469.0,10902.91,8770.0,6034.185416666666,2339.82,,6566.29
2022-07-16,2775.57,3469.0,14808.82,8765.0,6010.364361702128,2240.7,,8176.18
2022-07-17,2141.72,,,,6075.225490196079,2392.86,,5400.0
2022-07-18,2699.56,3469.0,15431.58,8760.0,6026.054330285099,2393.39,,6884.61
2022-07-19,2715.2,3467.0,10656.12,8770.0,6040.519348321458,2555.09,,6897.12
2022-07-20,2698.82,3467.0,11457.89,8750.0,6033.79259295511,2471.94,,6579.05
2022-07-21,2417.09,3467.0,10864.1,8934.09,6025.77778948894,2172.16,,6466.24
2022-07-22,2687.63,3467.0,11275.4,8740.0,5961.583771008403,2871.36,,6732.36
2022-07-23,2808.02,3467.0,10033.07,8742.0,5852.308129619102,2358.74,,9661.54
2022-07-24,2441.75,,,,5989.533707865168,2409.09,,4400.0
2022-07-25,2514.74,3467.0,11497.06,8730.0,5959.699119827463,2459.03,,6539.62
2022-07-26,2817.45,3482.0,9819.49,8735.0,5947.914495354761,2561.81,,6735.98
2022-07-27,2542.0,3482.0,15908.33,8745.0,5860.767673738661,2310.18,,6698.11
2022-07-28,2780.91,3467.0,9677.27,8740.0,6013.199487398548,2415.63,,6648.27
2022-07-29,2720.76,3467.0,9690.77,8730.0,6113.548236986876,2606.15,,6732.52
2022-07-30,2770.9,,16041.67,8730.0,6036.193863075458,2347.12,,5363.75
2022-07-31,2473.74,,,,6054.321917808219,2400.5,,
2022-01-08,2870.92,3467.0,11249.21,,6063.858981421203,2430.46,2055.37,6910.14
2022-02-08,2883.84,3562.0,16001.75,,6061.663469921535,2224.75,2034.9,6881.99
2022-03-08,2560.69,3562.0,16082.26,,6050.32763546654,2494.1,1244.08,6658.77
2022-04-08,2703.03,3562.0,15682.14,,6039.505407124682,2443.35,718.5,6457.8
2022-05-08,2795.59,3562.0,11717.39,,6022.145254872456,2286.25,703.88,6273.43
2022-06-08,2472.74,3562.0,10991.68,,6012.751427483822,2085.83,990.85,6945.4
2022-07-08,2623.63,,,,5903.804347826087,2339.47,1197.88,
2022-08-08,2871.43,3562.0,11290.24,,6041.435191400641,2229.97,1075.46,6523.26
2022-09-08,3070.87,3562.0,15550.0,,6027.913043478261,2473.64,1031.06,8905.56
2022-10-08,2733.79,3561.0,16008.33,8630.0,6089.035206258891,2390.13,1750.12,6906.39
2022-11-08,2798.5,3561.0,15746.43,,6047.747881355932,2459.89,1921.63,6722.18
2022-12-08,2795.04,3561.0,16224.14,,6132.2215275890185,2476.25,1140.82,5909.56
2022-08-13,3149.23,3561.0,9500.0,,6107.288077029392,2438.74,,7590.48
2022-08-14,2302.37,,,,6181.567164179104,2375.0,,
2022-08-15,2240.91,,15841.18,,5833.333333333333,2400.0,,
2022-08-16,2998.86,3561.0,16237.5,,6232.096306068602,2695.64,,6656.0
2022-08-17,2743.37,3561.0,15993.98,,5990.930883159627,2432.01,,11363.53
2022-08-18,2580.86,3561.0,11471.05,,5982.490470286657,2479.12,,6445.34
2022-08-19,2624.72,,11557.69,,5854.569494584837,2369.46,,6084.43
2022-08-20,2667.78,3561.0,12115.56,,5829.013530135301,2660.55,,8004.51
2022-08-21,2619.04,,,,5862.142857142857,2482.5,,
2022-08-22,2878.55,3561.0,15900.0,,5743.357436076987,2521.41,,6339.63
2022-08-23,2745.27,3572.0,12332.84,,5602.980332282807,2591.99,,9444.44
2022-08-24,2834.12,3572.0,11341.27,,5663.367443927951,2543.81,,6247.4
2022-08-25,2773.3,3572.0,11439.06,,5610.78585013313,2376.54,,6753.81
2022-08-26,3070.56,3572.0,11533.85,,5656.758620689655,2540.0,,8654.55
2022-08-27,2829.61,,11549.61,,5539.787394957983,2361.0,,5187.0
2022-08-28,2331.15,,,,5611.180124223602,2400.0,,6300.0
2022-08-29,2524.74,,12002.22,,5400.5267973404325,2433.05,,6364.29
2022-08-30,2841.68,3572.0,10142.65,,5299.559804063743,2463.54,,14000.0
2022-08-31,3688.51,,16780.0,,5363.433139534884,,,
2022-01-09,2318.91,,12179.07,,5198.833849950345,2130.41,1927.15,5915.07
2022-02-09,2578.28,,17900.0,,4944.679649929807,2242.15,2171.85,6147.09
2022-03-09,2614.57,,13370.59,,5083.097465191003,2427.29,1292.7,5939.68
2022-04-09,2206.08,,16155.56,,4721.220930232558,2456.82,760.45,6450.0
2022-05-09,2913.71,,12483.67,,4960.884531590414,2662.08,831.83,6029.14
2022-06-09,2289.79,,16234.85,,4989.59972862958,2335.18,1035.85,6176.92
2022-07-09,2702.01,3592.0,15747.22,,5018.464078794901,2570.48,1184.5,6791.06
2022-08-09,2727.85,3592.0,17900.0,,5060.7908496732025,2478.12,1044.44,5017.86
2022-09-09,2906.93,,11026.0,,4958.828813559322,2318.75,1082.6,
2022-10-09,2865.6,3592.0,11916.67,,5085.800627943485,2281.3,1840.79,8500.0
2022-11-09,2795.07,,,,4874.0,2400.0,1819.49,
2022-12-09,2932.44,,11107.45,,5097.636942675159,2654.77,1135.36,6023.21
2022-09-13,2860.92,3592.0,16076.47,,5055.573363431151,2769.13,,6852.21
2022-09-14,2765.71,,16532.35,,5164.414207650273,2110.65,,6239.29
2022-09-15,2681.66,3585.0,16268.42,,5163.99696816574,2570.41,,6507.45
2022-09-16,2777.82,,16430.0,,5035.046859421735,2850.72,,6337.8
2022-09-17,2877.95,,16614.71,,5160.321428571428,2681.61,,
2022-09-18,2392.09,,,,5276.884393063584,2350.0,,
2022-09-19,2929.16,,16565.62,,5049.058240217408,2675.23,,6578.83
2022-09-20,2908.02,3585.0,16875.0,,5082.494854202401,2227.22,,6431.65
2022-09-21,2605.37,,10350.0,,4930.299826689775,2103.94,,5273.14
2022-09-22,2826.19,3571.0,17024.5,,4981.802189210321,2304.27,,6267.56
2022-09-23,2804.58,3571.0,16565.62,,5044.461889964365,2345.23,,6291.08
2022-09-24,2646.22,,12961.76,,4932.549803407602,2084.25,,6571.44
2022-09-25,2317.76,,10200.0,,5785.365853658536,2400.96,,
2022-09-26,2863.42,,11598.82,,4668.3392489770085,2090.89,,5241.22
2022-09-27,2849.79,,12460.0,,4697.391041660946,2019.74,,6027.35
2022-09-28,2750.48,3571.0,14418.44,,4776.500891265598,1760.21,,6035.69
2022-09-29,2789.35,3562.0,12493.96,,4794.681970635545,1982.87,,6165.47
2022-09-30,2835.09,3562.0,12584.44,,4885.985034850349,2164.96,,6132.67
2022-01-10,2948.5,3562.0,17323.68,,4669.149729492616,2092.72,2111.92,6009.34
2022-02-10,2308.5,,,,5145.588235294118,2097.56,2230.23,
2022-03-10,2770.63,3562.0,16975.0,,4727.170460832325,1931.3,1264.98,6723.7
2022-04-10,2854.49,3562.0,12100.9,,4728.219713417282,1978.92,729.2,6307.52
2022-05-10,3071.47,,11221.6,,4666.61216730038,2000.63,806.84,5780.0
2022-06-10,2851.89,6500.0,16809.38,,4626.491356545281,1942.9,1088.68,6906.15
2022-07-10,2710.99,3557.0,12702.17,,4724.75133503895,1835.25,1281.55,6391.65
2022-08-10,2860.26,3557.0,13368.92,,4703.644552179397,2018.83,1074.81,6002.07
2022-09-10,2585.34,,,,4311.407407407408,2057.07,990.13,
2022-10-10,2825.87,3557.0,10732.87,,4641.830925398786,1904.4,1824.5,6192.77
2022-11-10,2760.18,,12423.33,,4640.41329787234,1879.27,1852.99,5994.62
2022-12-10,2819.93,3557.0,12325.64,,4745.451782075692,1920.49,1429.69,5969.4
2022-10-13,2788.69,3546.0,11790.84,,4703.04183184966,1800.56,,6390.65
2022-10-14,2856.0,3546.0,18260.74,,4675.164197489947,1914.3,,6382.41
2022-10-15,2860.51,3546.0,10157.69,7950.0,4709.5593187858085,1875.84,,5525.96
2022-10-16,2254.16,,10400.0,,4619.44268292683,1938.52,,
2022-10-17,2962.42,3546.0,11711.72,,4650.753808523124,1893.14,,6292.66
2022-10-18,2935.42,3546.0,12743.18,,4627.161436162405,1899.26,,6814.61
2022-10-19,2936.68,3546.0,10350.0,,4677.281263304563,1816.67,,6230.85
2022-10-20,2886.12,3555.0,10303.27,7545.64,4682.367254997852,1810.61,,6011.72
2022-10-21,2924.03,3555.0,10213.64,,4615.005624955853,1862.31,,6623.97
2022-10-22,3018.09,3555.0,12446.63,7166.67,4775.578453934958,2054.46,,8500.0
2022-10-23,2968.56,,,,4614.140724946695,1807.27,,
2022-10-24,3753.57,3555.0,11992.06,7550.0,4680.653465346535,1934.85,,8500.0
2022-10-25,3356.2,3555.0,13348.57,7200.0,4699.872708757637,1974.71,,8500.0
2022-10-26,3073.82,3555.0,12490.0,7500.0,4891.07532808399,2005.35,,6202.96
2022-10-27,3043.09,3555.0,13223.97,7814.86,4725.932249873032,1834.45,,6569.43
2022-10-28,2924.26,3555.0,12365.62,8004.36,4765.58059472177,1899.22,,1068.47
2022-10-29,4471.17,3555.0,11770.61,8090.43,4796.509759310516,1923.65,,6318.55
2022-10-30,2737.05,,,,4920.272456575683,2003.34,,
2022-10-31,2853.94,3555.0,12491.33,7812.61,4746.645135648058,1875.65,,6518.08
2022-01-11,2923.41,3555.0,12231.7,7809.8,4781.911862992316,1774.92,1906.2,7441.86
2022-02-11,2898.55,3546.0,11665.35,7896.09,4918.349232132253,1832.5,2335.9,6422.37
2022-03-11,2940.22,3546.0,12661.79,8000.26,5008.558148876345,1858.38,1195.65,6479.45
2022-04-11,2969.89,3546.0,11380.61,7935.65,5078.134493932758,1831.45,718.19,6651.25
2022-05-11,2939.04,,12664.16,8106.15,5216.339672095495,1900.44,812.91,5994.7
2022-06-11,2702.69,,,8046.3,5432.147219737114,1894.97,1101.41,
2022-07-11,2988.06,,6039.3,8619.16,5450.942508173314,1951.7,1198.57,6429.85
2022-08-11,2978.97,3546.0,10910.91,8626.71,5552.908538105296,1921.35,1023.3,6666.79
2022-09-11,2960.93,3546.0,15465.46,8672.98,5432.049322559799,1936.67,1277.5,6649.0
2022-10-11,2921.38,3546.0,11486.3,8751.52,5456.534318656323,1925.25,1836.21,5672.29
2022-11-11,2983.0,3564.0,12159.22,8897.96,5454.625834603987,1878.86,1844.2,6761.78
2022-12-11,2952.96,,10442.62,9088.52,5570.33544322557,1928.58,1043.45,6667.33
2022-11-13,2720.11,,,8116.86,5709.527915632754,2037.6,,
2022-11-14,2732.07,,11108.99,9215.92,5478.018911232238,1953.57,,6865.2
2022-11-15,2939.52,3564.0,12350.54,9139.98,5416.139835216885,1969.05,,6542.34
2022-11-16,3009.5,3564.0,11596.03,9185.73,5494.007560409301,1926.98,,6911.54
2022-11-17,3173.27,3564.0,11292.06,9197.45,5395.492081382531,1962.43,,7071.65
2022-11-18,2937.26,3564.0,11609.06,9118.82,5440.212449642404,1958.68,,6817.48
2022-11-19,2915.31,,10866.1,9032.31,5463.73600080347,1885.93,,6728.0
2022-11-20,2924.99,,,8783.75,5563.482605477424,1909.23,,
2022-11-21,3036.44,,11780.24,8704.39,5454.04468737024,2014.06,,7000.0
2022-11-22,2963.06,3577.0,11658.88,8610.91,5426.978200604839,1984.52,,7821.43
2022-11-23,3259.43,3577.0,12065.84,8630.87,5381.620007333601,2012.62,,6686.38
2022-11-24,3130.59,3577.0,12298.44,8645.99,5389.001392475322,1994.83,,6508.49
2022-11-25,2825.61,,15669.23,8901.29,5321.37790367166,1996.1,,5700.0
2022-11-26,3138.66,,11474.83,8798.53,5368.519329886168,1957.89,,6652.0
2022-11-27,2918.43,,,8647.43,5288.865546218487,1736.13,,
2022-11-28,2976.39,,10671.86,8880.36,5454.171079934343,1965.89,,6868.06
2022-11-29,3030.2,,11968.02,8756.37,5155.748987854251,1993.77,,
2022-11-30,3118.81,3577.0,9404.55,8759.83,5343.7058657601965,1962.1,,6567.22
2022-01-12,2667.02,,12232.42,8845.77,5222.281148679945,1995.54,1866.65,
2022-02-12,3152.86,3562.0,11516.25,8858.49,5278.658304726697,2005.08,2332.48,6888.63
2022-03-12,3304.91,,11394.94,8772.45,5267.984600577478,2000.39,1210.24,5500.0
2022-04-12,2571.75,,,8447.68,5371.417892156863,2035.85,761.7,
2022-05-12,3438.2,,11933.33,8456.33,5286.550814149355,1999.73,833.7,7186.97
2022-06-12,3001.43,,11030.77,8415.75,5386.976401179941,2064.46,1305.71,
2022-07-12,2930.08,3562.0,10358.82,8420.52,5203.56028014007,1998.02,1150.95,8000.0
2022-08-12,3107.42,3562.0,10980.0,8436.89,5307.804021261844,2036.81,1034.93,6396.21
2022-09-12,3152.11,3562.0,10277.78,8368.68,5312.163193217944,2011.78,1138.35,6434.42
2022-10-12,3245.35,3562.0,16500.0,8303.36,5308.2157789453495,2005.33,1743.13,7156.67
2022-11-12,2957.99,,,8173.73,5444.287413280475,2094.84,1846.98,
2022-12-12,3264.12,3539.0,11471.7,8343.27,5319.367267190858,2026.04,1107.69,6820.35
2022-12-13,3314.63,3539.0,10729.73,8359.34,5280.508599663301,2001.09,,7841.18
2022-12-14,3269.84,3539.0,11200.0,8412.1,5309.192392293024,1994.92,,6390.89
2022-12-15,3133.27,3539.0,10173.91,8464.55,5268.961668290745,2020.68,,6548.77
2022-12-16,3294.42,3539.0,10648.65,8465.28,5301.781080101486,2045.44,,7217.65
2022-12-17,3215.32,3539.0,10135.34,8399.15,5269.592636756595,2059.84,,6551.94
2022-12-18,3027.48,,,8223.58,5272.909090909091,1869.4,,
2022-12-19,3571.96,3539.0,10575.34,8315.85,5288.10436498723,2064.16,,6690.21
2022-12-20,3801.66,3532.0,10567.57,8272.07,5182.867746615087,2100.44,,8000.0
2022-12-21,3668.72,3532.0,10493.15,8263.26,5255.098349834983,2085.85,,7730.7
2022-12-22,3058.42,,10720.0,8272.55,5139.694314748695,2097.19,,6116.67
2022-12-23,3829.2,3532.0,11448.28,8226.14,5205.110262412221,2115.86,,7142.86
2022-12-24,3002.72,,10640.0,8130.38,5274.569343065694,2077.01,,
2022-12-25,2680.23,,,7967.01,5177.059925093633,2083.96,,
2022-12-26,3189.04,3532.0,11127.27,7640.95,5161.607793613567,2121.83,,6326.21
2022-12-27,3065.84,,11153.85,7652.26,5147.211645838873,2056.68,,6918.0
2022-12-28,3481.46,3532.0,11461.54,7735.1,5219.869358669834,2087.69,,6969.9
2022-12-29,3291.21,3499.0,10960.0,7818.15,5265.478735868514,2093.57,,6685.1
2022-12-30,3041.16,,11120.0,8020.24,5192.327441975833,2095.92,,6783.28
2022-12-31,3583.32,3499.0,9700.0,8153.46,5258.7724135182,2077.22,,6502.04
2023-01-01,2815.16,,,8078.96,5409.087431693989,2029.12,1369.7,
2023-02-01,4006.89,3499.0,10396.55,8189.19,5430.704879938033,2125.24,1025.4,6962.2
2023-03-01,4005.2,3499.0,10947.37,8282.83,5381.280634920635,2111.79,703.5,11000.0
2023-04-01,3734.04,3499.0,11450.0,8348.1,5337.8604778157,2130.45,637.5,6584.46
2023-05-01,3145.44,,9700.0,8330.89,5360.731347020531,2109.09,706.09,6287.0
2023-06-01,3273.87,,9300.0,8232.84,5305.537889225682,2130.51,736.15,6425.0
2023-07-01,3011.36,,10086.96,8553.82,5300.222374847375,1474.9,1268.58,6055.0
2023-08-01,2651.27,,15800.0,8350.0,5040.183673469388,1825.0,1275.48,
2023-09-01,3010.24,,16000.0,8336.9,5373.150743099788,2140.88,1903.02,6960.0
2023-10-01,3150.18,,10640.0,8412.82,5280.120557890715,2071.08,1852.24,6634.17
2023-11-01,3759.86,3466.0,10923.08,8291.35,5274.887904468413,2174.05,3778.61,6785.68
2023-12-01,3607.17,3466.0,9517.48,8261.05,5289.992370210649,2111.53,,6746.91
2023-01-13,2749.69,,9474.58,8217.69,5252.163217493167,2109.37,,4236.67
2023-01-14,3158.19,,12388.89,8189.31,5304.218562154364,2081.37,,6410.3
2023-01-15,2696.3,,,8029.2,5130.058139534884,2104.78,,
2023-01-16,2601.9,,9709.32,8208.69,5137.922775382203,2132.02,,6782.0
2023-01-17,3777.11,3466.0,9995.77,8229.65,5283.658068160422,2103.5,,11000.0
2023-01-18,2679.7,,10051.05,8260.49,5025.461277831559,2117.34,,6651.54
2023-01-19,4062.5,,10444.68,8150.64,5242.495489690722,2183.9,,6400.0
2023-01-20,4031.85,,10225.53,8277.92,5196.023699215966,2253.04,,6599.35
2023-01-21,3713.81,3466.0,12068.42,8256.94,5093.317672967517,2153.13,,7250.0
2023-01-22,3014.68,,16300.0,8173.94,5236.2748433303495,2067.31,,
2023-01-23,3630.33,3466.0,11655.93,8135.5,5052.922578482851,2107.57,,6668.18
2023-01-24,3714.82,3466.0,10427.78,8068.43,5058.801349733319,2100.83,,7189.91
2023-01-25,3636.43,3466.0,10690.91,8004.7,5020.428741092636,2079.58,,6784.93
2023-01-26,3124.63,,16300.0,7921.06,5179.438202247191,2050.0,,
2023-01-27,3636.56,3466.0,16300.0,8077.07,5088.252201002302,2109.41,,6430.19
2023-01-28,3643.48,3466.0,10859.46,8084.65,5083.272697476237,2140.1,,6659.79
2023-01-29,2989.78,,16400.0,7921.54,5129.3922261484095,1987.5,,
2023-01-30,3566.88,3466.0,11781.82,8085.52,5039.081287667205,2089.21,,6388.05
2023-01-31,3607.56,3466.0,12855.56,8057.03,5101.182274247492,2081.68,,7418.59
2023-01-02,3073.01,,11252.17,8043.37,5067.028978468512,2038.37,1374.22,6756.31
2023-02-02,3584.73,3474.0,12300.0,8040.16,5088.52020467069,2101.49,1044.97,6129.24
2023-03-02,3555.26,3474.0,13336.36,7969.2,5051.1100052383445,2070.7,708.45,6634.0
2023-04-02,3536.9,3474.0,11911.76,7926.94,5038.691600633914,2086.23,655.0,6088.11
2023-05-02,2922.57,,,7721.95,5144.863225806452,2007.29,651.12,
2023-06-02,3561.85,3474.0,12373.33,7882.27,5035.583698030635,2109.1,747.69,6174.67
2023-07-02,3653.55,3474.0,13730.43,7850.06,5000.791672711446,2098.26,1330.84,7882.68
2023-08-02,3516.62,3491.0,13728.57,7941.9,5101.415479147601,2097.78,1305.42,6424.4
2023-09-02,3519.33,3491.0,12497.67,7970.3,5104.249863537118,2089.01,1876.9,6357.93
2023-10-02,3504.65,3491.0,12306.02,7941.04,5095.451333078198,2114.65,2001.29,6293.67
2023-11-02,3597.46,3491.0,18000.0,7994.62,5129.8982472467815,2111.98,3823.32,9928.57
2023-12-02,3093.51,,,7888.48,5265.522573363432,1980.32,3576.53,
2023-02-13,3639.61,3491.0,17900.0,8000.7,5193.561906468375,2131.43,,6090.31
2023-02-14,2992.56,3491.0,13232.26,8114.55,5177.72360375051,2078.66,,7521.74
2023-02-15,3188.73,3491.0,18300.0,8094.97,5159.291761859965,2051.84,,9150.83
2023-02-16,3067.07,3491.0,13771.43,8056.59,5142.394444444444,2079.37,,10193.22
2023-02-17,3056.21,3482.0,12845.83,8017.6,5145.203804677087,2102.51,,9396.59
2023-02-18,3559.58,,,7970.66,5110.0046403712295,2398.27,,
2023-02-19,2766.0,,10900.0,7809.91,5124.5424836601305,2086.23,,
2023-02-20,3256.13,3482.0,14076.47,7943.32,5087.645108135942,2089.05,,11000.0
2023-02-21,3052.65,3482.0,15104.0,7966.51,5136.515754749175,1694.52,,9993.36
2023-02-22,2877.69,3482.0,12725.35,7976.65,5192.578512396694,2083.85,,10419.57
2023-02-23,2741.15,3482.0,16910.0,7958.82,5133.520238984317,2091.41,,10468.56
2023-02-24,2826.3,3482.0,14237.5,7914.0,5172.312684801892,2061.33,,11479.35
2023-02-25,3183.58,3482.0,15384.62,7946.66,5120.13986332574,2070.39,,8728.12
2023-02-26,2456.09,,,7944.9,5144.225206611571,2005.6,,
2023-02-27,2407.09,,20000.0,7829.53,5065.037282411015,2057.77,,6308.69
2023-02-28,2976.03,3482.0,11828.57,7788.12,5069.836161187699,2027.37,,11181.26
2023-01-03,2660.95,3482.0,14588.89,7798.2,4959.15568248389,2055.97,1321.98,9284.48
2023-02-03,2633.79,3482.0,12184.38,7850.0,4978.165987561656,2052.75,1031.1,9936.33
2023-03-03,2604.47,3482.0,16176.47,7827.55,5046.690149824673,2010.22,736.77,10474.88
2023-04-03,2792.01,3482.0,15050.2,7850.99,5086.334775442933,2042.52,701.85,9859.96
2023-05-03,2320.56,,,7797.4,5168.790836653387,2053.79,687.18,
2023-06-03,2971.4,3482.0,20300.0,7808.5,5087.114369501466,2134.21,768.51,10629.08
2023-07-03,3450.63,,15609.09,7646.02,5006.265625,1816.1,1272.64,
2023-08-03,3005.09,3477.0,15261.7,7754.63,4997.130702389572,2147.65,1344.91,6210.13
2023-09-03,2611.75,3477.0,17012.5,7785.93,4983.483846542151,2036.27,1856.44,6450.6
2023-10-03,2315.22,3477.0,15666.67,7729.86,4995.530461427541,2049.66,1994.1,8019.17
2023-11-03,2666.11,3477.0,11600.0,7646.15,4844.374248223073,2069.15,3403.57,10459.24
2023-12-03,2217.76,,,7408.81,4890.781395348838,2173.54,3266.9,
2023-03-13,2656.17,,15578.95,7631.13,4933.219475878499,2087.83,,6551.49
2023-03-14,2784.18,3476.0,18600.0,7668.94,4947.066859476012,2049.5,,9952.37
2023-03-15,2537.15,3476.0,16233.33,7645.42,4995.037457912458,1996.84,,10774.87
2023-03-16,2690.64,3476.0,17788.89,7586.11,5007.547204399633,2005.29,,6063.21
2023-03-17,3073.91,3476.0,15018.37,7632.56,4997.041866330391,2049.07,,8729.8
2023-03-18,2431.62,3476.0,14642.86,7633.35,4971.435955622794,2044.01,,12253.78
2023-03-19,2262.67,,,7521.67,5113.9859437751,1940.41,,
2023-03-20,2739.45,3476.0,15934.48,7678.67,4955.054763521159,2200.86,,9604.8
2023-03-21,2759.59,3472.0,14471.43,7660.36,4908.621830209482,2002.66,,13408.8
2023-03-22,3218.15,,14000.0,7753.25,5098.949789191261,2021.78,,6234.55
2023-03-23,2282.69,,15577.78,7671.36,5003.577708333333,2021.33,,8339.18
2023-03-24,2589.02,3472.0,14272.34,7628.52,4939.114669254407,1994.0,,10768.49
2023-03-25,2697.5,3472.0,14672.73,7615.01,4885.061615844074,2084.51,,9433.4
2023-03-26,2187.5,,,7534.74,5013.757178014766,2044.42,,
2023-03-27,2657.76,,15058.14,7523.67,4963.628865979382,2065.98,,8844.55
2023-03-28,2535.42,3472.0,14608.0,7558.83,4983.845233907844,2043.32,,10797.44
2023-03-29,2753.93,3472.0,11500.0,7630.15,5020.101888449714,2054.74,,13280.43
2023-03-30,2538.89,3472.0,16109.68,7783.39,4991.848837209303,1974.27,,12910.22
2023-03-31,3005.54,3472.0,14568.63,8061.91,5049.583403895004,2046.14,,11013.91
2023-01-04,3064.23,3472.0,16220.0,7821.73,5181.879702048417,2055.54,1416.77,9409.45
2023-02-04,2146.7,,11600.0,7811.89,5195.245283018868,1993.73,1007.06,
2023-03-04,2698.69,3472.0,19500.0,7871.91,5148.701736420303,2010.49,735.05,8787.93
2023-04-04,3361.26,3472.0,15420.0,7992.19,5425.008010680908,2154.64,761.61,11205.16
2023-05-04,2576.38,3472.0,15460.87,7887.33,5139.789214381775,1989.19,715.69,8777.66
2023-06-04,2773.33,3573.0,20000.0,7899.21,5087.548981123362,1892.06,838.89,8955.82
2023-07-04,3191.2,3573.0,,8053.03,5247.5593003230815,2144.81,1297.49,6219.59
2023-08-04,2730.15,3573.0,15645.45,7930.42,5119.7722508085,2063.45,1576.85,8914.32
2023-09-04,2410.33,,,7848.25,5289.355172413793,1972.07,1861.14,
2023-10-04,2731.65,3573.0,11376.03,7982.48,5069.022837034377,2187.82,1996.8,8654.9
2023-11-04,2742.16,3573.0,15645.45,7925.06,5084.076288167667,1992.55,3287.7,8784.95
2023-12-04,2704.11,3573.0,17191.89,7833.07,4991.979771470053,1949.7,3430.2,8285.63
2023-04-13,2614.99,3573.0,16540.0,7787.4,5009.920738853029,2017.33,,8353.34
2023-04-14,3568.66,3573.0,20500.0,7827.0,5010.358213081218,2193.43,,6594.01
2023-04-15,2555.25,3631.0,20500.0,7875.22,5012.586772819332,1982.19,,8890.34
2023-04-16,2286.32,,,7782.74,5115.842676311031,2027.06,,
2023-04-17,2632.22,3631.0,15414.29,7874.01,4989.488683441181,1864.48,,8163.83
2023-04-18,2837.52,3631.0,15078.05,7791.1,4997.129908281686,1894.77,,8153.01
2023-04-19,2864.09,3631.0,15388.0,7792.78,4945.048885658842,1893.91,,8217.98
2023-04-20,2693.49,3631.0,22800.0,7768.76,4928.420387186278,1926.58,,5934.67
2023-04-21,2815.5,3631.0,17005.26,7654.87,4999.070545185371,1944.99,,7960.85
2023-04-22,3571.96,3631.0,18140.0,7496.94,4966.591183000317,2006.57,,8493.33
2023-04-23,2629.45,,22000.0,7738.91,5015.1757469244285,1925.61,,
2023-04-24,2544.83,3631.0,17702.86,7704.79,4891.163512920155,1848.34,,7494.28
2023-04-25,2841.02,3631.0,18387.5,7698.75,4839.306249225127,1807.65,,5757.84
2023-04-26,2653.87,3631.0,12100.0,7675.65,4827.271539283279,1744.58,,5792.04
2023-04-27,2832.32,3631.0,16618.18,7688.43,4879.759363376,1743.63,,7570.3
2023-04-28,2955.83,3631.0,16786.67,7668.76,4864.2580867467805,1886.74,,5168.12
2023-04-29,3092.58,3631.0,18662.5,7746.1,4871.37352911255,1813.8,,6014.78
2023-04-30,2629.17,,,7759.27,5040.545126353791,1769.4,,
2023-01-05,2657.37,,11500.0,7629.15,4902.702702702703,1807.53,1262.29,
2023-02-05,2913.24,3631.0,18475.0,7724.33,4889.195769356216,1726.54,1037.4,6876.27
2023-03-05,3091.81,3631.0,16563.64,7761.08,4865.75385526882,1947.48,903.56,7728.05
2023-04-05,2329.23,3628.0,18303.23,7679.21,4876.35150370066,1800.0,681.37,7873.11
2023-05-05,3429.23,3628.0,17050.0,7706.86,4905.404081632653,1808.87,731.07,6090.17
2023-06-05,2776.01,3628.0,22600.0,7635.33,5003.018652876823,1743.9,841.25,8625.84
2023-07-05,2435.46,,,7657.9,5138.563549160672,1702.32,1290.74,
2023-08-05,2830.49,3628.0,16733.33,7651.57,4954.05607617896,1706.57,1411.95,6604.72
2023-09-05,3014.44,3628.0,19357.14,7543.77,4995.832304502229,1712.87,1952.86,7932.84
2023-10-05,2531.99,3628.0,16609.09,7462.79,4957.574523776952,1677.6,1978.96,8477.67
2023-11-05,2634.02,3628.0,16710.53,7448.05,4877.498572323838,1737.25,,7590.34
2023-12-05,3105.87,3628.0,11600.0,7445.88,4907.888148545267,1652.8,3302.25,7850.12
2023-05-13,2832.19,3628.0,,7327.03,4852.295048565585,1669.87,,7610.65
2023-05-14,2633.02,,22500.0,7338.21,5004.024475524476,1756.22,,
2023-05-15,2834.06,,16444.44,7393.62,4909.207021108839,1696.13,,7693.51
2023-05-16,3057.35,3628.0,18200.0,7376.93,4839.229740696647,1702.59,,8421.97
2023-05-17,2790.49,3642.0,17771.43,7400.49,4783.633062652422,1725.13,,6978.51
2023-05-18,2542.65,3642.0,15769.23,7356.33,4760.9479472127605,1775.81,,7633.92
2023-05-19,2511.91,3642.0,17930.77,7282.54,4664.9929918661255,1661.95,,5918.51
2023-05-20,2787.73,3642.0,18155.56,7245.11,4831.354492581147,1686.34,,7790.22
2023-05-21,2573.98,,,7197.75,4845.328125,1721.83,,5800.0
2023-05-22,2865.06,3642.0,18180.0,6984.09,4703.173675031605,1717.3,,8352.41
2023-05-23,2611.83,3642.0,16284.21,6933.17,4745.786059731184,1715.31,,6875.22
2023-05-24,2893.61,3642.0,18080.29,6856.23,4726.517169954119,1772.93,,7886.59
2023-05-25,2837.98,3642.0,17080.49,6767.63,4752.613095411536,1709.34,,7339.18
2023-05-26,2769.87,3642.0,13255.73,6705.27,4714.723932156639,1693.31,,7259.56
2023-05-27,2988.48,3642.0,17378.38,6682.6,4640.03974720976,1698.57,,7087.18
2023-05-28,2554.3,,,6771.09,4850.283783783784,1838.79,,
2023-05-29,2997.45,3642.0,18409.09,7005.7,4720.461806344159,1734.0,,7874.81
2023-05-30,3027.85,3642.0,17087.8,7099.28,4773.026105929199,1696.93,,7042.62
2023-05-31,2874.35,3642.0,18469.23,7128.9,4710.215851177821,1728.98,,6784.15
2023-01-06,2858.32,3642.0,18937.5,7157.16,4697.417597787625,1717.05,1223.45,7731.54
2023-02-06,2857.18,3607.0,19084.44,7341.12,4658.670496174929,1698.78,1021.72,6780.28
2023-03-06,3259.68,3607.0,19375.0,7360.11,4673.749053825218,1807.85,743.47,5783.14
2023-04-06,2585.68,,,7297.94,4887.138834410289,1646.78,622.27,
2023-05-06,2888.13,3607.0,19547.06,7359.37,4747.270363557056,1820.08,697.03,7153.4
2023-06-06,3023.31,3607.0,18588.89,7278.89,4732.729429861661,1808.52,854.75,7168.85
2023-07-06,2889.82,3607.0,18500.0,7200.25,4736.593767220684,1765.51,1258.08,6804.95
2023-08-06,2981.95,3607.0,19518.75,7184.52,4711.539608012888,1805.91,1428.27,6375.13
2023-09-06,3210.9,3607.0,19789.27,7127.68,4767.963967132502,1796.62,1922.75,6724.04
2023-10-06,3313.67,3607.0,22169.49,7081.81,4763.435893906416,1795.27,1956.38,5979.87
2023-11-06,2543.57,,,6937.39,4909.965296045041,1826.96,3271.02,
2023-12-06,3167.09,3607.0,21246.91,7075.68,4746.999913381535,1927.8,3466.1,6630.08
2023-06-13,3359.17,3662.0,19814.47,7069.88,4741.53419948602,1870.98,,6139.9
2023-06-14,2994.91,3662.0,18509.76,7062.8,4755.128798925056,1990.17,,6488.98
2023-06-15,2905.63,3662.0,17310.0,7031.93,4791.115275206575,1823.08,,6469.43
2023-06-16,3171.92,3662.0,17369.7,7024.94,4840.954446854663,1882.17,,6797.71
2023-06-17,3343.48,3662.0,18933.18,7061.59,4810.138592984519,1878.48,,6863.83
2023-06-18,2724.58,,,6985.25,4801.020167609185,1869.88,,
2023-06-19,3399.41,3662.0,20560.87,7086.47,4898.649571355431,1960.41,,7773.73
2023-06-20,3471.57,3662.0,19072.07,7113.04,4904.833291271173,1982.06,,7288.9
2023-06-21,3104.29,3662.0,17700.0,7069.92,4774.304898966006,2045.23,,7495.56
2023-06-22,3260.15,3662.0,19646.72,7060.08,4894.309622189731,2014.81,,7507.33
2023-06-23,3323.8,3662.0,19557.14,6952.61,4853.273577294012,1885.39,,7721.41
2023-06-24,3437.9,3662.0,17099.03,6876.45,4877.8750551812,2013.36,,6836.88
2023-06-25,2594.73,,,6826.19,4830.179419525066,1891.62,,
2023-06-26,3426.05,,17709.09,6928.0,4756.1340976659385,2212.09,,7620.84
2023-06-27,3421.73,3662.0,18328.57,6848.22,4829.903454102384,2159.85,,7506.75
2023-06-28,3281.53,3662.0,18868.42,6869.51,4815.755484818239,2288.86,,7412.17
2023-06-29,3073.8,,13900.0,6788.17,4744.006072683145,2014.59,,6183.0
2023-06-30,3457.63,3662.0,18100.0,6918.33,4755.954195027879,2283.97,,7068.36
2023-01-07,3390.07,3662.0,19693.4,6996.35,4797.820355111989,2083.11,1384.56,7071.49
2023-02-07,2245.41,,,6798.39,4893.834171435177,2046.67,1018.63,7300.0
2023-03-07,3270.49,3662.0,19461.85,6997.32,4865.627198976796,2336.22,941.95,8446.19
2023-04-07,3377.73,3662.0,20294.03,7064.54,4888.639622259107,2203.73,624.65,8355.03
2023-05-07,3223.18,3662.0,20801.27,6978.03,4839.259146035396,2247.68,707.1,8321.76
2023-06-07,3094.95,3662.0,20482.86,6948.18,4804.097787705145,2067.39,850.34,7952.71
2023-07-07,3244.28,3662.0,13800.0,6934.04,4786.40245148712,2171.85,1245.0,8829.99
2023-08-07,3411.29,3662.0,23100.0,6842.95,4798.767765543204,2371.13,1625.24,7870.97
2023-09-07,2283.7,,23100.0,6740.57,4897.478321635828,1854.69,1901.15,
2023-10-07,3488.47,3662.0,17777.78,6954.3,4738.135405164737,2105.31,2062.07,8628.46
2023-11-07,3685.15,3662.0,17231.11,6955.36,4735.94272441891,2342.03,3323.88,9262.76
2023-12-07,3412.14,3662.0,18163.16,6922.01,4739.922440643508,2046.72,3216.93,9637.7
2023-07-13,3331.59,,17833.33,6898.62,4751.222533034584,2467.3,,9390.45
2023-07-14,3372.07,3662.0,19900.0,6919.45,5120.829259981448,1968.51,,9344.91
2023-07-15,3481.24,3662.0,17529.41,6882.61,4650.100288259482,2176.21,,10066.49
2023-07-16,2750.71,,,6810.19,4817.520392373584,1830.05,,
2023-07-17,3544.44,3662.0,19305.69,6867.68,4559.452471901605,2011.82,,11653.95
2023-07-18,3327.43,3662.0,19640.85,6857.43,4648.403894160148,2322.06,,10737.66
2023-07-19,3482.28,3662.0,21765.9,6966.67,4694.798148217848,1965.77,,11532.48
2023-07-20,3099.73,3662.0,16510.87,7015.42,4639.954552592469,2034.78,,12956.6
2023-07-21,3326.93,3662.0,16720.51,6968.4,4691.229498492089,2178.37,,11738.06
2023-07-22,3586.04,3662.0,19691.3,6978.38,4726.773982629749,2522.94,,12325.52
2023-07-23,2904.37,,,6855.89,4833.618836024711,1778.28,,12500.0
2023-07-24,2664.83,3662.0,17717.65,7010.67,4723.156500420401,2063.67,,11840.08
2023-07-25,3206.92,3706.0,17287.5,7012.27,4724.440515402301,2677.37,,12790.04
2023-07-26,3288.89,3706.0,17678.79,7021.18,4663.086760459194,2406.96,,14611.45
2023-07-27,3290.08,3706.0,19660.0,7148.61,4729.378833127832,2375.14,,12410.32
2023-07-28,3325.36,3706.0,,7059.35,4768.383368082226,2645.15,,12019.93
2023-07-29,4093.99,3706.0,18882.61,6937.17,4771.009327830855,2765.02,,13339.9
2023-07-30,2448.68,,,6896.95,4930.551109122291,2137.3,,11800.0
2023-07-31,3170.98,3706.0,17887.5,7033.11,4733.652153864302,2333.59,,14056.02
2023-01-08,3255.28,3706.0,23035.14,7896.58,4737.001098022717,2390.82,1267.92,15221.01
2023-02-08,3445.2,3706.0,24300.0,7270.95,4750.713554358836,2124.54,990.7,14200.74
2023-03-08,3399.36,3706.0,19906.7,6990.92,4726.202240484147,2675.65,787.33,14209.62
2023-04-08,3477.07,3706.0,24300.0,7133.08,4723.142134240864,2141.28,634.77,14795.63
2023-05-08,3451.46,3706.0,14100.0,7212.12,4693.944382584734,2807.66,691.4,14047.77
2023-06-08,2834.71,,,7114.08,4888.214285714285,2123.44,835.43,
2023-07-08,3556.23,3706.0,,7334.29,4716.655972268201,2598.2,1208.68,13474.09
2023-08-08,3633.74,3706.0,20276.19,7400.09,4689.6520173500285,2230.08,1660.22,17687.73
2023-09-08,3348.29,3706.0,24000.0,7475.1,4744.586933243735,2499.24,1779.12,18058.38
2023-10-08,3377.0,3706.0,24200.0,7573.44,4668.576155468443,2162.21,1992.96,14240.5
2023-11-08,3481.37,3706.0,19438.46,7464.14,4706.366486139606,2227.51,3459.71,14409.95
2023-12-08,3583.11,3706.0,24100.0,7614.99,4749.270264378365,2520.86,2511.22,11748.47
2023-08-13,2914.02,,13800.0,7553.18,4914.693486590038,2233.1,,
2023-08-14,3425.4,3706.0,17495.35,7737.92,4710.0664428913005,2199.1,,12926.42
2023-08-15,3215.06,,20946.81,,4900.0,2170.0,,
2023-08-16,4163.18,3706.0,19071.43,7431.58,4793.857142857143,3574.71,,15000.0
2023-08-17,3307.38,3706.0,16885.45,7838.98,4742.660802625831,2742.37,,13737.89
2023-08-18,3188.67,3706.0,19200.0,7871.36,4704.430298555053,2197.98,,13588.27
2023-08-19,2776.55,3706.0,19728.57,7846.82,4725.727141086688,2107.64,,13551.34
2023-08-20,3162.39,,13200.0,7750.0,4951.21712907117,1882.86,,
2023-08-21,3586.58,3698.0,17500.0,7140.83,4745.039884726225,2210.57,,12641.3
2023-08-22,3527.68,3698.0,22051.72,7073.84,4727.922111579599,2569.13,,13272.15
2023-08-23,3286.19,3698.0,19936.36,7106.46,4718.1863405114245,2739.67,,12240.78
2023-08-24,3201.47,3698.0,16620.0,7364.61,4638.999399543259,2293.28,,12670.65
2023-08-25,3181.17,3698.0,19061.56,7249.15,4655.29623038037,2343.29,,14584.46
2023-08-26,3402.84,3698.0,17797.67,7327.79,4605.567164788502,2307.34,,14261.09
2023-08-27,2944.88,,22187.5,7253.91,4888.646748184704,2051.92,,
2023-08-28,3272.31,3724.0,22423.08,7205.71,4665.725048028345,2379.23,,12513.52
2023-08-29,3425.58,3724.0,,7246.31,4691.859630797467,2638.56,,13934.77
2023-08-30,3663.87,,23500.0,7020.0,4684.955334034293,3630.0,,10621.32
2023-08-31,3241.78,3724.0,21352.27,7363.66,4753.449001618997,2123.49,,12458.08
2023-01-09,3303.6,3724.0,16500.0,7470.85,4751.509616441368,2503.02,1200.0,12165.21
2023-02-09,2789.86,3724.0,16994.68,7212.0,4816.58599126965,2197.71,950.98,19500.0
2023-03-09,2872.97,,,7600.0,4816.736842105263,2131.25,784.79,
2023-04-09,3368.59,3724.0,17079.49,7469.57,4717.5799140452455,2721.18,705.94,11300.0
2023-05-09,3544.8,3724.0,16869.16,7371.04,4659.60593220339,2774.64,687.02,13174.73
2023-06-09,3532.16,3724.0,23500.0,,4745.88753584639,2986.11,853.54,13177.24
2023-07-09,2674.79,,16767.05,7228.11,4771.167832167832,2070.8,1200.92,11864.0
2023-08-09,3609.0,3812.0,18250.0,7353.15,4692.36729033449,3190.39,1613.09,12132.5
2023-09-09,3579.41,3812.0,,7275.0,4706.659283479024,2876.35,1925.76,14258.0
2023-10-09,3235.15,,,7420.0,4875.0,2147.06,2193.63,
2023-11-09,3621.26,3812.0,17291.38,7435.25,4579.840599005451,2847.22,3499.47,11468.76
2023-12-09,3679.97,3812.0,15625.81,6970.0,4692.597624035595,2436.93,2647.16,11995.11
2023-09-13,3599.0,3812.0,15915.19,,4741.590057018528,2595.26,,11734.27
2023-09-14,3984.96,3812.0,16290.91,,4702.077151335311,2249.18,,19500.0
2023-09-15,3569.68,3812.0,14822.05,7291.89,4717.4338794122605,2557.0,,12712.14
2023-09-16,3540.04,3902.0,19925.49,7251.0,4611.548129356337,2435.99,,10980.34
2023-09-17,3195.2,,13200.0,7430.0,4672.340425531915,2155.85,,
2023-09-18,2820.71,3902.0,19966.67,,4693.601796407185,2159.58,,12196.31
2023-09-19,3477.29,,14384.62,7480.0,4696.94340125775,1964.28,,
2023-09-20,3806.52,,15570.27,4600.0,4683.7225282368,3265.07,,
2023-09-21,3803.09,3902.0,16994.12,7470.0,4673.558884698085,2352.92,,
2023-09-22,3850.89,3902.0,13273.13,7632.97,4610.897241767521,3035.14,,
2023-09-23,3594.84,,23700.0,7417.86,4622.790176301569,2933.38,,11000.0
2023-09-24,2957.01,,23700.0,7450.0,4826.771653543307,2186.17,,
2023-09-25,2758.29,,18153.33,7500.0,4579.17049744472,2069.99,,11967.5
2023-09-26,3706.81,3902.0,15471.43,7522.22,4635.245648926088,2934.04,,10870.2
2023-09-27,3559.09,3902.0,16087.16,,4655.554014429804,2880.43,,12683.93
2023-09-28,3811.08,,15248.66,7430.0,4654.971350613915,,,
2023-09-29,2830.58,,15060.36,7322.33,4634.760628090921,2070.72,,11979.28
2023-09-30,2764.13,,20265.31,7300.0,4668.067463639311,2064.04,,10000.0
2023-01-10,2463.67,,,,4735.148217636022,2045.0,1301.95,
2023-02-10,3200.7,3863.0,23600.0,7240.67,4571.79253589813,1994.32,920.0,
2023-03-10,3122.76,3863.0,15197.85,7135.21,4498.298350369395,2249.26,789.35,11686.4
2023-04-10,3395.76,3863.0,15317.81,7012.0,4454.532865849662,2352.07,629.65,11920.15
2023-05-10,3415.55,3863.0,15443.14,7370.0,4429.301874759795,2084.5,670.92,11995.03
2023-06-10,2777.88,3863.0,20312.6,6893.67,4405.767441521586,1916.5,842.04,11730.48
2023-07-10,3463.5,3863.0,13720.65,6900.0,4435.950294017806,2209.25,1146.31,19500.0
2023-08-10,2549.86,,13200.0,7320.0,4383.069482897205,1936.17,1744.25,
2023-09-10,3446.84,3863.0,12947.9,,4351.472170870248,1965.67,1730.21,10890.82
2023-10-10,3651.3,3863.0,15165.7,7280.0,4293.14210816777,2104.27,2204.25,11825.8
2023-11-10,3442.55,3863.0,20037.74,7280.0,4256.605470037003,1915.27,3495.39,14127.34
2023-12-10,3548.16,3863.0,19718.99,7153.33,4285.271490564457,1977.27,2833.61,11056.64
2023-10-13,3750.2,3863.0,16683.53,6928.14,4335.023276707585,1817.85,,12086.02
2023-10-14,3880.01,3863.0,19335.56,7130.0,4347.297491338151,2882.85,,19500.0
2023-10-15,3065.58,,13300.0,,4328.438661710037,1806.64,,
2023-10-16,3799.96,3863.0,12952.17,6780.0,4312.914971438606,1847.63,,11829.35
2023-10-17,3620.77,3863.0,15039.88,6510.0,4343.653306399502,1779.57,,10988.62
2023-10-18,3543.18,3900.0,15114.37,7400.0,4366.746869526348,1725.09,,10934.07
2023-10-19,3681.95,3900.0,15127.88,7008.57,4449.97943811262,1806.07,,10868.86
2023-10-20,3764.72,3900.0,15384.3,6926.25,4406.636419679541,1792.93,,12109.38
2023-10-21,3449.85,3900.0,15362.5,6877.05,4523.332541556864,1931.59,,20000.0
2023-10-22,3090.1,,,6924.86,4568.460817146684,2036.31,,
2023-10-23,3814.92,,,6786.53,4519.697373774544,1972.27,,20000.0
2023-10-24,4308.67,,22545.28,6888.64,4515.6363534608845,2210.65,,
2023-10-25,3498.36,3900.0,16300.0,6918.66,4488.568069376181,1966.35,,11915.55
2023-10-26,3410.37,3900.0,16012.87,6917.98,4499.95773245281,1977.36,,18366.67
2023-10-27,2921.18,,19921.74,6960.63,4528.819560846601,1982.81,,11121.48
2023-10-28,3872.4,3900.0,21043.1,7035.48,4576.756754462926,2191.88,,20000.0
2023-10-29,2928.11,,20703.72,7112.83,4419.256765194756,2062.88,,
2023-10-30,3700.18,3900.0,15142.86,6814.59,4567.434161495307,2019.73,,11250.0
2023-10-31,3834.92,3900.0,16505.5,7101.41,4519.133819798582,1959.26,,14000.0
2023-01-11,3678.5,3900.0,16200.0,7110.26,4556.535899300154,2064.8,1279.12,11198.12
2023-02-11,3475.05,3900.0,16762.38,7064.52,4610.097283796543,2033.1,922.9,9871.75
2023-03-11,3758.37,3900.0,17621.49,7030.63,4650.809353261244,1996.49,770.35,11504.03
2023-04-11,3030.69,,18705.65,6702.96,4679.63325406948,2073.94,618.81,
2023-05-11,,,,,,,669.54,
2023-06-11,3924.36,3900.0,14387.9,7079.46,4668.083696671762,2104.28,907.93,11130.76
2023-07-11,3880.46,3950.0,15981.32,7032.69,4680.7117101825415,2054.89,1161.73,14233.33
2023-08-11,3646.87,3950.0,16877.46,6855.58,4725.304217158702,2098.37,2016.22,11950.16
2023-09-11,3688.15,3950.0,16237.17,6964.71,4654.01945208963,2074.19,1847.65,15970.59
2023-10-11,4155.4,3950.0,16367.63,6943.28,4703.179820955644,2222.97,2177.24,17500.0
2023-11-11,3194.78,3950.0,23500.0,6957.66,4744.915519593673,2060.25,3544.18,17500.0
2023-12-11,2678.57,,,7100.0,4586.363636363636,2000.0,2429.13,
2023-11-13,2837.0,3950.0,16263.16,7097.05,4831.395015754799,2118.98,,17500.0
2023-11-14,3431.71,,16475.51,7284.95,5093.863331210555,2147.52,,
2023-11-15,3639.82,,16528.09,7151.38,4957.409732685613,2120.48,,
2023-11-16,3624.73,,16910.55,7131.52,5109.871822274454,2085.39,,11511.76
2023-11-17,3459.25,3950.0,19108.47,7136.95,5079.941265841684,2161.83,,11058.03
2023-11-18,3465.02,3950.0,16707.73,7148.57,5033.087898704877,2170.06,,
2023-11-19,3205.89,,,7154.75,4995.954453325573,2095.16,,
2023-11-20,3662.61,3950.0,15865.28,7125.2,4912.907707125663,2131.41,,
2023-11-21,3852.03,3950.0,16799.01,7134.09,4965.402532867865,2153.04,,10735.0
2023-11-22,3688.37,3950.0,17009.13,7089.08,4998.49523364604,2115.96,,12206.36
2023-11-23,3477.29,3950.0,17041.25,7085.71,4992.356152963259,2098.68,,10150.0
2023-11-24,3605.18,3950.0,17245.87,7098.49,4965.735947292563,2120.65,,11519.17
2023-11-25,3071.39,,17380.0,7077.6,4915.011578547446,2120.44,,
2023-11-26,2618.19,,,6989.51,4836.969902135779,2118.11,,
2023-11-27,3515.46,3950.0,19437.32,7047.45,4969.8491451115615,2186.47,,17500.0
2023-11-28,3857.57,4000.0,18400.0,7018.58,4892.521807391254,2193.2,,13466.67
2023-11-29,3043.5,,19433.0,6981.8,4907.845542232297,2123.78,,12190.0
2023-11-30,3069.58,,17818.55,7046.51,4832.526940626194,2112.9,,7500.0
2023-01-12,2973.98,,17438.21,6881.55,4278.762564140336,2106.44,1316.47,
2023-02-12,4228.98,4000.0,18725.03,7012.42,4762.36925015753,2224.34,935.08,17500.0
2023-03-12,2743.19,,,6999.23,4809.829268292683,2192.93,809.78,
2023-04-12,3744.66,,17824.15,6970.11,4751.573391630232,2139.65,631.04,11263.47
2023-05-12,2801.24,4000.0,19634.51,6925.1,4704.15327564895,2142.91,665.51,17500.0
2023-06-12,2769.65,4000.0,17649.25,6917.17,4682.770451436389,2161.07,841.55,11745.12
2023-07-12,2711.07,4000.0,17451.57,6927.11,4740.6031813361615,2115.39,1193.1,12015.62
2023-08-12,2861.47,4000.0,18430.62,6966.28,4798.645613456464,2184.65,1967.1,11285.7
2023-09-12,2894.69,4000.0,21883.33,6935.43,4844.434399343993,2106.34,1838.66,17500.0
2023-10-12,3103.46,,,6869.32,4576.753488372093,2054.55,2227.76,
2023-11-12,2856.03,4000.0,18955.69,6932.18,4762.406584792266,2157.51,3792.89,12200.0
2023-12-12,2680.08,4000.0,13887.59,6933.49,4730.345998240985,2138.11,2334.4,17500.0
2023-12-13,2704.46,4000.0,17679.7,6898.04,4767.652379971152,2108.11,,11650.0
2023-12-14,2916.41,4000.0,17883.62,6915.55,4687.73491315867,2110.3,,11924.63
2023-12-15,2799.81,4000.0,16377.59,6838.15,4684.294716646989,2147.29,,12018.91
2023-12-16,2843.11,4000.0,17487.85,6826.67,4701.636788216275,2113.6,,17500.0
2023-12-17,3110.5,,,6865.13,4769.653614457831,2067.37,,
2023-12-18,2718.07,4000.0,17305.94,6850.49,4707.530994460564,2078.34,,12302.44
2023-12-19,2915.72,4000.0,19503.45,6718.3,4614.997329563305,2107.15,,13525.64
2023-12-20,2599.35,4000.0,15020.63,6732.75,4643.476874793525,2082.21,,12258.43
2023-12-21,2808.92,4000.0,19040.49,6792.38,4618.304139172165,2082.36,,11354.9
2023-12-22,2833.47,4000.0,19860.0,6766.61,4585.290545590434,2149.55,,11514.34
2023-12-23,2817.13,,13700.0,6721.96,4621.244936537943,2048.38,,
2023-12-24,2611.11,,13400.0,6781.89,4439.382978723404,2029.63,,
2023-12-25,2756.94,,,6833.15,4722.533333333334,2051.08,,
2023-12-26,2771.82,4000.0,19329.78,6819.05,4597.4791995787255,2079.72,,11574.07
2023-12-27,2999.67,4000.0,22379.48,6835.19,4591.775618735938,2069.83,,11718.63
2023-12-28,2757.92,4000.0,19264.41,6805.31,4627.894502228826,2116.69,,11861.26
2023-12-29,2818.73,4000.0,19776.68,6829.68,4571.327039543997,2109.27,,11589.57
2023-12-30,2972.37,4000.0,19066.67,6885.53,4595.044642857143,2089.48,,15250.0
2023-12-31,3087.95,,14600.0,6845.92,4686.486171761281,2079.22,,
2024-01-01,2838.56,4000.0,18321.95,6780.91,4556.332556106092,2107.03,1731.88,11280.42
2024-02-01,2802.4,4000.0,14200.0,6771.82,4609.7601871709885,2092.6,1198.45,12983.12
2024-03-01,2853.37,4000.0,18041.2,6843.45,4557.579230769231,2115.7,1401.27,11095.59
2024-04-01,2800.03,4000.0,19646.43,6808.07,4539.425906296375,2098.15,1241.95,12052.63
2024-05-01,2821.59,4000.0,17939.85,6771.28,4577.309054268029,2136.15,1125.79,11439.44
2024-06-01,2824.05,4000.0,19273.68,6767.93,4545.236473783163,2106.42,1767.02,17500.0
2024-07-01,2595.4,,,6801.71,4580.552870090634,2057.43,2813.96,
2024-08-01,2831.35,4000.0,18350.9,6755.83,4541.038370612839,2141.93,2494.0,11303.28
2024-09-01,2904.54,4000.0,20657.04,6721.13,4508.368614210217,2117.86,3376.01,17500.0
2024-10-01,2867.7,4000.0,18242.22,6697.23,4539.009341535658,2130.23,3499.03,11612.36
2024-11-01,2879.32,4000.0,18482.53,6736.09,4527.289968198901,2159.46,3316.4,11683.0
2024-12-01,2750.52,4000.0,18478.75,6782.5,4583.568991724371,2163.99,3328.81,11342.33
2024-01-13,2959.89,4000.0,14200.0,6762.95,4557.7538403186045,2168.35,,17500.0
2024-01-14,3151.01,,,6739.47,4598.4838709677415,2142.9,,
2024-01-15,2867.63,4000.0,18549.21,6661.64,4483.072292626728,2245.58,,10428.27
2024-01-16,2886.51,4000.0,18698.94,6766.45,4522.496607227395,2342.02,,17500.0
2024-01-17,2753.61,4000.0,18900.94,6741.04,4485.590098444856,2240.26,,11106.25
2024-01-18,2806.96,4000.0,18273.59,6722.43,4434.854112176693,2263.74,,11706.09
2024-01-19,2807.65,4000.0,13950.44,6712.5,4478.0288217369225,2258.2,,10402.8
2024-01-20,2822.94,,19655.81,6686.11,4465.093865313653,2227.33,,
2024-01-21,2627.27,,25900.0,6728.26,4235.311111111111,2100.0,,
2024-01-22,3119.61,,20698.23,6839.99,4487.836206896552,2175.52,,
2024-01-23,2928.09,4000.0,19447.62,6701.33,4439.823587570621,2235.49,,11752.0
2024-01-24,2876.07,4000.0,19161.11,6721.67,4442.79820218864,2256.78,,12876.1
2024-01-25,2796.01,,22771.43,6694.54,4417.196288552012,2138.46,,12919.0
2024-01-26,3010.54,,22712.69,6765.65,4504.523809523809,2141.76,,
2024-01-27,2874.82,,19579.59,6709.71,4356.660122699386,2177.07,,
2024-01-28,2586.84,,14900.0,6680.82,4470.75744680851,2044.0,,
2024-01-29,2773.46,4000.0,20212.12,6663.13,4279.951555411536,2172.99,,12125.26
2024-01-30,2904.75,4000.0,17955.04,6597.68,4210.252156803391,2146.29,,17500.0
2024-01-31,2795.44,4000.0,20357.88,6618.96,4326.819493097053,2158.89,,12980.77
2024-01-02,2834.78,4000.0,15452.94,6519.7,4312.162458100559,2171.95,1840.14,12282.75
2024-02-02,2834.72,4000.0,15700.0,6511.68,4270.313563218391,2164.26,1184.37,13011.58
2024-03-02,2911.18,4000.0,15506.53,6605.06,4277.146104981612,2198.8,1468.0,17500.0
2024-04-02,3101.68,,,6572.06,4456.681724845996,2170.0,1244.32,
2024-05-02,2783.4,4000.0,15231.65,6623.87,4271.227042431919,2206.04,1187.88,13215.0
2024-06-02,2792.87,4000.0,15578.57,6586.16,4355.106929665196,2180.31,1775.45,17500.0
2024-07-02,2784.6,4000.0,15455.59,6622.1,4311.46035015448,2202.33,2740.34,12979.09
2024-08-02,2687.98,4000.0,15380.0,6585.33,4347.9017236943655,2179.94,2402.08,12663.64
2024-09-02,2814.17,4000.0,15447.33,6683.47,4282.341974949024,2165.75,3608.88,14375.0
2024-10-02,2780.19,4000.0,15632.5,6729.72,4353.536132140399,2227.79,3496.82,17500.0
2024-11-02,3249.32,,15600.0,6692.74,4465.75730994152,2135.29,3145.7,
2024-12-02,2663.83,4000.0,15337.84,6744.92,4312.199705882353,2211.89,3479.73,12240.93
2024-02-13,2696.01,3925.0,,6656.56,4297.6849907350215,2177.77,,12733.33
2024-02-14,2567.14,3925.0,15300.0,6670.27,4279.51768488746,2170.67,,13055.56
2024-02-15,2642.81,3925.0,15300.0,6826.99,4253.343342432514,2183.51,,12177.67
2024-02-16,2682.22,3925.0,15335.62,6798.52,4295.590562305736,2175.0,,13353.51
2024-02-17,2742.17,,,6835.1,4568.056513761468,2145.19,,18900.0
2024-02-18,2400.0,,15373.3,6756.36,4421.981132075472,2100.0,,
2024-02-19,2816.72,,15086.33,6724.73,4300.895104895105,2179.2,,
2024-02-20,2557.9,3925.0,15284.38,6866.54,4448.4594644849385,2128.31,,11752.0
2024-02-21,2542.98,3925.0,15436.36,6877.47,4309.482993197279,2181.8,,13400.69
2024-02-22,2535.63,3925.0,15304.35,6867.64,4323.199442675159,2139.71,,12344.29
2024-02-23,2559.04,3925.0,15306.85,6934.19,4277.389552541,2133.96,,12472.83
2024-02-24,2552.65,3925.0,15317.49,6870.58,4273.5861287398,2120.59,,17500.0
2024-02-25,2350.0,,15700.0,6739.51,4434.370689655172,1981.03,,
2024-02-26,2541.27,3925.0,15109.91,7337.76,4321.374285714286,2355.0,,17500.0
2024-02-27,2469.25,3925.0,24576.42,7073.37,4242.866206443129,2218.5,,14086.86
2024-02-28,2519.56,3925.0,23100.27,7095.11,4351.543064790474,2216.6,,12319.0
2024-02-29,2517.67,3925.0,15200.0,7077.78,4322.878307706063,2145.96,,21951.75
2024-01-03,2476.15,3925.0,15232.14,7099.67,4314.788343773448,2135.3,1845.54,18629.66
2024-02-03,2400.71,3925.0,15380.0,7185.92,4411.781761496493,2128.97,1140.17,23216.93
2024-03-03,2509.19,,,6944.41,4405.037439613527,2029.62,1491.13,
2024-04-03,2478.1,3925.0,15320.48,7076.05,4230.293054855074,2194.66,1270.12,19549.88
2024-05-03,2464.53,3925.0,15430.03,7104.14,4297.858846314947,2137.92,1320.78,15013.02
2024-06-03,2478.36,3925.0,15327.83,7146.24,4255.553597861843,2147.9,1817.0,23917.7
2024-07-03,2541.82,3925.0,15511.63,7252.1,4138.435862546696,2212.81,2702.67,20636.42
2024-08-03,2559.96,,16000.0,7308.19,4362.0465276978,2095.38,2488.34,
2024-09-03,2582.07,,15425.64,7391.27,4285.1595420581725,2090.32,3969.7,15250.0
2024-10-03,2669.04,,,7077.73,4164.358108108108,2038.67,3722.8,
2024-11-03,2507.24,4100.0,15300.0,7450.5,4289.455689957609,2184.0,2747.34,32488.91
2024-12-03,2647.14,4100.0,15616.28,7512.96,4215.354352470746,2255.0,3490.55,20803.03
2024-03-13,2641.62,4100.0,15300.0,7560.34,4212.485579633346,2164.89,,20101.48
2024-03-14,2568.39,4100.0,15325.0,7075.66,4287.062143554435,2267.94,,24345.5
2024-03-15,2545.95,4100.0,15200.0,7355.8,4321.414070369837,2205.85,,19520.21
2024-03-16,2701.59,4100.0,15482.52,7352.17,4385.510040081735,2193.97,,18461.92
2024-03-17,2486.99,,17000.0,7120.59,4472.489157080898,2077.57,,
2024-03-18,2625.25,4100.0,15333.33,7508.47,4343.480048200387,2125.98,,19265.41
2024-03-19,2553.77,4100.0,15600.0,7387.06,4265.410375714841,2140.6,,18872.41
2024-03-20,2671.22,4100.0,15608.71,7359.45,4374.604799520968,2224.38,,35482.14
2024-03-21,2581.17,4100.0,16057.72,7406.56,4327.235805970149,2132.75,,14850.1
2024-03-22,2636.93,4100.0,15538.36,7142.79,4313.315681213197,2112.64,,19012.98
2024-03-23,2710.53,,15987.88,7234.71,4333.478202077023,2084.46,,18806.17
2024-03-24,2526.54,,17600.0,7000.0,3964.705882352941,2136.17,,
2024-03-25,2834.1,,15522.92,,4400.710906701708,2083.44,,
2024-03-26,2643.47,,15691.78,7418.3,4272.999677072121,2140.67,,41094.56
2024-03-27,2633.38,4100.0,15300.0,7127.35,4215.393166008648,2136.61,,15720.1
2024-03-28,2572.27,4100.0,,7083.07,4204.492410218438,2100.97,,16910.53
2024-03-29,2864.74,,15903.85,7184.47,4315.97365470852,2079.65,,
2024-03-30,3619.29,4100.0,15824.32,7385.86,3928.0486166007913,2208.7,,14468.76
2024-03-31,2911.26,,,7081.08,4355.826558265582,2112.09,,
2024-01-04,2798.33,4100.0,15200.0,7321.35,4410.854739969809,2061.6,1699.2,14069.39
2024-02-04,3337.0,4100.0,,7306.6,4432.371314543459,2186.32,1193.43,14989.21
2024-03-04,2984.03,4100.0,17500.0,7250.01,4375.128288958057,2091.67,1504.95,15267.56
2024-04-04,2967.01,4100.0,15775.0,7264.51,4355.366780837352,2068.31,1242.5,15220.56
2024-05-04,2992.61,4100.0,16318.18,7217.44,4350.6933219296825,2005.73,1603.82,14611.95
2024-06-04,3069.31,4100.0,15200.0,7215.86,4375.572349722024,2141.14,1893.0,17619.53
2024-07-04,2553.77,,15200.0,7129.37,4554.906362181567,2010.73,2721.38,
2024-08-04,3333.53,4100.0,17000.0,7307.05,4419.809364841903,2064.1,2409.82,15435.0
2024-09-04,2678.76,,19921.05,7945.0,4607.929446349829,2116.58,3733.9,14500.0
2024-10-04,,,19910.34,,,,3713.15,
2024-11-04,,,20289.47,,,,3700.71,
2024-12-04,2255.75,,20100.0,6934.21,4572.562501753697,1972.97,3540.4,13198.65
2024-04-13,2648.82,,,7005.01,4462.606589625091,2046.53,,14765.87
2024-04-14,2648.84,,,,4350.943396226415,1941.84,,
2024-04-15,3385.92,4100.0,20241.27,7204.43,4438.626520078506,2177.57,,16949.13
2024-04-16,2965.33,,20177.42,7200.0,4517.94143892917,1952.5,,14280.0
2024-04-17,2600.0,,15200.0,7300.0,4500.0,,,14328.45
2024-04-18,2257.0,,15200.0,7001.84,4441.167668753486,,,14819.09
2024-04-19,3616.83,4100.0,15200.0,7023.14,4403.51089837916,2058.71,,17835.9
2024-04-20,2544.94,,16333.33,6826.31,4403.292731598742,2167.95,,14917.0
2024-04-21,2728.96,,16890.24,6800.0,4317.59002770083,2108.65,,
2024-04-22,2985.57,4100.0,16280.0,6852.62,4352.123096143317,2133.43,,17696.0
2024-04-23,2462.14,,17375.0,7133.7,4399.921441576523,2087.26,,15729.02
2024-04-24,3180.39,4100.0,16000.0,7015.12,4456.949698201813,2128.73,,17768.24
2024-04-25,3399.71,4100.0,17258.06,7216.2,4427.4393531912965,1979.72,,16800.18
2024-04-26,3567.44,4100.0,22084.51,7065.66,4490.421573668526,2085.71,,18045.34
2024-04-27,3466.05,4100.0,22100.0,6960.71,4415.970469437508,2158.18,,15663.74
2024-04-28,2865.42,,22200.0,6972.55,4512.333650692901,1968.71,,
2024-04-29,3197.26,4100.0,21693.03,7151.26,4392.202485223803,2142.46,,16294.76
2024-04-30,3372.5,4100.0,22011.21,7017.91,4310.172976432048,2084.38,,17920.38
2024-01-05,2767.01,,22069.77,7143.64,4405.181422351233,1970.77,1663.2,15552.48
2024-02-05,3302.04,4100.0,22021.98,6926.33,4327.161068754316,2094.63,1120.17,15634.29
2024-03-05,3390.67,4100.0,21403.04,7005.28,4318.1501125592185,2085.7,1493.98,15867.42
2024-04-05,3129.48,4100.0,20762.07,6973.66,4328.015325651329,2160.62,1210.99,15920.95
2024-05-05,3153.36,,,6927.01,4430.115285841894,2043.34,1607.81,
2024-06-05,3255.4,4100.0,21210.53,6982.27,4322.328462189133,2118.59,1953.99,15209.69
2024-07-05,2770.57,4100.0,18266.97,7032.82,4378.209043152388,2127.77,2568.35,15093.88
2024-08-05,2746.67,4100.0,18130.77,7057.22,4514.100711992699,2088.33,2551.65,15418.33
2024-09-05,3492.09,4100.0,17889.23,6863.98,4450.831646048874,2169.63,3758.37,16409.21
2024-10-05,4084.6,4100.0,18572.58,7104.65,4362.554705857222,2296.12,3659.68,15404.68
2024-11-05,2810.15,,,7075.28,4413.832109023901,2169.72,3690.31,17289.75
2024-12-05,2564.85,,,6935.41,4534.621029965906,2000.0,3217.97,15000.0
2024-05-13,3718.82,,17268.75,7122.63,4433.718927481976,2252.41,,15947.61
2024-05-14,3382.3,4100.0,17221.05,7068.49,4410.236063077409,2107.54,,16478.69
2024-05-15,3137.18,4100.0,17319.05,7006.23,4356.667497143649,2133.6,,15566.4
2024-05-16,3236.46,4100.0,17354.16,6978.12,4337.986377998908,2127.16,,17637.23
2024-05-17,3337.25,4100.0,17660.79,7092.51,4364.153971178103,2150.07,,16549.83
2024-05-18,2711.35,,18024.48,6913.18,4374.459406763468,2163.02,,16269.51
2024-05-19,2511.78,,,6968.15,4505.437776045726,1965.0,,14000.0
2024-05-20,2592.41,,18260.56,7092.96,4382.095706620617,2119.65,,15876.23
2024-05-21,3660.23,4100.0,18473.36,7080.07,4394.177529040789,2212.5,,18210.22
2024-05-22,3550.48,4100.0,18578.4,6988.26,4299.019735679951,2240.42,,16158.61
2024-05-23,3864.27,4100.0,18801.35,7108.78,4380.077555816687,2300.25,,15752.37
2024-05-24,2669.59,4100.0,18845.19,7181.3,4333.724213404814,2182.87,,15289.52
2024-05-25,2903.12,,19983.87,7162.61,4358.563041131681,2195.46,,16931.6
2024-05-26,3184.24,,,7067.42,4498.514574801252,2108.66,,
2024-05-27,2667.14,,20228.74,7138.57,4335.906191428261,2228.92,,15966.99
2024-05-28,2741.89,4100.0,20374.95,7146.32,4329.40437457818,2350.72,,17328.62
2024-05-29,2764.36,4100.0,20355.6,7133.78,4358.306318154333,2338.91,,15650.19
2024-05-30,2885.66,4100.0,33765.06,7085.58,4384.853220183171,2236.87,,15375.5
2024-05-31,2633.7,4100.0,21735.04,7101.43,4333.962067232052,2250.13,,15478.62
2024-01-06,2711.85,,21262.28,7008.65,4340.862944152374,2290.2,1596.06,14971.23
2024-02-06,2967.48,,,7074.76,4472.620929794843,2084.59,1109.51,14000.0
2024-03-06,2660.54,,21403.81,6976.85,4313.1969623867935,2298.63,1560.43,15811.79
2024-04-06,2567.97,,21379.52,7010.53,4342.979464449777,2313.84,1186.26,15287.55
2024-05-06,2671.42,4100.0,21903.67,7023.42,4355.764809411895,2432.63,1600.74,15414.95
2024-06-06,2705.45,4100.0,21810.38,6996.92,4311.517526247307,2304.03,2114.74,15522.44
2024-07-06,2797.04,4100.0,21559.23,7015.13,4346.383689634837,2369.17,2626.31,14286.0
2024-08-06,2674.33,,17500.0,6954.38,4366.11878638125,2193.96,2584.24,15074.56
2024-09-06,2941.89,,17600.0,6957.5,4426.485775059824,2155.34,3575.47,14000.0
2024-10-06,2832.16,,21788.33,6946.03,4351.683438358527,2275.19,3744.78,14732.91
2024-11-06,2632.67,,21610.45,6751.3,4342.430980500264,2307.4,3873.5,13068.18
2024-12-06,2764.0,,21252.9,6725.25,4273.270197505607,2261.22,3624.37,14449.03
2024-06-13,2822.02,,21308.33,6911.44,4320.326768496802,2301.42,,15135.11
2024-06-14,2881.23,,20871.51,7005.48,4316.662751932953,2302.07,,15125.14
2024-06-15,2767.19,,20657.04,7095.01,4328.166164149964,2331.64,,14573.15
2024-06-16,2542.68,,,7150.0,4304.347826086956,2138.47,,
2024-06-17,2475.72,,,7050.0,4311.556867974851,2418.55,,14994.91
2024-06-18,2651.88,,20949.6,6673.23,4273.866380116514,2305.33,,14992.55
2024-06-19,2642.98,,20769.41,6696.26,4310.66257695017,1997.04,,14799.5
2024-06-20,2785.8,,20412.92,7168.08,4279.41217032203,2279.84,,15027.82
2024-06-21,2815.04,,20153.85,6690.7,4353.048117178852,2305.47,,15469.25
2024-06-22,2575.85,,20277.78,6649.7,4376.124644662997,2425.85,,14678.0
2024-06-23,2647.75,,20500.0,,4591.213102409639,2210.53,,
2024-06-24,2913.57,4100.0,20295.74,6813.43,4351.798010693127,2970.68,,14194.77
2024-06-25,2840.08,4100.0,20685.36,6762.97,4376.043690018151,2950.7,,14516.48
2024-06-26,2811.66,4100.0,20783.58,6830.14,4367.607389141251,2754.52,,14677.7
2024-06-27,2840.69,4100.0,20878.6,7410.68,4365.635609187604,2262.19,,13877.94
2024-06-28,2766.37,4100.0,20952.72,7197.68,4427.451625704111,2634.65,,14600.72
2024-06-29,3012.41,,21160.0,7337.79,4403.021523956314,2721.19,,15518.25
2024-06-30,2497.99,,,7355.46,4420.799404170804,2247.43,,14000.0
2024-01-07,2862.55,4100.0,20830.05,7152.66,4285.654964223755,2617.89,1657.45,14240.95
2024-02-07,2889.99,,20805.41,7117.0,4280.275625060871,2388.89,1087.28,14642.12
2024-03-07,2786.93,4100.0,20907.84,7635.55,4343.933311168912,2366.11,1603.22,14323.38
2024-04-07,2893.66,4100.0,20897.56,7790.4,4301.029449577812,2278.02,1199.63,14074.28
2024-05-07,2879.38,4100.0,20854.27,7458.8,4232.743925896438,2345.3,1528.97,13436.71
2024-06-07,2847.82,4100.0,20912.12,7484.77,4314.359529268235,2849.19,2213.95,18605.84
2024-07-07,2956.74,,,6965.01,4452.07969924812,1943.4,2452.53,
2024-08-07,2755.91,4100.0,20835.29,7100.0,4287.3737927434095,2451.6,2785.49,13478.47
2024-09-07,2655.18,4100.0,20913.57,7551.25,4246.668761576201,2749.25,3513.49,14193.9
2024-10-07,2790.9,,21766.93,7836.44,4250.982423374324,2946.37,3191.97,14199.89
2024-11-07,2834.81,4100.0,21306.65,7238.89,4248.69521063935,2347.67,3936.98,14391.5
2024-12-07,2900.8,4100.0,21301.51,7611.22,4208.356054423503,2902.86,3682.88,13693.48
2024-07-13,3031.05,,21500.0,7095.07,4289.275518735275,2531.43,,14600.0
2024-07-14,2540.36,,,,4456.422243166824,2450.0,,
2024-07-15,2852.42,4100.0,21425.51,7482.45,4208.48943738444,2791.14,,14097.95
2024-07-16,2894.01,4100.0,21900.0,7315.85,4247.248956230276,2814.92,,14793.9
2024-07-17,2831.41,,21310.24,7625.0,4276.209705372617,2610.6,,14690.81
2024-07-18,2878.28,4100.0,21379.78,,4262.170309716616,2889.02,,15026.79
2024-07-19,2908.16,4100.0,21364.33,7424.69,4269.503246722243,2322.09,,14405.03
2024-07-20,2811.01,,21221.21,7456.43,4318.498340095906,2365.18,,14655.9
2024-07-21,2726.99,,,7250.0,4412.495238095238,2500.0,,
2024-07-22,2716.53,4100.0,21236.09,7255.0,4319.697612344959,2845.12,,14350.01
2024-07-23,3029.44,4100.0,21293.25,7284.75,4250.159872835076,2677.21,,19000.0
2024-07-24,3009.99,4100.0,21260.61,6911.36,4314.2481154277975,2518.64,,13800.57
2024-07-25,2847.75,4100.0,21369.97,6817.0,4278.527824614254,2524.21,,14644.03
2024-07-26,2726.93,97500.0,21340.99,7280.27,4214.71323619135,3009.5,,13129.16
2024-07-27,2914.36,,21189.75,7168.92,4296.214274583667,2390.96,,14072.0
2024-07-28,2606.54,,,7170.0,4329.157638136511,2550.0,,
2024-07-29,2696.34,4100.0,21131.13,7071.14,4185.971752919399,2732.35,,13704.83
2024-07-30,2741.81,4100.0,20983.13,6976.63,4180.647399733733,2800.79,,13942.08
2024-07-31,2910.02,4100.0,21015.79,7251.39,4172.888236509822,2683.61,,13957.77
2024-01-08,2824.82,4100.0,21810.5,7000.0,4193.721032472206,2423.46,1560.01,11044.04
2024-02-08,2838.74,4100.0,20841.18,6580.0,4207.690077057817,2828.72,1102.58,13261.08
2024-03-08,2791.64,,20925.93,,4232.060512264955,2332.69,1317.97,9304.26
2024-04-08,2553.49,,,,4305.637450199203,2500.0,1112.9,
2024-05-08,2873.48,4100.0,20794.71,,4202.383489085108,2974.8,1360.24,13580.77
2024-06-08,2792.2,4100.0,20779.41,7206.0,4210.859684216287,2443.04,2396.58,13149.82
2024-07-08,2931.23,4100.0,20800.0,7208.0,4210.133505076129,2987.99,2639.27,13676.82
2024-08-08,2842.45,4100.0,20849.59,7209.25,4137.518563249042,2752.77,2790.32,14198.32
2024-09-08,3379.4,4100.0,20951.06,7126.0,4272.9844028295565,2508.78,3700.55,13351.07
2024-10-08,2867.64,,20961.92,7350.0,4232.249449147168,2560.92,,8989.61
2024-11-08,2695.83,,,7323.0,4196.435272045028,2590.49,3997.66,
2024-12-08,2941.84,4100.0,21176.53,5107.0,4191.240136240088,3186.43,4058.05,
2024-08-13,3035.05,4100.0,21160.0,6680.0,4178.972700504228,2298.15,,13343.57
2024-08-14,2840.93,4175.0,21119.45,,4166.764727309817,2497.03,,13379.87
2024-08-15,2300.0,,20900.0,,4001.0,,,14410.0
2024-08-16,2922.54,4175.0,21106.01,,4201.551607001883,2528.19,,13310.74
2024-08-17,2855.46,,21318.96,7250.0,4084.8774643176735,2517.57,,13185.27
2024-08-18,2658.18,,,,4250.0,2505.52,,
2024-08-19,3266.27,,21118.37,,4007.624455416788,2708.67,,9906.96
2024-08-20,2788.78,4175.0,21207.55,,4139.158532763702,2477.7,,13023.19
2024-08-21,2858.88,4175.0,23125.26,,4082.592275825831,2477.77,,12143.64
2024-08-22,2973.86,4175.0,21133.33,,4166.526123754828,2631.56,,13161.27
2024-08-23,2926.77,4175.0,21225.9,,4208.6162766266125,2548.97,,12453.35
2024-08-24,2909.85,2050.0,21993.33,6640.0,4147.6327665834215,2276.11,,14485.2
2024-08-25,3092.98,,,,4387.18582046884,2590.05,,
2024-08-26,2962.58,4175.0,36000.0,,4231.355162124527,2623.73,,13250.36
2024-08-27,2890.26,,22640.4,,4285.941826457228,2540.71,,12862.47
2024-08-28,2947.92,4175.0,21357.63,,4269.926740350511,2458.12,,12218.64
2024-08-29,2938.37,4175.0,21287.13,7305.0,4300.601109371726,2663.4,,12663.61
2024-08-30,2888.32,4175.0,21431.75,,4350.33983756926,2469.53,,12537.23
2024-08-31,3050.0,4175.0,24067.35,,4464.753137099408,2566.07,,16500.0
2024-01-09,3090.07,,,,4451.116883116883,2593.44,1610.38,
2024-02-09,3317.54,4175.0,23294.17,,4396.698529411765,2644.51,1061.55,16500.0
2024-03-09,3112.1,4175.0,21658.36,,4581.84533763534,2512.8,1525.77,14859.53
2024-04-09,2926.9,4175.0,23496.86,6640.0,4490.499380256953,2334.28,1252.45,13367.55
2024-05-09,2868.71,4175.0,21745.13,,4420.932440472626,2679.61,1136.62,13325.33
2024-06-09,2819.88,4175.0,23299.6,,4440.708729705732,2626.35,2264.21,13340.8
2024-07-09,2960.31,,22876.95,,4355.355403619357,2527.49,2562.31,12480.0
2024-08-09,3083.64,,,,4353.553299492386,2548.53,2740.9,
2024-09-09,2850.95,4175.0,23091.06,,4354.295485334132,2364.94,3628.45,13778.63
2024-10-09,2869.05,4175.0,23362.42,,4334.543650417531,2441.73,3400.96,13032.36
2024-11-09,3064.79,4175.0,23201.47,,4376.200753775658,2401.82,3787.29,16500.0
2024-12-09,2748.67,4250.0,23480.58,,4479.895258578255,2551.78,3798.1,13035.37
2024-09-13,2990.49,4250.0,22573.11,,4493.488703914088,2352.56,,13025.51
2024-09-14,2989.21,4250.0,36000.0,,4625.928589615195,2250.31,,13648.21
2024-09-15,2901.83,,,,4439.896193771627,2556.52,,
2024-09-16,2967.62,4250.0,,,4509.91329695792,2131.13,,12608.74
2024-09-17,2889.79,,21583.27,,4409.63512099105,1951.56,,
2024-09-18,2904.2,4250.0,21632.65,7090.74,4520.5962868129545,2154.58,,13239.49
2024-09-19,2798.53,4250.0,23056.03,7600.0,4521.525027516855,1918.81,,13389.77
2024-09-20,2911.25,4250.0,22940.83,7847.0,4445.136322323655,1720.54,,13401.56
2024-09-21,2818.98,4250.0,22955.62,7271.27,4457.783402874647,1928.32,,13104.36
2024-09-22,2991.13,,21200.0,,4556.778565552901,2523.24,,
2024-09-23,2947.54,4250.0,21945.63,,4367.792569477687,1695.01,,12911.47
2024-09-24,2878.88,4250.0,23640.33,7816.0,4389.74349050711,1533.39,,13265.32
2024-09-25,2858.98,,22872.43,,4388.685463862373,1469.28,,13454.67
2024-09-26,2864.94,4250.0,21752.82,6982.0,4490.634064355846,2236.44,,12936.89
2024-09-27,2562.93,4250.0,23111.76,7638.0,4435.413014646616,1856.89,,13319.82
2024-09-28,2979.39,,23538.24,6168.0,4448.483323646574,1852.95,,13327.38
2024-09-29,2988.75,,21533.33,6054.0,4352.183347799961,2205.78,,
2024-09-30,2810.05,4250.0,24272.3,,4358.1458321228265,1894.51,,12164.69
2024-01-10,2956.36,4250.0,24184.23,,4296.5848557125255,1820.24,1694.53,15520.53
2024-02-10,2569.02,,22100.0,,4194.952814693146,1983.64,1027.38,12151.15
2024-03-10,2905.2,4225.0,22688.46,,4309.170781870935,2210.31,1373.63,12941.2
2024-04-10,2728.9,4225.0,23864.95,6546.0,4190.881504988316,2140.69,,13060.81
2024-05-10,2948.89,4225.0,24363.43,,4179.613057232316,2168.67,1368.42,12489.0
2024-06-10,3020.06,,,,4125.628242456326,2092.96,2395.85,
2024-07-10,3427.79,,24579.81,,4122.594247437036,1685.17,2647.54,
2024-08-10,,,24800.57,,,,2994.8,
2024-09-10,2992.26,4225.0,22922.79,,4110.63870147218,2034.55,3762.76,12635.0
2024-10-10,3034.36,4225.0,21968.75,,4136.709580701143,2066.36,3361.6,12263.26
2024-11-10,2983.78,4225.0,36000.0,6159.0,4141.879466346433,2086.91,4522.47,12377.75
2024-12-10,3033.3,,36000.0,6408.43,4289.413288406866,2283.56,3771.88,
2024-10-13,3071.74,,22100.0,,4083.003735990037,2168.98,,
2024-10-14,2966.49,4225.0,22185.8,6526.54,4188.464163991703,2204.33,,12500.9
2024-10-15,3044.79,4225.0,24591.46,6737.59,4173.326700752682,2092.25,,13407.96
2024-10-16,2932.29,4225.0,22150.0,6922.38,4140.754635897563,2019.23,,13711.88
2024-10-17,2972.64,4225.0,22097.47,6764.66,4119.530813714806,2070.54,,12619.28
2024-10-18,3043.87,4225.0,23880.66,6702.96,4132.23461124031,1906.78,,12463.28
2024-10-19,3067.31,4225.0,24236.75,6871.99,4153.483796246598,1942.89,,13419.02
2024-10-20,3109.88,,21500.0,6739.0,4156.862601854454,2188.97,,
2024-10-21,3014.26,,22071.79,6763.19,4041.8616550852807,2018.88,,12079.58
2024-10-22,3008.41,4225.0,22004.88,6751.43,4075.329266059981,2024.83,,12096.19
2024-10-23,3106.95,4225.0,21919.23,6749.37,4102.301154996305,2102.48,,11047.96
2024-10-24,3021.85,4225.0,23061.97,6823.68,4106.895054671299,1984.9,,12526.25
2024-10-25,3158.47,4225.0,24478.71,6903.77,4111.5714505513815,2071.25,,12231.23
2024-10-26,3024.22,4225.0,23623.47,6744.91,4117.207733277754,1965.48,,10121.72
2024-10-27,3133.53,,21600.0,6569.69,4143.820808131025,2107.41,,
2024-10-28,3091.59,4225.0,21600.0,6649.59,4057.950496652432,1998.65,,12375.7
2024-10-29,4035.45,4225.0,23520.19,6575.53,3949.635848498271,2076.35,,16276.54
2024-10-30,4094.08,4225.0,23406.1,6688.72,4067.594224149716,1926.02,,17000.0
2024-10-31,2729.19,,29325.49,6798.61,4314.119764397906,2221.05,,
2024-01-11,3186.73,,23482.67,6871.22,4166.554921540656,1967.26,1661.65,
2024-02-11,3995.57,4225.0,23609.3,6722.98,4271.695845917279,2154.52,1173.3,12621.45
2024-03-11,3137.25,,21300.0,6973.32,4291.81522105342,1822.02,1470.67,
2024-04-11,3978.93,,21469.47,6839.61,4104.44035023084,2018.82,,12168.17
2024-05-11,3116.44,4225.0,23926.32,6872.46,4064.32515596742,1958.14,1323.7,12447.46
2024-06-11,3649.63,4225.0,23473.21,6909.03,4021.629120295144,1931.68,2314.93,12650.0
2024-07-11,3594.65,4225.0,21596.23,6917.89,4034.740135338718,1982.35,2620.47,12524.99
2024-08-11,3720.18,4225.0,23704.04,6949.27,4046.2213375549695,1946.74,3009.87,12796.47
2024-09-11,3953.18,4225.0,24923.08,7014.6,4069.70660926512,2015.87,3686.94,16319.25
2024-10-11,3259.51,,,6985.76,3989.293786515416,2087.48,3207.94,
2024-11-11,3898.95,4225.0,23542.72,7093.41,4023.850735020485,1997.71,3754.38,12595.79
2024-12-11,4007.36,4225.0,21584.95,7104.56,3982.431644562249,1987.85,3655.41,13674.91
2024-11-13,3756.63,4225.0,24473.86,7093.73,4002.455876834885,2012.51,,12964.05
2024-11-14,3816.51,4225.0,23670.0,7071.08,4011.501362117525,1988.75,,17000.0
2024-11-15,4013.58,4225.0,23378.92,7029.72,4145.206288138852,2096.92,,13401.42
2024-11-16,3744.81,4225.0,23910.87,6984.66,4090.183178978317,2077.01,,17000.0
2024-11-17,3121.2,,,6942.12,4019.4893411890735,2044.08,,
2024-11-18,3887.96,4225.0,21745.81,6971.31,4157.7652773171285,2056.23,,13609.38
2024-11-19,4069.58,4225.0,21900.0,6930.97,4149.779228383813,2030.94,,17000.0
2024-11-20,3287.23,,25136.69,6771.35,4056.9620253164553,1900.0,,
2024-11-21,3165.36,4225.0,21765.1,7130.79,4049.149813747521,2123.62,,13315.55
2024-11-22,3848.73,4225.0,23850.0,7205.19,4071.0435787218375,2112.31,,13328.75
2024-11-23,3979.42,4225.0,23315.92,7211.64,4095.335343798246,2046.29,,14860.43
2024-11-24,3143.36,,21500.0,6982.88,4114.104625199362,2090.57,,
2024-11-25,3742.56,4225.0,21603.43,7147.43,4047.11241124076,2108.23,,12690.57
2024-11-26,4004.48,4225.0,23637.19,7197.12,4059.01490475364,2098.73,,12744.95
2024-11-27,3738.86,4225.0,21681.18,7198.51,4084.574111659953,2143.7,,13065.38
2024-11-28,3803.71,4225.0,21763.86,7203.78,4062.090982702112,2113.23,,13300.0
2024-11-29,2995.12,,24816.3,7400.0,4227.247370520818,2246.69,,13234.22
2024-11-30,4163.7,4225.0,24315.43,7042.63,3899.251918594736,2157.07,,9642.76
2024-01-12,3080.55,,12200.0,7044.13,4315.484089625305,2155.23,1588.66,
2024-02-12,3728.39,4225.0,22089.17,7217.9,4076.106991738104,2117.23,1028.7,12564.36
2024-03-12,3920.08,4225.0,25193.5,7161.36,4036.6049498720818,2119.15,1418.07,13039.52
2024-04-12,3865.02,4225.0,22073.33,7181.7,4086.318424844532,2085.08,1288.89,12421.16
2024-05-12,3700.21,4225.0,24858.14,7228.68,4163.157204026476,2131.13,1334.37,12606.3
2024-06-12,3930.97,4225.0,25344.24,7227.29,4020.764785115139,2085.51,2233.01,13044.18
2024-07-12,3934.9,4225.0,24229.48,7130.57,4107.7146908275945,2124.41,2511.04,16590.91
2024-08-12,3271.7,,,7065.3,3868.705628803245,2105.22,3156.7,
2024-09-12,3279.38,4225.0,22036.31,7134.28,4043.1816401767055,2126.07,3749.02,12680.44
2024-10-12,4051.83,4225.0,22130.49,7229.83,3963.840655582543,2147.58,3070.63,13073.61
2024-11-12,4018.95,4225.0,25369.23,7225.88,3965.1109783936254,2140.06,3703.25,12845.34
2024-12-12,3261.79,4225.0,22318.25,7178.67,3966.869612729607,2130.41,3417.11,12713.26
2024-12-13,4028.42,4225.0,22300.67,7219.57,4030.615263685316,2145.05,,12809.93
2024-12-14,3363.65,4225.0,22241.67,7088.87,3962.5777867199295,2112.88,,17000.0
2024-12-15,3047.19,,,6972.1,3811.2529096081735,2147.82,,
2024-12-16,3260.0,4275.0,22242.08,7238.35,4057.862037332064,2148.39,,12550.0
2024-12-17,3246.5,4275.0,24862.5,7226.88,4035.911743727244,2156.94,,12661.14
2024-12-18,3988.12,4275.0,24194.37,7160.01,4011.102416417561,2166.63,,12578.77
2024-12-19,3633.05,4275.0,23212.09,7179.29,3986.746441867082,2149.91,,12614.43
2024-12-20,3879.65,4275.0,26547.54,7209.27,3997.1012075668937,2180.92,,10631.83
2024-12-21,3356.05,4275.0,26422.77,6997.47,3978.954130176132,2208.19,,12524.46
2024-12-22,3283.21,,,6980.87,3936.392704285859,2152.87,,
2024-12-23,3778.63,4275.0,22221.68,7200.0,3990.5799216553264,2182.28,,12486.35
2024-12-24,4031.83,4275.0,26164.43,7179.48,4056.933690643157,2196.92,,10805.18
2024-12-25,3462.64,,30871.79,7082.73,4123.8850998414455,2210.75,,12230.0
2024-12-26,3756.28,4275.0,24641.26,7086.67,4039.0976669731135,2195.75,,12479.38
2024-12-27,3729.65,4275.0,25448.6,7012.09,4057.760325371222,2203.66,,12169.03
2024-12-28,3470.12,4275.0,25413.17,7022.65,4078.906998117666,2192.61,,13441.73
2024-12-29,3188.96,,22400.0,6891.76,3964.9671669793615,2054.68,,
2024-12-30,4051.85,4275.0,24994.76,7208.51,4163.03386518586,2228.27,,7938.0
2024-12-31,3948.62,4275.0,25392.68,7250.49,4044.688039715136,2219.34,,13187.52
2025-01-01,3720.542984126984,4275.0,40000.0,7210.89,4021.427880463169,2260.46,2313.11,13260.15
2025-02-01,3814.2933596591497,,29193.62,7192.11,4056.859747466862,2256.62,1891.19,13278.48
2025-03-01,3758.579487179488,4275.0,24326.83,7214.16,4048.930319289186,2278.87,1996.39,13312.1
2025-04-01,3867.088706635184,4275.0,28962.03,7153.06,3997.745517392992,2276.21,1286.62,14041.48
2025-05-01,2687.753378378379,,23000.0,7087.28,3941.276745001754,2176.08,994.13,
2025-06-01,4006.617033948778,4275.0,22577.99,7240.12,4058.6933057333945,2293.43,1033.77,13388.38
2025-07-01,4006.23590233039,4275.0,24403.67,7274.46,3991.7906753887632,2316.47,1362.46,13757.01
2025-08-01,3905.372861356933,4275.0,24151.86,7259.13,4036.655586352848,2343.07,1163.77,14048.74
2025-09-01,3259.037214547505,4275.0,24351.85,7217.57,4036.865972368423,2288.58,1151.18,13520.69
2025-10-01,3901.797005769645,4275.0,28649.21,7196.88,4025.563018129829,2282.64,1115.13,13574.12
2025-11-01,4074.951680302425,4275.0,27314.81,7137.85,4025.8444257425367,2292.65,1187.16,17500.0
2025-12-01,2981.5967741935488,,22500.0,7056.52,4188.237158790725,2251.26,1079.03,
2025-01-13,4095.319072942297,4275.0,22320.61,7214.77,4048.37093231221,2289.76,,12652.47
2025-01-14,4036.537089255912,4275.0,22200.0,7190.5,3981.6791569086654,2389.59,,14819.4
2025-01-15,4025.2582730342497,4300.0,28879.63,7197.22,3997.418377081553,2355.58,,16532.2
2025-01-16,3919.343365695793,4300.0,26812.77,7230.24,4015.567803045136,2298.36,,13261.51
2025-01-17,3787.156946483385,4300.0,29569.39,7190.94,4042.1569661989897,2287.29,,13096.8
2025-01-18,3896.856586115572,4300.0,27037.55,7151.11,4018.9192849116416,2289.19,,17190.51
2025-01-19,3102.917570498915,,22800.0,7097.5,4068.769978729869,2162.09,,
2025-01-20,3181.9022869022865,4300.0,23050.84,7238.39,4051.869582357268,2252.75,,12549.76
2025-01-21,4186.985466199598,4300.0,23151.43,7244.78,4043.41647537283,2271.86,,13870.52
2025-01-22,4025.514535180006,4300.0,23060.95,7223.11,3996.149323054277,2251.95,,13838.86
2025-01-23,3769.097067595354,4300.0,23137.21,7186.67,4063.137775818736,2271.96,,12815.47
2025-01-24,3880.328282828282,4300.0,23509.87,7178.63,3951.4789748897,2224.03,,13599.5
2025-01-25,3854.7160669191926,4300.0,24047.97,7091.69,3987.326580289764,2253.05,,19371.06
2025-01-26,3137.188612099644,,,7013.26,4303.573132454489,2202.08,,
2025-01-27,3992.13468013468,,24343.24,7166.73,3944.952603918904,2212.59,,12575.93
2025-01-28,4071.552993297739,4300.0,24722.55,7137.61,3899.8198963371774,2201.74,,16648.44
2025-01-29,3827.380498138232,4300.0,24695.5,7126.69,3936.413808254768,2222.69,,12673.37
2025-01-30,3885.7393537211656,4300.0,24819.88,7171.38,3961.9590447830014,2209.67,,12169.05
2025-01-31,3822.69162845709,4300.0,24851.1,7148.62,3961.911393558741,2220.45,,13843.94
2025-01-02,4160.259737097357,4300.0,25303.85,7088.14,,2178.37,2282.13,18547.44
2025-02-02,2925.191695711472,,,7001.51,,2107.63,2050.48,
2025-03-02,3937.540962859444,4300.0,29690.48,7131.28,,2210.37,2082.25,12396.22
2025-04-02,3641.762438413566,4300.0,28415.87,7107.55,,2188.84,1215.93,13544.87
2025-05-02,3676.445679519433,4275.0,25673.44,7064.12,,2181.04,980.05,12129.52
2025-06-02,3554.733718650016,4275.0,26098.39,7041.66,,2148.71,1124.67,12809.37
2025-07-02,3859.940431402056,4275.0,26284.39,7132.76,,2106.63,1342.21,12674.81
2025-08-02,3020.079215572622,,27488.89,6999.15,,2102.22,1184.1,
2025-09-02,2752.8415961305927,,,7086.59,,2158.53,1202.15,
2025-10-02,2455.0,,26360.7,6948.18,,2151.0,1121.44,
2025-11-02,,,25694.37,6955.52,,2127.4,1406.68,
2025-12-02,2920.1020019065777,,26617.65,6997.86,,2158.32,1087.58,
2025-02-13,3681.371464600973,4275.0,27745.95,6968.55,,2187.19,,15564.87
2025-02-14,3464.848428721368,4275.0,29554.02,6975.35,,2147.54,,14758.97
2025-02-15,3785.265341100748,4275.0,27220.03,7098.68,,2153.85,,16299.96
2025-02-16,3153.588797971649,,27607.89,7000.56,,2059.25,,
2025-02-17,3384.363037541134,4275.0,28211.43,7077.05,,2190.94,,15086.23
2025-02-18,3474.924331281477,4275.0,28560.94,7067.33,,2162.99,,19429.37
2025-02-19,3039.670359857156,,27982.98,6992.18,,2078.59,,6863.0
2025-02-20,3364.6453962882765,4275.0,27921.57,7052.54,,2226.87,,17138.27
2025-02-21,3198.9020330039384,4275.0,28377.37,7063.61,,2109.46,,12342.56
2025-02-22,3397.517810534689,4275.0,28264.01,7081.41,,2181.62,,16491.23
2025-02-23,2799.107883817428,,24939.02,6898.71,,2113.86,,
2025-02-24,3190.695408823633,,27957.76,7154.72,,2180.39,,17107.85
2025-02-25,3395.882141325786,4275.0,27923.72,7138.66,,2162.38,,18064.13
2025-02-26,3032.4582940420064,,35931.82,6962.08,,2118.62,,
2025-02-27,3156.2320094962824,4275.0,27105.48,7201.39,,2178.69,,
2025-02-28,3026.318753701704,4275.0,27252.87,7133.39,,2152.59,,16770.88
2025-01-03,3109.9346613771254,4275.0,26434.16,7183.58,3933.17636324093,2233.92,2188.59,17000.0
2025-02-03,2968.954417472034,,,6921.27,3859.980066445183,2090.23,1949.34,
2025-03-03,2978.6523018514795,4275.0,25957.58,7091.48,3810.2291754459898,2219.42,1961.93,13240.93
2025-04-03,3039.6184980848425,4275.0,26525.77,7006.1,3819.252746575805,2182.31,1184.11,14916.67
2025-05-03,2947.9623769356413,4275.0,26814.86,6901.56,3826.843575809712,2232.66,972.59,14385.43
2025-06-03,3105.3015694688465,4275.0,27175.66,6903.25,3838.210914190648,2185.32,1193.52,14920.56
2025-07-03,3086.6031989640533,4275.0,27222.3,7057.94,3851.365230093388,2241.17,1314.77,14938.57
2025-08-03,3210.4357449437834,4275.0,28000.0,6981.99,3896.796821065254,2167.58,1182.53,15275.56
2025-09-03,2836.653327840876,,42166.67,6994.16,3773.565121412804,2134.25,1185.77,
2025-10-03,3004.4574998919948,4275.0,27014.29,7072.84,3922.914040263313,2281.83,1096.67,14533.24
2025-11-03,3123.0935806083226,4275.0,26834.18,7036.71,3920.435338104938,2261.15,1383.51,14956.81
2025-12-03,2979.354514381658,4275.0,27143.04,7158.06,3854.392495107368,2145.42,1157.81,14780.46
2025-03-13,3395.304529172187,4275.0,27249.04,7083.23,3973.836749191916,2419.57,,15378.72
2025-03-14,2699.916897506925,,27373.6,6669.71,3904.282907662083,2160.16,,
2025-03-15,3460.963470354272,4275.0,27498.26,7029.8,3787.3300629152186,2148.42,,15389.24
2025-03-16,2688.3328045685275,,28000.0,7000.94,3734.769687964339,2073.55,,
2025-03-17,2954.1850303722863,,26714.78,7176.81,3819.4146135272094,2158.34,,15025.09
2025-03-18,2912.757960005624,4275.0,27315.19,7183.78,3839.5201333499504,2180.17,,15707.43
2025-03-19,2775.270101384106,4275.0,27222.08,7159.79,3833.9767772344526,2105.08,,12841.44
2025-03-20,2968.751005714305,4300.0,27521.56,7309.87,3844.9251550654726,2204.15,,12496.69
2025-03-21,3022.456297530764,4300.0,27542.72,7137.66,3891.476858240605,2296.23,,15651.26
2025-03-22,2608.263488412396,4300.0,27547.75,7159.21,3897.391852621653,2112.69,,13923.42
2025-03-23,2783.991459074733,,27212.77,7002.48,4045.0165980613465,1991.25,,
2025-03-24,3024.387006015947,,27731.2,7241.06,3941.128928576592,2141.2,,19612.87
2025-03-25,3119.006340055156,4300.0,28345.98,7131.13,3948.045622727792,2141.24,,15900.36
2025-03-26,3035.048025630455,4300.0,27604.9,7220.79,3947.8509346773967,2175.99,,17036.82
2025-03-27,2997.929550056538,4300.0,27298.23,7189.06,4017.7848751628258,2192.52,,13385.38
2025-03-28,3412.714483819468,4300.0,27349.63,7297.36,4111.729758345326,2091.27,,14801.56
2025-03-29,2726.088571556072,,27442.34,7336.42,4095.527160493828,1989.25,,12154.59
2025-03-30,2726.6165268537266,,27000.0,6855.3,4220.428688104237,2220.23,,
2025-03-31,4146.776972874705,4300.0,31572.52,7275.11,4214.874150151888,2114.91,,21000.0
2025-01-04,3209.30102507198,4300.0,28107.6,7246.81,4145.875293958542,2101.75,2307.89,14137.83
2025-02-04,3022.109329063781,4300.0,26860.05,7499.27,4162.100940576485,2204.63,1974.72,14879.97
2025-03-04,3011.1611210254346,4300.0,26709.76,7510.41,4350.089587799472,2147.2,2033.19,14315.26
2025-04-04,3084.4464928042566,4300.0,27431.79,7486.69,4262.726314648796,2115.62,1190.14,13948.58
2025-05-04,3360.79257667448,4300.0,27683.83,7374.95,4163.885460086538,2104.74,974.49,14726.65
2025-06-04,2728.60868579204,,,7440.49,5193.5822637106185,2074.18,1217.47,
2025-07-04,3223.394712915991,4300.0,27435.49,7406.25,4110.723354340332,2101.36,1314.07,13277.17
2025-08-04,3272.1778659143183,4300.0,31738.28,7153.93,4146.496648349408,2108.49,1138.56,15201.61
2025-09-04,3366.450649314655,4300.0,26504.08,7323.05,4232.82538966182,2113.99,1169.48,14870.73
2025-10-04,3792.73978489768,4300.0,25124.32,7424.15,4382.877004416247,2564.0,1078.04,14568.81
2025-11-04,3083.5708859924416,4300.0,25145.21,7463.08,4279.361139581177,2040.9,1370.87,14653.55
2025-12-04,3089.35995166536,,37312.2,7376.66,4285.5222769885,2050.7,1119.75,13322.8
2025-04-13,2670.3086370523965,,,7534.57,4226.582488479262,2124.24,,
2025-04-14,2719.657064977162,4300.0,24300.0,7426.02,3982.883248730964,2206.51,,13820.69
2025-04-15,3127.988551406336,4300.0,27053.44,7515.75,4284.002342769392,2097.88,,15086.74
2025-04-16,3160.965956098505,4300.0,27108.45,7407.07,4325.993689029307,2184.38,,13608.11
2025-04-17,3218.226774717692,4300.0,46000.0,7416.7,4342.004335269104,2108.7,,14829.59
2025-04-18,3770.1439769245817,4300.0,25400.0,7385.02,4368.686369069983,2086.83,,14387.73
2025-04-19,3423.874609195881,4300.0,27193.29,7493.78,4222.007337270036,2088.22,,15335.8
2025-04-20,2848.356258596974,,26000.0,7569.39,4127.148626817448,2049.43,,
2025-04-21,3284.228322307556,4300.0,27911.38,7329.63,4211.072633537071,2087.84,,13025.29
2025-04-22,3524.195728771713,4300.0,26334.52,7468.12,4270.717289766822,2144.64,,13528.58
2025-04-23,3398.1276459158657,4300.0,27686.14,7324.88,4188.876699346744,2075.76,,15089.37
2025-04-24,3276.1863093219063,4300.0,27029.74,7377.41,4127.426627200133,2077.9,,13497.49
2025-04-25,3292.231006927949,4300.0,27106.36,7471.03,4136.3902720603455,2202.18,,13274.9
2025-04-26,3304.535803026881,4300.0,27233.81,7434.52,4174.518263669353,2059.05,,13695.85
2025-04-27,2557.245248868778,,26200.0,7505.32,4190.525619604568,2117.42,,12937.0
2025-04-28,3297.7013803108493,,31372.11,7544.43,4161.946712885037,2147.95,,14295.7
2025-04-29,3362.5572720456885,4300.0,27068.5,7494.15,3990.269489127387,2085.56,,12604.01
2025-04-30,3629.702993844433,4300.0,26097.43,7647.39,4202.466314270427,2191.55,,12624.55
2025-01-05,2535.84,,46000.0,7511.35,4172.032496307238,2095.38,2502.83,12995.62
2025-02-05,3315.773983437989,4300.0,27009.39,7491.51,4118.526770618072,2142.99,2066.01,14377.66
2025-03-05,3441.99815572928,4300.0,27022.71,7489.76,4100.085879154454,2071.39,1975.21,13042.72
2025-04-05,2415.847545219639,,,7464.06,4180.695528211285,2114.24,1193.69,
2025-05-05,3195.579639369508,4300.0,27053.99,7424.01,4216.421994927152,2105.82,968.98,14336.2
2025-06-05,3630.491594612199,4300.0,26843.82,7557.5,4076.258315533064,2149.86,1219.52,13806.14
2025-07-05,3400.324758863528,4300.0,26379.96,7319.93,4150.5379534416725,2065.54,1311.42,13400.54
2025-08-05,3207.7245471580263,4300.0,27385.99,7418.1,4171.240754952815,2073.13,1166.68,12196.73
2025-09-05,3168.680577081469,4300.0,25609.47,7438.15,4122.17791718074,2107.51,1172.82,12082.71
2025-10-05,2580.171397382098,,25000.0,7445.75,4214.057006553948,2058.11,1161.39,12193.48
2025-11-05,2557.301846501696,,25000.0,7396.29,4194.982603356529,2100.13,1347.36,
2025-12-05,3930.547092915144,4300.0,25504.19,7167.06,4060.500960922485,2227.99,1198.79,12949.18
2025-05-13,3721.350989250662,4300.0,25662.19,6949.75,4157.02648482739,2046.54,,11888.89
2025-05-14,,,28172.04,,,,,
2025-05-15,3412.929654882813,4300.0,26883.83,7518.64,4181.955060914267,2020.78,,13659.21
2025-05-16,3623.39649434616,4300.0,25960.69,7371.53,4131.979166218795,2037.82,,13635.52
2025-05-17,3821.9521426468737,4300.0,26802.55,7495.98,4215.5825431909125,2037.69,,12655.25
2025-05-18,2985.974695407685,,24300.0,7447.03,4118.402106567534,2043.32,,
2025-05-19,3579.0726786807963,4300.0,25475.38,7246.05,4101.804993020234,2006.49,,13250.75
2025-05-20,3640.739639156368,4300.0,24701.03,7490.0,4108.957305401957,2003.5,,13339.38
2025-05-21,3405.870559759552,4300.0,25584.15,7293.92,4139.3524733394215,1956.66,,12787.04
2025-05-22,3246.480391327821,4300.0,26331.4,7435.64,4168.759942299818,2013.46,,12975.56
2025-05-23,3207.9543267916683,4300.0,25821.7,7392.62,4122.746887203638,1995.81,,12533.01
2025-05-24,3692.2618756706793,4300.0,33216.67,7336.8,4180.354416608594,2051.59,,12209.26
2025-05-25,2581.6142322097376,,25700.0,7468.93,3932.0883458646617,1858.29,,
2025-05-26,3431.5184467107474,4300.0,23530.83,7443.94,4059.828308769536,2028.34,,12369.91
2025-05-27,3367.936787642472,4300.0,25454.0,7404.94,4150.064695191489,2054.8,,12018.19
2025-05-28,3321.033884758645,,24656.16,7536.32,4398.787151118438,2069.99,,12076.0
2025-05-29,2760.192311508383,4300.0,25724.87,7399.21,4208.439439932614,2034.69,,12823.79
2025-05-30,2967.049085095148,4300.0,25417.75,7410.13,4015.584174894049,2013.98,,11916.65
2025-05-31,3055.365782773974,,24839.57,7305.22,4122.115907201417,1982.53,,12295.43
2025-01-06,2899.91,,25200.0,7200.0,4008.026923076923,1740.25,2228.37,
2025-02-06,3350.21,4300.0,25729.0,7559.35,4096.539800935172,2052.54,2022.88,12907.51
2025-03-06,3337.38,4300.0,22945.16,7529.1,4104.516686991141,2039.18,1843.89,12241.53
2025-04-06,3430.48,4300.0,24345.26,7449.99,4094.490702026068,2108.77,1206.97,15458.54
2025-05-06,2976.49,4300.0,22833.55,7530.33,4160.237399972205,2050.14,1007.32,12154.3
2025-06-06,3437.27,4300.0,24092.13,7517.68,4083.506274702219,2036.8,1308.11,12214.13
2025-07-06,3973.76,4300.0,31692.31,7471.4,4014.267580036348,2196.26,1435.14,10659.39
2025-08-06,2899.7,,,7420.77,4169.374759152216,2075.44,1154.44,
2025-09-06,3255.86,4300.0,25025.75,7340.86,4108.337438033526,2037.96,1041.38,12359.05
2025-10-06,3405.85,4300.0,24484.05,7415.25,4111.700086334288,2081.69,1106.78,12435.09
2025-11-06,3140.74,4300.0,25496.85,7289.89,4150.631878236406,2090.14,1485.41,12215.57
2025-12-06,3272.0,4300.0,23853.4,7342.32,4146.214015160516,2102.03,1129.44,12007.42
2025-06-13,3176.8,4300.0,24663.61,7482.24,4114.188930708669,2108.8,,12306.04
2025-06-14,3821.48,,29935.48,7321.86,4158.216226097952,2231.51,,15885.34
2025-06-15,2719.76,,44000.0,7487.88,4016.624876604146,2138.97,,
2025-06-16,3528.43,4300.0,24566.32,7313.18,4241.587362171332,2109.56,,12061.99
2025-06-17,3053.13,4300.0,22267.65,7872.73,4238.76266505188,2136.33,,11758.34
2025-06-18,3322.99,4300.0,22182.22,7733.86,4257.242523610298,2150.09,,12162.86
2025-06-19,3290.29,4300.0,24773.33,7487.86,4138.518832686857,2214.39,,12030.18
2025-06-20,3305.9,,22155.1,7550.49,4181.548216009662,2168.74,,11582.06
2025-06-21,2774.33,,21684.21,7578.16,4236.495281028625,2145.17,,10762.16
2025-06-22,2583.43,,,7755.0,4074.416420713711,2156.82,,
2025-06-23,3229.07,4300.0,20964.1,7576.02,4139.0713155712665,2120.14,,11954.18
2025-06-24,3262.36,4300.0,19923.53,7548.17,4202.014485659858,2185.91,,11863.58
2025-06-25,3416.95,4300.0,19882.86,7259.04,4085.8644485141353,2151.14,,12362.87
2025-06-26,3243.0,4300.0,19655.0,7434.57,4188.598312716734,2128.23,,11569.27
2025-06-27,3240.81,4300.0,19644.03,7346.64,4169.748028586228,2280.51,,11798.39
2025-06-28,3424.35,,19005.24,,4155.437573016771,2195.25,,11553.43
2025-06-29,2995.02,,,7400.0,4084.4922279792745,2199.45,,
2025-06-30,2790.78,,21100.0,7767.13,4077.099255583126,2218.52,,11531.07
2025-01-07,3553.1368494497474,4350.0,19522.92,,4125.586893464245,2281.72,2208.09,11700.06
2025-02-07,2453.269248771356,,20056.52,,4138.893382504713,2144.61,2100.11,11390.37
2025-03-07,3363.1616479612467,4350.0,22324.66,7200.0,4156.208209511367,2240.31,1858.29,11421.15
2025-04-07,3301.5630177724283,,21761.83,7500.0,4157.6816420102095,2293.23,1162.7,11605.73
2025-05-07,3128.0812317422883,,19065.85,,4181.148419325612,2221.86,1002.58,7234.97
2025-06-07,3080.7468706536856,,19200.0,,4080.732375085558,2146.07,1381.96,
2025-07-07,2907.2961676333075,,19328.85,7200.0,4142.38251892466,2203.54,1306.45,11568.08
2025-08-07,3617.157675784436,4350.0,23977.6,7200.0,4160.842892754142,2323.83,1169.78,11747.81
2025-09-07,3602.334170040486,4350.0,27185.71,7200.0,4155.010415095965,2470.57,1345.87,12299.26
2025-10-07,3442.3833481094066,4350.0,19058.33,7200.0,4137.797823218997,2489.39,1129.27,11355.93
2025-11-07,3395.5688185424283,4350.0,19000.0,7500.0,4108.395348295229,2266.96,1333.98,10862.83
2025-12-07,3663.719906606711,4350.0,18500.0,,4108.783281113523,2406.5,1193.79,9407.21
2025-07-13,3000.6541875723656,,18500.0,,4125.814651368049,2230.64,,
2025-07-14,3445.4988533733467,4350.0,18457.95,,4099.852153822741,2211.58,,11653.23
2025-07-15,3439.7190196572246,4350.0,19416.67,,4139.283214268118,2340.03,,11020.34
2025-07-16,3457.3058256264326,4350.0,21662.34,,4123.177556682657,2477.05,,11419.08
2025-07-17,3157.9244513834674,4350.0,18061.35,,4168.459064679009,2386.75,,11618.96
2025-07-18,3436.8479643526493,4350.0,18306.64,,4192.29884432428,2169.68,,11092.56
2025-07-19,3445.032891389025,4350.0,18312.5,,4257.590443132016,2427.02,,9809.39
2025-07-20,2958.3171834625323,,,,4061.904761904762,2211.11,,
2025-07-21,3420.3232812112187,4350.0,21366.28,,4096.822410956576,2361.0,,11179.12
2025-07-22,3431.913052096066,4350.0,30666.67,,4189.650293202915,2512.58,,12062.59
2025-07-23,3503.550975213784,4350.0,18205.41,,4170.622015001768,2338.03,,11829.76
2025-07-24,3434.820576410037,4350.0,19000.0,,4153.156404879012,2266.18,,8524.3
2025-07-25,3536.194589011968,4350.0,21281.85,,4327.003271001531,2244.76,,11772.52
2025-07-26,3879.0358716173696,4350.0,22158.09,,4047.2658349328217,3101.42,,16060.19
2025-07-27,2965.8861224918587,,19000.0,,4301.735807860262,2213.23,,
2025-07-28,3457.009292433305,4350.0,20307.88,,4254.479318334248,2194.3,,10968.42
2025-07-29,4045.2504219918014,4350.0,21495.19,,4357.659486329743,2738.33,,13083.77
2025-07-30,3201.1734836000214,4350.0,19089.31,,4354.705890302657,2447.81,,11605.47
2025-07-31,3281.2224126301207,4350.0,19057.42,,4480.296443188816,2376.03,,11014.12
2025-01-08,3416.91,4350.0,19437.5,,4390.962838802527,2533.26,2126.03,9450.03
2025-02-08,3535.19,4350.0,19663.64,,4474.249398659471,2327.03,2212.14,10585.14
2025-03-08,3061.93,,19000.0,,4440.132196162047,2150.0,1615.33,
2025-04-08,3567.69,4350.0,24545.45,,4492.2022473773,2386.33,1114.11,11334.67
2025-05-08,3686.02,4350.0,19791.44,,4544.000473966928,2540.89,992.01,11256.99
2025-06-08,3383.55,4350.0,19832.4,,4572.029561077709,2264.59,1270.35,11402.76
2025-07-08,3348.39,55000.0,20018.18,,4618.208186275055,2312.98,1332.86,10820.41
2025-08-08,3544.02,4350.0,23104.5,,4575.005183539618,2548.91,1206.17,10911.86
2025-09-08,2719.23,,26189.36,,4676.589285714284,2250.0,1163.84,6500.0
2025-10-08,2965.69,,,,4626.519774011299,2312.29,1065.81,
2025-11-08,3587.81,4350.0,20294.44,,4547.715998451586,2385.98,1248.45,11004.06
2025-12-08,3708.33,4350.0,20828.18,,4568.503272783842,2460.29,1418.37,11134.73
2025-08-13,3563.85,4350.0,21233.7,,4529.5197927791005,2300.91,,11193.71
2025-08-14,3888.69,4350.0,21723.2,,4535.083251205975,2391.86,,10792.34
2025-08-15,2448.6,,22000.0,,4506.0,2119.57,,
2025-08-16,3277.01,,22213.73,,4512.86184482521,2199.29,,10900.0
2025-08-17,3007.05,,,,4477.111716621254,2270.65,,
2025-08-18,3778.07,4350.0,22118.31,,4471.549298781967,2674.57,,11154.33
2025-08-19,3958.19,4350.0,23210.87,,4437.42364539419,2347.1,,11063.2
2025-08-20,2794.97,4350.0,23607.65,,4471.834444703458,2147.81,,11650.58
2025-08-21,3575.22,4350.0,23376.65,,4425.5190588623445,2556.28,,11462.7
2025-08-22,4067.22,4350.0,23734.58,,4335.140625000001,2172.3,,22000.0
2025-08-23,3913.29,4350.0,24745.79,,4508.0332911104615,2718.22,,6899.0
2025-08-24,2920.81,,,,4513.938218390805,2248.7,,
2025-08-25,3214.96,4400.0,24012.44,,4439.666460188783,2252.9,,7796.87
2025-08-26,3626.63,,23409.95,,4425.347539865053,2211.44,,
2025-08-27,3717.17,,23945.5,,4465.136890951277,2202.15,,
2025-08-28,3597.21,4400.0,,,4223.006664233319,2670.42,,6247.0
2025-08-29,3767.59,4400.0,23384.36,,4258.800704446613,2633.28,,8031.99
2025-08-30,4036.21,4400.0,24721.43,,4284.196484423872,2335.03,,7629.57
2025-08-31,2619.53,,,,4367.441860465116,2395.49,,
2025-01-09,3756.77,4400.0,24728.27,,4356.212139791539,2302.1,1989.63,
2025-02-09,3657.56,4400.0,24593.75,,4288.464638925173,1880.16,2068.19,10671.06
2025-03-09,3537.54,4400.0,23500.0,,4312.662430469716,2182.05,1567.25,10823.39
2025-04-09,3502.47,4400.0,,,4295.44465768284,1915.79,1106.8,10825.94
2025-05-09,3954.22,4400.0,23000.0,,4283.071507556211,2898.02,1001.49,10697.52
2025-06-09,3429.55,,23294.12,,4244.32116993602,2347.69,1406.52,6762.0
2025-07-09,2811.48,,,,4393.554921540655,2188.0,1305.11,
2025-08-09,3545.5,4400.0,22793.33,,4191.23784884681,2087.28,957.0,11021.59
2025-09-09,3559.51,4400.0,22844.74,,4248.077833416654,2046.37,1135.58,10935.43
2025-10-09,3279.33,4400.0,22993.01,,4229.306187671769,1848.72,1034.34,10840.52
2025-11-09,3125.78,4400.0,25188.78,,3993.756225193343,1778.05,1289.47,11271.49
2025-12-09,3503.85,4400.0,23210.81,,4185.6763696586295,1706.3,1352.63,10573.72
2025-09-13,3499.17,4400.0,21600.0,,4208.224565380178,2210.67,,10718.7
2025-09-14,3052.61,,,,3961.4906832298143,2428.99,,
2025-09-15,3589.22,4400.0,26351.52,,4214.24049189871,1950.26,,11118.33
2025-09-16,3855.1,4400.0,23152.76,,4150.04019101952,2218.58,,10744.25
2025-09-17,3722.99,4400.0,23714.13,,4112.2615123700525,1968.13,,10329.11
2025-09-18,3398.22,4400.0,23438.2,,4190.990659837301,2015.53,,11109.14
2025-09-19,3276.32,4400.0,22904.62,,4172.577756811663,1968.69,,10428.91
2025-09-20,3670.86,4400.0,22989.62,,4152.310134175738,2063.5,,10563.53
2025-09-21,2868.98,,22791.67,,4039.227459016394,2106.29,,
2025-09-22,2900.7,4400.0,22197.98,,4118.895040464827,1632.45,,11498.04
2025-09-23,3601.54,4400.0,22120.42,,4098.686205121606,1935.6,,10979.37
2025-09-24,3421.2,4400.0,22638.81,,4135.749793251429,1728.77,,10961.97
2025-09-25,2780.87,,22878.95,,4109.263943051687,1668.32,,10857.09
2025-09-26,3739.88,4400.0,22984.82,,4165.225966593464,1926.26,,10725.53
2025-09-27,3711.66,4400.0,22741.01,,4087.510632835089,1819.46,,15654.75
2025-09-28,3037.91,,22523.81,,4150.0,2158.33,,
2025-09-29,3478.78,4400.0,22531.1,5703.0,4078.1487582649793,2009.32,,11231.85
2025-09-30,3376.16,4400.0,22500.0,,4080.6973000880735,1796.2,,11393.48
2025-01-10,,4400.0,,,4088.4171240395176,1954.51,1787.32,14687.5
2025-02-10,,,22785.71,7900.0,4205.646766169154,1532.68,2302.62,
2025-03-10,,4400.0,22287.18,5496.0,4023.331220660252,1853.55,1360.9,10796.02
2025-04-10,,,24083.24,5429.0,3966.797036559585,1630.89,1066.22,10750.0
2025-05-10,,,,,3922.601931525252,2101.23,974.67,
2025-06-10,,4400.0,24254.1,5673.34,3929.964092844012,1791.72,1420.73,11275.75
2025-07-10,,4400.0,23811.61,6300.0,3833.3524820109433,1667.76,1278.2,11387.17
2025-08-10,,4400.0,23780.54,6600.0,3846.74172305713,1698.94,1218.64,12102.92
2025-09-10,,4400.0,23894.2,6377.78,3835.564255071604,1774.17,1069.61,11987.12
2025-10-10,,,24115.57,,3869.6263528491327,1849.16,1140.91,6658.0
2025-11-10,,4400.0,23416.67,6000.0,3762.976600980509,2147.48,1253.0,20500.0
2025-12-10,,,23600.0,,3856.6502172397154,2113.58,1478.41,
2025-10-13,,4400.0,24006.55,6447.87,3805.859731872138,1755.48,,12046.77
2025-10-14,,4400.0,24248.17,6300.0,3834.097368676092,1734.49,,12802.13
2025-10-15,,4400.0,24526.67,6468.49,3869.655888754616,1850.93,,12146.62
2025-10-16,,4400.0,24224.31,6373.83,3948.989968170848,1664.93,,12655.97
2025-10-17,,4400.0,24288.16,6475.64,3971.421276617736,1590.79,,17970.27
2025-10-18,,,24068.79,6512.72,3921.04030796056,1599.38,,13000.0
2025-10-19,,,,,3823.700182075662,1642.96,,
2025-10-20,,,23600.0,6525.18,4011.956155519608,1716.99,,
2025-10-21,,,23937.89,,4317.349726775956,,,
2025-10-22,,,23992.82,,4002.9592315760274,2003.84,,10000.0
2025-10-23,,,23818.63,6110.0,3949.942988770515,1791.04,,13765.72
2025-10-24,,,23698.71,5950.0,3965.595379151605,1853.78,,
2025-10-25,,4400.0,23759.8,6800.0,3836.03547381058,1950.21,,20500.0
2025-10-26,,,23700.0,7000.0,3880.552068275876,1702.28,,
2025-10-27,,4400.0,23620.51,6644.83,3819.818935350265,1668.08,,12783.56
2025-10-28,,4400.0,23415.15,6482.0,4043.712459659165,1649.46,,13271.47
2025-10-29,,4400.0,23703.07,6764.08,4084.543046008588,1717.82,,13552.29
2025-10-30,,4400.0,23648.81,6746.4,4097.633682327174,1619.11,,12981.61
2025-10-31,,4400.0,23699.59,6778.43,4131.81345697208,1718.68,,12689.41
2025-01-11,3452.65,4400.0,23536.46,6779.57,4115.10301450793,1674.18,1631.76,17149.17
2025-02-11,2994.6,,,7147.7,3776.554001554002,1692.1,2291.87,
2025-03-11,3540.89,4400.0,23044.59,6879.77,4163.226113163399,1607.18,1295.87,12704.7
2025-04-11,3699.74,4400.0,23279.82,7358.6,4264.489170767652,1742.61,1039.26,14548.2
2025-05-11,3568.76,,23440.0,6914.52,4294.476449593213,1720.46,1027.82,13200.0
2025-06-11,2659.97,,23317.75,7292.96,4142.927614753404,1494.89,1459.5,12742.41
2025-07-11,2983.53,4450.0,23300.0,6902.73,4365.926994477512,1573.03,1291.25,13103.39
2025-08-11,3024.69,,,6821.6,4728.39284400391,1460.63,1182.84,13050.0
2025-09-11,2577.12,,23500.0,6800.0,3620.528519099948,1614.17,1042.56,
2025-10-11,3841.72,4450.0,23297.91,6661.98,4711.344566856417,1645.1,841.01,13835.26
2025-11-11,3809.49,4450.0,23155.75,6761.36,4701.951755055906,1610.26,1281.23,14194.61
2025-12-11,3715.87,4450.0,23612.21,6817.08,4675.872960651446,1565.47,1636.46,14457.86
2025-11-13,3717.26,4450.0,23261.41,6851.49,4938.024177920877,1560.25,,13928.48
2025-11-14,3713.93,4450.0,23024.56,6946.94,4454.027268140537,1589.17,,14160.5
2025-11-15,2883.71,,22917.49,6800.45,4460.852457374126,1560.88,,
2025-11-16,2869.12,,22600.0,6897.62,4017.5301429459287,1476.33,,
2025-11-17,3657.45,,22727.71,7256.18,4542.863290425632,1630.47,,13996.58
2025-11-18,3664.16,4450.0,22857.76,7107.35,4629.72166478432,1526.86,,13709.15
2025-11-19,3656.71,4450.0,22478.31,7260.95,4586.584828794203,1482.43,,13429.53
2025-11-20,3760.82,4450.0,22380.39,7226.05,4596.540285773558,1472.63,,20750.0
2025-11-21,3761.73,4450.0,22305.08,7273.87,4465.664723503251,1536.72,,14032.04
2025-11-22,3234.85,,22346.37,7119.82,4677.580478452453,1516.96,,
2025-11-23,3037.71,,22300.0,6918.95,4062.5574112734857,1366.71,,
2025-11-24,3800.84,4450.0,22310.73,7356.52,4383.286916485392,1556.89,,13199.38
2025-11-25,3764.05,4450.0,22200.0,7422.84,4476.9354359667095,1536.17,,13432.3
2025-11-26,3450.25,4450.0,22214.42,7507.68,4344.746854491534,1477.84,,14183.37
2025-11-27,3353.15,4450.0,22526.7,7554.9,4291.380896774637,1482.24,,20750.0
2025-11-28,3546.67,4450.0,22844.4,7563.88,4325.1756638209545,1540.95,,14036.71
2025-11-29,3175.56,,22477.99,7323.75,4537.3774008417295,1601.17,,
2025-11-30,2826.33,,23400.0,7014.56,4081.566490189972,1636.75,,
2025-01-12,3494.89,4450.0,22721.35,7514.23,4371.505239529002,1557.7,1802.65,13967.76
2025-02-12,3663.5,4450.0,22640.46,7421.26,4343.752119250088,1597.24,2434.09,20750.0
2025-03-12,3262.78,4450.0,22587.85,7552.25,4290.104226806742,1599.29,1287.53,14219.29
2025-04-12,3470.64,4450.0,22402.56,7464.21,4302.035045307146,1562.82,924.82,13575.83
2025-05-12,2874.19,,22566.2,7666.58,4301.749033071225,1674.85,1044.92,13449.67
2025-06-12,3279.59,,22798.59,7331.68,4274.781337988513,1579.98,1433.06,
2025-07-12,2533.71,,22000.0,7092.25,3700.825046040515,1492.99,1212.48,
2025-08-12,3568.01,4450.0,22677.08,7531.65,4330.57123794447,1668.94,1308.94,13723.07
2025-09-12,3638.95,4450.0,22232.47,7621.28,4237.172257917898,1649.75,1006.07,14122.54
2025-10-12,3466.64,4450.0,21687.58,7639.11,4278.443401002708,1693.91,1127.33,14231.45
2025-11-12,3191.47,4450.0,21757.67,7595.77,4257.80936199171,1646.76,1304.49,13774.08
2025-12-12,3635.69,4450.0,21757.93,7472.77,4284.835109547294,1706.48,1746.33,13908.48
2025-12-13,3314.64,,,7439.76,4290.247992887548,1649.84,,
2025-12-14,2543.3,,,7281.65,4214.588867187501,1533.49,,
2025-12-15,3552.03,4450.0,21872.13,7605.79,4313.836241330419,1691.4,,14221.76
2025-12-16,3608.29,4450.0,22716.85,7583.07,4351.760042806027,1685.68,,15625.53
2025-12-17,3564.56,4450.0,22538.17,7655.05,4320.115158581619,1668.43,,14850.82
2025-12-18,3440.42,4450.0,21674.73,7518.27,4328.273467729293,1705.29,,14330.4
2025-12-19,3680.95,4450.0,20051.02,7660.37,4351.424043591529,1723.82,,20750.0
2025-12-20,2880.06,,21848.99,7484.63,4405.530117888998,1651.99,,
2025-12-21,3181.46,,,7260.22,4150.112385321101,1577.43,,
2025-12-22,3546.54,4450.0,20570.59,7689.05,4279.116634859022,1679.02,,14694.43
2025-12-23,3621.41,4450.0,20210.53,7738.23,4500.483654034155,1687.0,,14946.57
2025-12-24,3283.1,4450.0,20400.0,7697.7,4476.29693979694,1709.95,,15406.27
2025-12-25,3652.55,4450.0,21600.0,7510.13,4652.714302693412,1657.47,,15084.05
2025-12-26,3440.25,4450.0,20417.31,7726.92,4539.696503225483,1725.35,,15425.35
2025-12-27,2986.55,,21357.14,7729.57,4596.868003317218,1663.56,,
2025-12-28,2580.75,,21600.0,7223.6,4570.01476141435,1597.87,,
2025-12-29,3507.57,4450.0,20573.87,7797.32,4607.254922090753,1667.0,,16004.56
2025-12-30,3529.26,4450.0,20433.65,7653.55,4577.271312594605,1652.73,,16163.7
2025-12-31,3511.61,4450.0,23164.52,7644.11,4618.270078120152,1697.8,,16307.95
2026-01-01,3604.953476848538,4450.0,,7702.35,4555.64,1677.08,1519.15,15441.56
2026-02-01,3669.490648225071,4450.0,,7762.21,4618.89,1694.9,1131.06,15883.38
2026-03-01,3327.1216019417466,,,7719.27,4629.89,1748.57,862.25,
2026-04-01,2626.318131256952,,,7381.69,4794.94,1646.98,824.95,
2026-05-01,3541.214711851898,4450.0,,7757.8,4690.36,1685.36,752.89,16666.56
2026-06-01,3660.9876446464486,4450.0,,7723.65,4713.86,1693.22,1237.41,16768.36
2026-07-01,3559.022801573899,4450.0,,7818.93,4719.13,1720.7,1952.18,16375.89
2026-08-01,3598.829602435529,4450.0,,7803.99,4732.76,1720.52,,15648.91
2026-09-01,3637.925511904122,4450.0,,7847.61,4769.29,1740.81,,14937.5
2026-10-01,3207.1087348621486,,,7824.75,4738.81,1654.79,,
2026-11-01,2893.373934226553,,,7566.51,4675.36,1577.55,,
2026-12-01,3715.482880082881,4450.0,,7902.68,4824.44,1687.68,,15285.94
2026-01-13,3669.738600080013,4425.0,,7932.38,4860.46,1672.08,,15921.33
2026-01-14,3577.421142969695,4425.0,,7894.4,4765.97,1781.58,,20750.0
2026-01-15,2633.819626168224,,,7900.34,4903.74,1633.76,,
2026-01-16,3720.803295010812,4425.0,,7915.68,4946.82,1709.34,,13700.0
2026-01-17,3192.736321052457,,,7872.23,4958.62,1727.35,,12000.0
2026-01-18,2833.39204697091,,,7873.8,4741.52,1709.87,,
2026-01-19,3620.3666666666672,4425.0,,8017.92,5069.84,1720.62,,20750.0
2026-01-20,3608.158381427073,4425.0,,7914.3,5195.72,1702.52,,15350.0
2026-01-21,3343.635455500402,4425.0,,7905.82,5029.32,1628.0,,15112.82
2026-01-22,3530.393748358288,4425.0,,7906.08,4928.28,1663.92,,15608.91
2026-01-23,3557.6872931196795,4425.0,,7911.41,5174.58,1680.04,,15412.85
2026-01-24,3076.061500842003,,,7955.68,5040.6,1654.45,,
2026-01-25,2571.2927756653994,,,7677.4,4998.26,1614.89,,
2026-01-26,2739.285714285714,,,7879.45,5203.86,1700.0,,
2026-01-27,2927.4355782641,,,7987.25,5404.82,1641.1,,14776.83
2026-01-28,3270.542505662058,4425.0,,7926.64,5426.29,1698.54,,15767.41
2026-01-29,3322.95654805132,4425.0,,7906.43,5518.49,1590.74,,15317.93
2026-01-30,3159.3072490501863,4425.0,,7917.17,5593.78,1653.71,,15118.95
2026-01-31,2909.120860193888,,,7786.94,5430.38,1623.03,,12601.0
2026-01-02,2957.9213376401294,,20900.0,7790.96,5300.671157684631,1500.34,1461.11,
2026-02-02,3502.68087433478,4425.0,22125.61,7712.08,5530.3512642205205,1687.75,988.07,15164.64
2026-03-02,3333.913391468732,4425.0,21894.92,7768.18,5446.877016638584,1629.76,764.05,14700.5
2026-04-02,3382.507210812444,4425.0,22038.24,7817.08,5578.50471303847,1682.36,881.27,15147.16
2026-05-02,3301.2554384391115,4425.0,21608.7,7763.44,5520.3316535365775,1599.2,1008.83,15395.78
2026-06-02,3440.875728642167,4425.0,21826.99,7803.62,5534.281246265873,1661.94,1292.02,15329.78
2026-07-02,2677.1997592053776,,21000.0,7696.73,5463.989408017489,1617.58,1841.81,
2026-08-02,2800.499791753436,,21200.0,7660.59,5473.796324655436,1676.61,,
2026-09-02,3613.092219074245,,21225.72,7670.26,5192.868527362587,1617.56,,16066.77
2026-10-02,3624.2593393913166,4425.0,21026.43,7678.05,5082.829462589841,1606.88,,16410.83
2026-11-02,3569.740404449684,4425.0,21189.87,7568.01,5031.849867621866,1632.58,,15825.37
2026-12-02,3274.375287215056,4425.0,21000.0,7691.31,5015.1670706242085,1579.21,,15580.36
2026-02-13,3340.8863033091498,4425.0,21012.24,7615.03,5179.313784929627,1624.72,,14355.18
2026-02-14,2797.4862986231788,,21100.0,7577.53,5203.22219472401,1546.68,,
2026-02-15,2899.828676858197,,21600.0,7512.07,4892.11356466877,1500.27,,
2026-02-16,3383.197761928316,4425.0,21151.31,7632.51,5071.1248853220495,1607.77,,15319.17
2026-02-17,3351.7049230081147,4425.0,21109.49,7737.7,5101.366881957962,1543.55,,20750.0
2026-02-18,3113.7532964032134,4425.0,20847.96,7545.07,5162.495575873765,1594.43,,15895.12
2026-02-19,2639.9960106382982,,20842.86,7683.7,4985.542752701844,1603.82,,
2026-02-20,3146.32831780504,4425.0,20937.16,7742.3,5126.651024952718,1602.49,,16678.18
2026-02-21,2712.0166032885218,,20843.48,7457.76,5043.642061119092,1555.52,,15500.0
2026-02-22,2798.56981981982,,21431.67,7483.84,4541.313524590164,1452.15,,
2026-02-23,2971.43948298062,4425.0,20602.58,7796.96,5017.327401910276,1566.41,,16685.44
2026-02-24,3079.586773294523,4425.0,20479.78,7757.21,4990.544257706767,1559.44,,17830.66
2026-02-25,2774.448056260989,4425.0,20731.83,7767.77,5022.6891646754775,1541.08,,14835.09
2026-02-26,2822.127493802385,4425.0,20599.75,7704.61,4996.689284921007,1564.99,,17548.66
2026-02-27,2707.007184192576,4425.0,20544.77,7765.88,5012.786660354091,1615.7,,17168.86
2026-02-28,2532.485974754559,,20933.9,7523.64,4990.269498331542,1551.27,,17300.0
2026-01-03,2588.2589676290463,,,7428.27,4678.554301833568,1390.43,1384.81,
2026-02-03,3311.201849093304,4425.0,20532.04,7477.63,5140.494274104175,1770.83,1008.0,17017.34
2026-03-03,2669.499906349504,,20547.73,,5003.553299492386,1547.93,912.27,
2026-04-03,2829.7953072323494,,20473.84,7599.92,5086.274573382387,1607.36,923.4,17393.33
2026-05-03,2550.664852199948,4425.0,20309.26,7595.38,5194.904883336394,1586.78,960.33,15976.67
2026-06-03,2478.0049369496446,4425.0,20171.39,7655.69,5147.855642037564,1562.14,1294.97,16213.77
2026-07-03,2535.563240123396,,20190.91,7643.91,5218.300738063265,1620.42,1891.05,16900.0
2026-08-03,2792.407862407862,,20500.0,7539.63,5300.0,1469.31,,
2026-09-03,2543.6095727452293,4425.0,20202.71,7623.76,5376.006186106898,1651.53,,16033.02
2026-10-03,2512.445858772307,4425.0,20485.24,7644.0,5283.776309260249,1642.65,,16399.72
2026-11-03,2435.349167688993,4425.0,20519.57,7696.43,5141.606748947748,1629.42,,15599.74
2026-12-03,2510.0164500912106,4425.0,20367.44,7639.6,5339.952228840223,1627.0,,15648.96
2026-03-13,2516.232583467596,4425.0,20141.56,7553.06,5304.259059225164,1639.99,,15223.43
2026-03-14,2337.4905918694485,,20100.0,7606.13,5213.640705179183,1637.86,,15800.0
2026-03-15,2142.816083817075,,21388.0,7403.93,5033.784355179703,1429.8,,
2026-03-16,2516.6493189169714,4425.0,20180.75,7493.97,5246.308663853546,1628.37,,15124.39
2026-03-17,2624.254970886549,4425.0,20162.47,7414.94,5111.057049997957,1584.43,,15440.61
2026-03-18,2612.966909344198,4425.0,20215.22,7469.53,5173.121559922572,1585.85,,22165.76
2026-03-19,2567.249222867956,,20190.06,7500.63,5348.347002174588,1681.84,,13835.27
2026-03-20,2683.38298932137,4425.0,20000.0,7308.83,5326.682546189064,1662.05,,16082.54
2026-03-21,3615.97760486432,,20089.14,7305.36,5162.5168422870975,2296.74,,11991.13
2026-03-22,2154.60358056266,,21538.46,7448.37,5043.765595463138,1473.54,,
2026-03-23,2288.4038564571406,,20423.04,7458.74,5313.856759853517,1648.62,,14720.29
2026-03-24,2535.751444872476,4425.0,20442.9,7564.8,5306.262002836793,1609.91,,14485.92
2026-03-25,2626.596545235873,4425.0,20474.45,7558.24,5258.4085603596,1642.64,,15123.02
2026-03-26,3914.4512517242392,4425.0,20518.07,7488.52,5015.333333333333,1967.58,,14621.08
2026-03-27,2572.869629963243,,20452.66,7673.68,5262.877340269774,1641.15,,13879.98
2026-03-28,2702.9552853934524,4425.0,20558.41,7355.8,5424.407656155481,1736.23,,19625.65
2026-03-29,2190.9151935556056,,20007.69,7634.84,5343.28922495274,1427.58,,
2026-03-30,3206.9795709138057,4425.0,20297.81,7527.51,5070.183811793516,1705.18,,12436.55
2026-03-31,4021.281790738512,4425.0,20345.87,7496.02,4921.399880968126,2147.46,,14687.97
2026-01-04,3128.7088360624343,4425.0,20378.84,7787.62,5550.156518710408,1581.5,1440.53,14134.6
2026-02-04,2838.687020211657,4425.0,20100.0,7607.23,5424.924875311722,1750.4,1029.61,13667.78
2026-03-04,3428.772399931913,4425.0,21300.0,7742.35,5485.105606862341,1762.34,788.94,13961.62
2026-04-04,2888.5850679877244,4425.0,20417.3,7567.67,5486.192244812869,1780.59,959.99,15134.01
2026-05-04,2501.4240764832243,,20000.0,7998.66,5359.829861111111,1588.74,987.98,
2026-06-04,2622.9238649221675,4425.0,20350.86,8147.55,5287.271596960543,1698.55,1248.11,13555.01
2026-07-04,2790.9810447636764,4425.0,20353.7,7756.64,5301.5735795217615,1695.26,1832.32,15363.38
2026-08-04,2557.716036612737,4425.0,20361.69,7646.4,5409.9320552171375,1730.41,,15906.79
2026-09-04,2528.725831705684,4425.0,20227.64,7922.64,5381.306553001215,1748.07,,14728.63
2026-10-04,2626.1699891831686,4425.0,20162.89,7637.21,5298.959202562449,1666.62,,14004.53
2026-11-04,2782.865147026221,4425.0,20101.84,7889.76,5258.013503534127,1677.67,,14060.17
2026-12-04,2414.4889847831028,,20000.0,7777.72,5063.407407407408,1735.45,,
2026-04-13,2661.4931897243555,,20151.62,7724.63,5426.926811162039,1708.88,,13410.16
2026-04-14,4061.682215857821,4425.0,20160.0,7848.23,5043.122432210353,1695.57,,15883.85
2026-04-15,2572.930622375503,4425.0,20100.0,7928.21,5367.793389956983,1690.51,,14577.1
2026-04-16,2496.591659310672,4425.0,20220.22,7690.1,5404.737267488322,1666.77,,13951.56
2026-04-17,2625.610871951799,4425.0,20226.51,7905.67,5313.683322572892,1715.64,,12920.11
2026-04-18,2738.239077309289,4425.0,20219.78,7923.26,5439.376862296278,1671.09,,14573.3
2026-04-19,2759.4566210045664,,20506.78,7999.25,5050.0,1799.61,,13200.0
2026-04-20,2497.6261057709507,4425.0,20169.65,7858.31,5414.074200663712,1748.99,,12919.04
2026-04-21,2715.7960551778747,4425.0,20162.68,7488.8,5434.22922819777,1682.13,,14011.15
2026-04-22,2601.4593519166247,4425.0,20088.34,8277.59,5556.112403888252,1705.88,,13230.17
2026-04-23,2536.668124237685,4425.0,20191.22,7658.0,5555.757631780217,1744.11,,13835.0
2026-04-24,2744.568584542556,4425.0,20191.36,7878.33,5687.924279315721,1745.75,,13874.24
2026-04-25,2694.343895052485,4425.0,20368.77,7838.67,5830.884539782925,1693.22,,14376.93
2026-04-26,2362.246799116998,,,8123.83,5559.617972010804,1818.46,,13067.0
2026-04-27,2626.5568355880805,,20301.03,8251.02,5623.936706338086,1806.25,,13299.66
2026-04-28,2727.892403399197,4425.0,20301.04,8019.81,5786.893741540044,1846.91,,13629.39
2026-04-29,2593.0966272236487,4425.0,20395.12,7667.88,5844.468743528632,1838.27,,13173.42
2026-04-30,2725.0370432213267,4425.0,20408.5,8083.3,5835.140587883586,1893.05,,13008.54
2026-01-05,2297.90990990991,,20100.0,8087.3,5236.8663594470045,1797.29,1239.89,12800.19
2026-02-05,2432.8574020033125,4425.0,20192.86,8373.7,6037.531495547406,1855.62,1026.92,12724.57
2026-03-05,2347.248687536457,,,8193.81,5817.904812549853,1605.57,833.88,
2026-04-05,2635.550428081452,4425.0,20245.04,8899.22,6179.978737672296,1919.55,931.77,12869.98
2026-05-05,2624.8438344795754,4425.0,20311.52,8580.84,6293.070046206389,1879.96,1038.86,12978.13
2026-06-05,2616.4952234569314,4425.0,20350.26,8563.68,6354.368699326609,1878.17,1287.69,13049.22
2026-07-05,2685.738156727836,4425.0,20311.61,8623.0,6387.195125313762,1895.9,1997.6,13144.82
2026-08-05,2753.2226294109973,4425.0,20344.9,8680.79,6434.713985232736,1896.31,,13766.71
2026-09-05,2997.1290428662087,,20100.0,8849.84,6420.056240290004,1756.76,,12931.15
2026-10-05,2338.7467298484626,,20100.0,8487.08,6013.003492433061,1973.16,,
2026-11-05,2724.809611383173,4425.0,20248.22,9444.23,6610.438002449229,1843.37,,14418.52
2026-12-05,2858.036804843631,4425.0,20257.37,9399.14,6602.640009722897,1865.78,,13489.4
2026-05-13,2635.8610271814355,4425.0,20278.06,9027.93,7052.397422316385,1851.18,,12756.5
2026-05-14,2610.4866586113203,4425.0,20420.1,8886.74,7011.549527347252,1844.25,,12597.38
2026-05-15,2675.734431714169,4425.0,20340.21,8999.28,6959.768267148591,1881.13,,12373.32
2026-05-16,2381.798073755266,,20436.56,7670.66,6827.546576373212,1870.96,,12541.42
2026-05-17,2458.3355945555604,,,8967.06,7003.977687626773,1672.78,,
2026-05-18,2565.4072163266724,4500.0,20206.1,9550.1,6992.94287353974,1908.13,,13077.25
2026-05-19,2617.7179692820528,4500.0,20296.02,9461.11,7268.835512203565,1885.69,,13249.72
2026-05-20,2626.757764108625,4500.0,20207.92,8143.81,7259.803443612721,1904.42,,12703.13
2026-05-21,2581.918330850239,4500.0,20195.42,8650.18,7254.019033533943,1899.64,,12418.91
2026-05-22,2585.863247206745,4500.0,20229.71,9053.85,7180.714672259699,1934.37,,12929.32
2026-05-23,2884.3509013937114,4500.0,20200.3,8400.32,7268.726402692328,1909.62,,13248.02
2026-05-24,2493.788734334114,,,8668.26,7184.663318986131,1719.79,,
2026-05-25,2659.1670837666475,,20285.33,8252.66,7222.007923096382,1957.21,,15449.3
2026-05-26,2739.062140355938,4500.0,20290.34,8614.69,7105.922095533835,1947.16,,16410.65
2026-05-27,2826.999584305688,4500.0,20270.47,8624.52,7129.465440433787,1993.64,,14164.87
2026-05-28,3160.306118478649,4500.0,20299.18,9003.38,7121.464803585553,2009.72,,13169.17
2026-05-29,2584.110799287279,4500.0,20290.66,8833.08,7014.233550211678,2013.11,,12367.51
2026-05-30,2774.3785901315737,4500.0,20337.31,8107.32,7169.37243955653,1940.06,,12849.73
2026-05-31,2557.042087542088,,20000.0,8556.87,7021.118032786884,1806.79,,
2026-01-06,2419.080799768699,4500.0,20335.08,8674.74,7175.03563344332,2019.54,1311.52,12911.71
2026-02-06,2649.01639844029,4500.0,20249.18,8646.62,7111.79858986739,2004.79,1024.19,12461.56
2026-03-06,2546.664514431516,4500.0,20123.08,8528.44,6892.018406261464,2050.12,841.55,12695.4
2026-04-06,2648.08290776544,4500.0,20096.12,8577.48,6669.079030432474,2120.74,958.88,12446.47
2026-05-06,2702.055618175289,4500.0,20111.88,8053.36,6603.677379891243,2120.01,1001.91,12371.34
2026-06-06,3027.891488413547,,20099.69,8335.36,6566.013680909447,2145.61,1266.04,12586.35
2026-07-06,2649.9828512632903,,,8416.55,6083.809523809524,2093.68,2076.49,
2026-08-06,2739.154098303841,4500.0,20099.45,8404.31,6629.402610623174,2098.5,,12403.19
2026-09-06,2366.239132167367,4500.0,19932.98,8159.92,6492.861465788407,2072.38,,12337.5
2026-10-06,2803.6658296051137,4500.0,19931.59,8063.31,6565.096105892607,2084.21,,13126.44
2026-11-06,2665.5756890934013,4500.0,19899.17,8358.31,6768.289108313211,2087.02,,12477.69
2026-12-06,2671.886663306409,4500.0,19839.39,8183.58,6817.177134895808,1975.34,,12394.75
2026-06-13,3047.2790773617016,4500.0,20000.0,8253.25,6830.149912673136,2040.96,,12914.87
2026-06-14,2337.5636418847107,,20000.0,8407.16,6658.236156351792,1925.2,,
2026-06-15,2854.879143835009,4500.0,20062.18,8300.77,6712.237111189465,2081.97,,12962.34
2026-06-16,2724.9156744163784,4500.0,20167.93,8202.96,6650.631484849419,2071.22,,13580.87
2026-06-17,2724.030541090898,4500.0,20266.94,8307.97,6607.679461276119,2069.96,,14020.29
2026-06-18,2692.0387154764608,4500.0,20351.24,8477.73,6586.055756503201,2047.8,,13480.25
2026-06-19,2846.4371655659925,4500.0,20307.92,8481.83,6857.222978576158,2051.28,,13598.16
2026-06-20,2428.225261675439,,20413.32,8704.37,6648.637597198981,2145.12,,13855.37
2026-06-21,2325.42801107522,,,8167.76,6678.669201520914,1986.79,,
2026-06-22,2884.8427551430227,4500.0,20288.67,8219.71,6718.979013871319,2215.1,,14576.68
2026-06-23,3226.2925331092515,4500.0,20351.1,8034.83,6690.182119391252,2229.94,,14116.02
2026-06-24,2881.690430443924,4500.0,20488.2,8789.94,6675.465490270117,2228.74,,13129.61
2026-06-25,2866.490241889226,4500.0,20489.47,8648.77,6638.186867035041,2225.46,,13116.67
2026-06-26,3798.9746420303536,4500.0,20400.0,,6544.159042553191,2301.29,,13802.8
2026-06-27,2974.3253595146425,4500.0,20424.19,8950.0,6769.637652811735,2286.01,,13297.67
2026-06-28,2777.0670495692343,,20800.0,,6423.776223776224,2164.84,,
2026-06-29,3144.8449269168304,4350.0,20566.12,8875.0,6645.469149531452,2306.27,,13617.78
2026-06-30,3215.4693551760483,4350.0,20542.37,8875.0,6666.651630836604,2120.88,,13551.09
