Date,Total_Arrivals_MT,Weighted_Min_Price,Weighted_Max_Price,Weighted_Modal_Price,Markets_Reported
2021-01-01,843.0,1707.78,2490.62,2094.37,74.0
2021-01-02,915.0,1730.46,2827.27,2288.28,62.0
2021-01-03,69.0,1477.19,1821.77,1591.33,11.0
2021-01-04,1078.0,1763.64,2872.49,2311.38,66.0
2021-01-05,1336.0,1856.53,3468.12,2685.35,49.0
2021-01-06,539.0,1985.42,4192.93,3091.55,13.0
2021-01-07,14.0,1527.21,1618.86,1563.14,4.0
2021-01-08,11.0,1525.45,1702.73,1599.09,4.0
2021-01-09,67.0,1659.7,2040.52,1858.58,6.0
2021-01-10,58.0,1638.79,1868.1,1715.17,4.0
2021-01-11,1123.0,1983.53,4434.06,3208.68,11.0
2021-01-12,69.0,1540.17,1825.68,1724.78,11.0
2021-01-13,174.0,1541.04,1837.03,1673.44,24.0
2021-01-14,722.0,1837.86,3207.51,2539.62,43.0
2021-01-15,742.0,1883.85,3575.24,2743.09,33.0
2021-01-16,1008.0,1805.46,2915.0,2356.84,63.0
2021-01-17,156.0,1588.17,1870.81,1713.03,13.0
2021-01-18,1414.0,1804.67,2801.71,2304.74,78.0
2021-01-19,1487.0,1821.57,3182.02,2527.74,76.0
2021-01-20,1340.0,1771.09,2643.69,2200.71,76.0
2021-01-21,1415.0,1786.95,2611.24,2182.45,78.0
2021-01-22,1441.0,1809.55,2834.07,2311.47,74.0
2021-01-23,1550.0,1819.92,2945.03,2363.81,66.0
2021-01-24,180.0,1674.12,1816.15,1743.97,10.0
2021-01-25,1747.0,1760.65,2618.43,2199.04,85.0
2021-01-26,65.0,1629.54,1736.31,1700.62,4.0
2021-01-27,2487.0,1809.46,3031.44,2437.33,83.0
2021-01-28,1942.0,1742.85,2759.07,2248.83,80.0
2021-01-29,1537.0,1723.94,2420.79,2074.8,74.0
2021-01-30,1477.0,1775.5,2740.57,2267.22,60.0
2021-01-31,209.0,1685.95,1842.87,1749.37,16.0
2021-02-01,1685.0,1735.55,2647.28,2200.89,82.0
2021-02-02,1729.0,1794.61,2803.56,2286.0,71.0
2021-02-03,1585.0,1730.78,2729.03,2237.33,72.0
2021-02-04,1358.0,1782.34,2552.82,2168.81,77.0
2021-02-05,1414.0,1824.15,2941.01,2368.31,62.0
2021-02-06,315.0,1697.77,1938.98,1838.28,30.0
2021-02-07,96.0,1594.23,1776.15,1663.35,9.0
2021-02-08,428.0,1577.68,1897.82,1728.22,33.0
2021-02-09,2053.0,1852.81,3144.54,2498.4,74.0
2021-02-10,1917.0,1352.17,1954.18,1655.92,79.0
2021-02-11,1293.0,1902.95,2957.14,2434.77,58.0
2021-02-12,1830.0,1802.48,2646.28,2217.2,72.0
2021-02-13,1376.0,2009.19,2906.57,2437.3,60.0
2021-02-14,205.0,1562.34,1715.56,1646.65,11.0
2021-02-15,2013.0,1747.48,2437.94,2106.35,80.0
2021-02-16,2519.0,1871.68,3019.86,2456.36,70.0
2021-02-17,2313.0,1692.22,2384.77,2062.61,73.0
2021-02-18,2766.0,1645.47,2221.04,1949.99,78.0
2021-02-19,148.0,1614.08,1768.2,1688.14,14.0
2021-02-20,2282.0,1784.45,2742.0,2284.38,60.0
2021-02-21,149.0,1572.05,1700.76,1669.8,9.0
2021-02-22,3110.0,1651.11,2485.46,2089.57,77.0
2021-02-23,3052.0,1691.76,2551.91,2137.25,73.0
2021-02-24,2732.0,1648.64,2227.2,1950.34,85.0
2021-02-25,2885.0,1550.95,1867.74,1745.14,81.0
2021-02-26,3244.0,1629.5,2284.42,2001.48,60.0
2021-02-27,1405.0,1585.21,1949.08,1822.98,53.0
2021-02-28,168.0,1567.44,1808.65,1682.14,10.0
2021-03-01,4439.0,1664.15,2334.88,2013.85,96.0
2021-03-02,5484.0,1693.94,2508.77,2125.13,82.0
2021-03-03,5341.0,1570.44,2037.23,1843.55,82.0
2021-03-04,5191.0,1643.74,2232.51,1973.14,90.0
2021-03-05,4693.0,1665.07,2257.47,1989.51,78.0
2021-03-06,2719.0,1801.69,2609.46,2219.91,65.0
2021-03-07,226.0,1623.96,1778.83,1711.81,13.0
2021-03-08,6552.0,1640.43,2212.59,1951.18,99.0
2021-03-09,5885.0,1701.68,2456.54,2116.86,81.0
2021-03-10,6295.0,1659.1,2248.45,1983.89,83.0
2021-03-11,330.0,1948.27,2243.37,2146.46,19.0
2021-03-12,6337.0,1654.3,2259.94,1988.06,86.0
2021-03-13,3102.0,1713.48,2480.69,2119.92,43.0
2021-03-14,402.0,1618.12,1765.48,1706.7,12.0
2021-03-15,4413.0,1684.68,2323.3,2039.39,71.0
2021-03-16,2153.0,1819.3,3165.31,2489.6,27.0
2021-03-17,180.0,1622.01,1788.91,1716.17,8.0
2021-03-18,424.0,1633.31,1829.21,1768.19,12.0
2021-03-19,791.0,1539.27,1770.75,1672.35,21.0
2021-03-20,1978.0,1674.46,2738.99,2216.14,44.0
2021-03-21,406.0,1644.84,1800.35,1741.85,14.0
2021-03-22,5597.0,1641.5,2400.61,2051.48,86.0
2021-03-23,2890.0,1613.97,1958.61,1797.14,79.0
2021-03-24,5021.0,1716.51,2793.12,2265.87,84.0
2021-03-25,4612.0,1682.0,2317.14,1995.97,80.0
2021-03-26,4471.0,1632.94,2345.99,2022.42,71.0
2021-03-27,2225.0,1731.52,2684.92,2214.11,42.0
2021-03-28,102.0,1614.89,1830.98,1784.25,11.0
2021-03-29,92.0,1846.03,1995.49,1935.16,8.0
2021-03-30,2387.0,1901.04,3343.11,2624.83,31.0
2021-03-31,1900.0,1893.61,3453.73,2670.02,32.0
2021-04-01,1682.0,1714.62,2652.95,2191.0,51.0
2021-04-02,1095.0,1889.12,3700.39,2796.66,23.0
2021-04-03,3037.0,1721.02,2637.09,2176.72,57.0
2021-04-04,224.0,1622.56,1888.04,1795.17,17.0
2021-04-05,6633.0,1662.71,2450.43,2054.09,99.0
2021-04-06,5530.0,1657.6,2576.01,2118.2,87.0
2021-04-07,5829.0,1855.21,2676.48,2301.85,88.0
2021-04-08,5666.0,1721.99,2479.77,2106.13,88.0
2021-04-09,4476.0,1817.98,2744.37,2315.16,85.0
2021-04-10,2256.0,2167.39,3766.01,3000.02,22.0
2021-04-11,232.0,1596.38,1766.88,1688.14,8.0
2021-04-12,5812.0,1855.91,2782.45,2343.25,77.0
2021-04-13,2006.0,2111.31,3705.58,2919.58,47.0
2021-04-14,1224.0,2154.91,4211.7,3182.48,16.0
2021-04-15,4261.0,1761.75,2632.49,2203.86,88.0
2021-04-16,3626.0,1799.49,2573.92,2183.09,88.0
2021-04-17,2855.0,1896.4,2874.03,2380.03,39.0
2021-04-18,526.0,1621.65,1826.75,1726.19,10.0
2021-04-19,7919.0,1957.18,3377.45,2646.35,73.0
2021-04-20,3547.0,1889.01,2921.54,2431.44,64.0
2021-04-21,737.0,2253.59,4023.96,3139.03,16.0
2021-04-22,2764.0,1757.13,2304.68,2050.09,66.0
2021-04-23,2038.0,1827.33,2616.9,2248.3,56.0
2021-04-24,1125.0,1700.42,2004.47,1859.62,31.0
2021-04-25,107.0,1880.56,2052.49,2005.94,9.0
2021-04-26,2285.0,1847.5,2746.74,2313.78,71.0
2021-04-27,1234.0,1850.56,2659.96,2257.45,44.0
2021-04-28,1509.0,1696.27,2148.17,1944.84,58.0
2021-04-29,1539.0,1833.56,2523.58,2193.99,59.0
2021-04-30,1604.0,1773.86,2414.12,2114.61,53.0
2021-05-01,159.0,2179.18,2831.23,2529.29,9.0
2021-05-02,98.0,1637.76,1875.91,1763.57,8.0
2021-05-03,2749.0,1832.82,2749.78,2270.6,72.0
2021-05-04,2478.0,1838.79,2471.17,2169.37,70.0
2021-05-05,1977.0,1732.14,2269.24,1997.63,69.0
2021-05-06,2679.0,1846.69,2396.58,2123.37,70.0
2021-05-07,1764.0,1865.2,2674.49,2234.62,53.0
2021-05-08,1134.0,2074.93,3140.41,2634.64,33.0
2021-05-09,121.0,1935.32,2104.55,2030.8,11.0
2021-05-10,2093.0,2085.39,3089.81,2593.93,48.0
2021-05-11,1784.0,2090.16,3185.49,2684.25,36.0
2021-05-12,1297.0,1843.2,2621.76,2243.16,44.0
2021-05-13,1245.0,1963.14,2927.78,2471.51,36.0
2021-05-14,557.0,2249.41,4177.24,3222.29,12.0
2021-05-15,659.0,2132.11,3577.24,2839.71,21.0
2021-05-16,52.0,1587.25,1797.31,1660.81,9.0
2021-05-17,1897.0,2025.32,3044.27,2554.45,50.0
2021-05-18,1791.0,1916.51,2877.97,2399.9,48.0
2021-05-19,1749.0,1910.43,2883.41,2391.8,47.0
2021-05-20,1809.0,1918.66,2643.31,2285.88,55.0
2021-05-21,1419.0,1681.66,2017.07,1860.86,50.0
2021-05-22,1243.0,1945.89,2918.5,2422.31,23.0
2021-05-23,81.0,1685.54,1890.4,1770.48,8.0
2021-05-24,2927.0,1763.79,2355.71,2041.82,69.0
2021-05-25,2761.0,1916.46,2779.8,2363.69,72.0
2021-05-26,872.0,2177.17,3735.33,2944.28,22.0
2021-05-27,2363.0,1722.32,2292.79,2013.04,64.0
2021-05-28,2702.0,1735.99,2296.83,2014.59,65.0
2021-05-29,1702.0,1867.11,2739.46,2298.95,46.0
2021-05-30,91.0,1682.82,1893.95,1738.71,7.0
2021-05-31,3111.0,1802.87,2592.43,2187.15,71.0
2021-06-01,2724.0,1921.73,2896.4,2409.65,71.0
2021-06-02,2391.0,1410.68,1908.83,1650.79,81.0
2021-06-03,2910.0,1495.7,2052.97,1769.75,88.0
2021-06-04,1861.0,1808.76,2555.72,2226.34,75.0
2021-06-05,1984.0,1497.76,2316.95,1929.77,54.0
2021-06-06,102.0,1584.85,1817.55,1719.58,9.0
2021-06-07,1259.0,1700.56,2058.16,1860.83,67.0
2021-06-08,2157.0,1947.03,3187.38,2571.87,72.0
2021-06-09,2206.0,1877.92,3010.36,2447.84,70.0
2021-06-10,1738.0,1894.66,2871.85,2372.56,75.0
2021-06-11,1572.0,1848.13,2743.68,2277.45,74.0
2021-06-12,1175.0,1923.79,3163.7,2538.35,47.0
2021-06-13,169.0,1899.63,2387.56,2144.82,12.0
2021-06-14,2181.0,1793.04,2603.78,2195.22,96.0
2021-06-15,2129.0,1973.38,3203.28,2604.38,89.0
2021-06-16,1871.0,1834.61,2672.02,2280.7,91.0
2021-06-17,2402.0,1823.75,2698.32,2233.21,93.0
2021-06-18,1751.0,1850.34,2708.74,2271.0,90.0
2021-06-19,1033.0,1912.99,2933.81,2427.75,59.0
2021-06-20,134.0,1637.07,1893.78,1739.13,13.0
2021-06-21,1913.0,1823.85,2686.39,2242.56,94.0
2021-06-22,2095.0,1912.59,2969.57,2441.11,83.0
2021-06-23,1664.0,1863.13,2648.05,2281.72,86.0
2021-06-24,1584.0,1886.79,2828.53,2346.92,91.0
2021-06-25,1355.0,1828.57,2572.02,2188.86,91.0
2021-06-26,1448.0,1960.84,3079.39,2529.95,68.0
2021-06-27,125.0,1971.52,2136.58,2007.42,13.0
2021-06-28,1731.0,1831.04,2579.85,2204.37,97.0
2021-06-29,1764.0,1894.81,2906.74,2381.26,80.0
2021-06-30,1446.0,1811.23,2447.37,2134.69,85.0
2021-07-01,866.0,1957.9,2923.61,2437.45,57.0
2021-07-02,1705.0,1970.51,2799.14,2396.26,90.0
2021-07-03,1027.0,2138.85,3288.04,2725.29,44.0
2021-07-04,71.0,1608.93,1764.9,1672.94,12.0
2021-07-05,1140.0,2057.59,3310.84,2669.41,59.0
2021-07-06,1459.0,2019.95,3720.62,2867.95,61.0
2021-07-07,1229.0,1912.21,3079.0,2500.98,67.0
2021-07-08,1204.0,1941.76,3251.24,2587.5,62.0
2021-07-09,954.0,2019.07,3517.45,2770.93,53.0
2021-07-10,1094.0,2005.7,4176.45,3085.57,35.0
2021-07-11,50.0,1588.92,1764.84,1646.1,9.0
2021-07-12,1636.0,1900.04,3173.35,2526.95,81.0
2021-07-13,1908.0,1958.68,3601.68,2782.53,78.0
2021-07-14,1372.0,1952.44,3126.37,2541.98,76.0
2021-07-15,1255.0,1897.77,2945.05,2411.28,88.0
2021-07-16,1274.0,1021.85,1164.37,1101.93,62.0
2021-07-17,1523.0,2000.58,2776.11,2385.04,53.0
2021-07-18,89.0,1814.84,2098.1,1907.07,11.0
2021-07-19,1738.0,1849.72,2725.17,2288.04,91.0
2021-07-20,186.0,1829.64,2100.49,1960.12,27.0
2021-07-21,707.0,2206.32,4294.64,3254.65,17.0
2021-07-22,1649.0,1839.3,2540.67,2203.82,81.0
2021-07-23,1502.0,1909.76,2790.82,2368.43,72.0
2021-07-24,951.0,1946.19,2842.76,2376.06,50.0
2021-07-25,86.0,1619.31,1754.14,1660.73,11.0
2021-07-26,1822.0,1817.26,2557.32,2190.47,88.0
2021-07-27,1901.0,1916.53,3052.07,2481.24,78.0
2021-07-28,1444.0,1836.16,2570.76,2217.98,81.0
2021-07-29,1456.0,1805.63,2470.04,2121.26,85.0
2021-07-30,1157.0,1854.83,2569.39,2209.45,79.0
2021-07-31,1180.0,1956.86,2956.29,2486.95,51.0
2021-08-01,119.0,1708.24,1923.91,1809.87,11.0
2021-08-02,2109.0,1872.69,2911.25,2406.09,85.0
2021-08-03,2178.0,1954.7,3005.34,2489.41,78.0
2021-08-04,1531.0,1929.66,2918.15,2441.08,72.0
2021-08-05,899.0,1957.84,3249.13,2608.1,42.0
2021-08-06,1777.0,1906.94,2964.01,2432.34,88.0
2021-08-07,1457.0,2005.56,3098.61,2542.36,55.0
2021-08-08,88.0,1611.57,1764.41,1667.33,10.0
2021-08-09,2212.0,1891.15,2925.08,2419.1,85.0
2021-08-10,1895.0,1894.44,2895.29,2379.25,83.0
2021-08-11,1383.0,1821.7,2567.3,2180.83,80.0
2021-08-12,1253.0,1854.26,2391.74,2126.39,86.0
2021-08-13,926.0,2002.93,3212.6,2603.71,48.0
2021-08-14,1165.0,1941.17,3103.76,2530.32,49.0
2021-08-15,48.0,1640.42,1849.58,1718.75,7.0
2021-08-16,1173.0,2104.09,3387.44,2744.51,32.0
2021-08-17,1753.0,1966.53,3239.23,2610.27,76.0
2021-08-18,1261.0,1893.28,2805.86,2355.24,75.0
2021-08-19,816.0,1970.8,3127.08,2555.41,27.0
2021-08-20,1530.0,1875.77,2829.91,2363.91,86.0
2021-08-21,1185.0,1939.11,3046.17,2501.9,56.0
2021-08-22,69.0,1598.64,1818.0,1718.3,9.0
2021-08-23,1692.0,1861.57,2719.21,2291.67,83.0
2021-08-24,1678.0,1928.52,3095.57,2504.62,83.0
2021-08-25,1157.0,1841.38,2887.16,2256.84,83.0
2021-08-26,1606.0,1787.99,2492.11,2133.83,89.0
2021-08-27,1458.0,1850.93,2677.0,2081.63,83.0
2021-08-28,1451.0,1891.4,2937.82,2423.32,58.0
2021-08-29,292.0,1644.79,1977.8,1783.62,11.0
2021-08-30,1761.0,1891.09,2858.6,2372.01,85.0
2021-08-31,962.0,1899.33,2255.88,2122.34,58.0
2021-09-01,2453.0,1899.41,3121.84,2485.08,92.0
2021-09-02,2078.0,1843.46,2678.3,2251.55,96.0
2021-09-03,1974.0,1885.92,2748.14,2336.64,88.0
2021-09-04,1590.0,1920.77,2936.35,2436.07,64.0
2021-09-05,156.0,1722.38,1964.17,1828.4,12.0
2021-09-06,663.0,2174.29,3927.23,3055.55,18.0
2021-09-07,1562.0,2040.26,3820.02,2942.24,52.0
2021-09-08,1753.0,1945.02,3275.57,2614.67,77.0
2021-09-09,1909.0,1899.83,2624.36,2261.87,90.0
2021-09-10,150.0,1845.93,2145.47,2020.9,15.0
2021-09-11,1751.0,2064.12,3442.3,2757.39,50.0
2021-09-12,212.0,1750.08,1956.57,1850.32,17.0
2021-09-13,2366.0,2145.24,4386.17,3270.15,50.0
2021-09-14,2400.0,1920.9,3174.19,2546.64,88.0
2021-09-15,2049.0,1907.96,2805.15,2363.56,84.0
2021-09-16,1801.0,1859.33,2643.63,2257.03,84.0
2021-09-17,1090.0,2011.78,3291.65,2657.83,65.0
2021-09-18,1826.0,1861.14,2832.74,2366.18,69.0
2021-09-19,138.0,1785.99,1905.17,1843.88,12.0
2021-09-20,1859.0,1907.21,2895.62,2390.79,89.0
2021-09-21,2217.0,1898.38,2845.23,2375.21,84.0
2021-09-22,1462.0,1817.56,2420.95,2114.31,87.0
2021-09-23,1895.0,1855.72,2649.45,2258.91,91.0
2021-09-24,1501.0,1863.12,2736.19,2304.05,87.0
2021-09-25,626.0,1863.35,2242.69,2065.76,52.0
2021-09-26,224.0,1703.57,9813.96,1789.56,15.0
2021-09-27,1505.0,1999.55,3427.14,2761.33,64.0
2021-09-28,2020.0,1991.17,3406.04,2697.97,62.0
2021-09-29,1384.0,1748.65,2055.67,1896.31,82.0
2021-09-30,2478.0,1924.55,3161.26,2539.46,89.0
2021-10-01,2896.0,1991.64,3604.06,2791.79,83.0
2021-10-02,617.0,2199.55,4494.06,3346.32,17.0
2021-10-03,207.0,1695.52,1914.09,1771.66,16.0
2021-10-04,2643.0,1810.3,2491.91,2155.28,94.0
2021-10-05,2201.0,1907.82,2965.3,2423.93,80.0
2021-10-06,1089.0,2082.09,3742.81,2907.71,44.0
2021-10-07,1830.0,1843.55,2677.78,2292.42,76.0
2021-10-08,1939.0,1915.47,2950.91,2446.99,83.0
2021-10-09,1479.0,1944.54,3055.91,2494.42,56.0
2021-10-10,151.0,1741.68,1888.27,1809.89,14.0
2021-10-11,332.0,2046.9,2494.71,2257.35,29.0
2021-10-12,2637.0,1964.05,3377.66,2677.43,81.0
2021-10-13,1839.0,1909.99,2846.53,2367.45,81.0
2021-10-14,1511.0,1943.0,2847.82,2378.1,73.0
2021-10-15,279.0,1903.94,2158.25,2042.25,30.0
2021-10-16,1277.0,1885.91,2216.37,2071.81,59.0
2021-10-17,124.0,1706.93,1948.6,1811.43,13.0
2021-10-18,1990.0,1904.39,2569.36,2241.59,86.0
2021-10-19,618.0,2156.87,4300.51,3231.65,26.0
2021-10-20,1894.0,1956.55,2908.55,2431.1,88.0
2021-10-21,1592.0,1850.71,2766.25,2334.38,85.0
2021-10-22,1651.0,1911.96,3081.66,2492.16,79.0
2021-10-23,1671.0,1973.12,3121.16,2549.06,64.0
2021-10-24,195.0,1697.02,1970.35,1811.99,14.0
2021-10-25,1748.0,1876.67,2832.46,2360.74,82.0
2021-10-26,1609.0,1987.76,3164.55,2574.58,74.0
2021-10-27,1529.0,1974.77,3039.07,2510.85,77.0
2021-10-28,1809.0,1997.99,3186.88,2585.59,83.0
2021-10-29,1262.0,1961.08,3084.06,2520.66,68.0
2021-10-30,1656.0,2036.62,3275.01,2662.63,60.0
2021-10-31,165.0,1737.88,1964.07,1845.09,13.0
2021-11-01,1625.0,2067.8,3500.78,2797.56,61.0
2021-11-02,1141.0,2143.99,4078.12,3105.63,30.0
2021-11-03,719.0,2394.51,4013.98,3090.45,22.0
2021-11-04,23.0,1693.48,1881.09,1795.65,3.0
2021-11-05,904.0,2066.96,4077.5,3069.14,34.0
2021-11-06,90.0,2047.36,2590.82,2282.07,14.0
2021-11-07,72.0,1726.74,1955.9,1828.12,10.0
2021-11-08,1414.0,1943.48,2992.06,2473.75,76.0
2021-11-09,1502.0,1919.16,2599.24,2220.11,71.0
2021-11-10,1367.0,1964.37,2990.42,2482.6,82.0
2021-11-11,1522.0,1916.91,2832.22,2356.69,86.0
2021-11-12,1555.0,1996.28,3353.25,2664.37,75.0
2021-11-13,1144.0,1994.5,3112.36,2547.0,62.0
2021-11-14,75.0,1689.25,1893.47,1812.03,13.0
2021-11-15,1482.0,2002.91,3207.65,2605.36,78.0
2021-11-16,1395.0,1987.06,3258.84,2630.48,69.0
2021-11-17,1477.0,1950.76,3078.82,2510.77,75.0
2021-11-18,1458.0,1964.63,2969.14,2457.99,75.0
2021-11-19,666.0,1976.1,3654.45,2804.77,29.0
2021-11-20,1352.0,2019.29,2933.32,2466.55,64.0
2021-11-21,161.0,1781.11,1993.98,1855.45,13.0
2021-11-22,2023.0,2071.28,3476.0,2780.34,83.0
2021-11-23,1295.0,1947.54,2923.36,2438.62,79.0
2021-11-24,1642.0,1894.62,3023.27,2443.33,77.0
2021-11-25,1740.0,1960.62,2936.17,2431.47,86.0
2021-11-26,1817.0,1945.16,3111.75,2526.66,83.0
2021-11-27,1229.0,1904.2,2958.65,2446.24,64.0
2021-11-28,191.0,1755.03,2046.32,1864.77,16.0
2021-11-29,2106.0,1901.65,3088.12,2479.39,81.0
2021-11-30,1936.0,1889.58,3121.11,2515.2,79.0
2021-12-01,1388.0,1900.34,3128.62,2472.42,81.0
2021-12-02,1202.0,1934.84,3051.29,2490.74,66.0
2021-12-03,1174.0,1965.43,3093.12,2518.89,69.0
2021-12-04,742.0,1898.06,3073.98,2484.9,48.0
2021-12-05,154.0,1774.25,1963.94,1863.66,16.0
2021-12-06,1568.0,1888.42,3129.3,2497.01,85.0
2021-12-07,2101.0,2811.29,4917.49,4141.2,71.0
2021-12-08,1377.0,1943.04,3127.45,2537.13,74.0
2021-12-09,1427.0,1918.54,3086.58,2503.15,80.0
2021-12-10,1254.0,1907.17,2388.26,2128.47,85.0
2021-12-11,1253.0,1945.64,3365.68,2629.88,57.0
2021-12-12,125.0,1772.32,2135.33,1887.1,18.0
2021-12-13,1650.0,1936.56,3334.15,2626.26,83.0
2021-12-14,1868.0,1903.78,3551.9,2730.86,77.0
2021-12-15,1280.0,2060.05,2637.46,2353.05,78.0
2021-12-16,1194.0,1924.52,3224.99,2512.23,79.0
2021-12-17,2789.0,1839.01,2722.36,2323.08,71.0
2021-12-18,1063.0,2110.37,3417.08,2755.01,54.0
2021-12-19,150.0,1869.17,2136.88,1989.79,16.0
2021-12-20,1599.0,1940.88,2657.43,2296.39,78.0
2021-12-21,1180.0,1950.07,3713.06,2570.45,67.0
2021-12-22,1406.0,1922.43,3198.75,2558.15,78.0
2021-12-23,1372.0,1916.67,2824.73,2358.23,85.0
2021-12-24,1197.0,1984.24,3070.76,2524.92,74.0
2021-12-25,686.0,1987.31,3849.9,2901.67,26.0
2021-12-26,178.0,1738.62,2100.43,1903.14,14.0
2021-12-27,1418.0,1949.22,3201.38,2558.25,82.0
2021-12-28,1206.0,1976.69,3393.1,2672.31,71.0
2021-12-29,1167.0,2001.43,2488.28,2260.45,73.0
2021-12-30,1150.0,1939.48,2968.91,2433.5,76.0
2021-12-31,1028.0,2031.09,3249.47,2629.67,64.0
2022-01-01,992.0,2007.05,3031.77,2513.53,58.0
2022-01-02,92.0,2078.63,2363.11,2197.1,10.0
2022-01-03,1593.0,2122.94,3149.52,2622.62,77.0
2022-01-04,1462.0,1980.11,3111.87,2540.2,68.0
2022-01-05,1086.0,1983.37,2902.66,2436.78,66.0
2022-01-06,491.0,1945.65,2430.47,2196.36,40.0
2022-01-07,1273.0,2015.6,2827.11,2413.04,72.0
2022-01-08,1104.0,1976.44,3106.8,2537.6,52.0
2022-01-09,90.0,2070.61,2275.51,2188.68,9.0
2022-01-10,1378.0,2005.15,3287.71,2639.05,60.0
2022-01-11,1379.0,2034.37,3387.74,2705.22,62.0
2022-01-12,837.0,2046.07,3350.04,2700.09,41.0
2022-01-13,206.0,1727.12,1972.19,1843.16,34.0
2022-01-14,937.0,2103.67,3361.04,2738.14,39.0
2022-01-15,831.0,2119.42,3509.72,2817.15,31.0
2022-01-16,107.0,2029.14,2312.51,2144.34,14.0
2022-01-17,1440.0,1959.49,3132.15,2544.59,80.0
2022-01-18,1651.0,1989.37,3263.72,2631.07,66.0
2022-01-19,971.0,2008.36,3052.64,2523.91,64.0
2022-01-20,1308.0,2023.96,2991.01,2503.73,79.0
2022-01-21,994.0,1997.42,2987.8,2487.87,70.0
2022-01-22,1015.0,2034.49,2961.03,2493.29,61.0
2022-01-23,131.0,1969.39,2297.38,2106.99,15.0
2022-01-24,1300.0,2010.5,2890.59,2449.32,77.0
2022-01-25,1420.0,2035.27,3134.54,2592.53,66.0
2022-01-26,32.0,1920.62,2206.88,2076.09,5.0
2022-01-27,1451.0,1989.49,3041.25,2499.47,75.0
2022-01-28,1348.0,2023.09,3092.13,2555.01,73.0
2022-01-29,928.0,2005.65,2881.94,2445.93,60.0
2022-01-30,137.0,2011.42,2309.23,2129.67,13.0
2022-01-31,1479.0,1991.85,3120.57,2547.33,64.0
2022-02-01,1374.0,2101.32,3387.65,2786.86,55.0
2022-02-02,1531.0,1920.35,2770.29,2354.4,67.0
2022-02-03,1525.0,2013.79,2839.95,2420.85,83.0
2022-02-04,1049.0,1943.48,2652.23,2299.01,74.0
2022-02-05,1325.0,2070.43,3029.79,2552.02,59.0
2022-02-06,88.0,2036.53,2425.69,2181.02,10.0
2022-02-07,1002.0,2043.27,3214.41,2638.25,34.0
2022-02-08,1457.0,2034.88,2947.62,2505.79,77.0
2022-02-09,1412.0,2022.78,2776.43,2413.38,74.0
2022-02-10,1468.0,2024.62,2873.46,2454.91,77.0
2022-02-11,1418.0,2023.75,3032.48,2532.91,75.0
2022-02-12,1090.0,2042.23,2954.01,2497.39,58.0
2022-02-13,160.0,1896.56,2216.49,2025.38,15.0
2022-02-14,1550.0,1997.21,2908.03,2448.05,79.0
2022-02-15,1657.0,2002.37,3009.25,2513.58,74.0
2022-02-16,1125.0,1985.46,2844.89,2432.22,75.0
2022-02-17,1002.0,1988.28,2717.56,2356.02,70.0
2022-02-18,1043.0,1977.37,2939.81,2455.6,67.0
2022-02-19,162.0,2274.37,2508.17,2461.96,12.0
2022-02-20,83.0,1844.29,2101.02,1970.67,12.0
2022-02-21,1674.0,2009.28,2874.8,2445.25,75.0
2022-02-22,1800.0,2020.24,3037.5,2537.51,72.0
2022-02-23,1221.0,1991.4,2777.33,2389.69,68.0
2022-02-24,1453.0,1950.85,2710.71,2336.95,83.0
2022-02-25,1087.0,1925.94,2609.06,2270.02,72.0
2022-02-26,1031.0,2056.58,2914.71,2484.29,59.0
2022-02-27,158.0,1859.25,2076.1,1928.46,14.0
2022-02-28,2171.0,1950.46,2764.06,2362.77,83.0
2022-03-01,98.0,2313.83,2834.66,2557.89,12.0
2022-03-02,3191.0,2008.56,2578.54,2317.35,65.0
2022-03-03,2159.0,1945.57,2470.34,2226.74,81.0
2022-03-04,2152.0,1973.9,2557.89,2291.8,84.0
2022-03-05,1924.0,2014.2,2599.5,2308.84,71.0
2022-03-06,175.0,1907.29,2201.15,2032.31,12.0
2022-03-07,3585.0,1952.39,2557.35,2302.94,84.0
2022-03-08,4088.0,2101.48,2730.76,2450.82,84.0
2022-03-09,2525.0,2052.99,2669.83,2406.07,86.0
2022-03-10,2896.0,2110.02,2737.84,2454.82,85.0
2022-03-11,2623.0,2062.01,2693.02,2430.93,85.0
2022-03-12,2653.0,2139.52,2845.66,2527.36,66.0
2022-03-13,471.0,2082.71,2254.38,2143.64,15.0
2022-03-14,5081.0,2091.41,2721.54,2442.93,96.0
2022-03-15,4764.0,2052.89,2623.31,2382.14,79.0
2022-03-16,3904.0,2022.1,2607.57,2362.07,90.0
2022-03-17,3170.0,2106.17,2623.55,2416.89,56.0
2022-03-18,92.0,2574.07,3143.78,2862.87,12.0
2022-03-19,2833.0,2110.01,2702.9,2448.53,63.0
2022-03-20,318.0,2014.72,2203.55,2119.52,12.0
2022-03-21,5268.0,1994.09,2516.56,2306.72,96.0
2022-03-22,4219.0,1968.78,2492.41,2224.41,76.0
2022-03-23,3584.0,2070.61,2462.69,2309.1,90.0
2022-03-24,5509.0,2040.88,2475.7,2273.14,91.0
2022-03-25,3982.0,2060.73,2526.06,2315.72,80.0
2022-03-26,2206.0,2106.97,2677.63,2396.03,55.0
2022-03-27,1213.0,1982.47,2102.51,2049.07,17.0
2022-03-28,2818.0,2184.58,2715.98,2465.55,63.0
2022-03-29,2731.0,2127.05,2644.58,2403.25,59.0
2022-03-30,2151.0,2213.12,2784.88,2519.71,52.0
2022-03-31,2099.0,2170.74,2800.05,2501.95,49.0
2022-04-01,2006.0,2121.68,2683.93,2425.52,41.0
2022-04-02,894.0,2282.58,2949.12,2603.78,35.0
2022-04-03,711.0,2020.28,2196.01,2119.04,15.0
2022-04-04,6003.0,1991.76,2463.27,2248.57,94.0
2022-04-05,4521.0,2054.3,2611.5,2346.2,88.0
2022-04-06,5392.0,2090.83,2638.92,2377.59,91.0
2022-04-07,3963.0,2011.06,2498.72,2265.29,91.0
2022-04-08,3801.0,2026.97,2573.63,2317.69,85.0
2022-04-09,2645.0,2095.36,2739.49,2414.28,60.0
2022-04-10,92.0,2000.4,2415.38,2173.95,7.0
2022-04-11,5111.0,2081.09,2595.57,2345.96,83.0
2022-04-12,4568.0,2085.99,2664.29,2377.64,83.0
2022-04-13,3953.0,2027.94,2593.92,2328.59,78.0
2022-04-14,945.0,2326.3,3193.61,2762.43,14.0
2022-04-15,961.0,2284.88,3072.4,2660.26,26.0
2022-04-16,1766.0,2215.59,2936.04,2572.54,41.0
2022-04-17,437.0,1960.46,2167.11,2054.12,14.0
2022-04-18,4304.0,2049.86,2630.54,2364.61,99.0
2022-04-19,3842.0,2131.54,2670.06,2417.33,77.0
2022-04-20,2835.0,2098.55,2735.41,2428.23,79.0
2022-04-21,3197.0,2124.78,2992.68,2427.1,86.0
2022-04-22,2293.0,2088.61,2692.99,2383.15,85.0
2022-04-23,1538.0,2205.22,2874.7,2535.24,61.0
2022-04-24,341.0,2600.36,2735.94,2658.63,16.0
2022-04-25,3088.0,2118.93,2682.86,2403.91,83.0
2022-04-26,2907.0,2179.25,2814.35,2484.39,72.0
2022-04-27,2588.0,2158.73,2703.61,2440.77,75.0
2022-04-28,2567.0,2048.95,2538.36,2295.13,84.0
2022-04-29,2675.0,2238.17,2805.29,2536.61,77.0
2022-04-30,1746.0,2171.84,2757.18,2479.44,44.0
2022-05-01,129.0,2034.88,2206.71,2116.47,9.0
2022-05-02,2887.0,2118.47,2687.08,2395.5,87.0
2022-05-03,755.0,2374.23,3236.0,2811.04,17.0
2022-05-04,2243.0,2157.63,2687.82,2444.0,72.0
2022-05-05,2507.0,2144.87,2664.0,2403.98,83.0
2022-05-06,2010.0,2116.47,2762.68,2453.28,65.0
2022-05-07,469.0,2047.8,2604.61,2334.52,28.0
2022-05-08,301.0,1976.07,2386.36,2130.05,16.0
2022-05-09,2413.0,2136.23,2777.41,2474.36,72.0
2022-05-10,2220.0,2188.36,2842.94,2521.33,70.0
2022-05-11,1839.0,2202.68,2741.64,2486.64,67.0
2022-05-12,920.0,2232.27,2945.83,2593.96,32.0
2022-05-13,690.0,2040.29,2474.4,2276.19,42.0
2022-05-14,1451.0,2229.6,2796.37,2501.33,58.0
2022-05-15,270.0,2045.38,2375.28,2223.66,19.0
2022-05-16,746.0,2319.55,3003.9,2662.01,25.0
2022-05-17,2623.0,2132.1,2733.78,2435.52,80.0
2022-05-18,2133.0,2128.84,2651.98,2409.18,82.0
2022-05-19,2065.0,2047.04,2539.12,2297.47,85.0
2022-05-20,1661.0,2037.75,2533.75,2296.69,74.0
2022-05-21,1651.0,2175.65,2845.56,2463.98,59.0
2022-05-22,109.0,1944.68,2200.84,2094.47,12.0
2022-05-23,2254.0,2109.24,2644.94,2367.08,92.0
2022-05-24,2528.0,2113.72,2694.55,2408.27,71.0
2022-05-25,1540.0,2138.34,2730.43,2422.49,72.0
2022-05-26,1682.0,2129.69,2712.41,2405.46,81.0
2022-05-27,1738.0,2202.79,2797.67,2496.36,68.0
2022-05-28,1368.0,2215.15,2880.54,2543.85,54.0
2022-05-29,130.0,2095.78,2505.11,2308.71,10.0
2022-05-30,1693.0,2207.87,2873.55,2535.66,51.0
2022-05-31,2080.0,2137.79,2752.45,2432.33,75.0
2022-06-01,1318.0,2191.03,2814.87,2499.77,64.0
2022-06-02,779.0,2267.68,3074.27,2628.39,34.0
2022-06-03,273.0,1889.71,2405.07,2160.85,35.0
2022-06-04,915.0,2048.55,2692.5,2268.74,52.0
2022-06-05,115.0,1955.83,2324.7,2100.37,12.0
2022-06-06,428.0,1954.4,2366.06,2138.34,46.0
2022-06-07,2296.0,2197.44,2794.45,2495.75,79.0
2022-06-08,1515.0,2193.19,2805.18,2517.79,69.0
2022-06-09,1854.0,2174.94,3181.92,2495.18,83.0
2022-06-10,1506.0,2155.68,2779.91,2458.18,77.0
2022-06-11,1337.0,2181.06,2823.61,2492.11,62.0
2022-06-12,110.0,1886.62,2316.13,2079.03,15.0
2022-06-13,1896.0,2129.64,2750.94,2436.59,86.0
2022-06-14,2109.0,2171.77,2756.36,2440.99,67.0
2022-06-15,1493.0,2168.41,3240.24,2690.42,69.0
2022-06-16,745.0,2195.01,3043.12,2618.61,48.0
2022-06-17,1183.0,2127.39,3023.71,2572.67,73.0
2022-06-18,1185.0,2198.7,3137.57,2643.75,61.0
2022-06-19,76.0,1968.5,2318.47,2129.28,13.0
2022-06-20,3539.0,2176.5,3447.99,2814.93,83.0
2022-06-21,1884.0,2174.93,3219.41,2709.21,74.0
2022-06-22,1507.0,2173.96,2921.83,2535.99,77.0
2022-06-23,1335.0,2123.38,2810.07,2358.77,70.0
2022-06-24,1338.0,2187.73,3195.32,2698.67,72.0
2022-06-25,1107.0,2206.08,3262.32,2715.98,53.0
2022-06-26,68.0,1943.75,2228.87,2080.66,12.0
2022-06-27,1623.0,2128.93,3051.6,2541.33,81.0
2022-06-28,1536.0,2169.2,2744.08,2459.75,59.0
2022-06-29,1359.0,2157.12,2999.42,2569.21,70.0
2022-06-30,1247.0,2168.7,2990.55,2557.54,68.0
2022-07-01,1034.0,2280.36,3389.16,2812.74,39.0
2022-07-02,428.0,2120.04,3358.34,2748.28,26.0
2022-07-03,85.0,2250.71,2574.87,2401.73,11.0
2022-07-04,1585.0,2188.13,3038.6,2607.63,79.0
2022-07-05,1770.0,2222.16,3310.67,2758.47,71.0
2022-07-06,1275.0,2181.93,3062.98,2605.46,77.0
2022-07-07,1523.0,2165.47,3040.41,2595.43,79.0
2022-07-08,1090.0,2208.46,3200.78,2695.42,68.0
2022-07-09,1141.0,2260.75,3203.7,2727.19,50.0
2022-07-10,90.0,2380.68,2676.29,2518.36,10.0
2022-07-11,1337.0,2210.52,3258.25,2731.02,63.0
2022-07-12,1325.0,2221.16,3439.37,2827.8,56.0
2022-07-13,1048.0,2269.02,3366.8,2809.81,57.0
2022-07-14,1210.0,2238.02,3338.27,2777.54,69.0
2022-07-15,1260.0,2222.36,3186.84,2691.36,67.0
2022-07-16,295.0,2593.87,2953.13,2775.57,26.0
2022-07-17,65.0,2023.03,2313.18,2141.72,12.0
2022-07-18,1413.0,2138.94,3270.89,2699.56,59.0
2022-07-19,1705.0,2246.08,3187.85,2715.2,75.0
2022-07-20,1808.0,2225.67,3178.27,2698.82,83.0
2022-07-21,1168.0,2216.59,2616.89,2417.09,70.0
2022-07-22,1506.0,2328.48,3065.89,2687.63,81.0
2022-07-23,859.0,2290.65,3347.45,2808.02,48.0
2022-07-24,114.0,2260.82,2657.73,2441.75,15.0
2022-07-25,1528.0,2243.93,2800.27,2514.74,77.0
2022-07-26,1523.0,2309.32,3329.59,2817.45,66.0
2022-07-27,1639.0,2282.4,2814.27,2542.0,75.0
2022-07-28,1661.0,2533.71,3039.57,2780.91,60.0
2022-07-29,1165.0,2247.8,3202.19,2720.76,63.0
2022-07-30,509.0,2491.43,3099.88,2770.9,44.0
2022-07-31,121.0,2261.26,2671.08,2473.74,15.0
2022-08-01,1017.0,2240.15,3508.88,2870.92,38.0
2022-08-02,1331.0,2321.08,3476.98,2883.84,47.0
2022-08-03,1832.0,2300.53,2846.71,2560.69,75.0
2022-08-04,1667.0,2249.59,3173.7,2703.03,83.0
2022-08-05,1275.0,2263.31,3345.01,2795.59,71.0
2022-08-06,654.0,2264.27,2749.73,2472.74,55.0
2022-08-07,132.0,2439.89,2839.36,2623.63,15.0
2022-08-08,1815.0,2310.9,3428.7,2871.43,65.0
2022-08-09,1107.0,2294.15,3837.3,3070.87,13.0
2022-08-10,1271.0,2265.51,3233.47,2733.79,65.0
2022-08-11,747.0,2264.61,3363.8,2798.5,37.0
2022-08-12,1281.0,2297.48,3304.18,2795.04,64.0
2022-08-13,1472.0,2678.76,3630.33,3149.23,64.0
2022-08-14,75.0,2201.05,2415.97,2302.37,11.0
2022-08-15,22.0,2181.82,2313.64,2240.91,5.0
2022-08-16,1187.0,2346.14,3665.89,2998.86,18.0
2022-08-17,1661.0,2270.04,3216.82,2743.37,79.0
2022-08-18,1126.0,2273.54,2903.69,2580.86,77.0
2022-08-19,665.0,2350.68,2932.62,2624.72,52.0
2022-08-20,674.0,2373.79,2986.23,2667.78,55.0
2022-08-21,135.0,2511.26,2734.81,2619.04,14.0
2022-08-22,1820.0,2333.37,3403.25,2878.55,73.0
2022-08-23,1405.0,2278.11,3223.16,2745.27,66.0
2022-08-24,1667.0,2316.5,3370.89,2834.12,70.0
2022-08-25,1031.0,2324.1,3238.42,2773.3,72.0
2022-08-26,921.0,2365.85,3809.09,3070.56,13.0
2022-08-27,348.0,2537.44,3196.63,2829.61,27.0
2022-08-28,48.0,2219.58,2405.73,2331.15,6.0
2022-08-29,383.0,2264.0,2866.56,2524.74,28.0
2022-08-30,1268.0,2279.54,3420.66,2841.68,47.0
2022-08-31,74.0,3350.18,4074.91,3688.51,7.0
2022-09-01,311.0,2153.27,2470.9,2318.91,35.0
2022-09-02,425.0,2329.42,2836.46,2578.28,45.0
2022-09-03,734.0,2405.56,2857.0,2614.57,48.0
2022-09-04,66.0,1925.32,2479.09,2206.08,8.0
2022-09-05,823.0,2305.24,3500.75,2913.71,43.0
2022-09-06,188.0,2185.16,2396.05,2289.79,26.0
2022-09-07,1085.0,2354.41,3053.45,2702.01,63.0
2022-09-08,991.0,2377.53,3089.81,2727.85,56.0
2022-09-09,146.0,2600.85,3128.77,2906.93,18.0
2022-09-10,981.0,2408.45,3268.77,2865.6,32.0
2022-09-11,70.0,2641.47,2918.17,2795.07,6.0
2022-09-12,822.0,2418.04,3363.68,2932.44,16.0
2022-09-13,984.0,2428.5,3296.3,2860.92,25.0
2022-09-14,280.0,2550.7,3049.07,2765.71,28.0
2022-09-15,1241.0,2385.27,2994.75,2681.66,65.0
2022-09-16,730.0,2369.65,3189.84,2777.82,29.0
2022-09-17,955.0,2482.46,3277.11,2877.95,38.0
2022-09-18,68.0,2299.12,2558.41,2392.09,10.0
2022-09-19,1118.0,2524.57,3337.56,2929.16,28.0
2022-09-20,1075.0,2489.69,3325.07,2908.02,33.0
2022-09-21,171.0,2450.35,2735.97,2605.37,29.0
2022-09-22,1118.0,2460.66,3183.86,2826.19,52.0
2022-09-23,1125.0,2441.86,3175.56,2804.58,63.0
2022-09-24,535.0,2383.66,2917.48,2646.22,45.0
2022-09-25,76.0,2189.01,2418.13,2317.76,7.0
2022-09-26,171.0,2715.99,2965.77,2863.42,22.0
2022-09-27,945.0,2429.76,3277.4,2849.79,29.0
2022-09-28,1092.0,2413.08,3092.93,2750.48,64.0
2022-09-29,1255.0,2431.91,3149.27,2789.35,68.0
2022-09-30,992.0,2472.54,3193.88,2835.09,60.0
2022-10-01,723.0,2564.21,3324.39,2948.5,36.0
2022-10-02,98.0,2182.58,2440.93,2308.5,6.0
2022-10-03,810.0,2448.32,3105.72,2770.63,54.0
2022-10-04,1442.0,2479.89,3240.27,2854.49,59.0
2022-10-05,884.0,2608.75,3533.12,3071.47,22.0
2022-10-06,1260.0,2474.38,3234.64,2851.89,64.0
2022-10-07,537.0,2462.84,2963.31,2710.99,60.0
2022-10-08,1112.0,2469.4,3259.76,2860.26,48.0
2022-10-09,106.0,2417.7,2767.5,2585.34,7.0
2022-10-10,1288.0,2480.46,3180.36,2825.87,61.0
2022-10-11,230.0,2498.39,2981.15,2760.18,36.0
2022-10-12,1057.0,2457.61,3179.66,2819.93,69.0
2022-10-13,1364.0,2452.33,3138.96,2788.69,72.0
2022-10-14,1246.0,2477.97,3252.61,2856.0,66.0
2022-10-15,1046.0,2475.63,3274.7,2860.51,57.0
2022-10-16,123.0,2121.26,2424.34,2254.16,12.0
2022-10-17,1670.0,2517.66,3415.59,2962.42,70.0
2022-10-18,1568.0,2525.91,3374.56,2935.42,63.0
2022-10-19,1385.0,2540.37,3356.43,2936.68,63.0
2022-10-20,1263.0,2489.64,3282.88,2886.12,64.0
2022-10-21,1225.0,2516.76,3356.1,2924.03,57.0
2022-10-22,1172.0,2571.11,3489.38,3018.09,27.0
2022-10-23,97.0,2567.01,3341.24,2968.56,5.0
2022-10-24,56.0,3533.93,3982.14,3753.57,4.0
2022-10-25,194.0,3015.72,3770.08,3356.2,7.0
2022-10-26,1204.0,2568.23,3584.23,3073.82,26.0
2022-10-27,740.0,2641.18,3487.51,3043.09,37.0
2022-10-28,441.0,2653.62,3214.93,2924.26,49.0
2022-10-29,2629.0,2571.66,6549.21,4471.17,46.0
2022-10-30,122.0,2549.92,2905.09,2737.05,11.0
2022-10-31,1071.0,2455.73,3275.25,2853.94,61.0
2022-11-01,1106.0,2552.04,3317.48,2923.41,61.0
2022-11-02,896.0,2539.14,3296.56,2898.55,58.0
2022-11-03,1325.0,2553.81,3382.36,2940.22,68.0
2022-11-04,985.0,2576.5,3409.5,2969.89,52.0
2022-11-05,1009.0,2548.6,3376.78,2939.04,53.0
2022-11-06,142.0,2511.17,2909.01,2702.69,14.0
2022-11-07,1281.0,2560.54,3433.15,2988.06,66.0
2022-11-08,1101.0,2633.96,3440.76,2978.97,27.0
2022-11-09,1332.0,2561.6,3399.19,2960.93,64.0
2022-11-10,937.0,2561.06,3334.04,2921.38,69.0
2022-11-11,1143.0,2572.04,3427.21,2983.0,61.0
2022-11-12,453.0,2650.1,3339.27,2952.96,38.0
2022-11-13,87.0,2493.16,3002.4,2720.11,9.0
2022-11-14,304.0,2375.71,3203.5,2732.07,24.0
2022-11-15,526.0,2607.99,3334.49,2939.52,46.0
2022-11-16,1260.0,2584.16,3480.92,3009.5,67.0
2022-11-17,1320.0,2698.28,3685.38,3173.27,70.0
2022-11-18,643.0,2609.92,3357.46,2937.26,66.0
2022-11-19,581.0,2623.7,3272.84,2915.31,51.0
2022-11-20,119.0,2744.39,3143.1,2924.99,13.0
2022-11-21,425.0,2744.68,3261.0,3036.44,41.0
2022-11-22,468.0,2646.51,3377.63,2963.06,42.0
2022-11-23,1162.0,2711.11,3838.92,3259.43,54.0
2022-11-24,879.0,2662.24,3657.46,3130.59,50.0
2022-11-25,140.0,2623.29,3059.99,2825.61,24.0
2022-11-26,782.0,2662.21,3663.23,3138.66,45.0
2022-11-27,101.0,2690.8,3118.7,2918.43,9.0
2022-11-28,458.0,2612.52,3412.33,2976.39,27.0
2022-11-29,159.0,2781.86,3231.2,3030.2,21.0
2022-11-30,765.0,2639.34,3698.58,3118.81,59.0
2022-12-01,225.0,2443.65,2834.17,2667.02,35.0
2022-12-02,823.0,2716.49,3651.16,3152.86,60.0
2022-12-03,1098.0,2724.66,3942.26,3304.91,51.0
2022-12-04,40.0,2470.0,2750.0,2571.75,9.0
2022-12-05,649.0,2729.17,4120.72,3438.2,25.0
2022-12-06,256.0,2781.18,3204.37,3001.43,33.0
2022-12-07,218.0,2623.76,3217.77,2930.08,27.0
2022-12-08,976.0,2637.56,3652.61,3107.42,68.0
2022-12-09,798.0,2637.61,3726.39,3152.11,61.0
2022-12-10,965.0,2688.97,3868.15,3245.35,54.0
2022-12-11,102.0,2809.56,3132.22,2957.99,10.0
2022-12-12,1534.0,2747.22,3819.01,3264.12,66.0
2022-12-13,1534.0,2700.92,3965.78,3314.63,63.0
2022-12-14,1032.0,2719.47,3857.95,3269.84,61.0
2022-12-15,1571.0,2676.77,3630.97,3133.27,64.0
2022-12-16,877.0,2742.16,3859.26,3294.42,56.0
2022-12-17,850.0,2707.37,3806.53,3215.32,52.0
2022-12-18,81.0,2825.28,3242.83,3027.48,9.0
2022-12-19,1115.0,2730.0,4468.46,3571.96,61.0
2022-12-20,1426.0,2763.17,4889.98,3801.66,62.0
2022-12-21,889.0,2758.25,4668.21,3668.72,45.0
2022-12-22,172.0,2747.77,3353.05,3058.42,24.0
2022-12-23,877.0,2842.76,4806.28,3829.2,53.0
2022-12-24,538.0,2718.67,3468.08,3002.72,43.0
2022-12-25,43.0,2552.33,3030.23,2680.23,5.0
2022-12-26,369.0,2961.88,3419.81,3189.04,27.0
2022-12-27,176.0,2751.32,3323.51,3065.84,24.0
2022-12-28,896.0,2781.64,4279.46,3481.46,60.0
2022-12-29,905.0,2713.6,3953.52,3291.21,66.0
2022-12-30,668.0,2706.86,3479.51,3041.16,66.0
2022-12-31,977.0,2802.95,4465.21,3583.32,47.0
2023-01-01,43.0,2699.47,2870.65,2815.16,10.0
2023-01-02,1161.0,2859.12,5147.88,4006.89,33.0
2023-01-03,827.0,2880.36,5132.59,4005.2,28.0
2023-01-04,1245.0,2795.82,4797.69,3734.04,44.0
2023-01-05,62.0,2873.47,3437.55,3145.44,11.0
2023-01-06,92.0,2940.62,3603.99,3273.87,16.0
2023-01-07,476.0,2726.02,3519.18,3011.36,37.0
2023-01-08,11.0,2381.09,3001.82,2651.27,4.0
2023-01-09,128.0,2668.23,3269.15,3010.24,10.0
2023-01-10,67.0,2837.45,3498.73,3150.18,14.0
2023-01-11,1162.0,2806.99,4807.41,3759.86,57.0
2023-01-12,921.0,2764.99,4567.6,3607.17,44.0
2023-01-13,39.0,2496.59,2975.23,2749.69,13.0
2023-01-14,180.0,2940.81,3381.66,3158.19,35.0
2023-01-15,27.0,2550.11,2803.7,2696.3,3.0
2023-01-16,78.0,2390.9,2831.18,2601.9,12.0
2023-01-17,1053.0,2819.26,4831.26,3777.11,46.0
2023-01-18,23.0,2445.83,3019.74,2679.7,11.0
2023-01-19,807.0,2788.46,5336.54,4062.5,22.0
2023-01-20,547.0,2762.25,5301.63,4031.85,31.0
2023-01-21,1010.0,2831.43,4705.5,3713.81,36.0
2023-01-22,99.0,2848.76,3199.63,3014.68,12.0
2023-01-23,1076.0,2806.46,4927.22,3630.33,65.0
2023-01-24,1324.0,2848.44,4674.14,3714.82,62.0
2023-01-25,968.0,2827.56,4540.59,3636.43,64.0
2023-01-26,67.0,2892.54,3362.69,3124.63,5.0
2023-01-27,1507.0,2754.69,4606.9,3636.56,62.0
2023-01-28,1100.0,2721.2,4638.71,3643.48,50.0
2023-01-29,88.0,2784.95,3180.98,2989.78,9.0
2023-01-30,1204.0,2736.12,4482.27,3566.88,70.0
2023-01-31,1319.0,2700.33,4588.85,3607.56,67.0
2023-02-01,621.0,2771.23,3549.42,3073.01,56.0
2023-02-02,1266.0,2725.9,4511.24,3584.73,71.0
2023-02-03,1037.0,2771.67,4465.08,3555.26,65.0
2023-02-04,943.0,2752.14,4457.65,3536.9,50.0
2023-02-05,113.0,2735.85,3105.77,2922.57,14.0
2023-02-06,1418.0,2664.46,4695.37,3561.85,72.0
2023-02-07,1318.0,2725.76,4671.43,3653.55,61.0
2023-02-08,1026.0,2699.36,4448.53,3516.62,65.0
2023-02-09,1112.0,2704.6,4428.8,3519.33,66.0
2023-02-10,1139.0,2690.89,4410.51,3504.65,58.0
2023-02-11,1307.0,2675.24,5027.91,3597.46,52.0
2023-02-12,154.0,2753.9,3400.6,3093.51,12.0
2023-02-13,1624.0,2673.68,4678.29,3639.61,66.0
2023-02-14,2304.0,2359.29,3656.36,2992.56,73.0
2023-02-15,1207.0,2534.25,3901.43,3188.73,76.0
2023-02-16,1457.0,2479.11,3699.5,3067.07,80.0
2023-02-17,1658.0,2448.22,3745.61,3056.21,88.0
2023-02-18,150.0,3297.89,3799.87,3559.58,15.0
2023-02-19,125.0,2507.12,3061.45,2766.0,13.0
2023-02-20,2334.0,2496.78,4080.45,3256.13,71.0
2023-02-21,2376.0,2378.73,3737.44,3052.65,79.0
2023-02-22,1614.0,2292.39,3410.89,2877.69,76.0
2023-02-23,2385.0,2324.49,3114.86,2741.15,90.0
2023-02-24,1794.0,2305.27,3358.8,2826.3,80.0
2023-02-25,2172.0,2496.77,3914.22,3183.58,56.0
2023-02-26,265.0,2147.38,2579.46,2456.09,19.0
2023-02-27,2035.0,2150.86,2667.86,2407.09,87.0
2023-02-28,3555.0,2290.37,3750.37,2976.03,81.0
2023-03-01,2970.0,2190.58,3107.5,2660.95,98.0
2023-03-02,3214.0,2139.89,3072.03,2633.79,98.0
2023-03-03,3103.0,2146.93,3081.74,2604.47,92.0
2023-03-04,3169.0,2237.93,3342.33,2792.01,76.0
2023-03-05,333.0,2101.62,2565.49,2320.56,18.0
2023-03-06,3327.0,2274.28,3643.16,2971.4,62.0
2023-03-07,90.0,2999.82,3843.78,3450.63,10.0
2023-03-08,3482.0,2275.25,3694.37,3005.09,87.0
2023-03-09,4283.0,2104.93,3058.28,2611.75,87.0
2023-03-10,4479.0,1863.9,2715.4,2315.22,91.0
2023-03-11,2597.0,2175.83,3166.58,2666.11,75.0
2023-03-12,559.0,2027.86,2371.44,2217.76,15.0
2023-03-13,4844.0,2095.9,3169.81,2656.17,73.0
2023-03-14,4681.0,2165.35,3428.5,2784.18,87.0
2023-03-15,4177.0,2047.34,2959.59,2537.15,92.0
2023-03-16,3790.0,2202.53,3182.61,2690.64,93.0
2023-03-17,3160.0,2301.12,3811.72,3073.91,93.0
2023-03-18,1302.0,2140.66,2781.62,2431.62,62.0
2023-03-19,699.0,2059.55,2421.93,2262.67,21.0
2023-03-20,4290.0,2156.07,3284.59,2739.45,90.0
2023-03-21,4934.0,2210.03,3272.21,2759.59,77.0
2023-03-22,1578.0,2377.71,4060.99,3218.15,37.0
2023-03-23,5993.0,2020.69,2541.04,2282.69,96.0
2023-03-24,5900.0,2107.17,2990.28,2589.02,98.0
2023-03-25,3855.0,2205.37,3177.86,2697.5,78.0
2023-03-26,849.0,2053.64,2338.76,2187.5,19.0
2023-03-27,5803.0,2187.06,3142.93,2657.76,88.0
2023-03-28,4809.0,2139.46,2924.7,2535.42,80.0
2023-03-29,3527.0,2209.35,3192.65,2753.93,84.0
2023-03-30,952.0,2248.34,2974.6,2538.89,25.0
2023-03-31,2154.0,2407.34,3678.15,3005.54,59.0
2023-04-01,2629.0,2372.52,3774.72,3064.23,52.0
2023-04-02,593.0,1989.77,2266.08,2146.7,18.0
2023-04-03,5402.79,2122.47,3183.38,2698.69,77.0
2023-04-04,2057.0,2518.61,4188.15,3361.26,25.0
2023-04-05,5956.28,2083.65,2993.72,2576.38,97.0
2023-04-06,3491.94,2223.51,3267.39,2773.33,62.0
2023-04-07,1939.49,2392.97,4055.92,3191.2,37.0
2023-04-08,3195.33,2199.28,3241.42,2730.15,75.0
2023-04-09,480.0,2188.54,2611.38,2410.33,19.0
2023-04-10,5524.48,2174.23,3214.09,2731.65,97.0
2023-04-11,5932.21,2212.13,3219.38,2742.16,92.0
2023-04-12,3991.0,2221.13,3166.13,2704.11,90.0
2023-04-13,4627.44,2178.72,3012.77,2614.99,101.0
2023-04-14,932.17,2589.04,4534.32,3568.66,17.0
2023-04-15,3402.26,2149.17,2991.07,2555.25,73.0
2023-04-16,237.0,2057.13,2549.49,2286.32,15.0
2023-04-17,4250.57,2193.91,3060.57,2632.22,95.0
2023-04-18,4023.08,2280.41,3370.19,2837.52,89.0
2023-04-19,3440.29,2261.14,3473.62,2864.09,86.0
2023-04-20,3301.92,2228.07,3141.39,2693.49,81.0
2023-04-21,2438.21,2274.44,3357.82,2815.5,81.0
2023-04-22,782.82,2619.52,4517.05,3571.96,21.0
2023-04-23,527.0,2133.02,2886.9,2629.45,14.0
2023-04-24,3606.04,2165.9,2942.27,2544.83,93.0
2023-04-25,2689.81,2276.35,3450.24,2841.02,85.0
2023-04-26,2774.76,2216.04,3095.93,2653.87,85.0
2023-04-27,2300.2,2296.67,3392.64,2832.32,73.0
2023-04-28,942.85,2459.17,3550.04,2955.83,39.0
2023-04-29,1456.22,2103.3,3789.7,3092.58,37.0
2023-04-30,138.0,2421.92,2831.52,2629.17,9.0
2023-05-01,90.0,2561.67,2753.0,2657.37,8.0
2023-05-02,3466.24,2319.3,3559.89,2913.24,81.0
2023-05-03,2305.29,2386.46,3804.46,3091.81,85.0
2023-05-04,2585.65,2081.89,2582.78,2329.23,84.0
2023-05-05,882.17,2565.87,4273.25,3429.23,24.0
2023-05-06,2150.72,2299.23,3292.96,2776.01,73.0
2023-05-07,237.0,2252.04,3290.47,2435.46,16.0
2023-05-08,3439.86,2277.22,3355.91,2830.49,95.0
2023-05-09,3088.7,2383.91,3661.57,3014.44,77.0
2023-05-10,1765.25,2283.91,2830.13,2531.99,78.0
2023-05-11,2060.3,2232.98,3050.2,2634.02,86.0
2023-05-12,1663.67,2401.05,3784.09,3105.87,74.0
2023-05-13,1890.53,2296.73,3404.96,2832.19,70.0
2023-05-14,199.0,2443.25,2876.24,2633.02,14.0
2023-05-15,2671.56,2322.13,3399.51,2834.06,87.0
2023-05-16,2735.21,2425.19,3711.28,3057.35,74.0
2023-05-17,2084.6,2316.89,3286.96,2790.49,78.0
2023-05-18,2407.7,2152.87,2975.17,2542.65,92.0
2023-05-19,1493.0,2251.53,2820.64,2511.91,72.0
2023-05-20,1679.0,2328.21,3308.9,2787.73,62.0
2023-05-21,201.0,2362.1,2806.73,2573.98,16.0
2023-05-22,2039.15,2345.33,3477.13,2865.06,75.0
2023-05-23,3392.2,2179.06,3029.46,2611.83,86.0
2023-05-24,2063.97,2400.31,3454.95,2893.61,83.0
2023-05-25,1788.88,2334.24,3410.42,2837.98,84.0
2023-05-26,1646.31,2363.58,3253.73,2769.87,83.0
2023-05-27,1768.7,2394.73,3639.99,2988.48,68.0
2023-05-28,250.0,2400.98,2753.11,2554.3,16.0
2023-05-29,1967.0,2380.85,3658.8,2997.45,72.0
2023-05-30,3085.8,2372.19,3706.74,3027.85,80.0
2023-05-31,2331.67,2363.21,3481.09,2874.35,80.0
2023-06-01,2346.0,2343.8,3428.62,2858.32,93.0
2023-06-02,1793.0,2342.29,3408.7,2857.18,85.0
2023-06-03,2635.0,2470.05,4083.29,3259.68,71.0
2023-06-04,215.0,2298.35,2902.31,2585.68,16.0
2023-06-05,2425.0,2345.44,3446.76,2888.13,90.0
2023-06-06,2743.0,2389.44,3694.07,3023.31,82.0
2023-06-07,2089.0,2353.3,3455.96,2889.82,89.0
2023-06-08,2275.0,2401.42,3596.67,2981.95,98.0
2023-06-09,2182.0,2487.59,3975.59,3210.9,90.0
2023-06-10,1517.0,2487.53,4231.32,3313.67,69.0
2023-06-11,181.0,2406.77,2813.74,2543.57,16.0
2023-06-12,2246.0,2458.72,3918.15,3167.09,90.0
2023-06-13,2551.0,2531.44,4329.33,3359.17,81.0
2023-06-14,1815.0,2404.41,3647.51,2994.91,81.0
2023-06-15,1986.0,2381.52,3466.05,2905.63,89.0
2023-06-16,1542.0,2467.48,3946.79,3171.92,82.0
2023-06-17,1709.0,2527.85,4204.37,3343.48,66.0
2023-06-18,188.0,2537.56,2936.22,2724.58,17.0
2023-06-19,2244.0,2537.29,4315.52,3399.41,87.0
2023-06-20,2067.0,2539.31,4439.23,3471.57,86.0
2023-06-21,1461.0,2476.88,3799.61,3104.29,77.0
2023-06-22,1883.0,2473.11,4110.09,3260.15,84.0
2023-06-23,1584.0,2506.41,4206.46,3323.8,76.0
2023-06-24,1416.0,2582.87,4357.82,3437.9,68.0
2023-06-25,158.0,2436.22,2812.06,2594.73,14.0
2023-06-26,1816.0,2548.39,4363.29,3426.05,76.0
2023-06-27,1779.0,2471.52,4417.58,3421.73,79.0
2023-06-28,1354.0,2519.3,4115.34,3281.53,71.0
2023-06-29,199.0,2833.21,3259.87,3073.8,17.0
2023-06-30,1511.87,2480.81,4479.52,3457.63,71.0
2023-07-01,1271.77,2457.85,4386.78,3390.07,71.0
2023-07-02,109.0,2067.99,2462.0,2245.41,16.0
2023-07-03,1202.04,2432.35,4174.57,3270.49,76.0
2023-07-04,1560.24,2455.42,4361.27,3377.73,86.0
2023-07-05,1587.03,2446.28,4058.58,3223.18,81.0
2023-07-06,1485.23,2430.04,3859.53,3094.95,86.0
2023-07-07,1362.81,2454.84,4139.07,3244.28,87.0
2023-07-08,1147.06,2442.1,4468.2,3411.29,63.0
2023-07-09,112.23,2119.91,2449.78,2283.7,15.0
2023-07-10,2036.46,2495.47,4512.24,3488.47,81.0
2023-07-11,1737.91,2548.85,4815.9,3685.15,80.0
2023-07-12,1431.39,2532.96,4338.33,3412.14,75.0
2023-07-13,1731.38,2464.1,4235.2,3331.59,73.0
2023-07-14,1384.22,2519.89,4296.82,3372.07,70.0
2023-07-15,1449.8,2520.16,4508.11,3481.24,70.0
2023-07-16,136.9,2539.99,2970.13,2750.71,13.0
2023-07-17,1828.29,2528.33,4610.76,3544.44,69.0
2023-07-18,1559.01,2473.34,4248.08,3327.43,82.0
2023-07-19,1036.85,2525.66,4540.66,3482.28,51.0
2023-07-20,1051.34,2416.23,3861.43,3099.73,78.0
2023-07-21,1272.56,2502.27,4216.71,3326.93,67.0
2023-07-22,1237.44,2559.92,4692.82,3586.04,51.0
2023-07-23,232.06,2635.73,3218.08,2904.37,20.0
2023-07-24,974.74,2434.33,2983.92,2664.83,89.0
2023-07-25,1580.37,2463.17,4009.39,3206.92,78.0
2023-07-26,1313.77,2527.25,4125.97,3288.89,70.0
2023-07-27,1380.43,2510.2,4156.08,3290.08,67.0
2023-07-28,1210.03,2520.57,4208.62,3325.36,77.0
2023-07-29,792.02,2547.57,5569.32,4093.99,21.0
2023-07-30,77.14,2189.07,2687.09,2448.68,14.0
2023-07-31,1377.8,2481.91,3936.14,3170.98,74.0
2023-08-01,1886.46,2199.25,4086.35,3255.28,78.0
2023-08-02,1465.32,2535.61,4395.03,3445.2,78.0
2023-08-03,1391.78,2520.54,4319.68,3399.36,84.0
2023-08-04,1428.85,2520.67,4491.45,3477.07,72.0
2023-08-05,1207.59,2589.09,4381.57,3451.46,62.0
2023-08-06,141.65,2622.17,3071.96,2834.71,15.0
2023-08-07,1914.33,2540.86,4611.35,3556.23,78.0
2023-08-08,2061.17,2570.3,4739.32,3633.74,76.0
2023-08-09,1383.74,2508.69,4252.0,3348.29,74.0
2023-08-10,1473.06,2537.76,4279.61,3377.0,83.0
2023-08-11,1669.71,2569.18,4456.18,3481.37,76.0
2023-08-12,1454.21,2576.79,4656.98,3583.11,64.0
2023-08-13,143.83,2738.48,3125.65,2914.02,14.0
2023-08-14,1582.0,2538.46,4364.48,3425.4,63.0
2023-08-15,81.0,3033.33,3399.43,3215.06,4.0
2023-08-16,1260.0,2636.62,5687.28,4163.18,12.0
2023-08-17,1805.29,2505.77,4162.35,3307.38,77.0
2023-08-18,1503.5,2521.36,3895.61,3188.67,67.0
2023-08-19,677.7,2527.4,3151.47,2776.55,51.0
2023-08-20,106.0,2960.75,3344.29,3162.39,9.0
2023-08-21,1245.0,2604.72,4623.25,3586.58,39.0
2023-08-22,1712.82,2544.85,4561.04,3527.68,62.0
2023-08-23,1298.0,2524.78,4117.63,3286.19,59.0
2023-08-24,1359.0,2443.41,3960.69,3201.47,70.0
2023-08-25,1299.34,2489.96,3917.62,3181.17,75.0
2023-08-26,1249.18,2585.65,4263.2,3402.84,56.0
2023-08-27,131.0,2737.96,3133.56,2944.88,12.0
2023-08-28,1525.6,2529.4,4047.36,3272.31,74.0
2023-08-29,1296.37,2524.81,4369.9,3425.58,53.0
2023-08-30,774.0,2677.3,4734.28,3663.87,26.0
2023-08-31,961.0,2529.52,3941.34,3241.78,72.0
2023-09-01,1069.0,2536.62,4136.8,3303.6,65.0
2023-09-02,603.34,2494.96,3189.43,2789.86,47.0
2023-09-03,72.13,2584.99,3239.65,2872.97,9.0
2023-09-04,1176.0,2541.04,4245.5,3368.59,60.0
2023-09-05,1639.0,2548.93,4580.07,3544.8,67.0
2023-09-06,1146.0,2529.11,4605.92,3532.16,46.0
2023-09-07,165.0,2429.87,2784.94,2674.79,15.0
2023-09-08,1477.0,2579.13,4675.65,3609.0,65.0
2023-09-09,1311.25,2564.41,4646.34,3579.41,50.0
2023-09-10,73.0,3066.92,3436.32,3235.15,8.0
2023-09-11,1982.04,2541.98,4720.25,3621.26,71.0
2023-09-12,1668.0,2559.54,4736.12,3679.97,67.0
2023-09-13,1165.99,2545.91,5046.14,3599.0,52.0
2023-09-14,787.0,2703.58,5276.55,3984.96,13.0
2023-09-15,1018.83,2587.03,4614.93,3569.68,49.0
2023-09-16,1026.75,2566.86,4592.53,3540.04,48.0
2023-09-17,98.06,3010.11,3400.17,3195.2,9.0
2023-09-18,729.0,2548.77,3209.04,2820.71,53.0
2023-09-19,98.0,3020.23,3957.7,3477.29,10.0
2023-09-20,1951.92,2700.87,4966.4,3806.52,56.0
2023-09-21,1679.0,2707.91,4947.0,3803.09,51.0
2023-09-22,1274.81,2732.41,5016.67,3850.89,37.0
2023-09-23,1030.5,2696.62,4559.51,3594.84,50.0
2023-09-24,124.54,2703.93,3186.94,2957.01,12.0
2023-09-25,808.05,2494.09,3109.57,2758.29,54.0
2023-09-26,1911.07,2686.12,4764.9,3706.81,52.0
2023-09-27,1192.11,2650.51,4543.97,3559.09,51.0
2023-09-28,88.0,3467.53,4123.17,3811.08,13.0
2023-09-29,450.32,2525.24,3319.2,2830.58,31.0
2023-09-30,565.28,2495.91,3242.81,2764.13,39.0
2023-10-01,58.0,2356.78,2649.17,2463.67,5.0
2023-10-02,152.82,2919.04,3514.61,3200.7,15.0
2023-10-03,1726.0,2502.27,3820.44,3122.76,74.0
2023-10-04,1680.84,2578.29,4270.31,3395.76,76.0
2023-10-05,1199.0,2520.65,4253.33,3415.55,67.0
2023-10-06,904.44,2494.46,3145.37,2777.88,75.0
2023-10-07,1362.34,2613.48,4385.53,3463.5,64.0
2023-10-08,65.81,2391.64,2746.2,2549.86,8.0
2023-10-09,1689.65,2648.2,4304.01,3446.84,78.0
2023-10-10,1823.99,2680.53,4668.79,3651.3,75.0
2023-10-11,1445.37,2637.84,4317.94,3442.55,68.0
2023-10-12,1554.0,2635.76,4496.61,3548.16,67.0
2023-10-13,1610.39,2699.09,4830.92,3750.2,62.0
2023-10-14,925.0,2804.68,5048.14,3880.01,20.0
2023-10-15,89.0,2728.53,3278.98,3065.58,7.0
2023-10-16,1921.59,2704.23,4945.24,3799.96,71.0
2023-10-17,1524.67,2670.04,4639.13,3620.77,64.0
2023-10-18,1093.06,2645.64,4512.83,3543.18,66.0
2023-10-19,1363.49,2673.62,4746.51,3681.95,58.0
2023-10-20,1267.75,2729.9,4863.53,3764.72,63.0
2023-10-21,826.96,2695.17,4317.14,3449.85,52.0
2023-10-22,86.63,2847.85,3290.58,3090.1,10.0
2023-10-23,1228.89,2720.37,4974.45,3814.92,43.0
2023-10-24,747.0,2849.85,5770.99,4308.67,17.0
2023-10-25,793.0,2675.08,4374.66,3498.36,59.0
2023-10-26,883.0,2626.81,4241.86,3410.37,54.0
2023-10-27,644.4,2628.6,3293.15,2921.18,66.0
2023-10-28,1533.2,2718.07,5051.08,3872.4,52.0
2023-10-29,111.04,2725.39,3128.8,2928.11,14.0
2023-10-30,1504.88,2694.63,4760.15,3700.18,64.0
2023-10-31,1348.84,2684.14,4875.27,3834.92,53.0
2023-11-01,1099.0,2722.37,4687.62,3678.5,46.0
2023-11-02,1482.44,2659.64,4355.81,3475.05,64.0
2023-11-03,1231.0,2716.16,4858.81,3758.37,56.0
2023-11-04,463.0,2671.04,3494.42,3030.69,37.0
2023-11-06,1504.52,2768.62,5088.59,3924.36,65.0
2023-11-07,1782.43,2734.21,5073.08,3880.46,68.0
2023-11-08,1442.35,2643.15,4692.04,3646.87,67.0
2023-11-09,1341.0,2689.84,4707.95,3688.15,49.0
2023-11-10,1327.75,2819.88,5465.99,4155.4,21.0
2023-11-11,239.12,2775.41,3840.85,3194.78,17.0
2023-11-12,7.0,2557.14,2814.29,2678.57,2.0
2023-11-13,40.0,2376.0,3682.5,2837.0,3.0
2023-11-14,135.15,3137.48,3703.49,3431.71,15.0
2023-11-15,168.6,3270.27,4002.5,3639.82,12.0
2023-11-16,1190.21,2661.87,4651.03,3624.73,49.0
2023-11-17,708.06,2692.57,4301.69,3459.25,63.0
2023-11-18,666.33,2736.11,4285.87,3465.02,49.0
2023-11-19,132.35,2720.32,3441.97,3205.89,11.0
2023-11-20,1260.0,2722.27,4636.54,3662.61,62.0
2023-11-21,1530.59,2783.45,4942.35,3852.03,63.0
2023-11-22,1396.2,2701.17,4708.81,3688.37,64.0
2023-11-23,1105.0,2701.18,4322.29,3477.29,64.0
2023-11-24,825.58,2739.58,4516.0,3605.18,62.0
2023-11-25,536.34,2675.23,3617.31,3071.39,46.0
2023-11-26,29.19,2325.28,2940.56,2618.19,9.0
2023-11-27,1173.0,2609.98,4608.85,3515.46,16.0
2023-11-28,1374.18,2754.85,4993.03,3857.57,63.0
2023-11-29,446.99,2673.12,3528.15,3043.5,59.0
2023-11-30,414.0,2666.59,3585.14,3069.58,47.0
2023-12-01,71.15,2629.5,3381.24,2973.98,11.0
2023-12-02,577.0,2758.34,5699.37,4228.98,20.0
2023-12-03,42.0,2307.19,3093.26,2743.19,7.0
2023-12-04,1460.0,2706.15,4861.01,3744.66,68.0
2023-12-05,536.0,2514.27,3285.47,2801.24,55.0
2023-12-06,506.0,2502.56,3278.75,2769.65,58.0
2023-12-07,389.0,2414.21,3263.24,2711.07,56.0
2023-12-08,482.0,2590.76,3326.12,2861.47,59.0
2023-12-09,446.0,2535.69,3448.53,2894.69,48.0
2023-12-10,117.0,2914.12,3280.1,3103.46,12.0
2023-12-11,436.0,2576.35,3366.39,2856.03,57.0
2023-12-12,195.0,2516.47,2835.95,2680.08,39.0
2023-12-13,424.0,2390.97,3246.44,2704.46,48.0
2023-12-14,326.0,2664.69,3139.94,2916.41,52.0
2023-12-15,421.0,2513.49,3304.76,2799.81,56.0
2023-12-16,359.0,2513.48,3409.07,2843.11,46.0
2023-12-17,150.0,2737.71,3432.27,3110.5,12.0
2023-12-18,472.0,2406.22,3192.64,2718.07,57.0
2023-12-19,440.0,2621.83,3445.62,2915.72,55.0
2023-12-20,1361.0,2336.43,2940.53,2599.35,48.0
2023-12-21,450.0,2495.98,3340.93,2808.92,56.0
2023-12-22,364.0,2511.84,3445.79,2833.47,49.0
2023-12-23,291.0,2479.06,3497.91,2817.13,41.0
2023-12-24,9.0,2370.11,2747.0,2611.11,4.0
2023-12-25,168.0,2473.98,2891.56,2756.94,13.0
2023-12-26,494.0,2484.97,3525.89,2771.82,43.0
2023-12-27,501.0,2634.4,3534.96,2999.67,46.0
2023-12-28,487.0,2458.02,3343.83,2757.92,58.0
2023-12-29,447.0,2506.06,3374.32,2818.73,56.0
2023-12-30,402.0,2537.95,3639.52,2972.37,45.0
2023-12-31,83.0,2837.23,3311.35,3087.95,8.0
2024-01-01,468.0,2551.08,3283.76,2838.56,57.0
2024-01-02,379.0,2510.3,3334.25,2802.4,51.0
2024-01-03,349.0,2565.56,3405.71,2853.37,48.0
2024-01-04,421.0,2492.32,3269.16,2800.03,54.0
2024-01-05,450.0,2559.94,3304.36,2821.59,54.0
2024-01-06,369.0,2502.1,3390.63,2824.05,45.0
2024-01-07,40.0,2445.57,2800.55,2595.4,10.0
2024-01-08,475.0,2525.81,3280.22,2831.35,48.0
2024-01-09,513.0,2594.82,3353.55,2904.54,56.0
2024-01-10,307.0,2535.91,3443.88,2867.7,46.0
2024-01-11,356.0,2581.19,3196.96,2879.32,47.0
2024-01-12,269.0,2452.01,3330.33,2750.52,44.0
2024-01-13,312.0,2650.5,3481.71,2959.89,39.0
2024-01-14,99.0,2953.03,3349.53,3151.01,8.0
2024-01-15,206.0,2660.84,3080.27,2867.63,29.0
2024-01-16,382.0,2621.79,3387.9,2886.51,43.0
2024-01-17,325.0,2419.72,3308.18,2753.61,50.0
2024-01-18,791.0,2514.38,3207.59,2806.96,62.0
2024-01-19,650.0,2561.08,3166.36,2807.65,46.0
2024-01-20,280.0,2450.69,3495.31,2822.94,35.0
2024-01-21,22.0,2281.82,2900.0,2627.27,2.0
2024-01-22,51.0,2831.1,3506.78,3119.61,5.0
2024-01-23,441.0,2598.54,3440.24,2928.09,53.0
2024-01-24,477.0,2609.43,3375.58,2876.07,49.0
2024-01-25,352.0,2521.83,3312.31,2796.01,44.0
2024-01-26,37.0,2994.11,3032.49,3010.54,4.0
2024-01-27,408.0,2555.48,3403.76,2874.82,49.0
2024-01-28,19.0,2368.42,2736.84,2586.84,5.0
2024-01-29,490.0,2467.35,3247.81,2773.46,54.0
2024-01-30,444.0,2561.77,3410.05,2904.75,46.0
2024-01-31,436.0,2513.28,3249.81,2795.44,52.0
2024-02-01,575.0,2501.74,3265.69,2834.78,58.0
2024-02-02,444.0,2520.56,3320.76,2834.72,58.0
2024-02-03,435.0,2586.5,3347.02,2911.18,46.0
2024-02-04,85.0,2793.41,3380.48,3101.68,9.0
2024-02-05,480.0,2467.11,3236.26,2783.4,56.0
2024-02-06,452.0,2463.11,3187.49,2792.87,54.0
2024-02-07,451.0,2446.59,3181.33,2784.6,56.0
2024-02-08,527.0,2330.11,3089.49,2687.98,56.0
2024-02-09,477.0,2522.78,3211.53,2814.17,48.0
2024-02-10,344.0,2458.49,3242.66,2780.19,41.0
2024-02-11,116.0,2990.03,3543.92,3249.32,7.0
2024-02-12,835.0,2287.62,2985.51,2663.83,66.0
2024-02-13,712.0,2297.02,3056.29,2696.01,58.0
2024-02-14,1059.0,1271.28,2718.47,2567.14,48.0
2024-02-15,880.0,2346.48,2942.9,2642.81,64.0
2024-02-16,645.0,2369.16,3056.32,2682.22,50.0
2024-02-17,540.0,2327.05,3127.14,2742.17,39.0
2024-02-18,12.0,2316.67,2666.67,2400.0,3.0
2024-02-19,85.0,2487.47,2993.48,2816.72,10.0
2024-02-20,1807.0,2252.69,2837.07,2557.9,71.0
2024-02-21,1361.0,2204.79,2785.68,2542.98,69.0
2024-02-22,1895.0,2200.57,2819.85,2535.63,71.0
2024-02-23,1302.0,2239.56,2831.4,2559.04,72.0
2024-02-24,653.0,2272.05,2822.47,2552.65,45.0
2024-02-25,26.0,2138.46,2417.42,2350.0,4.0
2024-02-26,363.0,2228.71,2660.67,2541.27,13.0
2024-02-27,1825.0,2181.4,2747.86,2469.25,56.0
2024-02-28,1821.8,2166.03,2731.01,2519.56,73.0
2024-02-29,2364.4,2190.07,2770.09,2517.67,83.0
2024-03-01,2461.7,2111.12,2711.99,2476.15,83.0
2024-03-02,1907.0,2069.58,2646.65,2400.71,65.0
2024-03-03,44.9,2192.2,2611.95,2509.19,4.0
2024-03-04,2611.2,2169.11,2728.78,2478.1,78.0
2024-03-05,2827.67,2087.2,2736.68,2464.53,82.0
2024-03-06,2410.6,2165.63,2758.22,2478.36,78.0
2024-03-07,2161.12,2209.93,2806.79,2541.82,60.0
2024-03-08,108.5,2385.97,2686.12,2559.96,16.0
2024-03-09,2223.6,2242.61,2811.19,2582.07,57.0
2024-03-10,195.2,2422.46,2844.61,2669.04,10.0
2024-03-11,4113.5,2203.96,2783.56,2507.24,91.0
2024-03-12,2657.1,2312.53,2924.65,2647.14,71.0
2024-03-13,2603.3,2265.77,2868.72,2641.62,89.0
2024-03-14,3414.9,2222.88,2791.07,2568.39,85.0
2024-03-15,2846.4,2243.59,2791.81,2545.95,92.0
2024-03-16,2163.6,2412.16,2967.76,2701.59,70.0
2024-03-17,460.1,2289.11,2722.89,2486.99,14.0
2024-03-18,2619.5,2282.56,2867.48,2625.25,92.0
2024-03-19,3244.9,2234.71,2970.55,2553.77,90.0
2024-03-20,1957.3,2357.17,2940.86,2671.22,69.0
2024-03-21,4132.3,2223.99,2902.15,2581.17,84.0
2024-03-22,1725.2,2287.72,2953.52,2636.93,78.0
2024-03-23,1113.0,2387.84,3009.36,2710.53,52.0
2024-03-24,35.6,2335.39,2739.89,2526.54,3.0
2024-03-25,184.5,2432.51,3554.51,2834.1,7.0
2024-03-26,2431.4,2301.92,2909.46,2643.47,73.0
2024-03-27,1985.8,2304.43,2901.21,2633.38,69.0
2024-03-28,2498.2,2195.75,2838.54,2572.27,56.0
2024-03-29,489.7,2512.7,3285.28,2864.74,28.0
2024-03-30,1017.5,2519.28,4690.65,3619.29,42.0
2024-03-31,218.0,2645.41,3104.23,2911.26,11.0
2024-04-01,1256.1,2502.48,3138.83,2798.33,42.0
2024-04-02,3382.91,2465.35,4149.33,3337.0,78.0
2024-04-03,3324.29,2361.17,3509.28,2984.03,68.0
2024-04-04,3741.36,2294.77,3558.69,2967.01,73.0
2024-04-05,3828.59,2378.44,3611.46,2992.61,84.0
2024-04-06,3839.4,2402.9,3811.61,3069.31,69.0
2024-04-07,167.03,2276.64,2998.57,2553.77,11.0
2024-04-08,3429.98,2379.09,4287.39,3333.53,50.0
2024-04-09,65.9,2326.48,2881.35,2678.76,6.0
2024-04-12,43.18,2122.75,2306.82,2255.75,5.0
2024-04-13,1266.01,2397.93,2908.2,2648.82,44.0
2024-04-14,17.82,2373.46,2850.61,2648.84,3.0
2024-04-15,3606.94,2434.39,4271.09,3385.92,62.0
2024-04-16,55.48,2922.32,3026.1,2965.33,4.0
2024-04-17,0.82,2400.0,2700.0,2600.0,1.0
2024-04-18,0.5,2257.0,2257.0,2257.0,1.0
2024-04-19,2097.35,2518.76,4703.05,3616.83,56.0
2024-04-20,118.13,2364.26,2863.31,2544.94,6.0
2024-04-21,25.76,2286.17,3062.45,2728.96,4.0
2024-04-22,1519.1,2476.11,3456.33,2985.57,49.0
2024-04-23,61.44,2210.76,2820.59,2462.14,10.0
2024-04-24,1690.57,2468.96,3888.46,3180.39,54.0
2024-04-25,1954.1,2447.65,4331.29,3399.71,63.0
2024-04-26,1268.54,2672.53,4447.05,3567.44,45.0
2024-04-27,1985.98,2532.11,4435.9,3466.05,61.0
2024-04-28,184.05,2643.55,3091.67,2865.42,14.0
2024-04-29,2625.53,2390.83,3985.37,3197.26,72.0
2024-04-30,2431.65,2472.03,4280.26,3372.5,57.0
2024-05-01,14.4,2465.02,3017.35,2767.01,5.0
2024-05-02,2488.46,2485.38,4090.02,3302.04,72.0
2024-05-03,2327.03,2521.18,4234.36,3390.67,79.0
2024-05-04,1795.7,2405.92,3847.73,3129.48,56.0
2024-05-05,84.0,2969.18,3314.21,3153.36,7.0
2024-05-06,2562.99,2414.35,4106.36,3255.4,76.0
2024-05-07,1563.81,2542.38,2947.6,2770.57,67.0
2024-05-08,1245.29,2505.45,3328.9,2746.67,68.0
2024-05-09,1822.45,2500.36,4460.3,3492.09,67.0
2024-05-10,879.51,2663.94,5509.1,4084.6,27.0
2024-05-11,671.79,2503.62,3120.86,2810.15,44.0
2024-05-12,35.3,2207.86,2677.86,2564.85,5.0
2024-05-13,1805.51,2550.95,4860.62,3718.82,58.0
2024-05-14,1963.15,2450.08,4292.57,3382.3,75.0
2024-05-15,1605.11,2401.35,3880.39,3137.18,79.0
2024-05-16,2413.95,2501.33,3954.66,3236.46,83.0
2024-05-17,1787.37,2596.06,4058.65,3337.25,79.0
2024-05-18,676.45,2428.19,3032.26,2711.35,60.0
2024-05-19,70.13,2100.01,2981.54,2511.78,9.0
2024-05-20,1066.28,2287.28,2857.6,2592.41,67.0
2024-05-21,2700.94,2482.01,4826.78,3660.23,79.0
2024-05-22,2165.05,2462.7,4596.92,3550.48,66.0
2024-05-23,967.5,2490.94,5216.7,3864.27,20.0
2024-05-24,1142.12,2411.52,2955.53,2669.59,77.0
2024-05-25,880.38,2623.4,3132.91,2903.12,57.0
2024-05-26,95.2,2981.01,3384.66,3184.24,9.0
2024-05-27,1048.79,2383.88,2922.09,2667.14,73.0
2024-05-28,1094.89,2485.3,3039.99,2741.89,70.0
2024-05-29,832.07,2484.65,3037.35,2764.36,70.0
2024-05-30,752.1,2570.83,3173.31,2885.66,64.0
2024-05-31,899.69,2356.34,2910.25,2633.7,72.0
2024-06-01,774.21,2422.85,2994.3,2711.85,59.0
2024-06-02,100.7,2694.54,3227.65,2967.48,11.0
2024-06-03,1044.43,2387.87,2932.74,2660.54,66.0
2024-06-04,610.42,2271.97,2865.48,2567.97,60.0
2024-06-05,692.82,2401.77,2982.44,2671.42,74.0
2024-06-06,737.32,2402.97,2995.72,2705.45,62.0
2024-06-07,843.66,2473.33,3138.38,2797.04,76.0
2024-06-08,604.33,2375.79,2983.82,2674.33,57.0
2024-06-09,137.9,2685.78,3257.76,2941.89,11.0
2024-06-10,1004.62,2595.17,3047.04,2832.16,75.0
2024-06-11,619.86,2325.81,2869.41,2632.67,60.0
2024-06-12,569.93,2502.14,3018.74,2764.0,49.0
2024-06-13,521.74,2573.77,3101.99,2822.02,50.0
2024-06-14,641.52,2569.38,3171.17,2881.23,58.0
2024-06-15,360.74,2417.07,3116.36,2767.19,36.0
2024-06-16,8.2,2267.07,2657.27,2542.68,3.0
2024-06-17,29.0,2306.36,2646.03,2475.72,4.0
2024-06-18,558.03,2441.74,2850.89,2651.88,58.0
2024-06-19,558.13,2362.78,2905.19,2642.98,51.0
2024-06-20,480.48,2474.37,3052.45,2785.8,48.0
2024-06-21,479.92,2490.12,3099.31,2815.04,46.0
2024-06-22,212.93,2333.54,2859.74,2575.85,40.0
2024-06-23,12.65,2440.71,2701.76,2647.75,5.0
2024-06-24,565.38,2605.71,3162.83,2913.57,54.0
2024-06-25,475.89,2523.31,3166.47,2840.08,57.0
2024-06-26,528.46,2475.34,3122.05,2811.66,55.0
2024-06-27,609.98,2487.21,3150.92,2840.69,54.0
2024-06-28,501.37,2421.29,3083.27,2766.37,62.0
2024-06-29,421.05,2701.74,3315.62,3012.41,48.0
2024-06-30,22.67,2366.92,2602.14,2497.99,10.0
2024-07-01,553.41,2527.6,3188.03,2862.55,69.0
2024-07-02,642.3,2563.86,3181.39,2889.99,68.0
2024-07-03,663.21,2491.38,3082.37,2786.93,72.0
2024-07-04,574.2,2582.23,3193.42,2893.66,72.0
2024-07-05,467.7,2589.63,3179.02,2879.38,60.0
2024-07-06,447.9,2569.39,3186.56,2847.82,56.0
2024-07-07,70.7,2542.87,3226.55,2956.74,10.0
2024-07-08,436.6,2468.39,3016.32,2755.91,67.0
2024-07-09,341.44,2463.76,2894.49,2655.18,67.0
2024-07-10,426.85,2504.71,3092.13,2790.9,61.0
2024-07-11,437.3,2516.4,3119.17,2834.81,71.0
2024-07-12,309.99,2579.65,3226.62,2900.8,51.0
2024-07-13,337.44,2731.21,3411.76,3031.05,40.0
2024-07-14,19.3,2448.5,2745.0,2540.36,6.0
2024-07-15,399.64,2590.54,3143.77,2852.42,52.0
2024-07-16,429.1,2595.68,3187.94,2894.01,49.0
2024-07-17,6.8,2616.62,3072.79,2831.41,4.0
2024-07-18,555.3,2575.74,3159.73,2878.28,53.0
2024-07-19,392.19,2631.21,3211.83,2908.16,52.0
2024-07-20,265.8,2528.17,3152.74,2811.01,35.0
2024-07-21,15.97,2259.55,2898.02,2726.99,5.0
2024-07-22,377.67,2427.37,3029.27,2716.53,57.0
2024-07-23,591.55,2753.33,3346.17,3029.44,53.0
2024-07-24,442.74,2722.24,3297.66,3009.99,49.0
2024-07-25,325.91,2551.57,3140.27,2847.75,44.0
2024-07-26,510.35,2323.9,2983.68,2726.93,53.0
2024-07-27,300.89,2567.48,3220.91,2914.36,38.0
2024-07-28,17.27,2311.81,2677.19,2606.54,5.0
2024-07-29,1123.3,2473.99,2790.73,2696.34,47.0
2024-07-30,399.6,2450.08,2997.74,2741.81,59.0
2024-07-31,558.33,2665.99,3189.2,2910.02,66.0
2024-08-01,562.1,2568.77,3061.36,2824.82,69.0
2024-08-02,584.73,2534.53,3189.84,2838.74,83.0
2024-08-03,351.24,2575.42,2935.25,2791.64,70.0
2024-08-04,22.06,2350.98,2646.96,2553.49,9.0
2024-08-05,436.35,2524.0,3159.32,2873.48,79.0
2024-08-06,419.99,2486.92,3086.58,2792.2,70.0
2024-08-07,511.23,2629.83,3233.86,2931.23,70.0
2024-08-08,438.0,2547.29,3153.81,2842.45,67.0
2024-08-09,801.79,2851.04,3941.11,3379.4,46.0
2024-08-10,265.9,2501.91,3258.92,2867.64,50.0
2024-08-11,28.21,2407.13,2878.51,2695.83,11.0
2024-08-12,427.9,2652.54,3251.76,2941.84,54.0
2024-08-13,439.94,2774.31,3288.72,3035.05,46.0
2024-08-14,453.07,2549.56,3109.11,2840.93,54.0
2024-08-15,0.3,2300.0,2300.0,2300.0,1.0
2024-08-16,308.86,2726.84,3144.13,2922.54,48.0
2024-08-17,307.16,2597.77,3182.48,2855.46,37.0
2024-08-18,20.74,2377.53,2798.97,2658.18,5.0
2024-08-19,147.6,2899.8,3699.38,3266.27,13.0
2024-08-20,355.14,2521.84,3055.0,2788.78,50.0
2024-08-21,651.3,2585.09,3142.53,2858.88,49.0
2024-08-22,643.8,2670.15,3230.77,2973.86,73.0
2024-08-23,559.29,2655.14,3260.67,2926.77,83.0
2024-08-24,413.2,2648.44,3161.67,2909.85,50.0
2024-08-25,76.03,2856.57,3304.7,3092.98,10.0
2024-08-26,477.7,2706.29,3241.69,2962.58,60.0
2024-08-27,352.77,2648.43,3131.12,2890.26,48.0
2024-08-28,434.65,2672.58,3233.57,2947.92,66.0
2024-08-29,652.64,2578.26,3190.57,2938.37,72.0
2024-08-30,512.83,2598.71,3154.91,2888.32,76.0
2024-08-31,579.7,2818.98,3265.71,3050.0,47.0
2024-09-01,98.19,2832.05,3326.84,3090.07,7.0
2024-09-02,220.1,2965.97,3644.11,3317.54,8.0
2024-09-03,330.26,2790.79,3460.8,3112.1,43.0
2024-09-04,507.41,2650.22,3232.91,2926.9,71.0
2024-09-05,561.19,2621.08,3117.76,2868.71,68.0
2024-09-06,533.29,2554.4,3095.08,2819.88,71.0
2024-09-07,72.98,2798.52,3081.33,2960.31,14.0
2024-09-08,91.11,2822.25,3332.32,3083.64,9.0
2024-09-09,721.86,2591.28,3130.7,2850.95,75.0
2024-09-10,431.66,2635.25,3117.12,2869.05,63.0
2024-09-11,254.16,2682.55,3389.92,3064.79,45.0
2024-09-12,762.3,2577.43,2955.41,2748.67,66.0
2024-09-13,532.49,2695.18,3252.83,2990.49,69.0
2024-09-14,439.36,2729.03,3226.97,2989.21,51.0
2024-09-15,122.25,2716.65,3071.08,2901.83,11.0
2024-09-16,424.7,2742.74,3028.94,2967.62,20.0
2024-09-17,147.44,2732.71,2990.54,2889.79,20.0
2024-09-18,493.77,2639.74,3215.82,2904.2,69.0
2024-09-19,646.56,2568.17,3000.73,2798.53,74.0
2024-09-20,720.42,2586.01,3168.72,2911.25,82.0
2024-09-21,475.53,2573.82,3057.88,2818.98,58.0
2024-09-22,108.75,2799.56,3195.85,2991.13,10.0
2024-09-23,544.48,2698.5,3182.71,2947.54,74.0
2024-09-24,656.73,2628.06,3102.13,2878.88,71.0
2024-09-25,482.47,2581.68,3114.15,2858.98,63.0
2024-09-26,562.2,2581.96,3101.63,2864.94,81.0
2024-09-27,1161.52,2378.62,2751.53,2562.93,85.0
2024-09-28,433.75,2678.91,3256.63,2979.39,57.0
2024-09-29,117.4,2740.91,3211.2,2988.75,14.0
2024-09-30,723.04,2566.17,3041.59,2810.05,84.0
2024-10-01,422.08,2632.58,3242.44,2956.36,65.0
2024-10-02,20.0,2312.66,2821.66,2569.02,11.0
2024-10-03,445.3,2626.01,3142.07,2905.2,68.0
2024-10-04,1217.47,2560.62,2836.61,2728.9,68.0
2024-10-05,487.47,2695.84,3203.5,2948.89,60.0
2024-10-06,79.75,2889.8,3118.41,3020.06,11.0
2024-10-07,235.4,2966.22,3853.76,3427.79,20.0
2024-10-09,352.25,2672.08,3300.8,2992.26,69.0
2024-10-10,369.99,2685.91,3319.09,3034.36,66.0
2024-10-11,355.72,2679.33,3274.94,2983.78,63.0
2024-10-12,84.4,2815.15,3233.09,3033.3,19.0
2024-10-13,91.3,2840.37,3278.72,3071.74,11.0
2024-10-14,512.07,2705.68,3217.96,2966.49,75.0
2024-10-15,413.57,2715.63,3328.91,3044.79,69.0
2024-10-16,356.2,2622.76,3226.82,2932.29,69.0
2024-10-17,521.65,2694.11,5043.83,2972.64,72.0
2024-10-18,444.54,2747.93,3324.16,3043.87,76.0
2024-10-19,336.7,2782.85,3344.98,3067.31,55.0
2024-10-20,93.3,2923.56,3332.43,3109.88,9.0
2024-10-21,549.99,2743.04,3300.41,3014.26,79.0
2024-10-22,553.27,2738.34,3299.82,3008.41,77.0
2024-10-23,437.37,2743.89,3422.37,3106.95,67.0
2024-10-24,499.41,2704.16,3326.63,3021.85,68.0
2024-10-25,698.55,2678.9,3598.21,3158.47,78.0
2024-10-26,427.76,2711.38,3317.07,3024.22,64.0
2024-10-27,86.68,2979.3,3269.44,3133.53,12.0
2024-10-28,483.83,2806.13,3351.23,3091.59,55.0
2024-10-29,1023.65,2863.61,5202.9,4035.45,35.0
2024-10-30,668.24,2788.21,5388.83,4094.08,22.0
2024-10-31,5.9,2654.61,2881.39,2729.19,4.0
2024-11-01,56.5,2992.04,3381.42,3186.73,2.0
2024-11-02,476.48,2777.79,5216.4,3995.57,27.0
2024-11-03,59.87,2923.12,3328.79,3137.25,4.0
2024-11-04,761.72,2776.34,5173.34,3978.93,53.0
2024-11-05,421.97,2822.27,3406.57,3116.44,59.0
2024-11-06,818.22,2810.51,4497.61,3649.63,66.0
2024-11-07,922.1,2808.46,4369.93,3594.65,67.0
2024-11-08,996.42,2783.08,4632.41,3720.18,83.0
2024-11-09,1006.5,2794.4,5098.5,3953.18,60.0
2024-11-10,75.59,3143.51,3365.33,3259.51,7.0
2024-11-11,1276.56,2804.37,4981.55,3898.95,77.0
2024-11-12,1342.74,2773.8,5226.26,4007.36,70.0
2024-11-13,877.37,2738.35,4744.77,3756.63,74.0
2024-11-14,818.46,2814.2,4806.15,3816.51,64.0
2024-11-15,508.8,2784.19,5220.38,4013.58,24.0
2024-11-16,894.12,2777.93,4691.32,3744.81,62.0
2024-11-17,76.85,2908.32,3310.55,3121.2,11.0
2024-11-18,1283.67,2808.65,4955.04,3887.96,66.0
2024-11-19,1198.82,2792.15,5321.39,4069.58,38.0
2024-11-20,65.8,3189.51,3384.95,3287.23,3.0
2024-11-21,604.62,2722.63,3504.96,3165.36,71.0
2024-11-22,1152.26,2799.94,4872.68,3848.73,78.0
2024-11-23,846.94,2844.84,5070.33,3979.42,30.0
2024-11-24,75.64,2945.16,3342.45,3143.36,13.0
2024-11-25,1213.64,2790.83,4686.08,3742.56,77.0
2024-11-26,1439.6,2849.81,5144.59,4004.48,64.0
2024-11-27,957.0,2805.0,4663.32,3738.86,67.0
2024-11-28,845.2,2810.67,4766.3,3803.71,51.0
2024-11-29,19.2,2691.93,3195.79,2995.12,6.0
2024-11-30,607.7,2858.84,5476.88,4163.7,13.0
2024-12-01,100.5,2731.14,3338.46,3080.55,8.0
2024-12-02,1195.7,2750.37,4684.65,3728.39,83.0
2024-12-03,1369.31,2825.05,4971.8,3920.08,69.0
2024-12-04,1010.3,2831.24,4890.0,3865.02,73.0
2024-12-05,762.52,2821.1,4575.7,3700.21,67.0
2024-12-06,1065.11,2811.06,5027.25,3930.97,70.0
2024-12-07,1071.83,2828.22,5015.89,3934.9,64.0
2024-12-08,85.0,3056.88,3467.02,3271.7,12.0
2024-12-09,476.5,2911.21,3590.07,3279.38,74.0
2024-12-10,1525.37,2844.75,5237.44,4051.83,71.0
2024-12-11,996.2,2808.86,5197.71,4018.95,48.0
2024-12-12,470.8,2898.66,3571.02,3261.79,70.0
2024-12-13,1228.27,2861.56,5183.97,4028.42,67.0
2024-12-14,1769.31,2660.7,4123.49,3363.65,53.0
2024-12-15,92.3,2831.5,3312.69,3047.19,9.0
2024-12-16,520.87,2905.39,3547.0,3260.0,58.0
2024-12-17,496.4,2894.71,3554.24,3246.5,66.0
2024-12-18,1659.45,3018.99,4950.94,3988.12,69.0
2024-12-19,825.2,2880.47,4358.96,3633.05,77.0
2024-12-20,1031.36,2858.55,4885.41,3879.65,75.0
2024-12-21,1669.03,2712.26,3962.67,3356.05,54.0
2024-12-22,77.17,3069.56,3495.48,3283.21,9.0
2024-12-23,993.8,2861.75,4678.9,3778.63,67.0
2024-12-24,1453.7,2842.43,5206.2,4031.83,49.0
2024-12-25,85.3,2762.21,3942.87,3462.64,11.0
2024-12-26,1097.25,2857.25,4635.49,3756.28,64.0
2024-12-27,754.2,2814.43,4624.93,3729.65,69.0
2024-12-28,2042.24,2750.36,4283.83,3470.12,55.0
2024-12-29,70.1,3088.96,3309.93,3188.96,7.0
2024-12-30,1045.7,2930.22,5157.97,4051.85,55.0
2024-12-31,1114.45,2817.68,5051.16,3948.62,62.0
2025-01-01,787.5,2879.730285714286,4528.4206984127,3720.542984126984,64.0
2025-01-02,962.3,2877.1942221760364,4699.63317052894,3814.2933596591497,65.0
2025-01-03,780.0,2929.758846153846,4564.51423076923,3758.579487179488,68.0
2025-01-04,715.73,2895.607282075643,4809.668590110796,3867.088706635184,59.0
2025-01-05,29.6,2343.918918918919,3167.179054054054,2687.753378378379,9.0
2025-01-06,1124.9300000000003,2845.662663454614,5155.822762305208,4006.617033948778,54.0
2025-01-07,1257.3000000000002,2861.031973276067,5129.933746917997,4006.23590233039,56.0
2025-01-08,847.4999999999999,2879.647079646018,4911.22395280236,3905.372861356933,59.0
2025-01-09,354.7,2910.241048773612,3583.915421482944,3259.037214547505,61.0
2025-01-10,1069.39,2870.0333835177066,4914.0933616360735,3901.797005769645,69.0
2025-01-11,1079.2700000000002,2900.834082296367,5232.470280837973,4074.951680302425,54.0
2025-01-12,99.2,2757.6653225806454,3330.8024193548385,2981.5967741935488,12.0
2025-01-13,1511.88,2834.2583406090434,5362.984165409954,4095.319072942297,54.0
2025-01-14,1042.62,2849.858433561604,5225.210143676506,4036.537089255912,35.0
2025-01-15,1036.5,2831.843994211288,5206.134684032803,4025.2582730342497,51.0
2025-01-16,1236.0,2824.8211165048538,5115.403640776699,3919.343365695793,73.0
2025-01-17,749.3,2838.238355798745,4726.166288535967,3787.156946483385,61.0
2025-01-18,728.7299999999999,2795.4529112291248,4971.469954578513,3896.856586115572,59.0
2025-01-19,92.2,2909.425162689805,3284.634490238612,3102.917570498915,14.0
2025-01-20,404.04,2845.309375309376,3407.3613998614,3181.9022869022865,49.0
2025-01-21,1341.7,2991.620183349482,5359.498099426101,4186.985466199598,47.0
2025-01-22,883.03,2960.787289220072,5064.992016126292,4025.514535180006,60.0
2025-01-23,539.83,2922.5257951577346,7834.1529740844335,3769.097067595354,50.0
2025-01-24,875.1600000000001,2922.6370035193563,4799.732734585675,3880.328282828282,64.0
2025-01-25,760.3199999999999,2910.3393308080813,4773.030434553872,3854.7160669191926,49.0
2025-01-26,73.06,2772.351491924446,3183.383520394196,3137.188612099644,8.0
2025-01-27,1277.1,2950.202959830867,5022.02983321588,3992.13468013468,64.0
2025-01-28,880.3000000000001,2973.4132682040213,5167.742246961263,4071.552993297739,54.0
2025-01-29,760.03,2915.094404168257,4691.268502559109,3827.380498138232,55.0
2025-01-30,819.77,2905.3687619698208,4830.574856362151,3885.7393537211656,60.0
2025-01-31,1234.4199999999998,3045.5959883994105,4565.233550979408,3822.69162845709,62.0
2025-02-01,2464.03,2967.9478334273526,5335.837753598779,4160.259737097357,54.0
2025-02-02,395.94,2766.609082184169,3201.644188513412,2925.191695711472,10.0
2025-02-03,3713.73,3000.0592665594977,4852.317966034149,3937.540962859444,64.0
2025-02-04,1574.749999,2820.529671008433,4454.104461313927,3641.762438413566,75.0
2025-02-05,779.08,2861.4867536068177,4460.445268778559,3676.445679519433,62.0
2025-02-06,968.9,2865.148622148828,4226.872948704717,3554.733718650016,78.0
2025-02-07,637.9200000000001,2913.06872335089,4772.586687985954,3859.940431402056,66.0
2025-02-08,207.03,2639.2609766700475,3328.9909674926344,3020.079215572622,46.0
2025-02-09,8.27,2541.9588875453446,2905.683192261185,2752.8415961305927,3.0
2025-02-10,0.16,2400.0,3000.0,2455.0,1.0
2025-02-12,104.9,2643.241182078169,3106.0743565300286,2920.1020019065777,17.0
2025-02-13,1110.2,2885.2704918032787,4441.812646370024,3681.371464600973,69.0
2025-02-14,971.82,2863.6758864810354,4043.2029593957727,3464.848428721368,79.0
2025-02-15,1096.89,2886.6450601245338,4686.954662728258,3785.265341100748,68.0
2025-02-16,86.77,3052.862740578541,3254.303330644232,3153.588797971649,12.0
2025-02-17,1786.84,2827.7831311141454,3909.987973181706,3384.363037541134,78.0
2025-02-18,1787.0000000000002,2826.112143256855,4099.936261891437,3474.924331281477,63.0
2025-02-19,109.21,2848.0368098159506,3208.4424503250616,3039.670359857156,14.0
2025-02-20,2281.42,2776.5979521526065,3897.5013807190257,3364.6453962882765,67.0
2025-02-21,2277.91,2796.753515283747,3580.0307738233737,3198.9020330039384,84.0
2025-02-22,2011.45,2785.4857441149425,3953.348479952273,3397.517810534689,68.0
2025-02-23,106.04,2671.7153904187103,2917.5858166729536,2799.107883817428,12.0
2025-02-24,3144.51,2794.700789630181,3551.098574976706,3190.695408823633,83.0
2025-02-25,2332.2000000000003,2772.373124088844,3984.810093473972,3395.882141325786,62.0
2025-02-26,116.65,2836.973424774968,3140.1363051864555,3032.4582940420064,11.0
2025-02-27,3757.2599999999993,2710.079366346753,3570.2289700473225,3156.2320094962824,69.0
2025-02-28,4592.48,2629.3630456746687,3352.379759955405,3026.318753701704,88.0
2025-03-01,3181.12,2687.3974700734334,3518.6188637963987,3109.9346613771254,69.0
2025-03-02,131.41,2771.3705197473555,3169.5746138041245,2968.954417472034,9.0
2025-03-03,5620.91,2589.355173806377,3361.619059903112,2978.6523018514795,86.0
2025-03-04,5276.330000000001,2615.533609535415,3417.2949853401888,3039.6184980848425,83.0
2025-03-05,4028.38,2559.3952109781103,3311.430756284164,2947.9623769356413,73.0
2025-03-06,4735.360000000001,2570.646856838762,3574.948050412217,3105.3015694688465,80.0
2025-03-07,4170.1,2638.5703700151075,3487.715474449054,3086.6031989640533,88.0
2025-03-08,3625.24,2675.641000319979,3754.129321093224,3210.4357449437834,75.0
2025-03-09,169.93,2702.6599187900897,2986.4814923792146,2836.653327840876,12.0
2025-03-10,7407.040000000001,2583.25860262669,3376.195551799369,3004.4574998919948,88.0
2025-03-11,6217.099999999999,2634.0736838719017,3569.046195171383,3123.0935806083226,83.0
2025-03-12,5002.9,2599.981410781747,3346.6668532251297,2979.354514381658,79.0
2025-03-13,2037.9,2707.673634623877,4012.3317140193335,3395.304529172187,32.0
2025-03-14,57.760000000000005,2545.7271468144045,2821.8957756232685,2699.916897506925,8.0
2025-03-15,3954.87,2703.8421743319,4194.373949080501,3460.963470354272,65.0
2025-03-16,252.16000000000005,2590.6289657360403,2784.710104695432,2688.3328045685275,12.0
2025-03-17,6650.8,2561.2421362843565,3352.2020508810965,2954.1850303722863,94.0
2025-03-18,4836.68,2529.424491593407,3287.809148010618,2912.757960005624,85.0
2025-03-19,4332.04,2469.8778358463915,3070.9416995226265,2775.270101384106,82.0
2025-03-20,4069.130001,2538.850638824798,3407.3656899122507,2968.751005714305,77.0
2025-03-21,4548.37,2564.927809303113,3463.1668487831903,3022.456297530764,92.0
2025-03-22,3173.65,2431.746411860161,2831.041576733414,2608.263488412396,74.0
2025-03-23,210.75,2649.786951364176,2960.973665480427,2783.991459074733,14.0
2025-03-24,5077.440001000001,2571.609551255828,3465.3963413914494,3024.387006015947,85.0
2025-03-25,4645.07,2621.040027383872,3619.1386136269207,3119.006340055156,91.0
2025-03-26,3177.47,2578.692387339613,3466.062433319591,3035.048025630455,77.0
2025-03-27,3042.1600000000003,2556.447195413785,3410.295020643226,2997.929550056538,66.0
2025-03-28,2574.39,2753.191047199531,4023.48637929762,3412.714483819468,62.0
2025-03-29,1120.45,2486.48837520639,2926.9270382435625,2726.088571556072,34.0
2025-03-30,103.71,2374.2792401889883,3070.3837624144244,2726.6165268537266,10.0
2025-03-31,1804.22,2956.054971123256,5290.815698750706,4146.776972874705,15.0
2025-04-01,2045.71,2585.194235742114,3787.334666203909,3209.30102507198,54.0
2025-04-02,3622.55,2514.994078756677,3490.853790837946,3022.109329063781,73.0
2025-04-03,3222.05,2534.5144240468026,3487.572632330349,3011.1611210254346,76.0
2025-04-04,2999.69,2568.950874923742,3595.541105914278,3084.4464928042566,96.0
2025-04-05,3592.46,2717.7267109445893,3986.3737940018814,3360.79257667448,71.0
2025-04-06,176.38,2569.883206712779,2845.810182560381,2728.60868579204,8.0
2025-04-07,4212.530000000001,2669.025573705113,3746.6349082380416,3223.394712915991,95.0
2025-04-08,3799.66,2647.649816036172,3881.816899406789,3272.1778659143183,89.0
2025-04-09,3247.27,2683.5931721107268,4035.020894474436,3366.450649314655,69.0
2025-04-10,1328.6699999999998,2879.9928499928506,4684.247405300038,3792.73978489768,18.0
2025-04-11,3183.21,2652.5963100141053,3502.014507368348,3083.5708859924416,84.0
2025-04-12,777.91,2785.802213623685,3337.5252921289093,3089.35995166536,31.0
2025-04-13,125.39,2450.0470531940346,2923.227530106069,2670.3086370523965,7.0
2025-04-14,271.48,2604.7852512155587,3052.102917341977,2719.657064977162,11.0
2025-04-15,4183.92,2591.1863037534176,3628.7345121321614,3127.988551406336,89.0
2025-04-16,3408.54,2640.3679874667746,3678.102354673849,3160.965956098505,86.0
2025-04-17,2700.870001,2666.765264316029,3750.7138249983454,3218.226774717692,68.0
2025-04-18,1227.2799999999995,2760.1422658236106,4770.098754970341,3770.1439769245817,27.0
2025-04-19,2398.9,2735.003459919129,4115.942223519113,3423.874609195881,68.0
2025-04-20,145.4,2733.1636863823933,2973.045392022008,2848.356258596974,11.0
2025-04-21,2761.71,2629.9819314844794,3927.557382925797,3284.228322307556,84.0
2025-04-22,2835.25,2714.561308526585,4338.080627810598,3524.195728771713,81.0
2025-04-23,2912.98,2704.3043034967627,4104.104473769129,3398.1276459158657,89.0
2025-04-24,2329.03,2641.9426542380297,3900.951876961653,3276.1863093219063,78.0
2025-04-25,2126.1700000000005,2667.502927799752,3887.937465019259,3292.231006927949,86.0
2025-04-26,1992.15,2641.9679742991248,3976.972667720805,3304.535803026881,67.0
2025-04-27,55.25,2388.622624434389,2658.626244343892,2557.245248868778,11.0
2025-04-28,2598.69,2668.4633026640345,3925.773832200072,3297.7013803108493,87.0
2025-04-29,2160.74,2654.695659820247,4053.8577524366656,3362.5572720456885,77.0
2025-04-30,714.8,2702.936066032457,4536.739507554562,3629.702993844433,22.0
2025-05-01,30.0,2422.266666666667,2653.333333333333,2535.84,5.0
2025-05-02,2477.96,2683.9063988119256,3935.59520734798,3315.773983437989,102.0
2025-05-03,1702.57,2741.0741408576446,4132.678303975754,3441.99815572928,77.0
2025-05-04,116.09999999999998,2281.6589147286822,2513.714039621017,2415.847545219639,12.0
2025-05-05,1863.969999,2647.7632956527,3755.758301129181,3195.579639369508,93.0
2025-05-06,2011.21,2764.328140770978,4497.818775761854,3630.491594612199,85.0
2025-05-07,1525.07,2744.189971607861,4056.9777780692034,3400.324758863528,87.0
2025-05-08,1440.9,2686.8545353598447,3732.158581442155,3207.7245471580263,97.0
2025-05-09,1129.13,2672.2456227360885,3678.925013063154,3168.680577081469,96.0
2025-05-10,610.8600010000001,2365.5852398821567,2772.812918888431,2580.171397382098,69.0
2025-05-11,79.61,2455.598542896621,2974.5283255872378,2557.301846501696,9.0
2025-05-12,1290.64,2878.749070228723,5059.977220603731,3930.547092915144,20.0
2025-05-13,1925.7,2813.1961883990243,4641.648803032664,3721.350989250662,58.0
2025-05-15,1741.3999989999998,2728.9967845004007,4084.013208717132,3412.929654882813,89.0
2025-05-16,1876.140001,2778.7130489447945,4475.831546756729,3623.39649434616,107.0
2025-05-17,1426.7399999999998,2850.796431024574,4801.172603277402,3821.9521426468737,67.0
2025-05-18,106.7,2845.202436738519,3129.394564198688,2985.974695407685,10.0
2025-05-19,2155.24,2787.8016833392103,4384.774456673039,3579.0726786807963,87.0
2025-05-20,1882.81,2832.629527142941,4442.80596555149,3640.739639156368,81.0
2025-05-21,1503.86,2769.929980184326,4058.676073570678,3405.870559759552,92.0
2025-05-22,1537.3300000000002,2671.867133276525,3836.630261557375,3246.480391327821,87.0
2025-05-23,1463.4400000000005,2769.5833788880987,3658.198286229705,3207.9543267916683,94.0
2025-05-24,941.21,2824.6700523793843,4522.026434058287,3692.2618756706793,59.0
2025-05-25,26.700000000000003,2528.370786516853,2656.460674157303,2581.6142322097376,7.0
2025-05-26,1784.6,2705.868822145018,4162.735514961337,3431.5184467107474,83.0
2025-05-27,1333.6,2726.5004499100182,4004.291466706659,3367.936787642472,85.0
2025-05-28,1326.26,2708.816597047336,3929.840981406361,3321.033884758645,82.0
2025-05-29,1108.67,2559.247386508158,2958.805866488676,2760.192311508383,93.0
2025-05-30,1723.1299999999997,2582.931467736039,3351.1310231961606,2967.049085095148,92.0
2025-05-31,860.21,2604.989595563873,3478.392718057218,3055.365782773974,71.0
2025-06-01,100.7,2807.61,2984.96,2899.91,9.0
2025-06-02,1817.440001,2730.41,3983.38,3350.21,81.0
2025-06-03,1704.1,2645.88,4027.89,3337.38,79.0
2025-06-04,1289.16,2679.57,4167.84,3430.48,65.0
2025-06-05,2430.1999989999995,2627.36,3312.7,2976.49,77.0
2025-06-06,1438.1600000000003,2754.03,4120.32,3437.27,72.0
2025-06-07,513.3,2751.18,5201.43,3973.76,17.0
2025-06-08,142.25,2764.96,3853.65,2899.7,14.0
2025-06-09,1660.4599990000002,2653.1,3859.7,3255.86,75.0
2025-06-10,1546.26,2703.69,4104.69,3405.85,68.0
2025-06-11,1424.4399999999998,2656.59,3607.01,3140.74,77.0
2025-06-12,1516.4000009999995,2654.14,3864.21,3272.0,81.0
2025-06-13,1646.55,2670.52,3685.41,3176.8,83.0
2025-06-14,2595.9999999999995,2743.84,4893.78,3821.48,62.0
2025-06-15,198.4,2617.31,2833.45,2719.76,13.0
2025-06-16,3140.7000000000003,2718.55,4320.57,3528.43,81.0
2025-06-17,1669.0,2575.87,3511.07,3053.13,80.0
2025-06-18,1239.16,2725.7,3918.72,3322.99,77.0
2025-06-19,1533.380001,2674.71,3860.49,3290.29,76.0
2025-06-20,1161.67,2698.67,3903.3,3305.9,87.0
2025-06-21,591.75,2558.51,2960.92,2774.33,68.0
2025-06-22,89.06,2510.14,2725.12,2583.43,13.0
2025-06-23,1573.15,2608.32,3849.18,3229.07,82.0
2025-06-24,1146.93,2664.04,3849.32,3262.36,71.0
2025-06-25,866.3000000000001,2685.11,4133.26,3416.95,65.0
2025-06-26,1095.4,2636.51,3834.06,3243.0,72.0
2025-06-27,1454.37,2666.65,3807.78,3240.81,90.0
2025-06-28,946.3,2695.38,4129.83,3424.35,64.0
2025-06-29,94.16,2894.67,3077.05,2995.02,12.0
2025-06-30,948.929999,2574.97,2967.21,2790.78,79.0
2025-07-01,1261.2400000000002,2689.3515270685984,4395.219958136436,3553.1368494497474,59.0
2025-07-02,170.92,2400.75122864498,2527.8516264919263,2453.269248771356,25.0
2025-07-03,1408.869999,2695.197108814296,3995.650380500437,3363.1616479612467,73.0
2025-07-04,1129.84,2702.555937123841,3882.949267152872,3301.5630177724283,82.0
2025-07-05,746.26,2824.1884865864445,3400.557044461716,3128.0812317422883,57.0
2025-07-06,71.9,2904.9749652294854,3259.1126564673154,3080.7468706536856,9.0
2025-07-07,725.230001,2693.60230511203,3053.524398530777,2907.2961676333075,70.0
2025-07-08,1471.12,2714.211825004078,4494.171447604546,3617.157675784436,64.0
2025-07-09,1235.0,2656.620647773279,4521.990445344129,3602.334170040486,65.0
2025-07-10,1085.6999990000002,2695.2880176331287,4146.795709428751,3442.3833481094066,66.0
2025-07-11,1285.7,2672.139262658474,4103.973438593762,3395.5688185424283,78.0
2025-07-12,1156.4,2776.951314424075,4516.06416464891,3663.719906606711,61.0
2025-07-13,103.64,2922.520262446932,3147.4874565804707,3000.6541875723656,12.0
2025-07-14,1412.84,2692.3484612553434,4174.256816058436,3445.4988533733467,74.0
2025-07-15,1508.86,2669.133319194624,4187.667775671698,3439.7190196572246,79.0
2025-07-16,1265.1,2703.285036755987,4179.394356177377,3457.3058256264326,70.0
2025-07-17,1152.9,2656.8400555121866,3646.585566831468,3157.9244513834674,76.0
2025-07-18,1328.5700000000002,2687.671180291591,4164.895639672731,3436.8479643526493,84.0
2025-07-19,1080.8300000000002,2686.399156204028,4177.375813032577,3445.032891389025,63.0
2025-07-20,92.88,2863.770456503015,3070.128122308355,2958.3171834625323,9.0
2025-07-21,1611.6,2686.370749565649,4141.124348473567,3420.3232812112187,85.0
2025-07-22,1210.8399999999997,2688.215618909188,4152.641472035944,3431.913052096066,67.0
2025-07-23,1336.63,2718.615772502488,4278.508562579023,3503.550975213784,79.0
2025-07-24,1072.440001,2674.262895104376,4142.610867067053,3434.820576410037,63.0
2025-07-25,987.62,2757.6642838338635,4335.776614487353,3536.194589011968,49.0
2025-07-26,635.6,2908.608401510384,4850.633102580239,3879.0358716173696,12.0
2025-07-27,95.19,2790.655531043177,3148.679483138985,2965.8861224918587,11.0
2025-07-28,1401.14,2702.040338581441,4190.53948927302,3457.009292433305,67.0
2025-07-29,829.4,2820.4669640704124,48187.96069447793,4045.2504219918014,23.0
2025-07-30,940.55,2754.216681728776,3852.458561479985,3201.1734836000214,71.0
2025-07-31,1097.06,2783.3870526680403,3778.077224582066,3281.2224126301207,68.0
2025-08-01,1206.06,2784.8,4022.23,3416.91,75.0
2025-08-02,1080.47,2852.09,4169.93,3535.19,59.0
2025-08-03,92.6,2836.52,3285.1,3061.93,10.0
2025-08-04,1578.7,2824.72,4276.15,3567.69,74.0
2025-08-05,1713.17,2868.51,4478.01,3686.02,82.0
2025-08-06,1453.82,2834.93,3931.24,3383.55,74.0
2025-08-07,1496.46,2767.24,3899.98,3348.39,75.0
2025-08-08,1009.9,2880.29,4177.6,3544.02,61.0
2025-08-09,1.3,2626.92,2811.54,2719.23,2.0
2025-08-10,150.24,2786.58,3151.96,2965.69,13.0
2025-08-11,1813.1,2864.25,4279.67,3587.81,67.0
2025-08-12,1669.99,2883.62,4524.08,3708.33,80.0
2025-08-13,1310.18,2896.89,4225.11,3563.85,78.0
2025-08-14,1355.2,2934.38,4821.55,3888.69,57.0
2025-08-15,21.8,2405.89,2629.66,2448.6,7.0
2025-08-16,446.72,2982.85,3515.53,3277.01,48.0
2025-08-17,124.94,2918.25,3161.06,3007.05,13.0
2025-08-18,2093.76,2932.12,4608.57,3778.07,61.0
2025-08-19,2241.89,2927.07,4979.77,3958.19,71.0
2025-08-20,985.82,2650.89,2952.52,2794.97,71.0
2025-08-21,1228.1,2885.33,4241.82,3575.22,63.0
2025-08-22,646.3,3094.07,5006.97,4067.22,23.0
2025-08-23,775.6,3010.1,4797.58,3913.29,36.0
2025-08-24,93.1,2712.24,3100.67,2920.81,7.0
2025-08-25,1808.81,2754.74,3823.37,3214.96,82.0
2025-08-26,1458.11,2927.27,4541.22,3626.63,56.0
2025-08-27,86.82,3564.14,3877.91,3717.17,13.0
2025-08-28,1424.33,2913.61,4554.71,3597.21,60.0
2025-08-29,1369.3,2867.89,4649.64,3767.59,57.0
2025-08-30,709.2,3001.32,5059.92,4036.21,28.0
2025-08-31,43.9,2499.98,2853.28,2619.53,7.0
2025-09-01,1126.4,2856.86,4983.67,3756.77,48.0
2025-09-02,1420.1,2888.29,4420.89,3657.56,69.0
2025-09-03,1383.1,2869.33,4191.7,3537.54,75.0
2025-09-04,1345.16,2823.34,4409.22,3502.47,65.0
2025-09-05,720.33,3051.51,5233.45,3954.22,21.0
2025-09-06,196.31,3247.72,3594.86,3429.55,23.0
2025-09-07,117.29,2652.91,2997.59,2811.48,12.0
2025-09-08,1964.68,2880.1,4447.76,3545.5,67.0
2025-09-09,2144.45,2825.72,4278.84,3559.51,69.0
2025-09-10,1322.89,2816.19,3874.43,3279.33,76.0
2025-09-11,1865.98,2688.29,3532.83,3125.78,78.0
2025-09-12,1476.19,2850.23,4143.42,3503.85,80.0
2025-09-13,1176.13,2806.75,4435.41,3499.17,59.0
2025-09-14,126.91,2912.17,3314.91,3052.61,15.0
2025-09-15,2018.57,2854.97,4590.87,3589.22,77.0
2025-09-16,1889.8,2936.77,4769.51,3855.1,73.0
2025-09-17,1409.98,2914.77,4526.43,3722.99,64.0
2025-09-18,1506.03,2810.4,4212.13,3398.22,75.0
2025-09-19,2034.41,2769.83,3779.2,3276.32,82.0
2025-09-20,1495.5,2906.36,4740.49,3670.86,57.0
2025-09-21,130.66,2711.48,3069.41,2868.98,13.0
2025-09-22,453.49,2798.58,3013.38,2900.7,55.0
2025-09-23,1542.28,2828.76,4375.64,3601.54,75.0
2025-09-24,1436.11,2741.04,4108.54,3421.2,77.0
2025-09-25,946.16,2645.41,2975.42,2780.87,71.0
2025-09-26,1608.7,2888.29,4593.34,3739.88,53.0
2025-09-27,1133.23,2950.1,4466.21,3711.66,51.0
2025-09-28,102.4,2812.38,3231.92,3037.91,7.0
2025-09-29,1243.77,2860.98,4303.74,3478.78,68.0
2025-09-30,1539.11,2842.0,4111.07,3376.16,80.0
2025-11-01,1034.14,2809.01,4082.7,3452.65,67.0
2025-11-02,73.48,2811.46,3171.58,2994.6,10.0
2025-11-03,1040.57,2800.64,4275.41,3540.89,71.0
2025-11-04,1038.5,2872.21,4500.03,3699.74,30.0
2025-11-05,165.13,3128.94,3913.63,3568.76,17.0
2025-11-06,297.5,2535.21,2798.13,2659.97,36.0
2025-11-07,769.7,2758.66,3180.93,2983.53,68.0
2025-11-08,512.6,2763.48,3240.26,3024.69,34.0
2025-11-09,12.0,2506.25,2600.0,2577.12,2.0
2025-11-10,1558.9,2877.08,4795.64,3841.72,49.0
2025-11-11,1352.1,2899.45,4700.49,3809.49,47.0
2025-11-12,970.1,2883.69,4540.05,3715.87,39.0
2025-11-13,1021.7,2815.19,4603.44,3717.26,41.0
2025-11-14,1004.3,2866.13,4543.36,3713.93,48.0
2025-11-15,293.2,2552.53,3125.6,2883.71,30.0
2025-11-16,133.1,2695.7,3103.91,2869.12,10.0
2025-11-17,1358.35,2809.07,4513.91,3657.45,55.0
2025-11-18,1016.56,2830.7,4737.62,3664.16,48.0
2025-11-19,938.6,2823.98,4469.03,3656.71,52.0
2025-11-20,875.1,2897.12,4606.41,3760.82,55.0
2025-11-21,1144.1,2901.07,4613.92,3761.73,52.0
2025-11-22,319.6,2821.75,3593.45,3234.85,34.0
2025-11-23,89.8,2838.62,3236.72,3037.71,9.0
2025-11-24,1665.62,2863.29,4727.16,3800.84,67.0
2025-11-25,1318.2,2894.73,4628.66,3764.05,64.0
2025-11-26,1135.05,2758.76,4123.84,3450.25,61.0
2025-11-27,1053.2,2775.11,3921.2,3353.15,71.0
2025-11-28,1138.7,2814.14,4271.05,3546.67,53.0
2025-11-29,400.2,2786.41,3517.02,3175.56,34.0
2025-11-30,120.0,2689.49,3023.19,2826.33,10.0
2025-12-01,997.6,2814.88,4152.55,3494.89,44.0
2025-12-02,837.23,2882.16,4426.02,3663.5,25.0
2025-12-03,1180.7,2721.7,3790.33,3262.78,65.0
2025-12-04,1044.3,2796.26,4128.34,3470.64,64.0
2025-12-05,320.66,2671.32,3096.9,2874.19,41.0
2025-12-06,483.1,2848.97,3657.01,3279.59,34.0
2025-12-07,12.28,2471.82,2637.79,2533.71,5.0
2025-12-08,1576.23,2802.32,4326.15,3568.01,66.0
2025-12-09,1168.5,2812.09,4438.24,3638.95,44.0
2025-12-10,1211.96,2790.09,4141.45,3466.64,57.0
2025-12-11,1315.7,2677.03,3689.54,3191.47,63.0
2025-12-12,1064.64,2814.1,4434.11,3635.69,54.0
2025-12-13,339.1,2866.79,3731.13,3314.64,35.0
2025-12-14,21.94,2461.83,2630.33,2543.3,6.0
2025-12-15,1262.1,2779.43,4298.89,3552.03,57.0
2025-12-16,1446.17,2798.37,4403.58,3608.29,62.0
2025-12-17,997.4,2792.19,4308.44,3564.56,57.0
2025-12-18,885.4,2743.67,4112.45,3440.42,52.0
2025-12-19,962.44,2853.88,4541.71,3680.95,43.0
2025-12-20,212.1,2668.74,3135.09,2880.06,26.0
2025-12-21,70.0,3082.79,3275.0,3181.46,4.0
2025-12-22,1008.9,2798.26,4274.75,3546.54,62.0
2025-12-23,1319.0,2883.39,4344.99,3621.41,58.0
2025-12-24,1020.8,2564.67,3975.96,3283.1,42.0
2025-12-25,685.0,2818.67,4435.42,3652.55,19.0
2025-12-26,1046.86,2770.07,4091.16,3440.25,59.0
2025-12-27,271.73,2626.56,3237.04,2986.55,36.0
2025-12-28,25.2,2484.79,4528.29,2580.75,12.0
2025-12-29,1334.04,2816.98,4174.03,3507.57,66.0
2025-12-30,1203.65,2842.34,4185.37,3529.26,58.0
2025-12-31,1141.23,2835.09,4163.5,3511.61,59.0
2026-01-01,1271.41,2880.318543978732,4301.956253293587,3604.953476848538,58.0
2026-01-02,890.74,2899.92377124638,4396.959606619216,3669.490648225071,57.0
2026-01-03,412.00000000000006,2917.655339805825,3680.180582524271,3327.1216019417466,36.0
2026-01-04,17.98,2478.0978865406005,2825.761957730812,2626.318131256952,8.0
2026-01-05,975.5399999999998,2873.962010783772,4166.848104639483,3541.214711851898,62.0
2026-01-06,1531.3200000000002,2873.3941958571686,4418.955933443042,3660.9876446464486,63.0
2026-01-07,1202.11,2852.164111437389,4238.840039597041,3559.022801573899,60.0
2026-01-08,1116.8000000000002,2866.7307485673346,4299.446543696275,3598.829602435529,59.0
2026-01-09,1116.4199999999998,2876.706526217732,4365.326669174684,3637.925511904122,63.0
2026-01-10,388.1,2828.301211028086,3479.6892553465595,3207.1087348621486,44.0
2026-01-11,82.1,2702.935444579781,3062.6674786845315,2893.373934226553,9.0
2026-01-12,1930.5,2873.498730898731,4542.570525770527,3715.482880082881,62.0
2026-01-13,1324.79,2886.0197465258643,4455.1381728424885,3669.738600080013,62.0
2026-01-14,710.78,2844.6720504234786,4320.527167337292,3577.421142969695,33.0
2026-01-15,214.0,2525.364018691589,2796.5626168224294,2633.819626168224,41.0
2026-01-16,1285.5800000000002,2843.08887817172,4608.8638591141735,3720.803295010812,48.0
2026-01-17,301.01,2869.924587223016,3531.633666655592,3192.736321052457,39.0
2026-01-18,112.41,2673.086024375056,3066.2485543990747,2833.39204697091,10.0
2026-01-19,1278.0,2875.2157276995304,4363.9303599374025,3620.3666666666672,44.0
2026-01-20,1524.8,2831.528921825813,4293.04767838405,3608.158381427073,46.0
2026-01-21,971.02,2803.241745793084,3827.488414244815,3343.635455500402,69.0
2026-01-22,1142.1,2847.554855091498,4177.092986603626,3530.393748358288,70.0
2026-01-23,987.89,2863.4983652026035,4208.045126481694,3557.6872931196795,56.0
2026-01-24,433.49,2734.0012457034763,3340.6809845671182,3076.061500842003,36.0
2026-01-25,10.52,2442.5855513307984,2736.026615969582,2571.2927756653994,2.0
2026-01-26,4.2,2542.8571428571427,2857.142857142857,2739.285714285714,5.0
2026-01-27,1534.4199999999998,2705.6286414410656,3135.473077775316,2927.4355782641,62.0
2026-01-28,1616.0200000000002,2639.234167893961,3892.518161903936,3270.542505662058,44.0
2026-01-29,826.2,2696.4658678286128,3901.712539336723,3322.95654805132,41.0
2026-01-30,1181.81,2714.1084438276885,3576.096749900576,3159.3072490501863,73.0
2026-01-31,406.42,2581.516165543034,3069.2015648836177,2909.120860193888,42.0
2026-02-01,52.63,2750.997529925898,3136.614098422953,2957.9213376401294,8.0
2026-02-02,1225.1600000000003,2775.492996833066,4189.207940187403,3502.68087433478,62.0
2026-02-03,1311.88,2695.5005793212795,3945.5849620392114,3333.913391468732,61.0
2026-02-04,1324.4,2735.726064633042,3997.102083962549,3382.507210812444,67.0
2026-02-05,1783.6,2686.7305449652386,3751.051917470285,3301.2554384391115,63.0
2026-02-06,957.26,2802.751812464744,4097.746380293756,3440.875728642167,55.0
2026-02-07,199.34,2560.625062706933,2782.2654760710348,2677.1997592053776,28.0
2026-02-08,48.02,2595.501874219075,3007.863390254061,2800.499791753436,8.0
2026-02-09,1598.91,2847.47865733531,4342.304132190056,3613.092219074245,68.0
2026-02-10,1525.26,2744.6875286836344,4466.669026920001,3624.2593393913166,56.0
2026-02-11,1085.9199999999998,2704.594905702077,4384.834978635627,3569.740404449684,67.0
2026-02-12,935.71,2738.4240843851194,3738.7325132786873,3274.375287215056,61.0
2026-02-13,1130.1999999999998,2700.5118563086185,3922.1297115554776,3340.8863033091498,65.0
2026-02-14,448.86,2462.4419640867977,2929.0954863431803,2797.4862986231788,36.0
2026-02-15,75.88,2722.0084343700582,3077.148128624144,2899.828676858197,7.0
2026-02-16,1880.19,2708.7827825911213,4003.803551768705,3383.197761928316,63.0
2026-02-17,1252.08,2645.8743850233213,3961.011516835985,3351.7049230081147,53.0
2026-02-18,1281.7000000000005,2606.228602637122,3558.0726379027847,3113.7532964032134,48.0
2026-02-19,150.39999999999998,2473.3397606382987,2754.912234042554,2639.9960106382982,12.0
2026-02-20,1965.23,2569.8275011067403,3644.133969051968,3146.32831780504,69.0
2026-02-21,933.55,2410.44539660436,2867.833003052862,2712.0166032885218,42.0
2026-02-22,88.8,2619.824324324324,2940.6081081081084,2798.56981981982,11.0
2026-02-23,2423.12,2442.6399848129686,3410.2468305325365,2971.43948298062,74.0
2026-02-24,2665.97,2480.1719824304105,3593.922062138733,3079.586773294523,73.0
2026-02-25,2047.6,2413.9482809142414,3120.206778667709,2774.448056260989,68.0
2026-02-26,2626.01,2402.8001797403667,3136.712731482364,2822.127493802385,72.0
2026-02-27,2726.82,2322.013664268268,2974.8551426203417,2707.007184192576,71.0
2026-02-28,1026.7199999999998,2256.5406342527667,2653.3886551347987,2532.485974754559,45.0
2026-03-01,68.58,2454.301545640129,2705.6984543598714,2588.2589676290463,10.0
2026-03-02,1624.58,2645.7401297566144,3878.103632938975,3311.201849093304,37.0
2026-03-03,266.95,2221.1294249859525,2950.348379846413,2669.499906349504,9.0
2026-03-04,4140.84,2353.9752803778943,3208.338284019668,2829.7953072323494,57.0
2026-03-05,4515.560000000001,2239.972827290524,2796.0168174047067,2550.664852199948,71.0
2026-03-06,3884.99,2178.4139598814927,2658.710743142196,2478.0049369496446,69.0
2026-03-07,1406.86,2240.279914135024,2724.437186358273,2535.563240123396,38.0
2026-03-08,81.4,2620.0675675675675,2948.667076167076,2792.407862407862,5.0
2026-03-09,5396.780000000001,2217.853627533455,2792.8435567134475,2543.6095727452293,70.0
2026-03-10,6251.89,2215.4108117705205,2746.379478845597,2512.445858772307,72.0
2026-03-11,5559.22,2157.7898877900134,2615.139677868478,2435.349167688993,78.0
2026-03-12,4977.4800000000005,2162.8609256089426,2763.3208973215364,2510.0164500912106,78.0
2026-03-13,5995.74,2212.227606600686,2751.949834382412,2516.232583467596,80.0
2026-03-14,2907.06,2141.53051536604,2471.6480567996537,2337.4905918694485,55.0
2026-03-15,141.26,2047.288687526547,2310.3865213082263,2142.816083817075,8.0
2026-03-16,8770.59,2185.9192369042444,2768.7452953564134,2516.6493189169714,87.0
2026-03-17,8611.140000000001,2190.2412572551366,2979.103812038824,2624.254970886549,84.0
2026-03-18,5240.150000000001,2270.8187742717287,2927.2654408747835,2612.966909344198,50.0
2026-03-19,739.9,2344.653872144884,2734.964724962833,2567.249222867956,34.0
2026-03-20,6042.91,2308.1334654992384,3007.109637575274,2683.38298932137,60.0
2026-03-21,664.43,2767.649714793132,4723.386060232079,3615.97760486432,13.0
2026-03-22,136.85,2028.3266350018268,2308.9514066496163,2154.60358056266,9.0
2026-03-23,7297.889999999999,2133.7184446463293,2416.779185490601,2288.4038564571406,87.0
2026-03-24,9443.740000000002,2205.376333952438,2826.2911357152984,2535.751444872476,86.0
2026-03-25,6834.62,2234.8299539696427,2934.543938068247,2626.596545235873,65.0
2026-03-26,1362.9199999999998,2821.9763449065244,5009.081237343352,3914.4512517242392,14.0
2026-03-27,5506.4800000000005,2277.414609696212,2854.7454090453425,2572.869629963243,68.0
2026-03-28,4158.820000000001,2304.1853217980097,3038.834465064609,2702.9552853934524,52.0
2026-03-29,312.83,2078.0046670715724,2327.235239586996,2190.9151935556056,15.0
2026-03-30,3316.35,2540.41171770169,4012.593634568125,3206.9795709138057,42.0
2026-03-31,2027.32,2846.911193102224,5184.178768028728,4021.281790738512,19.0
2026-04-01,3341.76,2456.549093890644,3724.756625251364,3128.7088360624343,49.0
2026-04-02,3406.45,2351.430609578887,3292.548107267097,2838.687020211657,38.0
2026-04-03,1527.46,2663.03369646341,4158.423362968588,3428.772399931913,25.0
2026-04-04,3480.04,2396.273347432788,3327.9349375294537,2888.5850679877244,49.0
2026-04-05,330.53,2367.1255256708923,2631.02260006656,2501.4240764832243,15.0
2026-04-06,7282.32,2253.830221687594,2918.8573970932343,2622.9238649221675,81.0
2026-04-07,6357.610000000001,2315.377398110296,3229.885129789339,2790.9810447636764,87.0
2026-04-08,6661.07,2244.867521284118,2816.706475085835,2557.716036612737,87.0
2026-04-09,8724.240000000002,2216.8799574518807,2743.719109057064,2528.725831705684,98.0
2026-04-10,4668.65,2266.433915585876,2939.654289783985,2626.1699891831686,87.0
2026-04-11,4465.53,2368.5822511549586,3147.713485297378,2782.865147026221,57.0
2026-04-12,440.3,2282.4967067908246,2588.053372700432,2414.4889847831028,13.0
2026-04-13,6217.810000000001,2301.5715340288616,2963.194428584983,2661.4931897243555,73.0
2026-04-14,1274.45,2900.1876888069364,5223.036180313076,4061.682215857821,16.0
2026-04-15,6929.900000000001,2248.357148010793,2840.5977142527304,2572.930622375503,100.0
2026-04-16,6445.99,2207.284032398437,2728.6975158199125,2496.591659310672,88.0
2026-04-17,4627.320000000001,2289.4085561404872,2931.9424245567625,2625.610871951799,68.0
2026-04-18,3903.8,2319.964854756904,3060.681874071418,2738.239077309289,49.0
2026-04-19,109.5,2587.945205479452,2948.03196347032,2759.4566210045664,8.0
2026-04-20,4751.21,2103.642145895467,2728.2271673952528,2497.6261057709507,90.0
2026-04-21,3384.69,2306.494541597606,3061.2009814783632,2715.7960551778747,81.0
2026-04-22,4217.049999999999,2292.6156863210067,2860.3715346035738,2601.4593519166247,89.0
2026-04-23,3951.78,2221.1739266862023,2766.871966556843,2536.668124237685,75.0
2026-04-24,3751.72,2390.917472519271,3021.04189545062,2744.568584542556,79.0
2026-04-25,2677.91,2308.2514722302094,3013.57215141659,2694.343895052485,52.0
2026-04-26,226.5,2193.880353200884,2523.881677704194,2362.246799116998,11.0
2026-04-27,4197.81,2321.347059538188,2866.0983131680564,2626.5568355880805,81.0
2026-04-28,4031.54,2351.5016842199257,3031.046399142759,2727.892403399197,80.0
2026-04-29,3263.78,2305.6022464749462,2795.688802554094,2593.0966272236487,84.0
2026-04-30,2754.89,2354.0830305384247,3034.3790133181365,2725.0370432213267,59.0
2026-05-01,55.5,2084.9765765765765,2460.911531531532,2297.90990990991,7.0
2026-05-02,2535.8,2239.7827904408864,2583.291702815679,2432.8574020033125,50.0
2026-05-03,462.87000000000006,2138.527232268239,2437.5057791604545,2347.248687536457,12.0
2026-05-04,4629.960000000001,2336.55025097409,2857.1504980604577,2635.550428081452,86.0
2026-05-05,4072.73,2254.794818217756,2920.3685734139017,2624.8438344795754,88.0
2026-05-06,3142.44,2270.1020226320948,2998.699100062372,2616.4952234569314,84.0
2026-05-07,3078.33,2357.738059272397,2972.845991170537,2685.738156727836,91.0
2026-05-08,2376.73,2343.4551673938563,3098.154775679189,2753.2226294109973,79.0
2026-05-09,1733.3,2450.6587722840823,3486.259274216812,2997.1290428662087,42.0
2026-05-10,202.59,2251.0217681030654,2476.6735771755766,2338.7467298484626,11.0
2026-05-11,3806.32,2323.1775047815213,3071.1310662266965,2724.809611383173,94.0
2026-05-12,4145.65,2400.98906082279,3259.688565122477,2858.036804843631,89.0
2026-05-13,3395.7000000000003,2347.0015313484705,2873.4343139853345,2635.8610271814355,94.0
2026-05-14,2995.94,2331.0931460576644,2827.6670761096684,2610.4866586113203,90.0
2026-05-15,2851.47,2307.6902089097907,3001.257632028393,2675.734431714169,92.0
2026-05-16,1426.61,2201.1460735589967,2513.871836030871,2381.798073755266,42.0
2026-05-17,228.49,2352.284563875881,2566.845813821174,2458.3355945555604,13.0
2026-05-18,4597.63,2302.0967324469348,2780.1242596729185,2565.4072163266724,92.0
2026-05-19,4463.84,2329.4872576078,2861.728556579089,2617.7179692820528,101.0
2026-05-20,3722.9,2327.847941121169,2865.103064815063,2626.757764108625,93.0
2026-05-21,3919.84,2294.6317885423896,2821.005921160048,2581.918330850239,90.0
2026-05-22,3384.94,2322.627077584832,2812.88238491672,2585.863247206745,87.0
2026-05-23,2102.3,2442.9385434999763,3258.9764305760355,2884.3509013937114,53.0
2026-05-24,145.22,2375.650736813111,2620.906211265666,2493.788734334114,12.0
2026-05-25,4471.35,2350.494649267,2917.041273888199,2659.1670837666475,101.0
2026-05-26,3258.4300000000003,2374.3064911629217,3054.6339955131766,2739.062140355938,94.0
2026-05-27,2429.67,2430.0890244354173,3171.565562401478,2826.999584305688,67.0
2026-05-28,925.23,2543.586135339321,3718.2079591020606,3160.306118478649,31.0
2026-05-29,3328.09,2251.79053150606,2897.3881866175498,2584.110799287279,87.0
2026-05-30,2451.86,2402.605132430074,3105.2021730441384,2774.3785901315737,56.0
2026-05-31,178.2,2430.893378226712,2705.6745230078564,2557.042087542088,13.0
2026-06-01,3147.41,2195.685309508453,2560.290893147064,2419.080799768699,82.0
2026-06-02,3444.23,2295.12245117196,2943.7351483495586,2649.01639844029,88.0
2026-06-03,2888.47,2289.829511817675,2753.658971704744,2546.664514431516,99.0
2026-06-04,2661.15,2300.567949946452,2917.3981549330174,2648.08290776544,87.0
2026-06-05,2812.39,2324.0170424443268,2994.954878235238,2702.055618175289,101.0
2026-06-06,1795.2,2474.397894385027,3535.807319518716,3027.891488413547,54.0
2026-06-07,174.94,2531.342174459815,2746.012918714988,2649.9828512632903,11.0
2026-06-08,3462.53,2334.3685686477806,3105.695604081409,2739.154098303841,90.0
2026-06-09,2258.5000000000005,2178.386406907239,2505.60854106708,2366.239132167367,86.0
2026-06-10,2680.01,2375.3531143540504,3149.354118081649,2803.6658296051137,96.0
2026-06-11,2203.62,2321.587569544659,2965.047240449805,2665.5756890934013,98.0
2026-06-12,2360.93,2351.3609891017527,2969.346105136536,2671.886663306409,101.0
2026-06-13,1592.39,2500.1526636062777,3539.177400008791,3047.2790773617016,55.0
2026-06-14,197.59,2225.4456197175973,2421.437319702414,2337.5636418847107,13.0
2026-06-15,2819.55,2413.904328704935,3251.231490840737,2854.879143835009,88.0
2026-06-16,3133.45,2349.244123889004,3054.0476471620736,2724.9156744163784,102.0
2026-06-17,2661.6600000000003,2330.2626556359564,3074.447281020115,2724.030541090898,114.0
2026-06-18,2158.31,2346.761957272125,2997.89817032771,2692.0387154764608,107.0
2026-06-19,1979.09,2419.594156910499,3233.2212936248475,2846.4371655659925,103.0
2026-06-20,837.87,2223.768484371084,2564.785467912683,2428.225261675439,58.0
2026-06-21,86.68,2222.7907245039223,2421.842408860175,2325.42801107522,14.0
2026-06-22,2240.9,2367.1208844660623,3355.311548931233,2884.8427551430227,104.0
2026-06-23,1689.86,2566.240576142403,3818.7841004580255,3226.2925331092515,88.0
2026-06-24,1988.18,2428.331388506071,3283.267958635536,2881.690430443924,111.0
2026-06-25,1429.58,2401.0684256914624,3274.0077505281274,2866.490241889226,90.0
2026-06-26,466.5199999999999,2687.5132898911093,4905.9258552688,3798.9746420303536,21.0
2026-06-27,1010.39,2485.043300111838,3386.8859549282947,2974.3253595146425,61.0
2026-06-28,160.18,2624.921962791859,2899.5617430390807,2777.0670495692343,15.0
2026-06-29,1754.85,2524.1728922699945,3734.350457304042,3144.8449269168304,101.0
2026-06-30,2342.8100000000004,2551.339929401018,3832.609942761043,3215.4693551760483,96.0
,0.0,,,,15.0
