Date,Total_Arrivals_MT,Weighted_Min_Price,Weighted_Modal_Price,Weighted_Max_Price,Markets_Reported
2021-01-01,6212.0,3711.55,4140.76,4461.88,71.0
2021-01-02,9245.0,3666.6,4105.05,4373.89,72.0
2021-01-03,787.0,4087.57,4222.87,4288.91,9.0
2021-01-04,10292.0,3756.14,4260.4,4569.69,82.0
2021-01-05,9476.0,3802.85,4269.38,4507.76,69.0
2021-01-06,1285.0,3656.72,4208.79,4420.54,15.0
2021-01-09,159.0,3712.79,4073.67,4376.3,9.0
2021-01-11,20.0,4101.0,4101.0,4101.0,1.0
2021-01-12,345.0,3707.54,4155.43,4431.52,6.0
2021-01-13,1170.0,3723.1,4155.82,4489.92,21.0
2021-01-14,2639.0,3654.79,4130.31,4399.3,38.0
2021-01-15,2043.0,3825.45,4343.44,4765.37,31.0
2021-01-16,6510.0,3602.38,4283.23,4551.2,58.0
2021-01-17,751.0,4220.01,4366.15,4415.17,9.0
2021-01-18,7126.0,3810.7,4252.3,4525.01,73.0
2021-01-19,7547.0,3825.55,4193.87,4465.49,73.0
2021-01-20,6513.0,3644.21,4129.38,4393.31,72.0
2021-01-21,7836.0,3175.22,3593.66,3812.86,80.0
2021-01-22,5855.0,3836.47,4192.63,4411.89,72.0
2021-01-23,5475.0,3831.24,4215.88,4487.14,57.0
2021-01-24,504.0,4103.04,4213.79,4280.86,9.0
2021-01-25,4329.0,3690.57,4117.27,4330.7,65.0
2021-01-26,75.0,3980.0,4089.33,4198.67,4.0
2021-01-27,5470.0,3704.69,4159.0,4394.63,75.0
2021-01-28,6305.0,3706.53,4178.5,4446.04,66.0
2021-01-29,5191.0,3647.13,4184.49,4470.85,59.0
2021-01-30,5254.0,3714.2,4276.96,4548.81,56.0
2021-01-31,839.0,4185.37,4291.37,4383.82,12.0
2021-02-01,6677.0,3184.58,3623.88,3794.93,74.0
2021-02-02,6381.0,3754.65,4273.36,4495.78,75.0
2021-02-03,6611.0,3856.26,4322.48,4529.59,69.0
2021-02-04,6915.0,3972.84,4318.27,4518.39,76.0
2021-02-05,5397.0,3973.43,4391.66,4599.15,60.0
2021-02-06,1337.0,4111.43,4433.36,4561.03,19.0
2021-02-07,748.0,4326.18,4475.56,4560.52,8.0
2021-02-08,1850.0,3958.62,4333.43,4698.25,31.0
2021-02-09,7406.0,4051.69,4510.72,4764.81,79.0
2021-02-10,6719.0,4002.29,4492.89,4726.04,73.0
2021-02-11,3158.0,3852.25,4317.11,4657.53,47.0
2021-02-12,6163.0,3967.26,4489.16,4712.93,74.0
2021-02-13,4547.0,4021.79,4470.14,4725.87,51.0
2021-02-14,484.0,4503.27,4593.38,4656.98,7.0
2021-02-15,5160.0,3961.56,4490.04,4799.4,69.0
2021-02-16,5058.0,3985.9,4674.66,4892.57,65.0
2021-02-17,5607.0,4209.14,4688.71,4929.76,64.0
2021-02-18,5162.0,4259.68,4707.18,4941.61,58.0
2021-02-19,338.0,4289.01,4595.07,4822.87,10.0
2021-02-20,4851.0,4223.51,4672.25,4945.62,55.0
2021-02-21,228.0,4133.95,4574.1,4744.32,9.0
2021-02-22,5519.0,4210.88,4715.61,4953.44,65.0
2021-02-23,7096.0,4245.85,4807.94,5006.61,67.0
2021-02-24,6912.0,4085.1,4817.15,5036.75,72.0
2021-02-25,6119.0,4460.22,4870.7,5094.63,64.0
2021-02-26,3438.0,4269.05,4788.59,5059.04,42.0
2021-02-27,1860.0,4365.36,4857.2,5060.84,45.0
2021-02-28,108.0,4469.81,4649.07,4819.91,5.0
2021-03-01,4507.0,4446.33,4842.85,5109.71,66.0
2021-03-02,5093.0,4274.57,4923.77,5139.97,53.0
2021-03-03,4061.0,4684.14,4973.1,5146.38,53.0
2021-03-04,3869.0,4629.05,4913.89,5088.04,66.0
2021-03-05,2722.0,4817.05,5090.33,5238.22,47.0
2021-03-06,3006.0,4557.78,4872.72,5047.7,35.0
2021-03-07,482.0,4896.7,4948.39,4984.47,9.0
2021-03-08,3713.0,4608.64,4989.07,5211.18,69.0
2021-03-09,4205.0,4575.66,4969.97,5196.25,62.0
2021-03-10,3326.0,4506.13,4992.97,5197.96,61.0
2021-03-11,98.0,4506.63,4778.05,4882.65,7.0
2021-03-12,2739.0,4714.11,5109.07,5272.07,46.0
2021-03-13,766.0,4579.76,5008.83,5288.89,19.0
2021-03-14,64.0,3768.75,4657.94,5108.84,5.0
2021-03-15,3682.0,4779.0,5118.49,5346.29,48.0
2021-03-16,1642.0,5089.71,5221.62,5361.17,10.0
2021-03-20,980.0,4869.96,5230.59,5388.7,21.0
2021-03-21,274.0,5299.2,5401.95,5429.95,6.0
2021-03-22,1770.0,4925.39,5246.09,5480.02,48.0
2021-03-23,2801.0,5187.16,5480.18,5666.18,50.0
2021-03-24,4052.0,4939.44,5332.49,5590.76,51.0
2021-03-25,3040.0,5218.56,5518.51,5710.05,41.0
2021-03-26,2528.0,4983.77,5417.58,5639.96,40.0
2021-03-27,1087.0,4860.1,5458.69,5684.36,13.0
2021-03-28,12.0,5000.0,5400.0,6050.0,1.0
2021-03-29,30.0,4200.0,4300.0,4400.0,2.0
2021-03-30,90.0,4643.96,4970.21,5204.49,11.0
2021-03-31,24.0,4702.92,5214.62,5669.54,8.0
2021-04-01,359.0,5088.21,5584.39,5883.89,16.0
2021-04-02,125.0,5386.42,5810.48,6151.82,7.0
2021-04-03,1597.0,5681.12,5915.2,6087.8,31.0
2021-04-04,160.0,5794.25,6015.88,6142.62,3.0
2021-04-05,1969.0,5244.14,5974.7,6252.14,54.0
2021-04-06,2696.0,5236.27,6137.16,6403.61,50.0
2021-04-07,2514.0,5968.95,6264.93,6441.27,49.0
2021-04-08,1406.0,5494.49,6092.49,6389.65,44.0
2021-04-09,1401.0,5772.47,6244.65,6521.17,45.0
2021-04-10,172.0,5727.08,6233.74,6447.03,7.0
2021-04-11,13.0,5530.77,6393.85,6620.0,2.0
2021-04-12,1712.0,5732.79,6521.51,6847.17,36.0
2021-04-13,1037.0,6743.24,6914.39,6993.29,28.0
2021-04-14,34.0,5528.68,5923.53,6175.74,7.0
2021-04-15,1843.0,6350.54,6770.77,7033.23,46.0
2021-04-16,2909.0,6629.06,6986.55,7257.94,48.0
2021-04-17,1393.0,6736.97,7037.2,7279.26,22.0
2021-04-18,261.0,7102.87,7424.33,7764.18,3.0
2021-04-19,1678.0,6620.55,7039.18,7360.46,40.0
2021-04-20,1711.0,6525.21,7130.63,7450.96,31.0
2021-04-21,8.0,5762.5,6256.25,6750.0,2.0
2021-04-22,943.0,6461.47,7089.0,7678.55,28.0
2021-04-23,687.0,6386.74,7222.26,7733.17,22.0
2021-04-24,261.0,6832.95,7271.26,7606.48,7.0
2021-04-25,8.0,5736.0,6800.0,7300.0,1.0
2021-04-26,1073.0,6364.45,6830.97,7149.53,30.0
2021-04-27,614.0,6074.64,6447.92,6833.77,18.0
2021-04-28,1049.0,6484.41,6833.25,7140.24,23.0
2021-04-29,1042.0,6393.36,6954.58,7158.25,25.0
2021-04-30,960.0,6555.87,6890.37,7076.81,23.0
2021-05-01,24.0,5733.33,6092.5,6562.08,5.0
2021-05-02,42.0,6525.9,6893.71,7110.95,4.0
2021-05-03,1491.0,6322.03,6932.11,7089.52,34.0
2021-05-04,1889.0,6747.39,7097.2,7238.06,36.0
2021-05-05,1546.0,6407.16,7022.5,7364.05,37.0
2021-05-06,1702.0,6663.32,7198.76,7481.04,38.0
2021-05-07,1035.0,6417.3,7147.54,7477.59,28.0
2021-05-08,609.0,6262.45,6725.59,7118.81,19.0
2021-05-09,4.0,6000.0,6700.0,7140.0,1.0
2021-05-10,220.0,4997.15,6676.33,7465.49,17.0
2021-05-11,155.0,6204.59,6851.44,7211.52,16.0
2021-05-12,157.0,5753.95,7068.68,7496.9,17.0
2021-05-13,234.0,6236.96,6990.08,7325.97,18.0
2021-05-14,12.0,6241.67,6475.0,6679.17,4.0
2021-05-15,196.0,6333.21,7064.84,7328.24,9.0
2021-05-16,36.0,6572.17,6695.78,6819.39,4.0
2021-05-17,970.0,6962.74,7343.96,7537.68,30.0
2021-05-18,1304.0,6933.78,7364.63,7613.71,31.0
2021-05-19,990.0,7004.51,7384.52,7618.07,26.0
2021-05-20,1842.0,6673.54,7207.39,7409.99,38.0
2021-05-21,988.0,6362.88,7011.12,7252.99,26.0
2021-05-22,1470.0,6662.72,6898.23,7155.73,15.0
2021-05-23,28.0,5024.82,5192.29,5381.29,5.0
2021-05-24,1398.0,5938.11,6788.12,7036.44,35.0
2021-05-25,1935.0,6473.23,6837.05,7085.6,41.0
2021-05-26,70.0,4504.94,6673.11,7171.73,9.0
2021-05-27,2616.0,6370.78,7035.35,7324.6,44.0
2021-05-28,1815.0,6519.83,7012.83,7219.71,40.0
2021-05-29,1639.0,6603.65,6933.27,7211.08,22.0
2021-05-30,172.0,6919.55,7066.62,7128.39,5.0
2021-05-31,2383.0,6656.25,6993.19,7206.53,51.0
2021-06-01,1769.0,6280.91,6804.98,7091.59,57.0
2021-06-02,1476.0,6259.0,6885.63,7129.55,49.0
2021-06-03,2604.0,6551.95,6937.69,7226.23,53.0
2021-06-04,1338.0,6441.34,6926.61,7125.19,47.0
2021-06-05,1056.0,6561.39,6848.49,7067.01,22.0
2021-06-06,170.0,6636.47,6813.06,7131.38,4.0
2021-06-07,882.0,6622.28,6919.4,7308.53,34.0
2021-06-08,1385.0,6272.95,6914.87,7260.61,43.0
2021-06-09,1004.0,5822.7,6291.9,6536.49,38.0
2021-06-10,1647.0,6392.96,7033.12,7305.86,35.0
2021-06-11,738.0,6350.52,6949.67,7108.61,35.0
2021-06-12,850.0,6565.56,6918.48,7118.48,26.0
2021-06-13,125.0,6528.73,6645.24,6835.12,8.0
2021-06-14,1441.0,6414.71,7041.18,7470.25,55.0
2021-06-15,1275.0,6294.94,6852.04,7464.55,57.0
2021-06-16,1568.0,6246.72,6972.58,7365.72,56.0
2021-06-17,1274.0,6582.02,6978.05,7327.1,43.0
2021-06-18,811.0,6281.52,6752.75,6972.21,46.0
2021-06-19,1049.0,6356.77,7078.03,7539.59,30.0
2021-06-20,69.0,6456.41,6826.35,7132.48,7.0
2021-06-21,1425.0,6310.8,7277.37,7864.44,56.0
2021-06-22,1187.0,6317.08,7337.56,8163.93,50.0
2021-06-23,1439.0,6521.55,7266.04,7900.26,44.0
2021-06-24,1361.0,6087.49,6844.15,7181.28,45.0
2021-06-25,1285.0,6374.13,6956.12,7298.34,48.0
2021-06-26,1029.0,6638.74,6957.17,7290.57,38.0
2021-06-27,78.0,6787.44,7087.5,7282.12,4.0
2021-06-28,1498.0,6469.45,6878.45,7200.11,56.0
2021-06-29,1380.0,6036.83,6818.34,7251.03,51.0
2021-06-30,1283.0,6375.94,6943.05,7272.15,44.0
2021-07-01,419.0,6502.19,6858.87,7394.19,26.0
2021-07-02,726.0,6459.1,7168.45,7432.82,42.0
2021-07-03,701.0,6847.08,7241.77,16195.26,22.0
2021-07-04,61.0,6926.49,7158.62,7282.56,6.0
2021-07-05,174.0,5910.68,7052.85,7396.46,27.0
2021-07-06,158.0,6118.42,7050.7,7381.46,19.0
2021-07-07,132.0,5885.83,7251.83,7580.12,22.0
2021-07-08,177.0,6381.21,6969.66,7133.27,23.0
2021-07-09,79.0,6070.66,6953.11,7323.97,19.0
2021-07-10,86.0,6283.73,7177.56,7317.91,12.0
2021-07-11,4.0,6600.0,6700.0,7137.5,2.0
2021-07-12,488.0,6355.14,7161.59,7563.92,40.0
2021-07-13,559.0,6651.48,7297.87,7666.67,34.0
2021-07-14,635.0,6656.98,7268.15,7575.33,36.0
2021-07-15,837.0,6498.13,7314.31,7692.06,35.0
2021-07-16,553.0,6364.1,7133.1,7695.25,28.0
2021-07-17,1134.0,6984.33,7594.6,7885.58,32.0
2021-07-18,52.0,7227.96,7556.31,7831.13,6.0
2021-07-19,834.0,7018.51,7632.1,7993.24,38.0
2021-07-20,120.0,6493.71,7382.82,7848.37,18.0
2021-07-21,7.0,5335.86,7633.43,7833.29,5.0
2021-07-22,1018.0,7092.53,7914.84,8327.24,41.0
2021-07-23,1000.0,7242.77,8130.61,8504.1,36.0
2021-07-24,993.0,7155.66,7864.52,8611.55,33.0
2021-07-25,78.0,8491.03,8695.15,8799.1,3.0
2021-07-26,927.0,7683.71,8499.63,9114.38,52.0
2021-07-27,874.0,8178.61,9127.73,9633.86,46.0
2021-07-28,851.0,8352.18,9280.94,9637.27,44.0
2021-07-29,646.0,8082.53,9135.08,9439.25,46.0
2021-07-30,851.0,8255.98,9406.04,9874.39,44.0
2021-07-31,831.0,8484.54,9528.76,9839.56,29.0
2021-08-01,15.0,8584.0,9540.0,10030.2,2.0
2021-08-02,887.0,8556.5,9690.16,10113.97,50.0
2021-08-03,776.0,8028.58,9536.33,9918.54,44.0
2021-08-04,866.0,8532.91,9418.8,9875.9,37.0
2021-08-05,237.0,8053.42,9389.47,10355.01,16.0
2021-08-06,671.0,8210.59,9677.76,10161.58,48.0
2021-08-07,526.0,8657.7,9606.48,10145.4,34.0
2021-08-08,10.0,7280.0,9455.0,9920.8,3.0
2021-08-09,594.0,8050.31,9160.79,9502.8,47.0
2021-08-10,602.0,7124.41,8257.27,8728.51,40.0
2021-08-11,399.0,7161.31,8242.27,8621.15,42.0
2021-08-12,367.0,7457.91,8657.99,8989.16,37.0
2021-08-13,83.0,6385.59,7753.88,8044.93,21.0
2021-08-14,196.0,7542.38,8642.84,9029.17,18.0
2021-08-15,8.0,6700.0,8000.0,8500.0,1.0
2021-08-16,136.0,7112.73,8990.58,9259.85,13.0
2021-08-17,433.0,7365.52,8379.23,8806.48,36.0
2021-08-18,285.0,7674.92,8480.03,8867.64,33.0
2021-08-19,37.0,6943.24,7924.32,8721.76,5.0
2021-08-20,308.0,7190.06,8182.54,8913.56,34.0
2021-08-21,293.0,7605.81,8677.31,9099.91,22.0
2021-08-22,2.0,6700.0,7000.0,8800.0,1.0
2021-08-23,271.0,7413.65,8606.46,9088.94,29.0
2021-08-24,350.0,7755.04,8810.56,9123.98,39.0
2021-08-25,343.0,7782.94,8665.6,8931.15,35.0
2021-08-26,341.0,7183.84,8409.86,8737.66,33.0
2021-08-27,266.0,7401.24,8603.4,8866.82,26.0
2021-08-28,204.0,7268.25,8779.0,9040.87,21.0
2021-08-29,28.0,8028.61,8443.93,8542.68,4.0
2021-08-30,100.0,7024.2,7873.99,8445.53,28.0
2021-08-31,237.0,7602.83,8331.03,8687.59,23.0
2021-09-01,280.0,7389.82,8666.39,9090.2,25.0
2021-09-02,347.0,7522.33,8758.6,9091.73,37.0
2021-09-03,254.0,7487.76,8709.61,9103.88,29.0
2021-09-04,214.0,7879.02,8752.02,9184.34,21.0
2021-09-05,10.0,6670.2,7820.0,8689.3,3.0
2021-09-06,4.0,5800.0,7552.0,8500.0,1.0
2021-09-07,213.0,6432.54,7731.81,8599.85,15.0
2021-09-08,198.0,6926.81,8286.97,8690.95,29.0
2021-09-09,318.0,7004.6,8550.83,8846.64,31.0
2021-09-10,14.0,6572.79,7646.43,8314.57,4.0
2021-09-11,92.0,7425.62,8310.32,9015.11,16.0
2021-09-12,9.0,6933.78,7818.67,8188.89,3.0
2021-09-13,41.0,6163.54,7929.63,8331.34,8.0
2021-09-14,423.0,6179.82,7607.47,8575.84,33.0
2021-09-15,433.0,6208.28,7688.81,8225.92,37.0
2021-09-16,440.0,6409.0,7853.91,8377.86,36.0
2021-09-17,347.0,6293.06,7442.26,8010.22,23.0
2021-09-18,657.0,6274.78,7385.31,7863.37,35.0
2021-09-19,68.0,6850.0,7015.44,7121.18,3.0
2021-09-20,2120.0,4821.26,5758.26,6123.81,62.0
2021-09-21,1425.0,4763.86,5561.47,6026.46,50.0
2021-09-22,2052.0,5058.88,5938.7,6304.58,42.0
2021-09-23,2020.0,5664.07,6642.27,6938.06,53.0
2021-09-24,1620.0,5371.03,6592.41,6978.87,49.0
2021-09-25,811.0,5210.45,5964.42,6375.68,41.0
2021-09-26,110.0,5579.28,5710.09,6147.45,5.0
2021-09-27,917.0,4519.55,5769.06,6338.7,37.0
2021-09-28,1274.0,4897.48,6144.15,6665.37,38.0
2021-09-29,1769.0,4882.22,6168.22,6681.68,46.0
2021-09-30,1634.0,4549.55,5801.39,6450.3,46.0
2021-10-01,2082.0,4165.92,5713.71,6261.88,42.0
2021-10-02,248.0,4752.42,5441.38,5835.76,9.0
2021-10-03,363.0,4786.36,5006.62,5560.0,8.0
2021-10-04,4549.0,3987.63,5014.86,5622.28,68.0
2021-10-05,4773.0,3993.09,5071.45,5614.12,73.0
2021-10-06,754.0,4000.34,5384.06,5813.55,30.0
2021-10-07,5684.0,4077.03,5068.37,5769.86,69.0
2021-10-08,6331.0,4154.57,5127.72,5739.62,72.0
2021-10-09,5284.7,4179.98,5173.77,5694.32,55.0
2021-10-10,1004.0,4326.89,4728.13,5236.86,10.0
2021-10-11,1504.0,4256.83,4852.87,5286.41,36.0
2021-10-12,11150.0,3948.9,4764.83,5254.73,82.0
2021-10-13,9907.0,3974.24,4838.69,5290.85,75.0
2021-10-14,8089.0,3763.97,4670.86,5092.34,69.0
2021-10-15,1472.0,4064.38,4877.09,5205.54,26.0
2021-10-16,9185.0,3956.25,4784.0,5072.93,71.0
2021-10-17,1078.0,4387.8,4778.5,4964.87,11.0
2021-10-18,10250.0,3802.37,4651.54,5092.81,81.0
2021-10-19,1380.0,3710.6,4654.52,4998.9,27.0
2021-10-20,13549.0,3906.83,4710.67,5089.03,94.0
2021-10-21,14019.0,3945.23,4746.98,5109.16,100.0
2021-10-22,14233.0,3892.31,4700.78,5084.07,89.0
2021-10-23,12676.0,3934.24,4775.24,5097.58,76.0
2021-10-24,1789.0,4310.44,4693.35,4939.74,16.0
2021-10-25,20445.0,3910.91,4613.8,4919.31,102.0
2021-10-26,15974.0,3977.26,4596.13,4887.69,90.0
2021-10-27,16460.0,3990.42,4658.97,4960.42,97.0
2021-10-28,14529.0,3988.08,4764.37,5050.28,97.0
2021-10-29,11637.0,4061.76,4789.81,5104.91,78.0
2021-10-30,14662.0,3691.68,4381.6,4702.13,71.0
2021-10-31,1505.0,4367.04,4864.49,5176.64,12.0
2021-11-01,8359.0,4186.84,4866.3,5282.11,68.0
2021-11-02,3219.0,4062.87,4817.45,5201.87,43.0
2021-11-03,945.0,4292.06,4979.33,5403.58,27.0
2021-11-04,80.0,4856.25,5057.55,5219.08,4.0
2021-11-05,4211.0,4539.33,5060.19,5265.98,31.0
2021-11-06,1087.0,4584.64,5084.73,5280.74,22.0
2021-11-07,1199.0,4633.82,4986.43,5160.97,13.0
2021-11-08,11313.0,4205.83,4833.41,5161.77,99.0
2021-11-09,15247.0,4288.19,4944.93,5235.93,100.0
2021-11-10,12274.0,4363.64,4979.12,5290.41,105.0
2021-11-11,12611.0,4422.95,5120.8,5506.39,101.0
2021-11-12,10603.0,4488.03,5177.94,5572.86,96.0
2021-11-13,11288.0,4460.06,5212.74,5562.84,84.0
2021-11-14,1922.0,4895.73,5291.18,5494.1,15.0
2021-11-15,14568.0,4737.66,5476.18,5898.13,105.0
2021-11-16,11637.0,4696.05,5455.34,5931.91,96.0
2021-11-17,12692.0,4971.8,5611.51,6058.18,99.0
2021-11-18,12298.0,4970.4,5719.9,6068.96,95.0
2021-11-19,2869.0,5264.71,5873.35,6125.5,34.0
2021-11-20,11945.0,5021.21,5785.27,6274.28,83.0
2021-11-21,990.0,5684.7,5923.42,6104.18,14.0
2021-11-22,12361.0,5377.25,6108.6,6584.15,101.0
2021-11-23,15269.0,5837.28,6469.52,6906.27,101.0
2021-11-24,12849.0,5616.73,6299.57,6738.94,105.0
2021-11-25,11429.0,5570.77,6318.42,6703.9,102.0
2021-11-26,13385.0,5668.33,6351.46,6741.91,112.0
2021-11-27,7492.0,5621.79,6336.55,6734.14,82.0
2021-11-28,991.0,6027.5,6278.64,6462.45,14.0
2021-11-29,9085.0,5350.6,5976.75,6391.83,94.0
2021-11-30,9408.0,5286.07,5938.93,6275.3,102.0
2021-12-01,7526.0,5384.25,6003.09,6372.98,101.0
2021-12-02,7878.0,5485.31,6111.47,6460.29,89.0
2021-12-03,7220.0,5533.24,6184.97,6668.28,93.0
2021-12-04,6766.0,5526.31,6409.9,6970.03,59.0
2021-12-05,1523.0,6027.36,6383.96,6729.47,20.0
2021-12-06,9335.0,5664.28,6507.49,6939.3,104.0
2021-12-07,13789.0,5596.39,6341.79,6800.38,107.0
2021-12-08,11114.0,5703.78,6440.5,6834.51,105.0
2021-12-09,7972.0,5665.26,6323.87,6650.98,87.0
2021-12-10,10035.0,5727.99,6343.42,6814.39,112.0
2021-12-11,7014.0,5685.66,6346.58,6871.86,77.0
2021-12-12,914.0,5808.48,6224.93,6428.59,17.0
2021-12-13,9162.0,5753.52,6365.31,6744.83,103.0
2021-12-14,9402.0,5505.31,6214.52,6544.36,100.0
2021-12-15,6485.0,5507.88,6099.38,6613.4,100.0
2021-12-16,5396.0,5458.38,6249.56,6643.76,101.0
2021-12-17,5856.0,5508.81,6140.89,6565.12,105.0
2021-12-18,3352.0,5489.45,6230.16,6800.96,76.0
2021-12-19,379.0,5513.46,5993.74,6327.12,14.0
2021-12-20,5298.0,5307.93,5938.16,6345.74,101.0
2021-12-21,4344.0,5285.36,5913.2,6306.55,94.0
2021-12-22,4768.0,5262.03,5986.23,6426.19,98.0
2021-12-23,5053.0,5305.14,6057.62,6426.65,97.0
2021-12-24,5376.0,5453.11,6149.62,6574.42,105.0
2021-12-25,691.0,5388.4,6038.72,6384.36,26.0
2021-12-26,728.0,5831.92,6164.0,6321.49,13.0
2021-12-27,5782.0,5348.95,5946.97,6328.03,96.0
2021-12-28,5338.0,5538.07,6151.01,6595.63,97.0
2021-12-29,3577.0,5460.04,6113.42,6517.26,93.0
2021-12-30,5203.0,5495.48,6201.07,6602.22,86.0
2021-12-31,4498.0,5510.35,6090.94,6476.05,85.0
2022-01-01,3548.0,5399.711104847802,6024.114148816235,6481.96420518602,75.0
2022-01-02,317.0,5506.624605678234,5855.173501577287,6083.690851735016,9.0
2022-01-03,6684.0,5516.142579293836,6099.144225014961,6412.83842010772,97.0
2022-01-04,6865.0,5815.438747268755,6306.368681718864,6624.278222869629,91.0
2022-01-05,5815.0,5647.770249355116,6183.374204643164,6491.624419604471,76.0
2022-01-06,3442.0,5657.409355026148,6118.817838466008,6381.43811737362,54.0
2022-01-07,9471.0,5565.198289515362,6124.089325308838,6466.076760637737,103.0
2022-01-08,6486.0,5595.596669750231,6161.094819611471,6488.067838421215,71.0
2022-01-09,775.0,5632.5561290322585,6199.935483870968,6266.709677419355,9.0
2022-01-10,3704.0,5471.129859611231,6132.622300215983,6459.626889848812,81.0
2022-01-11,6293.0,5548.839980931193,6183.473065310663,6409.939456539011,75.0
2022-01-12,3470.0,5596.907204610951,6060.753025936599,6356.630547550432,57.0
2022-01-13,2930.0,5722.931058020477,6080.239931740614,6326.334129692833,44.0
2022-01-14,2214.0,5360.425022583559,5977.690605239386,6410.953929539295,52.0
2022-01-15,1656.0,5695.663043478261,6017.885869565217,6336.946256038647,36.0
2022-01-16,458.0,5677.124454148472,6028.46943231441,6171.14847161572,12.0
2022-01-17,8381.0,5414.437060016705,6005.429662331464,6298.701109652786,101.0
2022-01-18,6759.0,5556.311288652168,5989.2689747004,6276.982837697884,87.0
2022-01-19,7010.0,5365.974037089872,6008.954065620542,6272.78601997147,96.0
2022-01-20,8092.0,5574.948838358873,6075.889026198714,6314.297330696984,99.0
2022-01-21,8306.0,5634.167348904406,6071.141825186612,6329.526848061642,104.0
2022-01-22,5384.0,5688.614784546805,6088.145802377415,6367.89970282318,74.0
2022-01-23,976.0,6081.905737704919,6319.066598360656,6414.770491803279,14.0
2022-01-24,8017.0,5564.548833728328,6024.273044779843,6317.369464887115,94.0
2022-01-25,6654.0,5268.306732792305,6009.595431319507,6255.282536819958,86.0
2022-01-26,61.0,5660.655737704919,5843.44262295082,5980.327868852459,4.0
2022-01-27,7465.0,5563.677160080375,5934.724581379773,6177.978968519759,97.0
2022-01-28,8005.0,5476.032604622111,5923.525546533417,6196.017613991256,93.0
2022-01-29,5712.0,5516.639355742297,5926.995973389356,6142.5278361344535,79.0
2022-01-30,555.0,5807.027027027027,5894.468468468468,5985.277477477477,10.0
2022-01-31,3850.0,5283.396103896104,5806.194805194805,6072.201818181818,68.0
2022-02-01,4926.0,5107.136012992286,5848.922858302883,6094.891392610637,77.0
2022-02-02,6620.0,5687.256042296072,6039.612084592145,6305.271148036254,95.0
2022-02-03,7384.0,5502.749458288191,5991.555525460455,6244.124593716143,103.0
2022-02-04,6589.0,5569.977386553346,6037.585066019123,6292.375474275307,102.0
2022-02-05,4280.0,5666.110981308411,6108.925934579439,6325.092289719626,74.0
2022-02-06,622.0,6009.649517684888,6197.652733118971,6336.061093247588,15.0
2022-02-07,608.0,5400.1233552631575,6095.881578947368,6381.680921052632,30.0
2022-02-08,7924.0,5624.690181726401,6128.38301362948,6414.037607269056,103.0
2022-02-09,7653.0,5552.4436168822685,6152.182412125963,6411.596890108454,94.0
2022-02-10,6062.0,5620.4604091059055,6163.448531837677,6360.696139887826,95.0
2022-02-11,6783.0,5637.191803037004,6186.628777826921,6486.449506118237,102.0
2022-02-12,5477.0,5789.243016249772,6266.550301259814,6522.896476173088,76.0
2022-02-13,965.0,6185.812435233161,6335.493264248705,6465.723316062176,13.0
2022-02-14,7855.0,5846.078294080204,6379.421005728836,6641.907447485678,100.0
2022-02-15,8201.0,5834.197902694793,6337.240336544324,6595.629191562005,102.0
2022-02-16,7733.0,5801.129703866546,6296.781197465408,6559.022242338032,97.0
2022-02-17,5158.0,5797.286157425358,6319.292555253975,6560.040325707639,87.0
2022-02-18,7000.0,5901.725428571429,6355.331428571429,6681.827714285714,91.0
2022-02-19,155.0,5793.548387096775,6150.187096774193,6309.270967741935,15.0
2022-02-20,1026.0,6147.501949317739,6511.918128654971,6636.153996101364,18.0
2022-02-21,8189.0,5809.963365490292,6456.027964342411,6785.639027964343,96.0
2022-02-22,8357.0,6068.188225439752,6572.197798252962,6861.235610865143,97.0
2022-02-23,6120.0,6258.98022875817,6791.352124183007,7043.427941176471,92.0
2022-02-24,9462.0,6640.077573451702,7203.0774677658,7493.891989008666,101.0
2022-02-25,11497.0,6369.2495433591375,6918.654518570062,7253.892667652431,106.0
2022-02-26,5692.0,6229.225404075896,6684.080639494026,6958.833626141954,75.0
2022-02-27,722.0,6818.42243767313,6986.638504155125,7120.512465373961,13.0
2022-02-28,7561.0,6309.221002512895,6994.611559317551,7311.131067319137,102.0
2022-03-01,263.0,6102.912547528517,6520.600760456274,6689.429657794677,12.0
2022-03-02,4181.0,6384.416407558,7009.643386749582,7450.071753169098,71.0
2022-03-03,7895.0,6585.063837872071,7103.218872704243,7410.869791006967,95.0
2022-03-04,7716.0,6682.869880767237,7073.397615344738,7312.106272680146,102.0
2022-03-05,5080.0,6494.317716535433,7003.102362204724,7222.912795275591,73.0
2022-03-06,674.0,6893.47181008902,7137.249258160237,7233.292284866468,14.0
2022-03-07,5306.0,6622.7828872974,7009.340934790803,7256.643234074632,97.0
2022-03-08,5709.0,6410.13697670345,7044.830618321947,7301.73147661587,99.0
2022-03-09,4995.0,6530.35935935936,7090.149349349349,7339.02002002002,90.0
2022-03-10,5490.0,6571.724043715847,7145.317486338798,7441.684517304189,90.0
2022-03-11,6249.0,6551.942550808129,7160.977436389822,7434.772603616579,92.0
2022-03-12,4355.0,6537.553386911596,7155.97588978186,7355.82502870264,70.0
2022-03-13,667.0,6928.028485757121,7077.637181409295,7197.763118440779,15.0
2022-03-14,5922.0,6525.322357311719,7040.5494765282,7303.188112124282,84.0
2022-03-15,5842.0,6434.275419376926,7000.8442314275935,7229.469359808285,91.0
2022-03-16,4958.0,6546.778338039532,6976.204114562323,7202.7081484469545,83.0
2022-03-17,1576.0,6364.022208121827,6945.270939086295,7158.527918781726,46.0
2022-03-18,64.0,5453.15625,6787.921875,7128.171875,9.0
2022-03-19,1357.0,6374.353721444362,6836.865143699337,7128.383198231393,51.0
2022-03-20,101.0,6108.415841584158,6640.39603960396,6902.772277227723,12.0
2022-03-21,3728.0,6337.0418454935625,6910.269045064378,7179.217542918455,81.0
2022-03-22,3002.0,6471.479347101932,6925.464023984011,7211.916389073951,67.0
2022-03-23,4447.0,6466.761637058691,7067.100292331909,7271.749494040926,82.0
2022-03-24,4702.0,6650.800085070183,7117.506167588261,7323.620374308804,82.0
2022-03-25,4018.0,6569.044300647088,6995.604529616725,7253.922349427576,73.0
2022-03-26,2259.0,6531.148295706064,7158.750774679062,7354.061531651173,51.0
2022-03-27,475.0,7037.098947368421,7276.604210526316,7342.524210526316,11.0
2022-03-28,2589.0,6409.12089609888,7079.521823097721,7283.73348783314,55.0
2022-03-29,2589.0,6729.805330243337,7269.655079181151,7425.224410969487,53.0
2022-03-30,1552.0,6666.828608247422,6978.996778350515,7170.188788659794,41.0
2022-03-31,874.0,6720.268878718535,7197.762013729977,7330.87643020595,36.0
2022-04-01,343.0,6256.218658892129,6882.431486880467,7280.6384839650145,18.0
2022-04-02,1900.0,6660.43,7221.684210526316,7362.478947368421,30.0
2022-04-03,501.0,7077.241516966068,7151.307385229541,7199.311377245509,13.0
2022-04-04,5162.0,6583.571290197598,7107.968229368462,7296.066253390159,86.0
2022-04-05,4495.0,6531.981090100111,7108.811345939933,7318.545717463849,79.0
2022-04-06,6394.0,6618.580544260244,7163.002658742571,7391.903816077573,85.0
2022-04-07,5958.0,6712.249076871433,7186.444612286002,7387.765693185633,82.0
2022-04-08,6573.0,6610.37562756732,7158.603225315685,7393.944774075764,89.0
2022-04-09,4741.0,6806.785066441679,7192.53638472896,7395.069394642481,57.0
2022-04-10,57.0,6309.578947368421,6928.526315789473,7268.877192982456,5.0
2022-04-11,6248.0,6598.625,7181.141805377721,7428.412772087067,77.0
2022-04-12,7331.0,6735.480289182922,7182.487927977084,7418.924430500614,76.0
2022-04-13,5389.0,6485.587678604565,7104.809241046576,7469.5798849508255,73.0
2022-04-14,39.0,6355.0,6697.564102564103,7035.641025641025,9.0
2022-04-15,1788.0,6865.107382550335,7349.402684563758,7438.232662192394,15.0
2022-04-16,598.0,6574.444816053512,7065.844481605352,7332.939799331104,25.0
2022-04-17,308.0,6455.376623376624,7060.915584415585,7364.441558441558,10.0
2022-04-18,7287.0,6629.061616577466,7168.162892822836,7369.310004116921,84.0
2022-04-19,7998.0,6554.828832208052,7143.830582645662,7370.676169042261,71.0
2022-04-20,6422.0,6651.45951417004,7132.43911554033,7349.383369666771,76.0
2022-04-21,5805.0,6650.342807924203,7134.499224806202,7318.703875968992,75.0
2022-04-22,5372.0,6537.815152643336,7046.21053611318,7308.646314221891,74.0
2022-04-23,4718.0,6681.402289105553,7064.536880033913,7282.046841882154,57.0
2022-04-24,316.0,6994.259493670887,7114.705696202532,7177.193037974684,11.0
2022-04-25,5170.0,6706.422823984526,7097.649709864603,7313.27330754352,66.0
2022-04-26,5453.0,6722.986612873648,7119.818998716303,7303.12250137539,75.0
2022-04-27,5629.0,6538.9442174453725,7017.480191863564,7252.1867116717,78.0
2022-04-28,4318.0,6658.642195460861,7024.450440018527,7199.970588235294,68.0
2022-04-29,6440.0,5613.716149068323,6006.2886645962735,6156.4762422360245,74.0
2022-04-30,1420.0,6380.381690140845,6712.931690140845,6981.531690140845,36.0
2022-05-01,43.0,6479.069767441861,6667.441860465116,6855.813953488372,3.0
2022-05-02,4603.0,6288.564414512274,6659.678687812297,6897.665652835108,74.0
2022-05-03,98.0,6288.775510204082,6577.836734693878,6702.224489795918,11.0
2022-05-04,3829.0,6389.845390441368,6718.198485244189,6887.028989292244,67.0
2022-05-05,3153.0,6483.061528702823,6869.286393910561,7043.905169679671,70.0
2022-05-06,2502.0,6188.72901678657,6887.911270983213,7097.829336530775,67.0
2022-05-07,1406.0,6612.868421052632,6983.005689900427,7166.502844950213,24.0
2022-05-08,349.0,6660.578796561605,6902.816618911174,7039.381088825215,12.0
2022-05-09,2351.0,6370.440238196512,6856.10761378137,7051.796682262867,63.0
2022-05-10,2305.0,6358.088069414317,6824.873318872017,7095.081561822126,64.0
2022-05-11,2064.0,6123.05765503876,6766.526647286822,7093.572189922481,56.0
2022-05-12,764.0,6478.179319371728,6853.043193717277,7007.482984293194,31.0
2022-05-13,1649.0,6227.9799878714375,6656.551849605822,6879.85688295937,46.0
2022-05-14,1817.0,6146.991194276279,6612.883874518437,6884.499724821134,60.0
2022-05-15,282.0,6596.730496453901,6773.290780141844,6861.695035460993,13.0
2022-05-16,162.0,5185.919753086419,6130.882716049383,6341.518518518518,20.0
2022-05-17,3998.0,6103.546023011506,6626.966233116558,7041.452226113057,84.0
2022-05-18,3733.0,6213.252611840343,6725.6096972944015,6956.392445754085,82.0
2022-05-19,3298.0,6214.298969072165,6688.871437234688,6920.759551243178,77.0
2022-05-20,3657.0,6278.192507519825,6705.321301613344,7008.555373256768,75.0
2022-05-21,2836.0,6236.785260930888,6718.922778561354,6985.524682651622,64.0
2022-05-22,242.0,6417.855371900827,6776.2768595041325,6843.561983471074,11.0
2022-05-23,4887.0,6131.524452629425,6673.819521178637,7004.274810722324,80.0
2022-05-24,4425.0,6099.739209039548,6644.78395480226,6991.990508474576,75.0
2022-05-25,3808.0,6021.972951680672,6542.687762605042,6846.232668067227,70.0
2022-05-26,4616.0,5967.0931542461,6407.587521663778,6800.23006932409,71.0
2022-05-27,4455.0,5824.579124579124,6414.215488215488,6886.429854096521,72.0
2022-05-28,3519.0,5806.786302926967,6422.0892298948565,7104.553282182438,55.0
2022-05-29,370.0,6212.889189189189,6412.083783783784,6540.437837837838,13.0
2022-05-30,1882.0,5799.299149840595,6413.414984059511,7009.726354941551,48.0
2022-05-31,3706.0,5605.320831084728,6292.939827307069,6692.867242309768,81.0
2022-06-01,3517.0,5767.99402900199,6377.988058003981,6688.111174296275,67.0
2022-06-02,1105.0,5769.466063348416,6558.682352941177,6752.690497737556,32.0
2022-06-03,1801.0,5456.437534702943,6069.788450860633,6376.326485285952,45.0
2022-06-04,3165.4300000000003,5785.595164006153,6389.538704062323,6593.501805441914,50.0
2022-06-05,318.0,6222.047169811321,6370.103773584906,6441.100628930818,14.0
2022-06-06,1240.3,5453.0911876159,6169.271950334597,6429.803595904217,49.0
2022-06-07,3885.02,5775.259844222166,6363.0637680114905,6626.88569428214,75.0
2022-06-08,1946.74,5839.466492700617,6356.096859364887,6660.493974542054,74.0
2022-06-09,3397.01,6048.752873850827,6586.698302330578,6869.76671837881,83.0
2022-06-10,3364.59,6018.132372740809,6527.111772905465,6816.225792741463,79.0
2022-06-11,2714.38,5926.358873849645,6531.977468151106,6809.38223093303,66.0
2022-06-12,246.0,5697.044715447155,6296.646341463415,6589.841463414634,11.0
2022-06-13,3596.19,5817.605716049486,6386.006162077087,6629.31770846368,76.0
2022-06-14,3758.0,5829.238158594997,6440.600319318786,6691.78499201703,61.0
2022-06-15,2436.51,5888.802836844502,6348.699163968135,6564.898670639562,67.0
2022-06-16,1110.52,5608.689622879372,6257.640564780463,6510.52101718114,45.0
2022-06-17,3125.31,5785.290579174546,6307.5568503604445,6607.631342170857,80.0
2022-06-18,2613.0,5828.403750478377,6326.793340987371,6532.959433601225,60.0
2022-06-19,237.0,6198.350210970464,6415.2405063291135,6553.594936708861,12.0
2022-06-20,2905.13,5704.0139339719735,6246.006202820528,6502.250157480044,83.0
2022-06-21,2662.32,5700.432825505573,6210.746386610174,6420.1509660747015,77.0
2022-06-22,2156.0,5701.430890538033,6127.126159554731,6338.596011131725,79.0
2022-06-23,1981.06,5590.062895621536,6117.7177874471245,6304.221477390892,76.0
2022-06-24,2076.9700000000003,5605.238881640081,6048.966523348916,6230.921606956286,83.0
2022-06-25,1614.52,5502.580952852861,6019.333919678914,6198.8082402200025,59.0
2022-06-26,103.0,5973.26213592233,6158.796116504855,6249.883495145631,8.0
2022-06-27,2529.13,5529.114952572623,6077.655901436462,6298.387931818452,80.0
2022-06-28,1908.08,5618.62448115383,6084.080332061549,6328.28361494277,62.0
2022-06-29,2318.67,5634.844113220079,6216.286060543329,6433.949540038039,73.0
2022-06-30,2459.81,5723.389123550193,6283.250657571114,6489.418715266626,73.0
2022-07-01,784.89,5860.106511740499,6201.563276382678,6427.934576819683,36.0
2022-07-02,474.28,5405.51572910517,5950.381631103989,6289.795057771781,27.0
2022-07-03,154.0,5883.305194805195,6077.012987012987,6248.675324675325,9.0
2022-07-04,2298.21,5646.102357922036,6151.050991858881,6336.194185909903,80.0
2022-07-05,1782.27,5561.399226828708,6112.894791473795,6288.0695910271725,70.0
2022-07-06,2570.03,5502.574289016082,5919.806383583072,6109.67654074077,76.0
2022-07-07,2720.48,5380.907016408869,5900.256175380815,6100.2440451685,79.0
2022-07-08,2470.07,5526.481435748784,5977.361775172363,6205.332642394749,74.0
2022-07-09,2227.62,5611.150016609656,5992.528348641151,6190.3857031271045,55.0
2022-07-10,14.0,5233.142857142857,5786.428571428572,6064.5,3.0
2022-07-11,2985.88,5687.0212466676485,6076.035875520784,6291.890832853296,78.0
2022-07-12,2210.51,5616.904017624892,6065.715377899217,6292.969120248268,58.0
2022-07-13,1096.0,5464.639598540146,5982.994525547445,6200.175182481752,42.0
2022-07-14,2078.2,5518.341834279666,6003.292272158599,6194.954287364066,70.0
2022-07-15,3360.0,5606.26875,6034.185416666666,6346.416666666667,77.0
2022-07-16,376.0,5466.074468085107,6010.364361702128,6166.856382978724,32.0
2022-07-17,204.0,5959.558823529412,6075.225490196079,6177.333333333333,10.0
2022-07-18,1859.0,5543.827864443249,6026.054330285099,6203.779451317913,62.0
2022-07-19,3870.62,5651.532054296211,6040.519348321458,6276.36244322615,72.0
2022-07-20,4086.65,5678.154600956774,6033.79259295511,6221.359181725863,82.0
2022-07-21,3795.05,5598.151539505408,6025.77778948894,6203.927220985231,76.0
2022-07-22,3808.0,5556.31906512605,5961.583771008403,6130.435924369748,86.0
2022-07-23,1759.0,5428.092666287664,5852.308129619102,6059.880045480387,57.0
2022-07-24,178.0,5804.6741573033705,5989.533707865168,6150.6292134831465,11.0
2022-07-25,3774.26,5583.515709039652,5959.699119827463,6137.619109441321,78.0
2022-07-26,3348.59,5577.56637868476,5947.914495354761,6105.893982243273,61.0
2022-07-27,4001.7,5445.71532098858,5860.767673738661,6038.5199290301625,80.0
2022-07-28,2341.0,5533.39683895771,6013.199487398548,6206.5484835540365,52.0
2022-07-29,3502.81,5612.308946246014,6113.548236986876,6292.220097578801,74.0
2022-07-30,2058.36,5602.435919858528,6036.193863075458,6272.849744456752,53.0
2022-07-31,146.0,5800.041095890411,6054.321917808219,6253.773972602739,7.0
2022-08-01,798.76,5443.878010916921,6063.858981421203,6271.668085532575,41.0
2022-08-02,1147.0,5586.715780296426,6061.663469921535,6273.131647776809,38.0
2022-08-03,2051.06,5465.009312258052,6050.32763546654,6235.82502705918,75.0
2022-08-04,3144.0,5532.992366412213,6039.505407124682,6225.035941475827,82.0
2022-08-05,2764.52,5525.0933254235815,6022.145254872456,6224.382069943425,79.0
2022-08-06,2627.0,5609.783783783784,6012.751427483822,6295.819946707271,59.0
2022-08-07,230.0,5613.04347826087,5903.804347826087,6157.913043478261,10.0
2022-08-08,2249.4700000000003,5550.757387295674,6041.435191400641,6241.8899651918,59.0
2022-08-09,138.0,4798.847826086957,6027.913043478261,6166.31884057971,12.0
2022-08-10,2812.0,5564.533783783784,6089.035206258891,6290.832859174964,72.0
2022-08-11,472.0,5623.091101694915,6047.747881355932,6280.440677966101,34.0
2022-08-12,3679.0,5751.789073117695,6132.2215275890185,6319.327262843164,74.0
2022-08-13,2604.7200000000003,5740.440584784545,6107.288077029392,6283.627952332688,50.0
2022-08-14,134.0,5985.44776119403,6181.567164179104,6298.895522388059,7.0
2022-08-15,36.0,5733.333333333333,5833.333333333333,6000.0,2.0
2022-08-16,758.0,5804.221635883905,6232.096306068602,6328.709762532982,14.0
2022-08-17,3646.0,5644.549094898519,5990.930883159627,6172.762753702688,77.0
2022-08-18,3460.23,5587.003176089451,5982.490470286657,6140.299633261373,67.0
2022-08-19,2216.0,5333.1534296028885,5854.569494584837,6047.330776173285,54.0
2022-08-20,3252.0,5550.3908364083645,5829.013530135301,6013.269680196802,48.0
2022-08-21,252.0,5655.257936507936,5862.142857142857,6020.123015873016,8.0
2022-08-22,3941.46,5330.67558721895,5743.357436076987,6277.314695569662,77.0
2022-08-23,3877.42,5273.45245034069,5602.980332282807,5859.3336135884165,63.0
2022-08-24,4229.38,5296.239401519844,5663.367443927951,5862.381918862812,76.0
2022-08-25,2629.0,5103.485736021301,5610.78585013313,5826.2270825408905,62.0
2022-08-26,58.0,5357.327586206897,5656.758620689655,5780.172413793103,9.0
2022-08-27,1190.0,5061.505882352942,5539.787394957983,5684.832773109244,22.0
2022-08-28,161.0,5556.521739130435,5611.180124223602,5660.869565217391,5.0
2022-08-29,867.81,4612.443000195896,5400.5267973404325,5578.138256069878,28.0
2022-08-30,3103.05,4964.9341937770905,5299.559804063743,5482.674803822046,47.0
2022-08-31,344.0,5043.956395348837,5363.433139534884,5741.915697674419,7.0
2022-09-01,664.5799999999999,4573.381684673027,5198.833849950345,5414.035932468628,30.0
2022-09-02,1673.95,4423.895875026135,4944.679649929807,5261.457779503569,48.0
2022-09-03,2801.0,4645.592645483755,5083.097465191003,5247.686540521242,46.0
2022-09-04,86.0,4432.558139534884,4721.220930232558,5030.232558139535,4.0
2022-09-05,918.0,4416.643790849673,4960.884531590414,5199.726579520697,39.0
2022-09-06,737.0,4427.464043419267,4989.59972862958,5292.093622795115,30.0
2022-09-07,1726.0,4648.211471610661,5018.464078794901,5246.8893395133255,57.0
2022-09-08,1224.0,4657.637254901961,5060.7908496732025,5272.513888888889,51.0
2022-09-09,590.0,4699.369491525424,4958.828813559322,5239.579661016949,21.0
2022-09-10,637.0,4869.003139717425,5085.800627943485,5272.135007849293,21.0
2022-09-11,19.0,4531.894736842105,4874.0,5052.9473684210525,4.0
2022-09-12,157.0,4645.388535031847,5097.636942675159,5253.363057324841,13.0
2022-09-13,443.0,4675.799097065463,5055.573363431151,5301.528216704289,21.0
2022-09-14,915.0,4840.31693989071,5164.414207650273,5434.731147540983,26.0
2022-09-15,1642.57,4782.489330743895,5163.99696816574,5387.774341428371,58.0
2022-09-16,1003.0,4542.037886340977,5035.046859421735,5443.036889332004,35.0
2022-09-17,840.0,4860.934523809524,5160.321428571428,5441.95119047619,25.0
2022-09-18,173.0,5008.508670520231,5276.884393063584,5335.601156069364,6.0
2022-09-19,691.79,4659.211610459822,5049.058240217408,5310.167825496177,31.0
2022-09-20,1166.0,4605.072041166381,5082.494854202401,5275.732418524872,27.0
2022-09-21,577.0,4568.50259965338,4930.299826689775,5156.490467937609,27.0
2022-09-22,1279.0,4668.271305707584,4981.802189210321,5160.852228303362,41.0
2022-09-23,2017.71,4595.14211655788,5044.461889964365,5268.200593742411,65.0
2022-09-24,1526.0,4507.19003931848,4932.549803407602,5209.6127129750985,48.0
2022-09-25,41.0,5600.0,5785.365853658536,5931.707317073171,4.0
2022-09-26,442.33,4383.481789614089,4668.3392489770085,4934.458436009315,23.0
2022-09-27,1092.39,4279.933906388745,4697.391041660946,5024.524556248227,33.0
2022-09-28,2244.0,4351.732620320856,4776.500891265598,5052.163992869875,61.0
2022-09-29,2337.52,4358.023888565659,4794.681970635545,5033.668760053391,66.0
2022-09-30,1951.2,4315.484829848298,4885.985034850349,5108.810988109881,64.0
2022-10-01,1367.8,4299.5152800116975,4669.149729492616,4942.5281473899695,45.0
2022-10-02,34.0,4935.294117647059,5145.588235294118,5485.294117647059,3.0
2022-10-03,2440.15,4248.597012478741,4727.170460832325,5035.071901317541,58.0
2022-10-04,3546.62,4067.2788739701455,4728.219713417282,4995.25483981932,70.0
2022-10-05,789.0,4136.855513307984,4666.61216730038,4976.14195183777,26.0
2022-10-06,4506.3,3926.615183187981,4626.491356545281,4960.925016088587,82.0
2022-10-07,4702.110000000001,4096.772406430304,4724.75133503895,4999.129684333203,88.0
2022-10-08,3353.91,4115.675286456703,4703.644552179397,4994.509494888056,61.0
2022-10-09,378.0,3967.671957671958,4311.407407407408,4713.8359788359785,9.0
2022-10-10,5585.7,3945.4530318491866,4641.830925398786,4947.8138102655,84.0
2022-10-11,1880.0,4159.29255319149,4640.41329787234,5002.292021276596,50.0
2022-10-12,5388.66,4058.124691481741,4745.451782075692,5027.5000872202,91.0
2022-10-13,6586.13,3927.421551047428,4703.04183184966,5028.064910653145,94.0
2022-10-14,7241.28,3916.2621801670425,4675.164197489947,5011.374839807327,103.0
2022-10-15,7096.74,3955.08754724,4709.5593187858085,5036.228155462931,81.0
2022-10-16,820.0,4266.923170731708,4619.44268292683,4938.218292682926,14.0
2022-10-17,11144.74,3794.676950740888,4650.753808523124,5036.046653398823,107.0
2022-10-18,9537.64,3867.183915517885,4627.161436162405,5021.249986369794,102.0
2022-10-19,12918.5,3853.60421101521,4677.281263304563,5046.985021480822,108.0
2022-10-20,13495.8,3862.121919411965,4682.367254997852,5079.1383541546265,108.0
2022-10-21,11608.98,3846.978459778551,4615.005624955853,5095.228071716895,95.0
2022-10-22,4240.96,4043.856155210141,4775.578453934958,5145.455481777711,44.0
2022-10-23,469.0,4336.100213219616,4614.140724946695,4931.3432835820895,11.0
2022-10-24,101.0,4306.435643564357,4680.653465346535,5024.752475247525,6.0
2022-10-25,982.0,3383.5030549898165,4699.872708757637,4824.968431771894,13.0
2022-10-26,7620.0,4245.225065616798,4891.07532808399,5207.689107611549,47.0
2022-10-27,9845.0,4011.061350939564,4725.932249873032,5130.550533265617,85.0
2022-10-28,19844.91,3972.7468151783,4765.58059472177,5186.897929494264,106.0
2022-10-29,18917.32,4079.386086401245,4796.509759310516,5113.828886967076,94.0
2022-10-30,2015.0,4535.508188585608,4920.272456575683,5143.187096774193,22.0
2022-10-31,30292.73,4101.795034650228,4746.645135648058,5106.6053300577405,118.0
2022-11-01,24972.03,4194.007155205244,4781.911862992316,5145.859469174112,117.0
2022-11-02,25881.41,4256.984066942257,4918.349232132253,5290.152699176745,125.0
2022-11-03,20812.44,4303.71559509601,5008.558148876345,5361.18917147629,123.0
2022-11-04,20845.55,4442.917721048378,5078.134493932758,5464.076320845456,120.0
2022-11-05,17656.97,4476.484815911223,5216.339672095495,5622.062297211808,105.0
2022-11-06,2324.96,5000.295488954649,5432.147219737114,5724.3927121326815,22.0
2022-11-07,20906.45,4641.71879970057,5450.942508173314,5944.879295624078,126.0
2022-11-08,6097.84,4908.902135838264,5552.908538105296,5858.861478818729,47.0
2022-11-09,23691.39,4708.071962008139,5432.049322559799,5848.266196706904,130.0
2022-11-10,18411.56,4723.018201608121,5456.534318656323,5762.383884907092,120.0
2022-11-11,16513.82,4694.870853624419,5454.625834603987,5852.156408390063,120.0
2022-11-12,9784.07,4757.888884687048,5570.33544322557,5996.043202879783,64.0
2022-11-13,1612.0,5254.143300248139,5709.527915632754,5860.228287841191,11.0
2022-11-14,7580.68,4762.0638781745165,5478.018911232238,5948.056253528706,53.0
2022-11-15,9764.35,4820.273955767665,5416.139835216885,5788.388448795875,76.0
2022-11-16,16559.95,4932.043665590778,5494.007560409301,5834.95586641264,124.0
2022-11-17,12101.86,4826.525658039343,5395.492081382531,5708.64415056859,118.0
2022-11-18,14138.88,4841.384749004164,5440.212449642404,5805.938818350534,119.0
2022-11-19,10155.94,4831.314383503644,5463.73600080347,5827.618443984506,84.0
2022-11-20,1351.0,5044.985196150999,5563.482605477424,5674.843819393042,20.0
2022-11-21,7369.42,4855.547519343449,5454.04468737024,5768.176002996165,69.0
2022-11-22,7936.0,4952.884198588709,5426.978200604839,5707.649697580645,75.0
2022-11-23,8208.79,4834.629403359082,5381.620007333601,5647.497863875187,77.0
2022-11-24,11296.43,4779.024523676949,5389.001392475322,5733.294376187875,80.0
2022-11-25,4098.6900000000005,4756.175119367406,5321.37790367166,5571.129168100051,49.0
2022-11-26,8399.17,4690.2496913385485,5368.519329886168,5734.440163730464,76.0
2022-11-27,476.0,5118.422268907563,5288.865546218487,5411.758403361345,15.0
2022-11-28,4520.46,4858.62372413427,5454.171079934343,5941.843953933892,51.0
2022-11-29,3025.75,4667.880194992977,5155.748987854251,5504.2798479715775,47.0
2022-11-30,8366.52,4806.917930035426,5343.7058657601965,5638.048201641782,87.0
2022-12-01,2936.24,4633.07522545841,5222.281148679945,5492.874056616625,61.0
2022-12-02,7574.0,4741.287826775812,5278.658304726697,5593.787298653288,108.0
2022-12-03,6234.0,4749.025826114854,5267.984600577478,5535.985081809432,73.0
2022-12-04,816.0,5009.927696078431,5371.417892156863,5456.519607843137,19.0
2022-12-05,1781.0,4651.731611454239,5286.550814149355,5484.3722627737225,49.0
2022-12-06,2712.0,4707.872050147493,5386.976401179941,5659.698746312684,58.0
2022-12-07,3998.0,4619.5635317658825,5203.56028014007,5636.105052526264,58.0
2022-12-08,8654.0,4706.9565518835225,5307.804021261844,5615.291541483707,111.0
2022-12-09,9200.75,4748.581311306143,5312.163193217944,5593.612314213515,121.0
2022-12-10,6933.67,4712.966509799284,5308.2157789453495,5622.959881274996,92.0
2022-12-11,1009.0,5225.346878097126,5444.287413280475,5552.128840436076,22.0
2022-12-12,9668.22,4756.881825196365,5319.367267190858,5644.696167443437,116.0
2022-12-13,9688.17,4725.005341566054,5280.508599663301,5611.2145823205,116.0
2022-12-14,8542.39,4827.740480123244,5309.192392293024,5636.567628029158,116.0
2022-12-15,8712.630000000001,4776.032437966492,5268.961668290745,5618.034095330571,110.0
2022-12-16,8277.0,4778.4180258547785,5301.781080101486,5620.772622931014,117.0
2022-12-17,6709.0,4684.034580414369,5269.592636756595,5619.241466686541,86.0
2022-12-18,594.0,5072.1734006734005,5272.909090909091,5410.042087542088,15.0
2022-12-19,8614.0,4764.142094265149,5288.10436498723,5586.029370791734,107.0
2022-12-20,8272.0,4647.144463249517,5182.867746615087,5432.127176015474,115.0
2022-12-21,6060.0,4772.43300330033,5255.098349834983,5558.525907590759,84.0
2022-12-22,3641.0,4728.150233452348,5139.694314748695,5502.42186212579,45.0
2022-12-23,8117.0,4737.39866945916,5205.110262412221,5491.981027473204,92.0
2022-12-24,6165.0,4739.482076236821,5274.569343065694,5505.9399837794,72.0
2022-12-25,267.0,4819.662921348315,5177.059925093633,5332.397003745318,10.0
2022-12-26,5543.0,4648.940645859643,5161.607793613567,5438.0613386252935,45.0
2022-12-27,3761.0,4680.4012230789685,5147.211645838873,5417.78277053975,53.0
2022-12-28,10946.0,4766.406449844692,5219.869358669834,5462.244016078933,106.0
2022-12-29,10967.53,4840.444658004128,5265.478735868514,5480.949543789714,112.0
2022-12-30,8385.73,4787.823600330562,5192.327441975833,5433.1250719973095,118.0
2022-12-31,6020.92,4338.570019199724,5258.7724135182,5468.703553609747,76.0
2023-01-01,549.0,5357.613843351548,5409.087431693989,5463.426229508197,17.0
2023-01-02,3873.0,5100.414665633875,5430.704879938033,5603.1595662277305,54.0
2023-01-03,4725.0,5042.713862433862,5381.280634920635,5562.566772486773,52.0
2023-01-04,7325.0,4979.245597269624,5337.8604778157,5537.253924914676,79.0
2023-01-05,3994.0,5011.601902854281,5360.731347020531,5547.559088632949,27.0
2023-01-06,3629.0,4931.376412234776,5305.537889225682,5516.279140259025,35.0
2023-01-07,6552.0,4770.647741147741,5300.222374847375,5490.050366300367,68.0
2023-01-08,245.0,4686.979591836735,5040.183673469388,5446.959183673469,6.0
2023-01-09,2826.0,5052.965322009908,5373.150743099788,5522.276008492569,21.0
2023-01-10,5234.0,5008.940962934658,5280.120557890715,5480.1499808941535,39.0
2023-01-11,7788.0,4855.261042629687,5274.887904468413,5453.377760657421,103.0
2023-01-12,6029.0,4854.2612373527945,5289.992370210649,5454.826173494776,71.0
2023-01-13,2561.0,5040.091761030847,5252.163217493167,5460.527918781726,36.0
2023-01-14,4159.0,4887.132243327723,5304.218562154364,5480.130319788411,52.0
2023-01-15,86.0,4880.232558139535,5130.058139534884,5346.162790697675,7.0
2023-01-16,2551.0,4833.859662877303,5137.922775382203,5391.643277146217,32.0
2023-01-17,5311.0,4790.955940500848,5283.658068160422,5432.733006966673,78.0
2023-01-18,2066.0,4611.080832526622,5025.461277831559,5335.584704743465,28.0
2023-01-19,1552.0,4840.25,5242.495489690722,5383.581829896907,40.0
2023-01-20,5612.0,4821.371525302922,5196.023699215966,5354.3585174625805,59.0
2023-01-21,5449.0,4690.965865296384,5093.317672967517,5323.297485777207,64.0
2023-01-22,1117.0,5074.714413607879,5236.2748433303495,5299.773500447627,20.0
2023-01-23,8951.0,4677.587643838678,5052.922578482851,5291.333482292482,111.0
2023-01-24,9187.0,4687.26406879286,5058.801349733319,5253.936105366279,111.0
2023-01-25,8420.0,4677.737885985748,5020.428741092636,5218.319477434679,112.0
2023-01-26,89.0,5035.516853932584,5179.438202247191,5265.258426966292,9.0
2023-01-27,7383.0,4748.203575782202,5088.252201002302,5233.264662061492,113.0
2023-01-28,6102.0,4701.165355621108,5083.272697476237,5271.952146837102,76.0
2023-01-29,849.0,4972.571260306243,5129.3922261484095,5239.657243816255,20.0
2023-01-30,6803.0,4694.870057327649,5039.081287667205,5254.823166250184,109.0
2023-01-31,7774.0,4719.756624646257,5101.182274247492,5273.551067661436,107.0
2023-02-01,6177.0,4763.222276185851,5067.028978468512,5257.0267119961145,100.0
2023-02-02,7622.0,4740.824586722645,5088.52020467069,5244.078981894516,105.0
2023-02-03,7636.0,4719.11917234154,5051.1100052383445,5222.769774751178,117.0
2023-02-04,6310.0,4725.177337559429,5038.691600633914,5222.644532488114,83.0
2023-02-05,775.0,4943.712258064516,5144.863225806452,5232.277419354839,19.0
2023-02-06,7312.0,4701.587800875273,5035.583698030635,5234.314688183807,107.0
2023-02-07,6893.0,4651.323371536341,5000.791672711446,5211.91193964892,95.0
2023-02-08,7649.0,4779.425676559027,5101.415479147601,5250.879199895411,102.0
2023-02-09,7328.0,4774.566593886463,5104.249863537118,5257.913618995633,97.0
2023-02-10,7839.0,4748.721775736701,5095.451333078198,5247.352468427095,106.0
2023-02-11,6447.0,4830.220257484101,5129.8982472467815,5294.901194353963,72.0
2023-02-12,886.0,5069.83295711061,5265.522573363432,5355.258465011287,19.0
2023-02-13,5581.0,4840.367855223079,5193.561906468375,5331.207489697187,95.0
2023-02-14,7359.0,4884.424106536214,5177.72360375051,5347.506590569371,108.0
2023-02-15,7441.0,4845.801236392958,5159.291761859965,5335.619674774895,107.0
2023-02-16,7380.0,4827.614634146342,5142.394444444444,5326.287398373984,100.0
2023-02-17,8253.0,4831.081303768327,5145.203804677087,5331.411365564038,110.0
2023-02-18,431.0,4736.508120649652,5110.0046403712295,5261.122969837587,18.0
2023-02-19,153.0,4941.862745098039,5124.5424836601305,5211.771241830065,10.0
2023-02-20,4855.0,4728.5227600411945,5087.645108135942,5309.7237899073125,74.0
2023-02-21,8791.0,4810.168809009214,5136.515754749175,5311.999772494597,97.0
2023-02-22,7986.0,4845.7023541197095,5192.578512396694,5339.077260205359,102.0
2023-02-23,6695.0,4750.994174757281,5133.520238984317,5328.564600448096,90.0
2023-02-24,6764.0,4847.942489651094,5172.312684801892,5327.412625665287,100.0
2023-02-25,6585.0,4758.01867881549,5120.13986332574,5309.836750189826,74.0
2023-02-26,968.0,5009.6518595041325,5144.225206611571,5250.5268595041325,18.0
2023-02-27,7698.0,4743.161470511821,5065.037282411015,5247.264614185503,93.0
2023-02-28,7544.0,4777.684915164369,5069.836161187699,5227.986744432662,91.0
2023-03-01,6828.0,4609.119361452841,4959.15568248389,5159.395430579965,90.0
2023-03-02,4663.0,4593.700836371435,4978.165987561656,5147.760025734506,84.0
2023-03-03,6274.0,4693.02964615875,5046.690149824673,5214.3044309850175,93.0
2023-03-04,4854.0,4769.489081170169,5086.334775442933,5248.292130201895,66.0
2023-03-05,502.0,5015.083665338645,5168.790836653387,5233.719123505976,12.0
2023-03-06,1705.0,4740.31788856305,5087.114369501466,5257.847507331378,49.0
2023-03-07,64.0,4509.859375,5006.265625,5170.609375,5.0
2023-03-08,2762.0,4661.288559015206,4997.130702389572,5161.633236784938,71.0
2023-03-09,3962.0,4663.0426552246345,4983.483846542151,5164.257698132256,72.0
2023-03-10,5548.0,4619.738464311464,4995.530461427541,5145.794160057679,91.0
2023-03-11,3658.0,4377.490431930017,4844.374248223073,5102.301257517769,56.0
2023-03-12,215.0,4675.604651162791,4890.781395348838,5017.093023255814,11.0
2023-03-13,3358.0,4647.025312686123,4933.219475878499,5081.955330553901,63.0
2023-03-14,5878.0,4613.904389248043,4947.066859476012,5085.491323579448,85.0
2023-03-15,4752.0,4603.510732323232,4995.037457912458,5148.998737373738,75.0
2023-03-16,3273.0,4682.542926978307,5007.547204399633,5149.270699663917,65.0
2023-03-17,3965.0,4604.423203026482,4997.041866330391,5161.665825977301,81.0
2023-03-18,3966.0,4781.683308119012,4971.435955622794,5128.355774079677,60.0
2023-03-19,498.0,5003.714859437751,5113.9859437751,5187.566265060241,12.0
2023-03-20,4419.0,4663.04005431093,4955.054763521159,5151.961982348948,79.0
2023-03-21,3628.0,4581.82993384785,4908.621830209482,5108.1866041896365,60.0
2023-03-22,2609.0,4839.275201226524,5098.949789191261,5217.622460712917,36.0
2023-03-23,4800.0,4700.579166666666,5003.577708333333,5151.953333333333,75.0
2023-03-24,6183.0,4547.42471292253,4939.114669254407,5125.289826944849,89.0
2023-03-25,3181.0,4494.53913863565,4885.061615844074,5085.18421879912,58.0
2023-03-26,1219.0,4884.133716160787,5013.757178014766,5084.141919606234,13.0
2023-03-27,4365.0,4611.140435280641,4963.628865979382,5137.607789232531,78.0
2023-03-28,2843.0,4651.470629616602,4983.845233907844,5134.330988392543,68.0
2023-03-29,2277.0,4645.977602108037,5020.101888449714,5160.773386034256,65.0
2023-03-30,86.0,4440.6511627906975,4991.848837209303,5092.360465116279,13.0
2023-03-31,1181.0,4785.9034716342085,5049.583403895004,5175.94750211685,46.0
2023-04-01,2685.0,4926.346368715083,5181.879702048417,5298.471508379888,32.0
2023-04-02,265.0,4777.354716981132,5195.245283018868,5317.2830188679245,9.0
2023-04-03,5615.0,4792.756295636687,5148.701736420303,5309.055095280499,68.0
2023-04-04,749.0,4800.032042723631,5425.008010680908,5859.955941255007,17.0
2023-04-05,8417.32,4768.280300618249,5139.789214381775,5325.396658318799,76.0
2023-04-06,1385.84,4621.592247301276,5087.548981123362,5283.841857645905,37.0
2023-04-07,2810.44,4988.677232034841,5247.5593003230815,5389.591167219368,29.0
2023-04-08,5126.78,4812.254561342597,5119.7722508085,5290.405268023985,61.0
2023-04-09,290.0,4746.4,5289.355172413793,5433.337931034483,10.0
2023-04-10,6737.74,4765.5173604205565,5069.022837034377,5253.226411229878,81.0
2023-04-11,8798.35,4817.801142259628,5084.076288167667,5253.618614853921,88.0
2023-04-12,8237.869999999999,4679.424528427859,4991.979771470053,5181.854583769835,77.0
2023-04-13,6451.08,4701.267818721826,5009.920738853029,5180.343657186084,79.0
2023-04-14,180.87,4536.956156355393,5010.358213081218,5146.304859844087,12.0
2023-04-15,6586.74,4688.702590355775,5012.586772819332,5175.945572468322,62.0
2023-04-16,553.0,5027.222423146473,5115.842676311031,5167.01808318264,10.0
2023-04-17,7774.889999999999,4683.022714147724,4989.488683441181,5153.751785555809,82.0
2023-04-18,7693.12,4745.2834064722765,4997.129908281686,5157.03885549686,81.0
2023-04-19,6590.889999999999,4550.752544800474,4945.048885658842,5140.949613785088,81.0
2023-04-20,6343.2,4599.625930129903,4928.420387186278,5134.913482154117,66.0
2023-04-21,7159.95,4718.339150413061,4999.070545185371,5146.904601289116,77.0
2023-04-22,126.12,4596.481446241674,4966.591183000317,5090.673961306692,12.0
2023-04-23,569.0,4877.179261862917,5015.1757469244285,5098.683655536028,10.0
2023-04-24,6695.74,4604.31575897511,4891.163512920155,5056.087530280446,77.0
2023-04-25,7662.55,4644.984208912177,4839.306249225127,5000.663917364323,84.0
2023-04-26,5588.51,4499.587045563128,4827.271539283279,4988.362658383004,69.0
2023-04-27,3973.46,4635.1969920422,4879.759363376,5028.907476103949,62.0
2023-04-28,928.68,4478.380927768446,4864.2580867467805,5028.184476891934,31.0
2023-04-29,1474.45,2977.152022788158,4871.37352911255,4980.527247448201,27.0
2023-04-30,554.0,4735.740072202166,5040.545126353791,5093.509025270758,4.0
2023-05-01,37.0,4789.189189189189,4902.702702702703,4997.2972972972975,5.0
2023-05-02,4016.41,4590.963278151384,4889.195769356216,5047.34329911538,71.0
2023-05-03,3578.2200000000003,4540.377198718916,4865.75385526882,5068.201910447093,76.0
2023-05-04,4160.07,4548.853942361548,4876.35150370066,5087.579059967741,72.0
2023-05-05,245.0,4231.559183673469,4905.404081632653,5009.881632653061,20.0
2023-05-06,6122.38,4683.523819168362,5003.018652876823,5160.855157634775,69.0
2023-05-07,417.0,5050.513189448441,5138.563549160672,5206.26139088729,10.0
2023-05-08,6616.0,4624.77146311971,4954.05607617896,5130.435761789601,82.0
2023-05-09,5873.98,4648.2283221938105,4995.832304502229,5165.897023823712,75.0
2023-05-10,7090.6900000000005,4616.029086026889,4957.574523776952,5124.761490066551,80.0
2023-05-11,4962.61,4446.799607464621,4877.498572323838,5086.571541991009,75.0
2023-05-12,4700.52,4607.966735595211,4907.888148545267,5094.8154502055095,77.0
2023-05-13,3857.67,4535.850324159402,4852.295048565585,5020.535079465066,57.0
2023-05-14,572.0,4914.833916083916,5004.024475524476,5073.534965034965,12.0
2023-05-15,6240.040000000001,4555.883327670976,4909.207021108839,5096.325446631752,77.0
2023-05-16,5594.22,4547.420051410205,4839.229740696647,5032.8400152300055,76.0
2023-05-17,5322.38,4440.386669121708,4783.633062652422,4962.345634847568,75.0
2023-05-18,5568.77,4459.088811353316,4760.9479472127605,4953.115680841551,86.0
2023-05-19,4414.87,4285.057272354566,4664.9929918661255,4908.319710433149,66.0
2023-05-20,4167.76,4606.66976985239,4831.354492581147,4960.644998752327,61.0
2023-05-21,384.0,4602.815104166667,4845.328125,4930.65625,13.0
2023-05-22,4168.59,4370.466512657757,4703.173675031605,4927.666551519817,72.0
2023-05-23,4232.63,4489.527858565479,4745.786059731184,4961.1539019474885,75.0
2023-05-24,5523.02,4485.5660852214905,4726.517169954119,4904.97216377996,81.0
2023-05-25,5147.91,4466.535778597528,4752.613095411536,4895.1403559891305,72.0
2023-05-26,6032.719999999999,4414.045637788593,4714.723932156639,4911.533843771965,90.0
2023-05-27,3970.09,4341.008516179734,4640.03974720976,4942.431612381583,63.0
2023-05-28,370.0,4769.613513513514,4850.283783783784,4920.1621621621625,9.0
2023-05-29,2641.8,4381.184041184041,4720.461806344159,4957.412446059504,64.0
2023-05-30,5499.9,4519.579948726341,4773.026105929199,4979.247208131057,77.0
2023-05-31,4134.33,4361.158301345079,4710.215851177821,4910.861699477304,77.0
2023-06-01,5019.04,4464.102661066659,4697.417597787625,4896.793410692085,80.0
2023-06-02,5257.42,4342.284626299592,4658.670496174929,4918.429571919306,90.0
2023-06-03,3442.8100000000004,4298.038050313551,4673.749053825218,4938.578951496016,65.0
2023-06-04,484.39,4728.799892648485,4887.138834410289,4970.528912653028,11.0
2023-06-05,5272.9,4429.286331999469,4747.270363557056,4957.564338409604,81.0
2023-06-06,5863.84,4435.11939957434,4732.729429861661,4943.688975142569,80.0
2023-06-07,5189.98,4402.4285873934,4736.593767220684,4939.171634572774,85.0
2023-06-08,4897.610000000001,4407.604233493479,4711.539608012888,4934.276159187848,84.0
2023-06-09,6113.030000000001,4430.424468716823,4767.963967132502,4968.013764041727,88.0
2023-06-10,3670.91,4458.7097804086725,4763.435893906416,4985.639103110673,61.0
2023-06-11,433.38,4781.492362360977,4909.965296045041,5011.230329041488,13.0
2023-06-12,5887.889999999999,4421.552223292216,4746.999913381535,4995.785186204226,92.0
2023-06-13,5463.24,4411.831669485507,4741.53419948602,4962.001905462693,82.0
2023-06-14,5451.450000000001,4337.671547936788,4755.128798925056,4986.277412431555,81.0
2023-06-15,4429.4,4424.6211676525045,4791.115275206575,5008.132239129453,77.0
2023-06-16,5393.700000000001,4478.98752247993,4840.954446854663,5064.803010920147,96.0
2023-06-17,2551.5,4384.009022143837,4810.138592984519,5091.496131687242,58.0
2023-06-18,146.76999999999998,4518.773114396676,4801.020167609185,4998.208080670437,10.0
2023-06-19,5410.31,4470.992538320355,4898.649571355431,5149.299236088135,82.0
2023-06-20,4845.21,4547.7717106172895,4904.833291271173,5118.001058777638,83.0
2023-06-21,4735.04,4368.864643170913,4774.304898966006,5055.198731161722,86.0
2023-06-22,4247.37,4484.439749774567,4894.309622189731,5077.694870001908,83.0
2023-06-23,3978.51,4522.436703690578,4853.273577294012,5042.127203400269,89.0
2023-06-24,2605.96,4536.261746151131,4877.8750551812,5036.328343489539,58.0
2023-06-25,758.0,4538.184696569921,4830.179419525066,5004.245382585752,14.0
2023-06-26,2435.24,4344.32253083885,4756.1340976659385,4983.404526863882,76.0
2023-06-27,2355.46,4456.046373107589,4829.903454102384,5008.339772273781,78.0
2023-06-28,2594.89,4535.444392633214,4815.755484818239,4995.581219242435,71.0
2023-06-29,156.57,4407.076068212302,4744.006072683145,4943.15232803219,15.0
2023-06-30,2193.43,4367.920653952941,4755.954195027879,4963.146761009014,85.0
2023-07-01,3102.12,4499.691949376555,4797.820355111989,5062.385291349142,70.0
2023-07-02,346.02,4690.85324547714,4893.834171435177,5032.295821050807,13.0
2023-07-03,2736.5,4491.005349899507,4865.627198976796,5082.2773615932765,86.0
2023-07-04,3897.91,4549.028818007598,4888.639622259107,5087.192456983358,87.0
2023-07-05,3087.95,4483.131229456436,4839.259146035396,5032.947861850095,87.0
2023-07-06,3183.12,4495.521321847748,4804.097787705145,5036.275038327176,88.0
2023-07-07,3395.49,4503.446727865492,4786.40245148712,5005.543073311951,92.0
2023-07-08,2087.8900000000003,4468.192385614184,4798.767765543204,4958.603853651293,63.0
2023-07-09,329.13,4734.319417859205,4897.478321635828,4968.94540151308,10.0
2023-07-10,3369.0000000000005,4460.422428020183,4738.135405164737,4972.161442564559,93.0
2023-07-11,3545.49,4450.969775686859,4735.94272441891,4947.009426059586,89.0
2023-07-12,3226.69,4400.29665074736,4739.922440643508,4956.146143571275,86.0
2023-07-13,3610.61,4352.9283694444985,4751.222533034584,4943.525238117659,89.0
2023-07-14,3169.38,4776.53471341398,5120.829259981448,5356.277177239712,91.0
2023-07-15,3302.58,4364.2452204034425,4650.100288259482,4863.749716888008,72.0
2023-07-16,361.9,4691.645924288478,4817.520392373584,4899.320254213872,14.0
2023-07-17,2905.86,4211.7564954953095,4559.452471901605,4817.237626726684,68.0
2023-07-18,3601.29,4358.910659791353,4648.403894160148,4840.557341952467,82.0
2023-07-19,2125.52,4430.262853325305,4694.798148217848,4856.65272498024,58.0
2023-07-20,3566.1,4339.875533495976,4639.954552592469,4843.314410700766,86.0
2023-07-21,3040.63,4423.209621032484,4691.229498492089,4857.099367565275,77.0
2023-07-22,1420.82,4259.753339620783,4726.773982629749,4886.638173730663,57.0
2023-07-23,369.08,4655.768722228244,4833.618836024711,4922.304107510567,12.0
2023-07-24,3675.07,4327.1159161594205,4723.156500420401,4922.784281659941,93.0
2023-07-25,4584.38,4419.718747137017,4724.440515402301,4948.612680449701,84.0
2023-07-26,3514.8500000000004,4200.437005846622,4663.086760459194,4932.5769947508425,86.0
2023-07-27,2497.96,4453.638100690163,4729.378833127832,4933.529956444459,69.0
2023-07-28,2733.9,4463.536351000402,4768.383368082226,4960.629445115037,83.0
2023-07-29,353.78000000000003,4423.481372604443,4771.009327830855,4902.850641641698,19.0
2023-07-30,312.86,4816.762897142491,4930.551109122291,4992.782714313111,10.0
2023-07-31,3730.04,4321.57196973759,4733.652153864302,4954.338559372018,87.0
2023-08-01,2377.0,4332.342111905763,4737.001098022717,4907.5110222970125,79.0
2023-08-02,3988.68,4418.077055567255,4750.713554358836,4910.575902303519,89.0
2023-08-03,3384.09,4427.140998023102,4726.202240484147,4908.270994565747,86.0
2023-08-04,3367.38,4383.345865331504,4723.142134240864,4913.120417060148,92.0
2023-08-05,2308.09,4315.8562057805375,4693.944382584734,4906.263642232322,64.0
2023-08-06,308.0,4717.714285714285,4888.214285714285,4972.685064935065,10.0
2023-08-07,3141.52,4354.656306501312,4716.655972268201,11212.465312969518,86.0
2023-08-08,3054.75,4449.050887961372,4689.6520173500285,4898.03862836566,78.0
2023-08-09,3184.57,4455.703859547756,4744.586933243735,4979.470220469326,83.0
2023-08-10,3357.08,4276.907118686478,4668.576155468443,4907.084326259726,76.0
2023-08-11,3085.41,4447.050784174551,4706.366486139606,4902.33413387524,87.0
2023-08-12,2844.03,4381.454520521936,4749.270264378365,4906.543411989325,57.0
2023-08-13,261.0,4816.0,4914.693486590038,4973.689655172414,8.0
2023-08-14,2609.76,4391.289237324505,4710.0664428913005,4899.500720372755,55.0
2023-08-15,2.0,4800.0,4900.0,5010.0,1.0
2023-08-16,35.0,4527.828571428571,4793.857142857143,4875.171428571429,5.0
2023-08-17,3387.88,4413.165814609726,4742.660802625831,4921.58919442247,70.0
2023-08-18,2979.3500000000004,4372.635054626008,4704.430298555053,4937.583617231946,68.0
2023-08-19,1533.1,4405.86143108734,4725.727141086688,4930.93970386798,44.0
2023-08-20,829.0,4539.577804583836,4951.21712907117,5014.449939686369,7.0
2023-08-21,433.75,4346.187319884726,4745.039884726225,4885.843804034582,30.0
2023-08-22,3009.69,4338.09862477531,4727.922111579599,4925.117653313132,55.0
2023-08-23,2541.53,4381.084988176413,4718.1863405114245,5031.399169004498,57.0
2023-08-24,3047.6800000000003,4337.542327278454,4638.999399543259,4850.265250944981,64.0
2023-08-25,3169.02,4330.452373288904,4655.29623038037,4855.806725738556,73.0
2023-08-26,1959.36,4296.853054058468,4605.567164788502,4838.731014208721,46.0
2023-08-27,318.13,4777.142017414265,4888.646748184704,4942.492660233238,8.0
2023-08-28,2305.93,4231.351064429536,4665.725048028345,4892.088814491333,55.0
2023-08-29,2048.74,4332.250553999043,4691.859630797467,4898.916041078907,48.0
2023-08-30,989.12,4302.882360077645,4684.955334034293,4929.291693626658,24.0
2023-08-31,1853.0,4256.324878575283,4753.449001618997,5005.932002158662,54.0
2023-09-01,2092.77,4451.555115946808,4751.509616441368,4970.298695030988,64.0
2023-09-02,2987.28,4580.98454112102,4816.58599126965,4988.31830293779,38.0
2023-09-03,57.0,4325.017543859649,4816.736842105263,4980.701754385965,4.0
2023-09-04,1675.3,4411.181060108637,4717.5799140452455,4976.026759386378,44.0
2023-09-05,1652.0,4163.470944309927,4659.60593220339,4964.0284503631965,63.0
2023-09-06,1684.27,4386.657127420188,4745.88753584639,4959.595551782078,48.0
2023-09-07,250.25,4609.866133866134,4771.167832167832,4908.724275724276,13.0
2023-09-08,2112.77,4352.303255915221,4692.36729033449,4918.993193769317,60.0
2023-09-09,1639.31,4408.584709420427,4706.659283479024,4879.728361322752,54.0
2023-09-10,130.0,4310.384615384615,4875.0,4976.315384615385,6.0
2023-09-11,1757.5800000000002,4045.0039258525926,4579.840599005451,4855.562193470567,52.0
2023-09-12,3159.98,4403.844644586358,4692.597624035595,4885.676491623365,65.0
2023-09-13,1829.23,4476.936743875838,4741.590057018528,4912.803119345298,49.0
2023-09-14,33.7,4625.519287833828,4702.077151335311,4784.302670623145,7.0
2023-09-15,888.1500000000001,4439.977706468501,4717.4338794122605,4887.430839385239,40.0
2023-09-16,1186.49,4288.506434946776,4611.548129356337,4885.055331271228,36.0
2023-09-17,47.0,4512.872340425532,4672.340425531915,4786.276595744681,6.0
2023-09-18,2338.0,4284.667664670658,4693.601796407185,4892.236099230111,43.0
2023-09-19,450.01,4447.79004911002,4696.94340125775,4849.85111441968,10.0
2023-09-20,2695.95,4313.25766427419,4683.7225282368,4866.793523618761,47.0
2023-09-21,1985.83,4333.269061299305,4673.558884698085,4851.416158482851,48.0
2023-09-22,355.29999999999995,4325.678440754293,4610.897241767521,4826.078947368422,19.0
2023-09-23,845.71,4343.392888815314,4622.790176301569,4761.51796715186,30.0
2023-09-24,127.0,4792.51968503937,4826.771653543307,4861.496062992126,4.0
2023-09-25,2336.34,4192.610985558608,4579.17049744472,4782.634055830915,51.0
2023-09-26,3112.45,4379.481646291507,4635.245648926088,4777.662821892722,52.0
2023-09-27,2465.73,4378.825378285538,4655.554014429804,4789.97623421867,53.0
2023-09-28,366.5,4481.470668485676,4654.971350613915,4747.778990450204,11.0
2023-09-29,1281.98,4386.89177678279,4634.760628090921,4805.512168676579,28.0
2023-09-30,2807.29,4484.589105507447,4668.067463639311,4821.156221836718,45.0
2023-10-01,533.0,4606.660412757974,4735.148217636022,4800.532833020638,6.0
2023-10-02,147.64,3552.01164995936,4571.79253589813,4681.246613383906,13.0
2023-10-03,5533.360000000001,4170.051534691399,4498.298350369395,4682.0543684126815,73.0
2023-10-04,6256.1900000000005,4024.386538772,4454.532865849662,4631.4098309034725,83.0
2023-10-05,4735.540000000001,4045.532477816679,4429.301874759795,4622.8223961786825,73.0
2023-10-06,5490.06,4075.154890839081,4405.767441521586,4602.043167105642,78.0
2023-10-07,4566.049999999999,4128.14993265514,4435.950294017806,4618.736303807449,68.0
2023-10-08,223.94,4027.167991426275,4383.069482897205,4581.713851924623,8.0
2023-10-09,6410.01,3878.4098605150384,4351.472170870248,4539.616192486439,82.0
2023-10-10,6197.040000000001,3796.550913016537,4293.14210816777,4477.881516014097,83.0
2023-10-11,7618.23,3798.0699873855215,4256.605470037003,4449.650778461663,97.0
2023-10-12,8116.12,3744.981892825635,4285.271490564457,4499.264086780382,86.0
2023-10-13,10440.48,3868.09407517662,4335.023276707585,4586.595350980032,89.0
2023-10-14,839.8900000000001,4049.322804176737,4347.297491338151,4573.847444308182,27.0
2023-10-15,538.0,3887.5836431226767,4328.438661710037,4515.639405204461,7.0
2023-10-16,21185.94,3759.460604533008,4312.914971438606,4583.437303230349,104.0
2023-10-17,17534.33,3820.686676936045,4343.653306399502,4583.048295543656,104.0
2023-10-18,20849.88,3892.612926309409,4366.746869526348,4621.08062012827,120.0
2023-10-19,19581.86,3944.26466893339,4449.97943811262,4710.825679991584,103.0
2023-10-20,24088.57,3944.771625297808,4406.636419679541,4699.393381591352,134.0
2023-10-21,19736.21,4032.893858040627,4523.332541556864,4767.068560275758,104.0
2023-10-22,3359.25,4014.727989878693,4568.460817146684,4811.2403810374335,20.0
2023-10-23,21088.06,4052.014916497773,4519.697373774544,4794.889699668913,80.0
2023-10-24,2680.24,4193.377458735039,4515.6363534608845,4678.98247918097,36.0
2023-10-25,27165.52,4054.1692167129513,4488.568069376181,4715.434928909884,129.0
2023-10-26,25937.63,4120.158726144216,4499.95773245281,4748.691669208019,102.0
2023-10-27,31414.08,4129.369855809879,4528.819560846601,4763.394329867372,137.0
2023-10-28,18498.51,4163.343901752087,4576.756754462926,4826.400383057879,95.0
2023-10-29,1137.07,3950.4184351007416,4419.256765194756,4775.58289287379,18.0
2023-10-30,29279.86,4164.06849861987,4567.434161495307,4850.934044766607,105.0
2023-10-31,21821.36,4137.382733248523,4519.133819798582,4808.3972758801465,93.0
2023-11-01,24619.7,4183.080994894332,4556.535899300154,4791.083587127382,101.0
2023-11-02,24487.120000000003,4241.99127132958,4610.097283796543,4822.788384260786,111.0
2023-11-03,29328.38,4266.134229711972,4650.809353261244,4868.81733392707,122.0
2023-11-04,18612.94,4252.253700919897,4679.63325406948,4906.117410790557,58.0
2023-11-06,29935.36,4276.79338113856,4668.083696671762,4918.1160099628,119.0
2023-11-07,26570.38,4351.959032953236,4680.7117101825415,4913.940259793048,118.0
2023-11-08,22546.46,4331.998050248243,4725.304217158702,4948.545719815882,119.0
2023-11-09,9988.13,4212.078687401946,4654.01945208963,4976.485438215161,92.0
2023-11-10,3515.33,3824.548193199501,4703.179820955644,4945.355229807728,61.0
2023-11-11,740.29,4326.127598643775,4744.915519593673,5050.218225290089,24.0
2023-11-12,33.0,4090.909090909091,4586.363636363636,4806.060606060606,3.0
2023-11-13,139.64,4469.407046691493,4831.395015754799,4983.328559152106,8.0
2023-11-14,10143.94,4834.790820923625,5093.863331210555,5229.357265520103,27.0
2023-11-15,1539.7600000000002,4536.098645243414,4957.409732685613,5170.669779705928,35.0
2023-11-16,16337.55,4837.136323377739,5109.871822274454,5308.560214964911,98.0
2023-11-17,16342.96,4818.556325169981,5079.941265841684,5255.97200996637,128.0
2023-11-18,12062.18,4759.481785216271,5033.087898704877,5220.881588568567,95.0
2023-11-19,962.09,4543.834776372273,4995.954453325573,5172.253115612885,18.0
2023-11-20,14597.66,4566.939698554426,4912.907707125663,5155.57180808431,112.0
2023-11-21,14457.13,4654.589792026495,4965.402532867865,5196.619710827807,110.0
2023-11-22,15048.19,4662.028721062135,4998.49523364604,5237.321090443435,115.0
2023-11-23,14645.87,4722.188717365372,4992.356152963259,5199.389945424888,103.0
2023-11-24,14819.920000000002,4666.445744646395,4965.735947292563,5162.370820490258,122.0
2023-11-25,10344.13,4692.479117141798,4915.011578547446,5100.68817677272,80.0
2023-11-26,649.88,4482.479842432449,4836.969902135779,5102.623561272851,14.0
2023-11-27,3781.78,4721.691372845591,4969.8491451115615,5098.428253362173,25.0
2023-11-28,9299.37,4213.5488016930185,4892.521807391254,5091.382783995045,87.0
2023-11-29,8408.02,4651.426396464328,4907.845542232297,5122.375015758763,103.0
2023-11-30,8137.089999999999,4508.562805622158,4832.526940626194,5048.5926442991295,75.0
2023-12-01,407.31,4552.775527239694,4278.762564140336,4935.7099015491885,15.0
2023-12-02,1587.0,4553.157529930687,4762.36925015753,4926.393824826717,27.0
2023-12-03,164.0,4700.762195121952,4809.829268292683,4910.823170731707,6.0
2023-12-04,11207.0,4323.256179173731,4751.573391630232,4924.853038279647,101.0
2023-12-05,8899.0,4370.182941903585,4704.15327564895,4862.494774693786,88.0
2023-12-06,3655.0,4353.434473324213,4682.770451436389,4831.691381668947,91.0
2023-12-07,4715.0,4433.0795334040295,4740.6031813361615,4845.432025450689,83.0
2023-12-08,6064.0,4503.739775725594,4798.645613456464,4975.804584432718,91.0
2023-12-09,4878.0,4514.99979499795,4844.434399343993,5014.138171381714,68.0
2023-12-10,215.0,4331.162790697675,4576.753488372093,4797.972093023256,10.0
2023-12-11,7654.0,4446.215965508231,4762.406584792266,4943.178468774497,88.0
2023-12-12,5685.0,4388.252946350044,4730.345998240985,4924.846789797713,71.0
2023-12-13,9706.0,4463.234185040182,4767.652379971152,4921.189573459716,84.0
2023-12-14,6794.0,4333.6798645864,4687.73491315867,4865.260965557845,87.0
2023-12-15,6776.0,4336.809031877214,4684.294716646989,4861.023907910271,99.0
2023-12-16,5567.0,4423.872642356745,4701.636788216275,4856.408837794144,79.0
2023-12-17,332.0,4422.8524096385545,4769.653614457831,4862.725903614458,9.0
2023-12-18,7582.0,4433.772619361646,4707.530994460564,4836.259034555526,91.0
2023-12-19,6366.0,4215.24410933082,4614.997329563305,4805.088595664468,85.0
2023-12-20,6054.0,4314.487611496531,4643.476874793525,4805.819293029402,87.0
2023-12-21,5001.0,4298.06398720256,4618.304139172165,4768.666866626675,81.0
2023-12-22,5352.0,4310.678811659192,4585.290545590434,4715.428811659192,88.0
2023-12-23,3703.0,4299.611936267891,4621.244936537943,4723.926816095058,50.0
2023-12-24,94.0,4210.691489361702,4439.382978723404,4637.13829787234,6.0
2023-12-25,990.0,4621.647474747475,4722.533333333334,4776.729292929293,18.0
2023-12-26,5697.0,4294.373705459014,4597.4791995787255,4749.695629278568,80.0
2023-12-27,4889.0,4291.804458989568,4591.775618735938,4750.023522192678,82.0
2023-12-28,4711.0,4311.42475058374,4627.894502228826,4757.868817660794,77.0
2023-12-29,5614.0,4257.029568934806,4571.327039543997,4738.586925543284,97.0
2023-12-30,3808.0,4376.551733193277,4595.044642857143,4696.834033613445,73.0
2023-12-31,687.0,4510.459970887919,4686.486171761281,4722.625909752547,10.0
2024-01-01,3431.0,4273.115709705625,4556.332556106092,4692.264645875838,
2024-01-02,5129.0,4364.42015987522,4609.7601871709885,4738.153831156171,
2024-01-03,3900.0,4315.557692307692,4557.579230769231,4674.265897435897,
2024-01-04,4717.0,4285.299554801781,4539.425906296375,4666.082891668433,
2024-01-05,6947.0,4360.346480495178,4577.309054268029,4685.460486540953,
2024-01-06,4787.0,4297.700229789012,4545.236473783163,4694.619803634844,
2024-01-07,331.0,4439.53172205438,4580.552870090634,4663.876132930513,
2024-01-08,5499.0,4251.972540461902,4541.038370612839,4695.832333151482,
2024-01-09,6812.0,4209.3257486788025,4508.368614210217,6785.132413388139,
2024-01-10,4389.0,4292.422419685578,4539.009341535658,4790.732285258601,
2024-01-11,3459.0,4239.799653078924,4527.289968198901,4674.822492049725,
2024-01-12,5921.0,4295.506840060801,4583.568991724371,4705.364972133086,
2024-01-13,5273.0,4245.928314052721,4557.7538403186045,4705.625640053101,
2024-01-14,124.0,4433.548387096775,4598.4838709677415,4822.5161290322585,
2024-01-15,3472.0,4194.808467741936,4483.072292626728,4672.029665898617,
2024-01-16,6337.0,4286.775761401294,4522.496607227395,4653.11961495976,
2024-01-17,7009.0,4159.7100870309605,4485.590098444856,4662.905264659723,
2024-01-18,6882.0,4174.110287707062,4434.854112176693,4594.325196163906,
2024-01-19,7876.0,4224.99250888776,4478.0288217369225,4624.174834941595,
2024-01-20,4336.0,4195.533902214022,4465.093865313653,4610.027675276753,
2024-01-21,135.0,4009.807407407408,4235.311111111111,4464.325925925926,
2024-01-22,116.0,4325.094827586207,4487.836206896552,4606.163793103448,
2024-01-23,7080.0,4228.053389830508,4439.823587570621,4584.270621468927,
2024-01-24,7676.0,4204.607868681605,4442.79820218864,4585.849270453361,
2024-01-25,3826.0,4138.823052796654,4417.196288552012,4544.0235232618925,
2024-01-26,21.0,4471.428571428572,4504.523809523809,4556.095238095239,
2024-01-27,4075.0,4080.72490797546,4356.660122699386,4508.322944785276,
2024-01-28,235.0,4379.293617021277,4470.75744680851,4554.1659574468085,
2024-01-29,6172.0,3988.413480233312,4279.951555411536,4446.592676604018,
2024-01-30,6607.0,3927.7634327228698,4210.252156803391,4350.227334645074,
2024-01-31,4853.0,4116.268493715228,4326.819493097053,4425.772923964558,
2024-02-01,4475.0,3920.852737430168,4312.162458100559,4457.147486033519,
2024-02-02,4350.0,3976.779770114944,4270.313563218391,4451.442068965517,
2024-02-03,2991.0,4003.568371782013,4277.146104981612,4442.920093614176,
2024-02-04,487.0,4333.110882956878,4456.681724845996,4538.377823408624,
2024-02-05,3158.0,3909.1820772640913,4271.227042431919,4447.050348321723,
2024-02-06,3853.0,4076.056319750844,4355.106929665196,4510.431352193096,
2024-02-07,3884.0,4047.744078269825,4311.46035015448,4487.915293511844,
2024-02-08,3887.0,4082.455878569591,4347.9017236943655,4496.452019552354,
2024-02-09,3433.0,3948.618992135159,4282.341974949024,4486.581998252257,
2024-02-10,2906.0,4096.3341362697865,4353.536132140399,4486.493117687543,
2024-02-11,342.0,4242.108187134503,4465.75730994152,4558.347953216375,
2024-02-12,3400.0,4022.642941176471,4312.199705882353,4482.834411764706,
2024-02-13,3238.0,3980.262507720816,4297.6849907350215,4467.920321185918,
2024-02-14,3110.0,3941.024115755627,4279.51768488746,4457.1874598070735,
2024-02-15,3297.0,3926.352744919624,4253.343342432514,4420.875947831362,
2024-02-16,3539.0,4029.7615145521336,4295.590562305736,4444.693698784968,
2024-02-17,2725.0,4327.645504587156,4568.056513761468,4754.618348623853,
2024-02-18,212.0,4199.830188679245,4421.981132075472,4574.297169811321,
2024-02-19,143.0,4117.307692307692,4300.895104895105,4370.979020979021,
2024-02-20,5378.0,4195.245072517665,4448.4594644849385,4579.121978430643,
2024-02-21,5586.0,4020.8716433942,4309.482993197279,4499.621374865736,
2024-02-22,5024.0,4091.286823248408,4323.199442675159,4481.455015923567,
2024-02-23,4939.0,3960.0291556995344,4277.389552541,4437.799959505973,
2024-02-24,2206.0,3987.388939256573,4273.5861287398,4416.39800543971,
2024-02-25,232.0,4198.383620689655,4434.370689655172,4548.103448275862,
2024-02-26,350.0,4143.548571428571,4321.374285714286,4370.857142857143,
2024-02-27,3042.0,3917.036817882972,4242.866206443129,4420.385601577909,
2024-02-28,3880.2,4083.854852842637,4351.543064790474,4501.700427813,
2024-02-29,4474.4,4065.685879671018,4322.878307706063,4480.690863579474,
2024-03-01,4704.61,4028.71615075426,4314.788343773448,4467.217099823365,
2024-03-02,4233.9,4284.568223151232,4411.781761496493,4509.438697182267,
2024-03-03,165.6,4287.126207729469,4405.037439613527,4495.43538647343,
2024-03-04,3370.7000000000003,3977.323226629482,4230.293054855074,4396.446554128223,
2024-03-05,5204.540000000001,4069.091648829675,4297.858846314947,4456.502005940967,
2024-03-06,4863.999999999999,4000.267105263159,4255.553597861843,4436.0818050986845,
2024-03-07,3233.68,3924.5857969867134,4138.435862546696,4351.925607976053,
2024-03-08,86.83,4140.376597950018,4362.0465276978,4404.2473799378095,
2024-03-09,3118.3,4054.342590514062,4285.1595420581725,4422.783086938395,
2024-03-10,59.2,3761.993243243243,4164.358108108108,4334.695945945946,
2024-03-11,5472.799999999999,4035.677770062857,4289.455689957609,4428.064847975443,
2024-03-12,5101.7,3868.731246447264,4215.354352470746,4433.231707078034,
2024-03-13,4434.7,3881.115633526507,4212.485579633346,4395.01463458633,
2024-03-14,3892.600000000001,3996.614936032471,4287.062143554435,4422.108667728509,
2024-03-15,5559.2,4054.41529356742,4321.414070369837,4474.873021298028,
2024-03-16,5089.6,4171.059709996856,4385.510040081735,4509.696321911348,
2024-03-17,530.3,4263.31321893268,4472.489157080898,4528.173863850651,
2024-03-18,5062.200000000001,4089.442258306665,4343.480048200387,4502.599857769349,
2024-03-19,4878.700000000001,3941.34556336729,4265.410375714841,4432.170516736015,
2024-03-20,4342.1,4145.82616706202,4374.604799520968,4459.058796434904,
2024-03-21,6700.0,4085.3223880597016,4327.235805970149,4439.608447761194,
2024-03-22,4958.799999999999,3948.6849842703887,4313.315681213197,4467.166935548924,
2024-03-23,1848.8,4111.172273907399,4333.478202077023,4399.221278667244,
2024-03-24,11.9,3669.747899159665,3964.705882352941,4161.344537815126,
2024-03-25,76.1,4101.982917214193,4400.710906701708,4433.1537450722735,
2024-03-26,1858.0,3981.191603875135,4272.999677072121,4388.600053821314,
2024-03-27,2127.6,3903.139969919158,4215.393166008648,4364.80940966347,
2024-03-28,1350.5,3819.51025546094,4204.492410218438,4384.25449833395,
2024-03-29,178.4,3993.558295964125,4315.97365470852,4408.355381165919,
2024-03-30,253.0,3192.132806324111,3928.0486166007913,4459.371936758894,
2024-03-31,258.3,4270.925280681378,4355.826558265582,4448.47077042199,
2024-04-01,2510.67,4198.243855225896,4410.854739969809,4529.195274568144,
2024-04-02,4234.549999999999,4232.171706556778,4432.371314543459,4544.877791028564,
2024-04-03,4465.700000000001,4090.769576998007,4375.128288958057,4519.1650357166845,
2024-04-04,3550.24,4013.66592117716,4355.366780837352,4532.438792870342,
2024-04-05,4326.1,4071.401012459259,4350.6933219296825,4535.687406671135,
2024-04-06,3680.18,4121.746789559206,4375.572349722024,4545.531346292844,
2024-04-07,231.21,4265.153323818175,4554.906362181567,4678.743998961983,
2024-04-08,2165.76,4047.790535424054,4419.809364841903,4632.180403184102,
2024-04-09,204.1,4465.09995100441,4607.929446349829,4684.807447329741,
2024-04-12,356.39,3924.6235023429385,4572.562501753697,4672.087235893263,
2024-04-13,1906.33,4216.731080138276,4462.606589625091,4642.560920722015,
2024-04-14,2.6500000000000004,4267.924528301886,4350.943396226415,4433.962264150943,
2024-04-15,4157.679999999999,4127.212077408555,4438.626520078506,4676.908915549057,
2024-04-16,35.86,4345.287228109314,4517.94143892917,4585.5549358616845,
2024-04-17,4.09,4500.0,4500.0,4500.0,
2024-04-18,161.32999999999998,4255.653629207215,4441.167668753486,4520.4137482179385,
2024-04-19,3628.98,4012.613891506705,4403.51089837916,4566.9282167441,
2024-04-20,130.29,4228.844116969836,4403.292731598742,4500.7483306470185,
2024-04-21,36.1,4135.457063711911,4317.59002770083,4499.72299168975,
2024-04-22,2593.42,3941.362486600706,4352.123096143317,4550.469110286804,
2024-04-23,186.74,4181.067794794902,4399.921441576523,4499.6886044768125,
2024-04-24,4761.459999999999,4181.492924439143,4456.949698201813,4609.794033762754,
2024-04-25,1766.21,4201.538775117342,4427.4393531912965,4524.690155757243,
2024-04-26,1614.1900000000005,4275.866038074823,4490.421573668526,4566.367280183868,
2024-04-27,3047.69,4191.454905190488,4415.970469437508,4560.41277164016,
2024-04-28,94.53000000000002,4363.424309742938,4512.333650692901,4596.455093621073,
2024-04-29,4676.44,4178.8168949029605,4392.202485223803,4527.468069728256,
2024-04-30,3015.9600000000005,3999.854600193636,4310.172976432048,4467.737413626175,
2024-05-01,68.9,4300.145137880987,4405.181422351233,4508.548621190131,
2024-05-02,3374.7699999999995,4081.656326208898,4327.161068754316,4469.304788178159,
2024-05-03,5357.18,3976.887780511388,4318.1501125592185,4482.835937937497,
2024-05-04,3997.2199999999993,3926.161607317086,4328.015325651329,4516.423214133823,
2024-05-05,358.24,4311.58999553372,4430.115285841894,4540.046895935685,
2024-05-06,5308.13,4020.242006130218,4322.328462189133,4523.411107113052,
2024-05-07,4482.95,4053.6371139539815,4378.209043152388,4550.703967253707,
2024-05-08,6476.1900000000005,4255.095185595234,4514.100711992699,4685.499636360267,
2024-05-09,4859.879999999999,4156.633361317564,4450.831646048874,4585.73200161321,
2024-05-10,468.14,4001.3887298671343,4362.554705857222,4473.166616824027,
2024-05-11,4390.2300000000005,4007.626069704776,4413.832109023901,4563.05031854823,
2024-05-12,557.3000000000001,4405.378611160954,4534.621029965906,4586.410909743405,
2024-05-13,5005.790000000001,4154.053088523489,4433.718927481976,4574.871460848337,
2024-05-14,7460.04,4146.968106069136,4410.236063077409,4543.733827164466,
2024-05-15,7220.75,4079.1437870027353,4356.667497143649,4515.8589066232735,
2024-05-16,6022.61,3997.927958144393,4337.986377998908,4500.175853990213,
2024-05-17,7377.029999999999,4044.594545501375,4364.153971178103,4511.458866237498,
2024-05-18,5390.429999999999,4108.361002740042,4374.459406763468,4540.998621631299,
2024-05-19,384.9,4447.893998441154,4505.437776045726,4564.477786438036,
2024-05-20,5402.97,4056.577151085421,4382.095706620617,6882.458518185368,
2024-05-21,6640.659999999999,4081.806772218425,4394.177529040789,4556.218389437196,
2024-05-22,4302.360000000001,3913.713675750053,4299.019735679951,4519.540012923138,
2024-05-23,255.29999999999995,3824.299255777517,4380.077555816687,4443.216607912261,
2024-05-24,7401.52,4023.6931549195297,4333.724213404814,4529.22078978372,
2024-05-25,6169.94,4098.247237412357,4358.563041131681,4561.975409809495,
2024-05-26,415.1,4460.951337027222,4498.514574801252,4535.1202119971085,
2024-05-27,6717.1900000000005,4027.0455651842512,4335.906191428261,4540.810547267533,
2024-05-28,5585.91,3971.738087437857,4329.40437457818,4531.832109718918,
2024-05-29,6333.969999999999,3826.115381032749,4358.306318154333,4510.979518374732,
2024-05-30,4090.14,4117.394737099464,4384.853220183171,4512.473658603373,
2024-05-31,5828.470000000001,4058.318864127292,4333.962067232052,4500.777579707881,
2024-06-01,5044.44,4093.4152552116784,4340.862944152374,4525.513823139933,
2024-06-02,531.3000000000001,4384.839450404667,4472.620929794843,4508.780350084698,
2024-06-03,5616.909999999999,4024.474435232184,4313.1969623867935,4540.202406661315,
2024-06-04,3591.82,4038.426480168828,4342.979464449777,4517.485146805798,
2024-06-05,6556.81,4071.73453401883,4355.764809411895,4518.155613781702,
2024-06-06,3566.0800000000004,4013.250159839375,4311.517526247307,4496.242521199749,
2024-06-07,6138.059999999999,4045.444837619704,4346.383689634837,4514.994540620328,
2024-06-08,4686.48,4114.2583452826,4366.11878638125,4567.550538997286,
2024-06-09,376.1,4266.625631480989,4426.485775059824,4485.2584419037485,
2024-06-10,6493.68,4040.706425324315,4351.683438358527,4586.848073819468,
2024-06-11,5477.51,4076.741493853959,4342.430980500264,4542.753112271817,
2024-06-12,3294.59,3997.4995371199448,4273.270197505607,4450.101863964864,
2024-06-13,3990.960000000001,4082.998501613646,4320.326768496802,4460.437213101609,
2024-06-14,2696.65,4032.653169673484,4316.662751932953,4420.126738731388,
2024-06-15,1618.52,4070.157996194054,4328.166164149964,4405.141190717446,
2024-06-16,2.3000000000000003,4295.652173913043,4304.347826086956,4308.695652173912,
2024-06-17,104.98000000000002,3765.367689083634,4311.556867974851,4382.640502952942,
2024-06-18,2887.22,3869.013237647288,4273.866380116514,4435.282815303302,
2024-06-19,3265.1,4003.587608342776,4310.66257695017,4440.400079630027,
2024-06-20,2624.9100000000003,3910.588972574297,4279.41217032203,4431.405076745488,
2024-06-21,2610.71,4087.400400657293,4353.048117178852,4480.076415994116,
2024-06-22,2050.87,4134.077196506848,4376.124644662997,4495.1029563063485,
2024-06-23,132.79999999999998,4404.268825301206,4591.213102409639,4619.532379518073,
2024-06-24,2491.32,4053.146805709424,4351.798010693127,4510.841260857699,
2024-06-25,2991.53,4088.1396810327824,4376.043690018151,4524.191166393116,
2024-06-26,3467.2499999999995,4108.911774461029,4367.607389141251,4496.538034465355,
2024-06-27,2977.49,4059.7744073027934,4365.635609187604,4502.7648119725,
2024-06-28,3880.78,4214.333139214282,4427.451625704111,4512.769072196826,
2024-06-29,3321.88,4171.063253338471,4403.021523956314,4490.063969800233,
2024-06-30,40.28,4369.615193644489,4420.799404170804,4471.077457795433,
2024-07-01,2317.18,3932.332775183628,4285.654964223755,4456.179045218758,
2024-07-02,3593.65,3980.473056641576,4280.275625060871,4455.28437660874,
2024-07-03,3067.9800000000005,4059.539501561287,4343.933311168912,4478.393046890787,
2024-07-04,2411.24,3919.868200593886,4301.029449577812,4458.126731474263,
2024-07-05,2989.3300000000004,3874.311882595765,4232.743925896438,4448.153144684595,
2024-07-06,2918.01,3985.935123594505,4314.359529268235,4465.51579672448,
2024-07-07,266.0,4417.466917293233,4452.07969924812,4486.775187969924,
2024-07-08,2720.01,3921.331723045136,4287.3737927434095,4457.083723956897,
2024-07-09,2829.0800000000004,3955.385496345101,4246.668761576201,4412.633523972457,
2024-07-10,3399.9700000000003,3977.2824348450126,4250.982423374324,4429.809486554293,
2024-07-11,6895.91,3943.0984308089855,4248.69521063935,4392.352184120733,
2024-07-12,1568.44,3844.003073117237,4208.356054423503,4406.976345923337,
2024-07-13,1315.6999999999998,4092.711788401612,4289.275518735275,4382.697575435131,
2024-07-14,106.1,4337.841658812441,4456.422243166824,4488.88972667295,
2024-07-15,1703.65,3868.425967775072,4208.48943738444,4385.937721949932,
2024-07-16,1530.51,3953.553652050624,4247.248956230276,4370.244559003208,
2024-07-17,144.25,4002.770190641248,4276.209705372617,4391.829809358752,
2024-07-18,2324.0600000000004,3973.065368363984,4262.170309716616,4406.957350498696,
2024-07-19,2094.42,4021.13788065431,4269.503246722243,4386.525696851634,
2024-07-20,1626.6,4114.233984999385,4318.498340095906,4388.73035780155,
2024-07-21,157.5,4318.917460317461,4412.495238095238,4435.571428571428,
2024-07-22,4042.46,4062.118784106708,4319.697612344959,4462.907536500053,
2024-07-23,3076.32,3907.035288916627,4250.159872835076,4395.157850938784,
2024-07-24,3055.07,4099.620303299106,4314.2481154277975,4411.702072292943,
2024-07-25,2668.86,4041.062738397668,4278.527824614254,4406.2184041126175,
2024-07-26,2376.59,3916.332232316049,4214.71323619135,4390.415246214113,
2024-07-27,2951.96,3959.9315031369,4296.214274583667,4385.301528475996,
2024-07-28,184.6,4308.789274106176,4329.157638136511,4346.763271939329,
2024-07-29,1874.53,3882.774028689859,4185.971752919399,4352.366299819155,
2024-07-30,2403.5999999999995,3901.463138625397,4180.647399733733,4308.298614578134,
2024-07-31,4016.07,3931.543772892405,4172.888236509822,4303.7435353467445,
2024-08-01,1819.7100000000005,3945.296997873287,4193.721032472206,4282.1050606964845,
2024-08-02,4504.41,3983.915518347575,4207.690077057817,4304.689715190225,
2024-08-03,2713.83,3973.4182317978657,4232.060512264955,4321.389935994517,
2024-08-04,100.4,4141.235059760957,4305.637450199203,4346.539840637451,
2024-08-05,3532.3300000000004,3965.5506705205903,4202.383489085108,4336.325527343141,
2024-08-06,3654.400000000001,3997.644346541155,4210.859684216287,4316.503283712784,
2024-08-07,3808.02,4019.530464650921,4210.133505076129,4300.956993398144,
2024-08-08,2268.7300000000005,3851.83556439065,4137.518563249042,4277.707572077768,
2024-08-09,1386.79,4115.719467258921,4272.9844028295565,4336.939551049546,
2024-08-10,2523.36,4058.142242882506,4232.249449147168,4322.104341037347,
2024-08-11,37.31,4145.719646207451,4196.435272045028,4242.7124095416775,
2024-08-12,2674.69,3860.016637442096,4191.240136240088,4295.407654718864,
2024-08-13,3117.6400000000003,3939.814090145109,4178.972700504228,4285.089218126532,
2024-08-14,2745.24,3885.945673238042,4166.764727309817,4278.818172545935,
2024-08-15,0.1,4001.0,4001.0,4001.0,
2024-08-16,2634.72,3944.455236230037,4201.551607001883,4274.391700066801,
2024-08-17,1106.29,3768.0417431234127,4084.8774643176735,4193.240831969918,
2024-08-18,3.0,4200.0,4250.0,4300.0,
2024-08-19,68.86,3782.627069416207,4007.624455416788,4157.150014522219,
2024-08-20,2520.93,3937.817234115982,4139.158532763702,4258.859647035023,
2024-08-21,2131.49,3841.5429112967927,4082.592275825831,4207.174980881919,
2024-08-22,4072.73,3927.805624237305,4166.526123754828,4280.430350158248,
2024-08-23,3997.88,3932.9351056059713,4208.6162766266125,4331.578961849781,
2024-08-24,1461.5500000000002,3851.922972187061,4147.6327665834215,4296.934227361363,
2024-08-25,174.89999999999998,4170.512864493997,4387.18582046884,4437.404802744425,
2024-08-26,1508.1,4007.1244811352026,4231.355162124527,4333.748312446124,
2024-08-27,3374.73,4082.0141315008905,4285.941826457228,4395.361895618316,
2024-08-28,3543.9700000000003,4032.334359489498,4269.926740350511,4402.427545944238,
2024-08-29,4056.35,4029.7550014175295,4300.601109371726,4436.22332885476,
2024-08-30,3425.46,4059.0220583512873,4350.33983756926,4481.937841924881,
2024-08-31,2143.7,4262.211316882026,4464.753137099408,4578.644633110976,
2024-09-01,38.5,4392.337662337663,4451.116883116883,4509.896103896104,
2024-09-02,27.2,4193.382352941177,4396.698529411765,4483.669117647059,
2024-09-03,1524.8699999999997,4462.208975191328,4581.84533763534,4667.5394623804,
2024-09-04,2186.39,4169.751874093827,4490.499380256953,4631.387675574806,
2024-09-05,2504.31,4005.0292495737353,4420.932440472626,4590.92165107355,
2024-09-06,3784.3200000000006,4080.233569042786,4440.708729705732,4632.235976344495,
2024-09-07,393.44,4015.7312423749495,4355.355403619357,4594.616714111427,
2024-09-08,39.4,4248.984771573604,4353.553299492386,4461.116751269035,
2024-09-09,4303.530000000001,4011.5408862027216,4354.295485334132,4488.551291614093,
2024-09-10,3059.65,4070.3073979049896,4334.543650417531,4520.907907767229,
2024-09-11,368.81,3796.324936959411,4376.200753775658,4566.488435779941,
2024-09-12,2640.98,4207.857386273277,4479.895258578255,4604.904126498496,
2024-09-13,3635.33,4101.971210316533,4493.488703914088,4664.058778707847,
2024-09-14,2945.6500000000005,4300.536248366235,4625.928589615195,4764.3497021031,
2024-09-15,28.9,4231.567474048443,4439.896193771627,4591.325259515571,
2024-09-16,133.79,4190.076986321848,4509.91329695792,4641.9440167426565,
2024-09-17,640.1299999999999,3976.3478512177217,4409.63512099105,4655.701966787997,
2024-09-18,5448.15,4193.031836494958,4520.5962868129545,4699.15490579371,
2024-09-19,5069.62,4197.504284344783,4521.525027516855,4685.651818084984,
2024-09-20,6238.449999999999,3841.447218459714,4445.136322323655,4681.218636039402,
2024-09-21,6509.320000000001,4010.902542815532,4457.783402874647,4657.283785403083,
2024-09-22,765.87,4077.6667058378057,4556.778565552901,4720.227976027263,
2024-09-23,4428.76,3898.500212249027,4367.792569477687,4592.2056060838695,
2024-09-24,8485.300000000003,3859.004902596253,4389.74349050711,4610.445570574993,
2024-09-25,5364.63,3941.002387862723,4388.685463862373,4631.7972609480985,
2024-09-26,6134.33,4048.3108016686415,4490.634064355846,5012.9574867997,
2024-09-27,6228.06,3955.0604602396256,4435.413014646616,4673.016934647386,
2024-09-28,5178.889999999999,4033.927308747627,4448.483323646574,4655.938840176177,
2024-09-29,299.54,3696.160779862456,4352.183347799961,4664.926220204314,
2024-09-30,7228.38,3740.826435522206,4358.1458321228265,4604.986613874754,
2024-10-01,6867.540000000001,3763.972942276273,4296.5848557125255,4505.296735075442,
2024-10-02,267.88,3803.574361654472,4194.952814693146,4423.552336867254,
2024-10-03,7458.519999999999,3519.911604446995,4309.170781870935,4543.453707974237,
2024-10-04,11832.65,3585.252219916925,4190.881504988316,4464.489499816186,
2024-10-05,10498.089999999998,3526.7276428378887,4179.613057232316,4452.403751539566,
2024-10-06,755.6,3606.2314716781366,4125.628242456326,4438.581259925887,
2024-10-07,833.02,3800.791817723464,4122.594247437036,4446.450985570575,
2024-10-09,12037.94,3541.5328677497982,4110.63870147218,4408.886441534018,
2024-10-10,12440.530000000002,3601.277678684107,4136.709580701143,4490.013725299485,
2024-10-11,13973.11,3386.8504921238014,4141.879466346433,4446.17320553549,
2024-10-12,1899.4,3715.407128566916,4289.413288406866,4600.080130567549,
2024-10-13,642.4000000000001,3379.7177770859275,4083.003735990037,4514.742528019925,
2024-10-14,19972.23,3609.0993920058,4188.464163991703,4465.297846059253,
2024-10-15,19047.89,3515.030026947866,4173.326700752682,4445.705293342203,
2024-10-16,18532.01,3498.7227213885594,4140.754635897563,4450.832379218445,
2024-10-17,13543.32,3487.344338020515,4119.530813714806,4444.271524264361,
2024-10-18,21985.69,3533.1830804491465,4132.23461124031,4434.314079749145,
2024-10-19,17233.97,3591.661665884297,4153.483796246598,4972.687099954334,
2024-10-20,1067.7,3788.884611782336,4156.862601854454,4376.352346164652,
2024-10-21,20072.44,3493.4525000448366,4041.8616550852807,4368.534458192426,
2024-10-22,20264.19,3509.4772088102213,4075.329266059981,4389.472234518133,
2024-10-23,20141.189999999995,3480.200589935352,4102.301154996305,4413.964776659175,
2024-10-24,19689.49,3564.236681600183,4106.895054671299,4421.235481467524,
2024-10-25,22877.99,3499.0650280028976,4111.5714505513815,4469.694082390979,
2024-10-26,19911.35,3507.215201380118,4117.207733277754,4494.23045649843,
2024-10-27,1448.28,3732.0556798409134,4143.820808131025,4404.621965365814,
2024-10-28,18283.41,3453.1795961475464,4057.950496652432,4378.720362339412,
2024-10-29,5440.7300000000005,3390.379434377372,3949.635848498271,4350.118164290453,
2024-10-30,1609.4599999999998,3600.6462415965607,4067.594224149716,4254.804406446883,
2024-10-31,305.6,4090.101439790576,4314.119764397906,4416.148560209424,
2024-11-01,350.5,4012.125534950071,4166.554921540656,4269.900142653352,8.0
2024-11-02,10320.69,3784.4981197962543,4271.695845917279,4476.060321548269,39.0
2024-11-03,534.26,4021.109572118444,4291.81522105342,4501.94044098379,9.0
2024-11-04,17371.399999999998,3495.521051843836,4104.44035023084,4447.944978527926,84.0
2024-11-05,19872.74,3509.9286811984653,4064.32515596742,4379.806856024887,105.0
2024-11-06,22345.79,3475.310994598982,4021.629120295144,4336.516436429411,124.0
2024-11-07,18154.45,3520.116188592879,4034.740135338718,4320.388088870772,116.0
2024-11-08,23257.96,3529.455386456937,4046.2213375549695,4329.83202525071,141.0
2024-11-09,16940.31,3537.6790123675423,4069.70660926512,4362.857976034677,100.0
2024-11-10,468.98,3677.768774787837,3989.293786515416,4232.571325003199,10.0
2024-11-11,23539.48,3540.491615362786,4023.850735020485,4311.721670147344,123.0
2024-11-12,21474.59,3547.915503858282,3982.431644562249,4248.29839358982,123.0
2024-11-13,16816.45,3596.090965691332,4002.455876834885,4233.57585994666,125.0
2024-11-14,14095.7,3557.02129089013,4011.501362117525,4253.386285179168,97.0
2024-11-15,5357.07,3716.272701308738,4145.206288138852,4316.914880709045,48.0
2024-11-16,16326.0,3612.485869165748,4090.183178978317,4382.479008942791,97.0
2024-11-17,933.5,3420.75704338511,4019.4893411890735,4306.423781467595,20.0
2024-11-18,14683.37,3699.605444799117,4157.7652773171285,4406.373107808357,113.0
2024-11-19,6694.52,3861.926680329584,4149.779228383813,4344.245860793604,53.0
2024-11-20,15.8,3720.253164556962,4056.9620253164553,4281.645569620253,3.0
2024-11-21,8389.149999999998,3641.801463795499,4049.149813747521,4299.685051524888,105.0
2024-11-22,9698.77,3631.1561156724,4071.0435787218375,4353.511404023397,124.0
2024-11-23,2286.370000000001,3694.0815047433257,4095.335343798246,4299.88944484051,49.0
2024-11-24,627.0,3883.076714513557,4114.104625199362,4316.868899521531,13.0
2024-11-25,10994.63,3535.910135220558,4047.11241124076,4361.535545079735,104.0
2024-11-26,13022.02,3481.2575783173424,4059.01490475364,4374.063126150935,108.0
2024-11-27,11573.889999999998,3638.582304652974,4084.574111659953,4408.564834295125,119.0
2024-11-28,8546.130000000001,3583.6697546140767,4062.090982702112,4396.42979921906,79.0
2024-11-29,1102.88,3262.071032206586,4227.247370520818,4402.821793848832,10.0
2024-11-30,1407.28,3296.882070376897,3899.251918594736,4471.426013302257,13.0
2024-12-01,531.1,3303.522877047637,4315.484089625305,4477.086612690642,3.0
2024-12-02,13199.15,3567.6546103347555,4076.106991738104,4385.864411723482,111.0
2024-12-03,14431.08,3477.596493124562,4036.6049498720818,4368.978087572101,114.0
2024-12-04,12658.56,3666.688705508368,4086.318424844532,4361.241470593811,111.0
2024-12-05,11081.65,3672.135284907934,4163.157204026476,4400.220204572423,98.0
2024-12-06,7639.44,3573.630991276847,4020.764785115139,4284.198847035908,112.0
2024-12-07,8879.35,3631.866215432436,4107.7146908275945,4410.083359705383,86.0
2024-12-08,157.76000000000002,3574.233012170385,3868.705628803245,4096.43445740365,9.0
2024-12-09,14116.04,3560.424945664648,4043.1816401767055,4307.511253155984,106.0
2024-12-10,13903.97,3499.13680768874,3963.840655582543,4242.42170401691,101.0
2024-12-11,6689.2300000000005,3526.338592035256,3965.1109783936254,4238.2559726605305,65.0
2024-12-12,9297.380000000005,3495.4933163966607,3966.869612729607,4214.9355678696575,100.0
2024-12-13,11386.109999999995,3574.7238556451684,4030.615263685316,4274.285066629429,116.0
2024-12-14,6163.070000000001,3491.733292011935,3962.5777867199295,6696.646979508589,79.0
2024-12-15,1237.2799999999995,3514.536725720937,3811.2529096081735,4101.397177680074,11.0
2024-12-16,8567.97,3582.710518360825,4057.862037332064,4311.573061063473,87.0
2024-12-17,12337.48,3552.492882663234,4035.911743727244,4308.693793221954,115.0
2024-12-18,11792.250000000004,3590.6454323814355,4011.102416417561,4282.1199389429485,103.0
2024-12-19,10051.62,3560.568943115637,3986.746441867082,4243.317997496921,104.0
2024-12-20,11172.88,3575.0652428022145,3997.1012075668937,4264.655393237912,118.0
2024-12-21,7875.33,3608.588059167044,3978.954130176132,4208.695686402983,82.0
2024-12-22,1876.17,3630.56140968036,3936.392704285859,4161.666799916852,14.0
2024-12-23,11398.35,3531.2789087894303,3990.5799216553264,4251.244112525058,99.0
2024-12-24,8983.800000000001,3591.6212426812704,4056.933690643157,4337.636344308644,86.0
2024-12-25,1242.4699999999998,3757.268988386038,4123.8850998414455,4341.091374439625,23.0
2024-12-26,12400.2,3546.5375905227334,4039.0976669731135,4336.574630247899,104.0
2024-12-27,11093.79,3595.678431807344,4057.760325371222,4310.692664995462,117.0
2024-12-28,6332.56,3640.0855183369767,4078.906998117666,4402.061843867252,80.0
2024-12-29,319.79999999999995,3485.731707317074,3964.9671669793615,4261.193245778612,9.0
2024-12-30,7732.72,3537.527344841142,4163.03386518586,4445.017128513641,86.0
2024-12-31,10383.950000000004,3627.565764473056,4044.688039715136,4334.207220758959,103.0
2025-01-01,7792.41,3585.825190152982,4021.427880463169,4305.891896088629,105.0
2025-01-02,9799.11,3567.4841286606643,4056.859747466862,4325.181021541752,96.0
2025-01-03,11301.98,3570.42740917963,4048.930319289186,4289.602363479674,118.0
2025-01-04,9870.93,3622.6149511748135,3997.745517392992,4261.044035364449,89.0
2025-01-05,285.1,3683.830235005262,3941.276745001754,4104.756225885654,11.0
2025-01-06,9106.3,3641.74757695222,4058.6933057333945,4256.748335767546,81.0
2025-01-07,8713.5,3544.1225110460778,3991.7906753887632,4198.455557468295,92.0
2025-01-08,9932.33,3628.5865572327934,4036.655586352848,4241.815467266994,94.0
2025-01-09,8217.41,3476.563764008368,4036.865972368423,4306.96658314481,84.0
2025-01-10,11002.31,3637.889838588442,4025.563018129829,4268.464504272284,116.0
2025-01-11,7806.69,3470.558064941736,4025.8444257425367,4316.372380612014,75.0
2025-01-12,340.7,4030.449955972997,4188.237158790725,4371.286762547696,13.0
2025-01-13,9555.49,3665.71164848689,4048.37093231221,4276.9354371152085,87.0
2025-01-14,3168.34,3577.704223662865,3981.6791569086654,4238.109293825789,62.0
2025-01-15,8836.55,3635.76585318931,3997.418377081553,4277.238011441116,83.0
2025-01-16,10469.81,3583.811052922641,4015.567803045136,4273.406685508142,107.0
2025-01-17,9626.34,3546.134741760627,4042.1569661989897,4246.833854819171,94.0
2025-01-18,7154.92,3574.782324610199,4018.9192849116416,4292.964526507634,84.0
2025-01-19,329.1,3763.194165907019,4068.769978729869,4237.106350653296,11.0
2025-01-20,7914.42,3633.56216374668,4051.869582357268,4219.329440439097,85.0
2025-01-21,8394.59,3682.2748627389774,4043.41647537283,4225.764659143568,80.0
2025-01-22,9443.15,3501.52306169022,3996.149323054277,4254.469721438291,102.0
2025-01-23,6851.42,3546.3555730053044,4063.137775818736,4260.353795271638,88.0
2025-01-24,7710.78,3575.866940828295,3951.4789748897,4184.291743507142,104.0
2025-01-25,7090.63,3585.7938716305894,3987.326580289764,4235.714781338189,80.0
2025-01-26,159.3,3717.760200878845,4303.573132454489,4435.302573760201,5.0
2025-01-27,8829.0,3519.4212005889685,3944.952603918904,4175.295325631441,105.0
2025-01-28,7624.72,3461.3340214460336,3899.8198963371774,4135.269372514664,90.0
2025-01-29,5234.55,3566.905636587672,3936.413808254768,4142.45979119504,77.0
2025-01-30,8153.54,3519.827588998153,3961.9590447830014,4184.971135236965,97.0
2025-01-31,10094.3,3604.701974381582,3961.911393558741,4185.162897873058,108.0
2025-03-01,4000.21,3594.518687768892,3933.17636324093,4089.604895742973,69.0
2025-03-02,150.5,3542.831893687707,3859.980066445183,4013.8006644518273,8.0
2025-03-03,4271.4,3406.209608091024,3810.2291754459898,4013.4609776654015,82.0
2025-03-04,5194.65,3480.013748760745,3819.252746575805,4016.997304919485,77.0
2025-03-05,4289.49,3496.783860085932,3826.843575809712,3994.151542491065,73.0
2025-03-06,3636.55,3527.9957102198514,3838.210914190648,4001.815126974743,70.0
2025-03-07,4648.33,3516.056880643156,3851.365230093388,4027.687595329935,84.0
2025-03-08,4052.93,3576.198527978524,3896.796821065254,4054.68567184728,65.0
2025-03-09,181.2,3435.7891832229584,3773.565121412804,3974.7350993377486,9.0
2025-03-10,7515.03,3462.360622645552,3922.914040263313,4076.20956270301,76.0
2025-03-11,6116.74,3354.151031431776,3920.435338104938,4058.251606247773,83.0
2025-03-12,4435.24,3241.5086579305744,3854.392495107368,4032.3103958297634,84.0
2025-03-13,1689.18,3146.306847109248,3973.836749191916,4122.269621946743,19.0
2025-03-14,25.45,3746.6168958742633,3904.282907662083,3954.939096267192,6.0
2025-03-15,1363.74,3519.806268056961,3787.3300629152186,3966.0862407790337,47.0
2025-03-16,67.3,3442.5260029717683,3734.769687964339,3925.319465081724,6.0
2025-03-17,3785.26,3439.133174471503,3819.4146135272094,4000.9647131240654,85.0
2025-03-18,3209.6,3471.154193668993,3839.5201333499504,4002.073622881356,79.0
2025-03-19,3398.82,3414.0566520145235,3833.9767772344526,4018.0300898547134,69.0
2025-03-20,2829.45,3446.014144091608,3844.9251550654726,4025.65601795402,72.0
2025-03-21,3760.95,3490.8435342134308,3891.476858240605,4060.639981919463,97.0
2025-03-22,2078.46,3524.1923347093525,3897.391852621653,4096.659353559847,63.0
2025-03-23,301.24,3596.2232771212325,4045.0165980613465,4199.057894037976,9.0
2025-03-24,4841.13,3633.33575425572,3941.128928576592,4130.698140723343,86.0
2025-03-25,4032.42,3511.476815411093,3948.045622727792,4142.06467580262,87.0
2025-03-26,3291.51,3579.5161491230465,3947.8509346773967,4140.350128056728,72.0
2025-03-27,2479.63,3613.662667414089,4017.7848751628258,4192.673527905372,61.0
2025-03-28,2682.34,3902.890640261861,4111.729758345326,4219.307947538344,60.0
2025-03-29,243.0,3910.5493827160494,4095.527160493828,4223.047325102881,20.0
2025-03-30,1052.98,3953.821630040457,4220.428688104237,4342.626640581967,6.0
2025-03-31,138.26,3927.9943584550847,4214.874150151888,4267.474323737885,7.0
2025-04-01,1330.97,3606.7662682104014,4145.875293958542,4356.685274649316,44.0
2025-04-02,3690.29,3711.75831709703,4162.100940576485,4499.142777396898,62.0
2025-04-03,3559.19,3831.488344258104,4350.089587799472,4579.934563763104,75.0
2025-04-04,5813.72,3738.560350343672,4262.726314648796,4467.350230145243,93.0
2025-04-05,3783.31,3857.441578934848,4163.885460086538,4345.744176395802,64.0
2025-04-06,85.7,4993.5822637106185,5193.5822637106185,5440.256709451575,3.0
2025-04-07,4484.22,3636.089219529818,4110.723354340332,4285.851207121863,89.0
2025-04-08,3923.44,3697.5990916134815,4146.496648349408,4334.763149175214,86.0
2025-04-09,3345.85,3909.4945529536585,4232.82538966182,4374.717201906839,65.0
2025-04-10,1607.7,4122.265845617962,4382.877004416247,4530.007464079118,18.0
2025-04-11,4224.71,3834.705198700028,4279.361139581177,4503.309812981245,81.0
2025-04-12,827.76,3867.590001932928,4285.5222769885,4578.690562481879,24.0
2025-04-13,108.5,3998.21198156682,4226.582488479262,4413.1612903225805,5.0
2025-04-14,59.1,3865.871404399323,3982.883248730964,4099.489001692047,6.0
2025-04-15,5847.78,3891.685528525354,4284.002342769392,4526.87079541296,88.0
2025-04-16,6387.29,3947.940989057957,4325.993689029307,4544.0108715903,82.0
2025-04-17,4823.23,3917.896343321798,4342.004335269104,4582.214756501348,69.0
2025-04-18,1463.95,4126.130496260119,4368.686369069983,4534.335796987603,25.0
2025-04-19,3519.02,3869.37425760581,4222.007337270036,4449.8339594546205,68.0
2025-04-20,61.9,3848.384491114701,4127.148626817448,4348.360258481422,6.0
2025-04-21,3763.0,3784.960829125698,4211.072633537071,4428.919612011693,73.0
2025-04-22,4455.41,3901.377098852856,4270.717289766822,4469.122502755078,77.0
2025-04-23,3851.48,3582.1543770187045,4188.876699346744,4396.688737835845,79.0
2025-04-24,4091.23,3724.385453763294,4127.426627200133,4347.588793590193,72.0
2025-04-25,2174.15,3618.296575673252,4136.3902720603455,4389.401214267645,79.0
2025-04-26,3080.98,3785.270336061903,4174.518263669353,4399.882018059189,56.0
2025-04-27,143.64,3572.983848510164,4190.525619604568,4349.393622946254,7.0
2025-04-28,3701.27,3750.708686477885,4161.946712885037,4356.324313006076,82.0
2025-04-29,3138.16,3637.10008412573,3990.269489127387,4186.554780508323,69.0
2025-04-30,616.73,3940.865224652603,4202.466314270427,4315.1327323139785,19.0
2025-05-01,54.16,3958.364106351551,4172.032496307238,4267.762186115214,3.0
2025-05-02,4258.400000000001,3717.594519068196,4118.526770618072,4326.897872440353,87.0
2025-05-03,2732.91,3681.432685306139,4100.085879154454,4349.049913828117,54.0
2025-05-04,133.28,3635.036014405762,4180.695528211285,4314.140156062425,6.0
2025-05-05,4238.25,3872.4688255765946,4216.421994927152,4416.522243850647,73.0
2025-05-06,2701.27,3729.547694232712,4076.258315533064,4299.563353533707,73.0
2025-05-07,3545.66,3794.352292662016,4150.5379534416725,4353.796133865064,78.0
2025-05-08,4000.25,3695.776938941316,4171.240754952815,4376.394077870134,79.0
2025-05-09,2877.35,3755.594408049073,4122.17791718074,4351.689704067979,84.0
2025-05-10,2657.94,3637.445062717744,4214.057006553948,4402.21366170794,58.0
2025-05-11,97.72,3940.919975440033,4194.982603356529,4279.489357347524,8.0
2025-05-12,78.05,3959.277386290839,4060.500960922485,4110.222934016657,8.0
2025-05-13,3160.3,3849.0279087428407,4157.02648482739,4379.778153972724,44.0
2025-05-15,3797.14,3828.472165893277,4181.955060914267,4409.825895279078,58.0
2025-05-16,4186.47,3775.290827355743,4131.979166218795,4361.642120927655,83.0
2025-05-17,2981.53,3966.266715411215,4215.5825431909125,4424.370608378919,54.0
2025-05-18,161.4,3768.113382899628,4118.402106567534,4272.469021065675,6.0
2025-05-19,3517.31,3721.59749922526,4101.804993020234,4323.32524002718,70.0
2025-05-20,2821.2,3706.8717779668223,4108.957305401957,4338.773468736707,65.0
2025-05-21,2781.26,3739.0243630584696,4139.3524733394215,4356.459374528091,72.0
2025-05-22,3688.03,3842.332817249317,4168.759942299818,4389.640594029875,70.0
2025-05-23,4675.86,3753.7355652222254,4122.746887203638,4384.913819062161,76.0
2025-05-24,1994.63,3931.8044449346494,4180.354416608594,4323.431413344831,50.0
2025-05-25,53.2,3638.246240601504,3932.0883458646617,4214.624060150376,6.0
2025-05-26,2519.29,3616.678071996477,4059.828308769536,4314.6257874242365,61.0
2025-05-27,3042.73,3742.922303326289,4150.064695191489,4370.159521219432,59.0
2025-05-28,2529.87,4072.7400222145807,4398.787151118438,4573.053714222469,66.0
2025-05-29,3775.26,3872.327442348341,4208.439439932614,4383.44593484952,72.0
2025-05-30,6729.56,3552.191926366656,4015.584174894049,4333.366765434887,85.0
2025-05-31,3295.74,3655.053462955208,4122.115907201417,4337.691413764435,62.0
2025-06-01,52.0,3363.778846153846,4008.026923076923,4173.8557692307695,
2025-06-02,3740.49,3646.424799959364,4096.539800935172,4313.425299893865,
2025-06-03,3345.72,3764.774517891516,4104.516686991141,4317.0953935176885,
2025-06-04,1549.8,3674.693612078978,4094.490702026068,4366.11934443154,
2025-06-05,4964.87,3868.917868947224,4160.237399972205,4325.789509090873,
2025-06-06,3322.07,3684.746784384434,4083.506274702219,4321.6289692872215,
2025-06-07,71.53,3690.862575143297,4014.267580036348,4195.774500209702,
2025-06-08,103.8,3455.43063583815,4169.374759152216,4304.311175337187,
2025-06-09,4230.110000000001,3756.75813631324,4108.337438033526,4343.903695175775,
2025-06-10,3776.02,3748.609620711755,4111.700086334288,4350.458631045387,
2025-06-11,4486.070000000001,3725.44376258061,4150.631878236406,4341.9263408729685,
2025-06-12,4208.3,3766.2135113941495,4146.214015160516,4344.703685573747,
2025-06-13,4341.379999999999,3740.7846260866368,4114.188930708669,4311.347166108473,
2025-06-14,3938.47,3928.648612278372,4158.216226097952,4336.303158333058,
2025-06-15,101.29999999999998,3732.271470878579,4016.624876604146,4200.382033563673,
2025-06-16,4574.52,3901.2200624327793,4241.587362171332,4425.00037162369,
2025-06-17,7976.28,3986.0014818938153,4238.76266505188,4416.244251706309,
2025-06-18,2034.07,3930.216806697901,4257.242523610298,4485.023327614093,
2025-06-19,1531.38,3745.5643275999423,4138.518832686857,4362.529875014692,
2025-06-20,2475.63,3702.328134656633,4181.548216009662,4384.803989287575,
2025-06-21,2251.55,4004.3814705425134,4236.495281028625,4401.967555683862,
2025-06-22,74.53999999999999,3815.575529916824,4074.416420713711,4259.784008585994,
2025-06-23,1833.12,3619.525617526404,4139.0713155712665,4408.199954176486,
2025-06-24,2267.76,3771.387183828976,4202.014485659858,4395.7759198504245,
2025-06-25,1299.58,3740.792871543114,4085.8644485141353,4357.42809215285,
2025-06-26,1932.1,3811.765384814451,4188.598312716734,4378.941100357124,
2025-06-27,3436.6199999999994,3850.645517979876,4169.748028586228,4338.953826725097,
2025-06-28,2653.4999999999995,3958.739438477483,4155.437573016771,4334.602411908801,
2025-06-29,57.900000000000006,3779.753022452504,4084.4922279792745,4286.013816925733,
2025-06-30,1450.8000000000002,3729.9752550317057,4077.099255583126,4283.852633030052,
2025-07-01,1827.1800000000003,3747.159059315448,4125.586893464245,4320.722309788855,54.0
2025-07-02,726.7099999999999,3919.174498768423,4138.893382504713,4307.890217555835,22.0
2025-07-03,2173.82,3840.919280345199,4156.208209511367,4327.996637256075,68.0
2025-07-04,2002.18,3837.539906501913,4157.6816420102095,4331.816619884326,73.0
2025-07-05,1633.48,3968.0799887357057,4181.148419325612,4324.351752087568,55.0
2025-07-06,43.83,3884.006388318504,4080.732375085558,4276.88797627196,5.0
2025-07-07,1619.58,3860.968831425432,4142.38251892466,4324.336309413552,68.0
2025-07-08,1789.16,3842.123510474189,4160.842892754142,4321.658683404503,55.0
2025-07-09,928.46,3843.354479460612,4155.010415095965,4325.049005880705,54.0
2025-07-10,818.64,3769.3259185966967,4137.797823218997,4330.007048275188,49.0
2025-07-11,1716.36,3762.072543056235,4108.395348295229,4341.831393180918,76.0
2025-07-12,1247.93,3856.794131081071,4108.783281113523,4324.87126681785,54.0
2025-07-13,56.65,3885.172109443954,4125.814651368049,4257.3345101500445,8.0
2025-07-14,2168.4700000000003,3786.194505803631,4099.852153822741,4341.289595890189,63.0
2025-07-15,2029.7,3814.436911858896,4139.283214268118,4331.472040202986,62.0
2025-07-16,2620.29,3251.7079407241185,4123.177556682657,4335.000553373863,63.0
2025-07-17,1829.96,3883.295044700432,4168.459064679009,4367.191987803013,61.0
2025-07-18,1967.68,3842.887334322654,4192.29884432428,4410.085837127987,78.0
2025-07-19,1601.7799999999995,4040.727128569467,4257.590443132016,4396.486845883955,51.0
2025-07-20,67.2,3700.297619047619,4061.904761904762,4309.523809523809,4.0
2025-07-21,1647.23,3751.981253376881,4096.822410956576,4380.852813511167,70.0
2025-07-22,1684.84,3924.199864675578,4189.650293202915,4401.315911303151,58.0
2025-07-23,1611.81,3846.624149248361,4170.622015001768,4389.567672368332,63.0
2025-07-24,1063.33,3799.096705632306,4153.156404879012,4417.37814225123,45.0
2025-07-25,1057.78,4066.363043354951,4327.003271001531,4449.35251186447,39.0
2025-07-26,208.4,3546.3939539347407,4047.2658349328217,4478.654030710172,9.0
2025-07-27,91.6,3805.6954148471614,4301.735807860262,4438.5120087336245,9.0
2025-07-28,1640.1,3914.544222913237,4254.479318334248,4474.603670507896,63.0
2025-07-29,120.7,3936.686826843413,4357.659486329743,4456.296603148301,14.0
2025-07-30,1479.89,4052.7460149065137,4354.705890302657,4620.690659440905,51.0
2025-07-31,2208.72,4092.5534019703728,4480.296443188816,4657.200709007932,62.0
2025-08-01,1751.02,3961.401497412936,4390.962838802527,4601.253041084626,76.0
2025-08-02,1791.83,4041.802626365225,4474.249398659471,4689.9289553138415,52.0
2025-08-03,46.9,4170.89552238806,4440.132196162047,4615.859275053304,5.0
2025-08-04,2412.59,4120.655270891448,4492.2022473773,4757.981671150092,70.0
2025-08-05,2278.6399999999994,4152.374969279922,4544.000473966928,4776.76688726609,65.0
2025-08-06,2436.65,4144.460304106048,4572.029561077709,4855.049678862373,65.0
2025-08-07,2694.5100000000007,4178.111716044846,4618.208186275055,4866.669134647857,67.0
2025-08-08,1890.6,4170.763143975458,4575.005183539618,4833.743467682218,46.0
2025-08-09,50.400000000000006,4386.170634920634,4676.589285714284,4802.400793650793,5.0
2025-08-10,35.400000000000006,4440.302259887006,4626.519774011299,4764.915254237288,7.0
2025-08-11,2712.45,4145.432911205737,4547.715998451586,4837.909823222548,61.0
2025-08-12,3342.72,4088.631533601379,4568.503272783842,4823.47731787287,65.0
2025-08-13,1947.68,4113.379713299926,4529.5197927791005,4791.823297461595,55.0
2025-08-14,1927.9,4218.984646506561,4535.083251205975,4785.300534260075,44.0
2025-08-15,5.1,4350.0,4506.0,4642.352941176471,3.0
2025-08-16,870.7600000000001,4098.100854426018,4512.86184482521,4735.497496439891,35.0
2025-08-17,36.7,4150.318801089919,4477.111716621254,4620.651226158038,6.0
2025-08-18,1030.35,3994.4365506866593,4471.549298781967,4688.5790265443775,36.0
2025-08-19,1997.26,4144.480938886274,4437.42364539419,4685.55541091295,63.0
2025-08-20,3260.24,4151.564117979045,4471.834444703458,4673.582196402719,67.0
2025-08-21,969.89,4080.052170864737,4425.5190588623445,4627.329954943344,50.0
2025-08-22,51.2,4022.824218750001,4335.140625000001,4510.490234375001,10.0
2025-08-23,307.89000000000004,4083.015037838188,4508.0332911104615,4649.462795154112,23.0
2025-08-24,69.6,4133.466954022989,4513.938218390805,4665.373563218392,3.0
2025-08-25,2776.73,4069.8890421466976,4439.666460188783,4648.255862111188,66.0
2025-08-26,791.4200000000001,4075.9710393975374,4425.347539865053,4559.690303505092,45.0
2025-08-27,129.29999999999998,4093.0100541376646,4465.136890951277,4541.617942768755,4.0
2025-08-28,849.3100000000001,3849.006134391447,4223.006664233319,4503.232153159623,44.0
2025-08-29,1209.4599999999998,3920.434243381344,4258.800704446613,4515.9645626974025,45.0
2025-08-30,319.72,4109.7779306893535,4284.196484423872,4437.295133241587,18.0
2025-08-31,4.3,4304.883720930233,4367.441860465116,4389.069767441861,3.0
2025-09-01,163.1,3734.350705088904,4356.212139791539,4462.302268546903,
2025-09-02,696.67,3904.491940229951,4288.464638925173,4481.173869981484,
2025-09-03,1812.16,4004.531829419036,4312.662430469716,4516.920636146918,
2025-09-04,1198.4499999999998,3951.043764862949,4295.44465768284,4465.762359714632,
2025-09-05,54.260000000000005,4139.015849612974,4283.071507556211,4429.524511610763,
2025-09-06,142.23,3978.704914574984,4244.32116993602,4447.203121704282,
2025-09-07,70.10000000000001,4072.219686162624,4393.554921540655,4532.881597717545,
2025-09-08,1090.02,3789.876882992972,4191.23784884681,4429.995183574613,
2025-09-09,1220.1699999999998,3822.992287959875,4248.077833416654,4409.38098789513,
2025-09-10,1273.5000000000005,3776.05637220259,4229.306187671769,4407.08323517864,
2025-09-11,1859.38,3569.036646624143,3993.756225193343,4368.609461218256,
2025-09-12,1340.48,3763.564991644784,4185.6763696586295,4369.722263666746,
2025-09-13,988.22,3958.9431503106593,4208.224565380178,4383.393070368947,
2025-09-14,16.099999999999998,3808.6956521739135,3961.4906832298143,4144.285714285715,
2025-09-15,1649.12,3798.962234403803,4214.24049189871,4375.239157853886,
2025-09-16,936.03,3752.9854812345766,4150.04019101952,4338.892877365043,
2025-09-17,772.4300000000001,3707.153269551933,4112.2615123700525,4311.933637999559,
2025-09-18,1161.65,3727.93225153876,4190.990659837301,4347.721861145784,
2025-09-19,1314.29,3847.761300778367,4172.577756811663,4342.002069558469,
2025-09-20,908.51,3848.215099448548,4152.310134175738,4316.59838636889,
2025-09-21,48.8,3714.665983606558,4039.227459016394,4215.459016393443,
2025-09-22,481.9,3605.9236356090473,4118.895040464827,4323.782319983398,
2025-09-23,1398.78,3696.442113842062,4098.686205121606,4332.92642874505,
2025-09-24,1342.21,3754.94609636346,4135.749793251429,4302.382339574284,
2025-09-25,1130.8499999999997,3775.873758677102,4109.263943051687,4358.052915948181,
2025-09-26,751.3500000000001,3877.873494376788,4165.225966593464,4367.658015571969,
2025-09-27,895.81,3586.60565298445,4087.510632835089,4322.796028175618,
2025-09-28,5.7,3950.0,4150.0,4200.0,
2025-09-29,880.22,3547.9937970052943,4078.1487582649793,4447.325782190816,
2025-09-30,987.81,3462.530142436299,4080.6973000880735,4446.938885008251,
2025-10-01,728.7999999999998,3585.786086717893,4088.4171240395176,4454.247530186609,
2025-10-02,201.0,3525.200995024876,4205.646766169154,4361.0885572139305,
2025-10-03,2366.6700000000005,3154.4921767715814,4023.331220660252,4312.224222219404,
2025-10-04,2606.4300000000003,3316.9925146656537,3966.797036559585,4308.075144930038,
2025-10-05,275.43,3023.959263696765,3922.601931525252,4424.788621428312,
2025-10-06,6995.820000000001,3238.3285161710846,3929.964092844012,4249.411834495456,
2025-10-07,6473.38,3088.620229308337,3833.3524820109433,4188.4291081320725,
2025-10-08,7928.350000000001,3199.4860027622385,3846.74172305713,4255.978299393946,
2025-10-09,8354.359999999999,3194.361842199762,3835.564255071604,4274.519041554351,
2025-10-10,766.9,3180.073790585474,3869.6263528491327,4193.031151388708,
2025-10-11,2612.93,3079.5077173900563,3762.976600980509,4216.115165733488,
2025-10-12,372.86,3249.611382288259,3856.6502172397154,4147.155768921311,
2025-10-13,32054.11,3199.280588355128,3805.859731872138,4186.50813889389,
2025-10-14,17850.71,3236.7598117946013,3834.097368676092,4173.630535704183,
2025-10-15,20679.33,3256.0695583464267,3869.655888754616,5389.03795239014,
2025-10-16,19127.12,3466.205742945096,3948.989968170848,4264.091802111348,
2025-10-17,7740.139999999999,3551.858642091745,3971.421276617736,4313.502068438039,
2025-10-18,5631.89,3256.222955348914,3921.04030796056,4307.126319938777,
2025-10-19,494.30000000000007,3185.656483916649,3823.700182075662,4339.390046530447,
2025-10-20,896.3499999999999,3601.5400234283484,4011.956155519608,4189.39878395716,
2025-10-21,146.4,4127.247267759562,4317.349726775956,4342.657103825137,
2025-10-22,5730.169999999999,3473.38941078537,4002.9592315760274,4292.898884326294,
2025-10-23,1041.9,3506.3187446012093,3949.942988770515,4206.517899990402,
2025-10-24,2528.54,3323.054608588355,3965.595379151605,4222.575082854137,
2025-10-25,3065.36,3141.0491100555896,3836.03547381058,4209.115242581623,
2025-10-26,505.0100000000001,3052.0365933347853,3880.552068275876,4343.930021187699,
2025-10-27,15068.43,3258.7073769463705,3819.818935350265,4293.717003032167,
2025-10-28,20918.63,3545.947799640799,4043.712459659165,4380.308873955895,
2025-10-29,15179.34,3534.107681888672,4084.543046008588,4422.380202301286,
2025-10-30,8104.249999999999,3604.1048092050473,4097.633682327174,4438.662245118303,
2025-10-31,13190.04,3721.0225973537617,4131.81345697208,4437.486732413246,
2025-11-01,12796.45,3507.542373080034,4115.10301450793,4493.22382379488,
2025-11-02,514.8,2919.536519036519,3776.554001554002,4533.723776223776,
2025-11-03,16991.889999999996,3590.284965357004,4163.226113163399,4551.406429773263,
2025-11-04,7599.8,3759.9158004158007,4264.489170767652,4592.114634595647,
2025-11-05,4160.65,3855.835314193696,4294.476449593213,4632.655462487833,
2025-11-06,8250.3,3628.931990351866,4142.927614753404,4544.29630437681,
2025-11-07,15826.2,3717.801487406959,4365.926994477512,4786.556109489329,
2025-11-08,9513.7,4354.914796556544,4728.39284400391,5025.76044020728,
2025-11-09,382.2,2639.453950811094,3620.528519099948,4547.175039246468,
2025-11-10,13860.3,4301.150184339444,4711.344566856417,5040.1824924424445,
2025-11-11,13093.6,4273.028097696585,4701.951755055906,5103.329153174071,
2025-11-12,10462.899999999998,4298.115455562035,4675.872960651446,4958.156658287856,
2025-11-13,6708.6,4558.881763706288,4938.024177920877,5238.983871448589,
2025-11-14,8720.800000000001,3851.534733052013,4454.027268140537,4732.82918998257,
2025-11-15,4991.099999999999,3848.676263749475,4460.852457374126,4867.415940373867,
2025-11-16,321.8,3289.620882535736,4017.5301429459287,4550.509633312617,
2025-11-17,11600.87,4045.777954584441,4542.863290425632,4881.908826665586,
2025-11-18,9022.430000000002,4259.429998348559,4629.72166478432,4949.13166408606,
2025-11-19,9636.94,4076.662861862791,4586.584828794203,4976.282492160374,
2025-11-20,7712.4000000000015,4181.247095586327,4596.540285773558,4861.589232923602,
2025-11-21,11446.969999999998,3865.431893330725,4465.664723503251,4716.373242875627,
2025-11-22,6749.26,4190.811262271715,4677.580478452453,4874.364718502473,
2025-11-23,239.50000000000003,3453.5177453027136,4062.5574112734857,4574.157411273486,
2025-11-24,11198.52,3905.313617335148,4383.286916485392,4674.980452774116,
2025-11-25,11474.5,3963.167541940825,4476.9354359667095,4794.674744869058,
2025-11-26,10453.0,3804.05562996269,4344.746854491534,4729.307548072324,
2025-11-27,7270.5,3740.820086651537,4291.380896774637,4644.451336221718,
2025-11-28,8412.660000000002,3841.247679093176,4325.1756638209545,4571.496280605658,
2025-11-29,3920.500000000001,4137.487616375462,4537.3774008417295,4789.891774008416,
2025-11-30,321.1,3611.5914045468703,4081.566490189972,4454.894113983183,
2025-12-01,6512.990000000001,3957.220279779333,4371.505239529002,4710.996640559865,
2025-12-02,3740.71,3868.668627078816,4343.752119250088,4696.475260044216,
2025-12-03,7087.62,3754.793668396444,4290.104226806742,4639.054887254113,
2025-12-04,5997.95,3807.90636800907,4302.035045307146,4647.239014996791,
2025-12-05,5085.69,3833.090357453954,4301.749033071225,4673.073427597829,
2025-12-06,3551.6,3918.026438788152,4274.781337988513,4649.350236513121,
2025-12-07,162.90000000000003,2849.2559852670342,3700.825046040515,4517.334561080417,
2025-12-08,9450.02,3875.347173868415,4330.57123794447,4613.041453880521,
2025-12-09,4840.3,3816.6818502985343,4237.172257917898,4540.718552569055,
2025-12-10,7703.14,3852.79071910935,4278.443401002708,4540.462330945562,
2025-12-11,6788.9400000000005,3853.8264824847465,4257.80936199171,4590.883710859132,
2025-12-12,4925.27,3761.369691407781,4284.835109547294,4714.922288524283,
2025-12-13,3711.8,3760.925723368716,4290.247992887548,4699.355892020046,
2025-12-14,409.6,3677.218750000001,4214.588867187501,4546.974853515626,
2025-12-15,7948.77,3697.528925858969,4313.836241330419,4660.3595902259085,
2025-12-16,7886.74,3886.2207883105057,4351.760042806027,4693.747206069936,
2025-12-17,5952.14,3781.252682228576,4320.115158581619,4690.728282600879,
2025-12-18,4848.3600000000015,3764.342431255104,4328.273467729293,4737.209462581161,
2025-12-19,3604.37,3858.188976159495,4351.424043591529,4647.865230262154,
2025-12-20,4181.9,3797.092493842512,4405.530117888998,4732.3653363303765,
2025-12-21,130.8,3613.737003058104,4150.112385321101,4685.288990825688,
2025-12-22,18868.63,3602.5625522361715,4279.116634859022,4463.8281078170485,
2025-12-23,8029.81,3887.4525511811607,4500.483654034155,4853.555397948395,
2025-12-24,4895.099999999999,3873.8189413903706,4476.29693979694,4800.828982043268,
2025-12-25,2187.56,4061.169110790104,4652.714302693412,4882.769615461976,
2025-12-26,7998.800000000001,4025.374283642546,4539.696503225483,4877.505584587688,
2025-12-27,5462.41,4049.82466530341,4596.868003317218,4893.913776153749,
2025-12-28,582.6,3879.503261242705,4570.01476141435,4889.492962581531,
2025-12-29,7510.02,4066.760381463697,4607.254922090753,4929.482424813783,
2025-12-30,7418.97,4096.386311037785,4577.271312594605,4879.058663129787,
2025-12-31,6121.339999999998,4043.60218514247,4618.270078120152,4899.911277596084,
2026-01-01,3717.130000000001,3897.64,4555.64,4919.53,69.0
2026-01-02,6749.189999999999,4119.42,4618.89,4903.69,79.0
2026-01-03,3667.25,4024.47,4629.89,4910.64,50.0
2026-01-04,486.19000000000005,4281.94,4794.94,5046.9,10.0
2026-01-05,7780.750000000001,4140.69,4690.36,4967.69,85.0
2026-01-06,8373.22,4063.71,4713.86,5026.29,74.0
2026-01-07,6739.900000000001,4078.99,4719.13,5068.6,78.0
2026-01-08,6635.850000000001,4214.89,4732.76,5097.34,78.0
2026-01-09,8011.69,4159.87,4769.29,5107.46,82.0
2026-01-10,5962.16,4152.82,4738.81,5109.16,57.0
2026-01-11,287.1,4306.43,4675.36,4990.58,10.0
2026-01-12,6473.039999999999,4294.19,4824.44,5103.1,80.0
2026-01-13,7468.200000000001,4322.43,4860.46,5173.83,79.0
2026-01-14,3456.02,4119.7,4765.97,5132.35,58.0
2026-01-15,2951.6100000000006,4449.35,4903.74,5227.88,54.0
2026-01-16,4153.87,4306.7,4946.82,5266.02,75.0
2026-01-17,2350.9,4377.94,4958.62,5252.52,47.0
2026-01-18,173.3,3875.53,4741.52,5294.01,5.0
2026-01-19,3664.7,4613.2,5069.84,5318.87,54.0
2026-01-20,3525.12,4725.18,5195.72,5346.64,57.0
2026-01-21,6027.17,4544.38,5029.32,5263.13,82.0
2026-01-22,5461.1,4358.92,4928.28,5338.71,82.0
2026-01-23,4698.23,4780.22,5174.58,5378.91,73.0
2026-01-24,2750.62,4349.71,5040.6,5311.98,45.0
2026-01-25,212.2,4583.13,4998.26,5282.73,6.0
2026-01-26,19.700000000000003,5070.86,5203.86,5311.27,5.0
2026-01-27,4353.259999999999,5118.64,5404.82,5650.54,81.0
2026-01-28,2512.67,5070.57,5426.29,5770.5,47.0
2026-01-29,1573.6,5043.13,5518.49,5764.73,47.0
2026-01-30,4784.469999999999,5131.57,5593.78,5881.82,75.0
2026-01-31,2765.42,5120.86,5430.38,5631.88,49.0
2026-02-01,80.16,5108.09630738523,5300.671157684631,5439.770459081837,7.0
2026-02-02,4463.62,5193.639086660603,5530.3512642205205,5753.4730823860455,68.0
2026-02-03,5697.6,5084.885969531029,5446.877016638584,5709.985590424038,72.0
2026-02-04,5694.84,5180.241025208785,5578.50471303847,5854.215498591707,74.0
2026-02-05,6552.38,5075.606756628889,5520.3316535365775,5811.363214587675,77.0
2026-02-06,5523.38,5125.793372898479,5534.281246265873,5827.683067252298,69.0
2026-02-07,2652.9500000000003,5184.012288207467,5463.989408017489,5649.015586422661,36.0
2026-02-08,130.60000000000002,5194.564318529862,5473.796324655436,5678.819295558958,5.0
2026-02-09,6005.280000000001,4773.189709722111,5192.868527362587,5485.243737177949,80.0
2026-02-10,5533.39,4742.795790645517,5082.829462589841,5300.808166422392,74.0
2026-02-11,6164.16,4612.464893837928,5031.849867621866,5199.588581412552,85.0
2026-02-12,3218.16,4597.654964327442,5015.1670706242085,5258.866992318593,66.0
2026-02-13,4130.089999999999,4816.674987712134,5179.313784929627,5378.235825369424,78.0
2026-02-14,2181.96,4909.980751251169,5203.22219472401,5308.608132138078,43.0
2026-02-15,31.7,4676.02523659306,4892.11356466877,5190.851735015773,3.0
2026-02-16,1209.91,4724.08943640436,5071.1248853220495,5288.397566761163,58.0
2026-02-17,1484.81,4686.200827041844,5101.366881957962,5305.595483597228,52.0
2026-02-18,2576.78,4868.147300118753,5162.495575873765,5307.50261954843,55.0
2026-02-19,125.84,4831.158614113159,4985.542752701844,5293.164335664336,8.0
2026-02-20,3278.2,4796.691766823257,5126.651024952718,5331.735113781954,72.0
2026-02-21,1287.65,4706.187418941483,5043.642061119092,5214.513299421426,38.0
2026-02-22,97.6,4010.834016393442,4541.313524590164,5125.794057377048,7.0
2026-02-23,3163.94,4645.337522203329,5017.327401910276,5238.425131323603,74.0
2026-02-24,2279.49,4606.86883469548,4990.544257706767,5241.569210656769,69.0
2026-02-25,2050.7,4594.752947773931,5022.6891646754775,5249.880733408105,68.0
2026-02-26,2115.99,4581.753306962699,4996.689284921007,5242.736298375702,66.0
2026-02-27,2619.11,4644.480224198296,5012.786660354091,5219.23951265888,76.0
2026-02-28,1591.29,4660.245115598037,4990.269498331542,5244.253875786312,47.0
2026-03-01,70.9,4226.114245416079,4678.554301833568,5073.363892806769,6.0
2026-03-02,270.7,4693.917620982638,5140.494274104175,5265.766161802734,21.0
2026-03-03,59.1,4578.172588832487,5003.553299492386,5300.0,3.0
2026-03-04,962.22,4676.339631269357,5086.274573382387,5312.93614765854,41.0
2026-03-05,1360.7500000000002,4822.949608671688,5194.904883336394,5377.589255925041,59.0
2026-03-06,1641.96,4800.886745109503,5147.855642037564,5327.952812492387,55.0
2026-03-07,990.43,4869.634098320932,5218.300738063265,5357.60517149117,29.0
2026-03-08,12.7,4971.0,5300.0,5325.0,1.0
2026-03-09,2749.71,5049.678529735863,5376.006186106898,5566.998763505971,64.0
2026-03-10,3143.76,4924.676438404968,5283.776309260249,5449.991284321959,65.0
2026-03-11,3580.4099999999994,4791.258403367213,5141.606748947748,5364.722746836257,70.0
2026-03-12,3537.49,5065.820694899491,5339.952228840223,5491.667863372052,69.0
2026-03-13,3784.54,5002.255209351731,5304.259059225164,5485.120186337044,64.0
2026-03-14,1194.59,4991.265999213118,5213.640705179183,5389.189136021564,40.0
2026-03-15,47.3,4740.401691331924,5033.784355179703,5326.638477801268,5.0
2026-03-16,3109.24,4989.5428947266855,5246.308663853546,5412.435312166317,67.0
2026-03-17,2446.1,4758.20334409877,5111.057049997957,5293.361849474674,67.0
2026-03-18,950.56,4795.346742972563,5173.121559922572,5283.924423497728,36.0
2026-03-19,1609.5,5284.882882882883,5348.347002174588,5450.173842808326,18.0
2026-03-20,2024.83,5025.835057757936,5326.682546189064,5467.315972205074,42.0
2026-03-21,57.88999999999999,4726.579720158923,5162.5168422870975,5327.650716876836,9.0
2026-03-22,52.9,4714.931947069943,5043.765595463138,5319.007561436673,4.0
2026-03-23,4005.93,5068.555391631906,5313.856759853517,5510.313193191094,67.0
2026-03-24,3969.27,5009.134725025004,5306.262002836793,5472.327553933091,66.0
2026-03-25,3221.36,4999.288281967865,5258.4085603596,5446.013702287233,51.0
2026-03-26,4.8,4674.083333333333,5015.333333333333,5137.104166666667,3.0
2026-03-27,1284.0399999999995,5014.923133235726,5262.877340269774,5427.924908881344,44.0
2026-03-28,1289.42,5211.513471173084,5424.407656155481,5561.479735074685,29.0
2026-03-29,52.900000000000006,5247.996219281663,5343.28922495274,5482.712665406427,9.0
2026-03-30,457.37,4740.323807857972,5070.183811793516,5352.616262544548,26.0
2026-03-31,302.44,4777.213662213993,4921.399880968126,5179.344663404312,13.0
2026-04-01,1837.48,5340.048490323705,5550.156518710408,5644.453218538432,34.0
2026-04-02,320.79999999999995,5169.389931421447,5424.924875311722,5556.783821695762,21.0
2026-04-03,2114.73,5448.232280243814,5485.105606862341,5671.815432702992,16.0
2026-04-04,1822.78,5233.234564785658,5486.192244812869,5603.878251900943,32.0
2026-04-05,57.6,5269.114583333333,5359.829861111111,5499.548611111111,7.0
2026-04-06,2568.88,4866.411042944785,5287.271596960543,5504.769705085484,61.0
2026-04-07,3357.32,5008.162045917577,5301.5735795217615,5537.359798887208,64.0
2026-04-08,6353.1,5181.774330641734,5409.9320552171375,5567.495553351907,60.0
2026-04-09,3229.36,5102.154371144748,5381.306553001215,5569.05453092873,70.0
2026-04-10,3846.32,4943.757253686641,5298.959202562449,5508.020666507207,68.0
2026-04-11,1895.8,5002.700865070155,5258.013503534127,5495.019411330309,38.0
2026-04-12,67.5,4816.592592592592,5063.407407407408,5256.518518518518,6.0
2026-04-13,2397.77,5116.189751310593,5426.926811162039,5633.0456215566965,50.0
2026-04-14,36.510000000000005,4920.350588879758,5043.122432210353,5137.9265954533,8.0
2026-04-15,4275.01,5056.555741390078,5367.793389956983,5584.894973345091,68.0
2026-04-16,3078.34,5118.253311849893,5404.737267488322,5620.873847593183,57.0
2026-04-17,2121.97,4911.467928387301,5313.683322572892,5580.833188028106,46.0
2026-04-18,2000.89,5120.840650910345,5439.376862296278,5593.096572025449,31.0
2026-04-19,1.2,5050.0,5050.0,5133.333333333334,2.0
2026-04-20,3019.38,5036.1888202213695,5414.074200663712,5606.497459743391,61.0
2026-04-21,1669.21,5046.280815475583,5434.22922819777,5656.904523696839,50.0
2026-04-22,3494.63,5239.575943662134,5556.112403888252,5785.583933063015,69.0
2026-04-23,1974.31,5120.077900633639,5555.757631780217,5814.28324325967,54.0
2026-04-24,2534.05,5260.064087133245,5687.924279315721,5982.370513604704,58.0
2026-04-25,2340.2,5537.390052132297,5830.884539782925,6135.340740107684,38.0
2026-04-26,203.65,5228.698256813159,5559.617972010804,5735.224650135036,8.0
2026-04-27,3211.38,5275.979158492612,5623.936706338086,6008.646376324198,55.0
2026-04-28,3538.73,5377.9085152017815,5786.893741540044,5978.519129744287,58.0
2026-04-29,2655.93,5369.846080280731,5844.468743528632,6145.450708414755,64.0
2026-04-30,2475.32,5365.788382916148,5835.140587883586,6084.846322899665,46.0
2026-05-01,17.36,5027.188940092166,5236.8663594470045,5331.336405529954,5.0
2026-05-02,1527.2000000000005,5639.60836825563,6037.531495547406,6376.730159769512,30.0
2026-05-03,37.61000000000001,5568.183993618717,5817.904812549853,6047.333156075511,10.0
2026-05-04,2743.82,5519.509005692793,6179.978737672296,6583.450091478304,55.0
2026-05-05,3583.92,5765.501099354896,6293.070046206389,6685.713659903122,59.0
2026-05-06,2882.4300000000003,5926.519568558473,6354.368699326609,6686.6421040580335,59.0
2026-05-07,2103.5199999999995,5895.5834030577325,6387.195125313762,6658.533315585306,58.0
2026-05-08,2747.97,5843.605352314617,6434.713985232736,6834.382762548354,56.0
2026-05-09,965.5,5934.104505437596,6420.056240290004,6862.103262558259,31.0
2026-05-10,85.9,5650.774155995343,6013.003492433061,6165.395809080325,7.0
2026-05-11,2588.57,6067.844755984966,6610.438002449229,6986.961488389344,69.0
2026-05-12,2015.86,5925.993471768872,6602.640009722897,7049.2548093617615,60.0
2026-05-13,1925.76,6281.47934322034,7052.397422316385,7532.414402625459,66.0
2026-05-14,1951.75,6414.751023440502,7011.549527347252,7540.52005123607,64.0
2026-05-15,2512.1599999999994,6136.229181262342,6959.768267148591,7301.322447614803,68.0
2026-05-16,1063.2,6340.714541008277,6827.546576373212,7076.475827689993,26.0
2026-05-17,98.6,5732.021298174443,7003.977687626773,7290.7008113590255,6.0
2026-05-18,3084.21,6500.889660561375,6992.94287353974,7339.79531225176,68.0
2026-05-19,3696.87,6637.636757581413,7268.835512203565,7629.212225477228,79.0
2026-05-20,2928.32,6608.618252103596,7259.803443612721,7649.124344333953,63.0
2026-05-21,3218.53,6530.985263458783,7254.019033533943,7756.845423221159,61.0
2026-05-22,2646.15,6580.696468454171,7180.714672259699,7586.393439525349,70.0
2026-05-23,1901.7,6865.695377819846,7268.726402692328,7716.328495556606,36.0
2026-05-24,418.2,6916.53443328551,7184.663318986131,7374.60856049737,9.0
2026-05-25,2964.7500000000005,6510.505809933384,7222.007923096382,7597.1858672738,67.0
2026-05-26,3561.6700000000005,6423.638377502688,7105.922095533835,7542.471902225639,67.0
2026-05-27,2821.6500000000005,6537.942551344071,7129.465440433787,7595.25525844807,49.0
2026-05-28,379.3,6813.923543369366,7121.464803585553,7215.106511995782,15.0
2026-05-29,3493.51,6155.495576082506,7014.233550211678,7618.633322933097,68.0
2026-05-30,1911.29,6679.967587336302,7169.37243955653,7549.228243751602,41.0
2026-05-31,152.50000000000003,6029.263606557376,7021.118032786884,7264.375081967211,10.0
2026-06-01,3185.2100000000005,6540.507344884639,7175.03563344332,7526.073420590792,61.0
2026-06-02,2713.2200000000003,6395.844255165447,7111.79858986739,7338.792228422317,64.0
2026-06-03,3898.13,6348.364190009055,6892.018406261464,7181.173947508164,74.0
2026-06-04,3595.8299999999995,6119.59758942998,6669.079030432474,7039.338344693716,71.0
2026-06-05,3343.22,5991.420666303743,6603.677379891243,6977.469864382243,67.0
2026-06-06,2551.0,6221.225950607605,6566.013680909447,6886.5480987847895,45.0
2026-06-07,31.5,5817.587301587301,6083.809523809524,6323.809523809524,6.0
2026-06-08,2269.19,6004.232347225221,6629.402610623174,7051.656229755992,64.0
2026-06-09,912.41,5753.28032353876,6492.861465788407,6768.109402571213,63.0
2026-06-10,1652.24,6075.808901854452,6565.096105892607,7012.091826853241,70.0
2026-06-11,1855.36,6298.912469817178,6768.289108313211,7255.9098719386,69.0
2026-06-12,1492.9299999999998,6328.045856135252,6817.177134895808,7180.831519227293,74.0
2026-06-13,1070.69,6164.214665309286,6830.149912673136,7186.0218644051965,41.0
2026-06-14,61.4,5512.4218241042345,6658.236156351792,6921.796416938112,5.0
2026-06-15,1304.62,6157.255599331606,6712.237111189465,7066.207631340927,57.0
2026-06-16,1946.46,6082.576564635288,6650.631484849419,6980.184170237251,79.0
2026-06-17,2014.39,6021.598498801127,6607.679461276119,6905.625077566906,89.0
2026-06-18,1932.51,6007.398823291988,6586.055756503201,6869.914722304155,76.0
2026-06-19,1676.17,6391.498416031786,6857.222978576158,7106.87364646784,69.0
2026-06-20,1422.34,6280.79130165783,6648.637597198981,6993.945962287497,43.0
2026-06-21,52.6,6347.547528517111,6678.669201520914,6834.961977186313,6.0
2026-06-22,1367.57,6005.569762425324,6718.979013871319,7035.624092368215,76.0
2026-06-23,890.3499999999999,5988.705452911778,6690.182119391252,6969.787836244174,61.0
2026-06-24,1483.06,6146.238183215784,6675.465490270117,6966.393335401131,72.0
2026-06-25,1742.79,6081.746050872452,6638.186867035041,6962.671635710556,65.0
2026-06-26,37.6,6272.925531914893,6544.159042553191,6789.827127659574,9.0
2026-06-27,818.0,6269.387775061125,6769.637652811735,6982.526894865526,44.0
2026-06-28,14.3,6203.496503496504,6423.776223776224,6605.601398601399,5.0
2026-06-29,1411.81,6034.371480581665,6645.469149531452,6884.948895389606,82.0
2026-06-30,1406.64,6158.831399647387,6666.651630836604,6889.53989649093,71.0
