Date,commodity,price
2021-01-01,Wheat,2094.37
2021-02-01,Wheat,2288.28
2021-03-01,Wheat,1591.33
2021-04-01,Wheat,2311.38
2021-05-01,Wheat,2685.35
2021-06-01,Wheat,3091.55
2021-07-01,Wheat,1563.14
2021-08-01,Wheat,1599.09
2021-09-01,Wheat,1858.58
2021-10-01,Wheat,1715.17
2021-11-01,Wheat,3208.68
2021-12-01,Wheat,1724.78
2021-01-13,Wheat,1673.44
2021-01-14,Wheat,2539.62
2021-01-15,Wheat,2743.09
2021-01-16,Wheat,2356.84
2021-01-17,Wheat,1713.03
2021-01-18,Wheat,2304.74
2021-01-19,Wheat,2527.74
2021-01-20,Wheat,2200.71
2021-01-21,Wheat,2182.45
2021-01-22,Wheat,2311.47
2021-01-23,Wheat,2363.81
2021-01-24,Wheat,1743.97
2021-01-25,Wheat,2199.04
2021-01-26,Wheat,1700.62
2021-01-27,Wheat,2437.33
2021-01-28,Wheat,2248.83
2021-01-29,Wheat,2074.8
2021-01-30,Wheat,2267.22
2021-01-31,Wheat,1749.37
2021-01-02,Wheat,2200.89
2021-02-02,Wheat,2286.0
2021-03-02,Wheat,2237.33
2021-04-02,Wheat,2168.81
2021-05-02,Wheat,2368.31
2021-06-02,Wheat,1838.28
2021-07-02,Wheat,1663.35
2021-08-02,Wheat,1728.22
2021-09-02,Wheat,2498.4
2021-10-02,Wheat,1655.92
2021-11-02,Wheat,2434.77
2021-12-02,Wheat,2217.2
2021-02-13,Wheat,2437.3
2021-02-14,Wheat,1646.65
2021-02-15,Wheat,2106.35
2021-02-16,Wheat,2456.36
2021-02-17,Wheat,2062.61
2021-02-18,Wheat,1949.99
2021-02-19,Wheat,1688.14
2021-02-20,Wheat,2284.38
2021-02-21,Wheat,1669.8
2021-02-22,Wheat,2089.57
2021-02-23,Wheat,2137.25
2021-02-24,Wheat,1950.34
2021-02-25,Wheat,1745.14
2021-02-26,Wheat,2001.48
2021-02-27,Wheat,1822.98
2021-02-28,Wheat,1682.14
2021-01-03,Wheat,2013.85
2021-02-03,Wheat,2125.13
2021-03-03,Wheat,1843.55
2021-04-03,Wheat,1973.14
2021-05-03,Wheat,1989.51
2021-06-03,Wheat,2219.91
2021-07-03,Wheat,1711.81
2021-08-03,Wheat,1951.18
2021-09-03,Wheat,2116.86
2021-10-03,Wheat,1983.89
2021-11-03,Wheat,2146.46
2021-12-03,Wheat,1988.06
2021-03-13,Wheat,2119.92
2021-03-14,Wheat,1706.7
2021-03-15,Wheat,2039.39
2021-03-16,Wheat,2489.6
2021-03-17,Wheat,1716.17
2021-03-18,Wheat,1768.19
2021-03-19,Wheat,1672.35
2021-03-20,Wheat,2216.14
2021-03-21,Wheat,1741.85
2021-03-22,Wheat,2051.48
2021-03-23,Wheat,1797.14
2021-03-24,Wheat,2265.87
2021-03-25,Wheat,1995.97
2021-03-26,Wheat,2022.42
2021-03-27,Wheat,2214.11
2021-03-28,Wheat,1784.25
2021-03-29,Wheat,1935.16
2021-03-30,Wheat,2624.83
2021-03-31,Wheat,2670.02
2021-01-04,Wheat,2191.0
2021-02-04,Wheat,2796.66
2021-03-04,Wheat,2176.72
2021-04-04,Wheat,1795.17
2021-05-04,Wheat,2054.09
2021-06-04,Wheat,2118.2
2021-07-04,Wheat,2301.85
2021-08-04,Wheat,2106.13
2021-09-04,Wheat,2315.16
2021-10-04,Wheat,3000.02
2021-11-04,Wheat,1688.14
2021-12-04,Wheat,2343.25
2021-04-13,Wheat,2919.58
2021-04-14,Wheat,3182.48
2021-04-15,Wheat,2203.86
2021-04-16,Wheat,2183.09
2021-04-17,Wheat,2380.03
2021-04-18,Wheat,1726.19
2021-04-19,Wheat,2646.35
2021-04-20,Wheat,2431.44
2021-04-21,Wheat,3139.03
2021-04-22,Wheat,2050.09
2021-04-23,Wheat,2248.3
2021-04-24,Wheat,1859.62
2021-04-25,Wheat,2005.94
2021-04-26,Wheat,2313.78
2021-04-27,Wheat,2257.45
2021-04-28,Wheat,1944.84
2021-04-29,Wheat,2193.99
2021-04-30,Wheat,2114.61
2021-01-05,Wheat,2529.29
2021-02-05,Wheat,1763.57
2021-03-05,Wheat,2270.6
2021-04-05,Wheat,2169.37
2021-05-05,Wheat,1997.63
2021-06-05,Wheat,2123.37
2021-07-05,Wheat,2234.62
2021-08-05,Wheat,2634.64
2021-09-05,Wheat,2030.8
2021-10-05,Wheat,2593.93
2021-11-05,Wheat,2684.25
2021-12-05,Wheat,2243.16
2021-05-13,Wheat,2471.51
2021-05-14,Wheat,3222.29
2021-05-15,Wheat,2839.71
2021-05-16,Wheat,1660.81
2021-05-17,Wheat,2554.45
2021-05-18,Wheat,2399.9
2021-05-19,Wheat,2391.8
2021-05-20,Wheat,2285.88
2021-05-21,Wheat,1860.86
2021-05-22,Wheat,2422.31
2021-05-23,Wheat,1770.48
2021-05-24,Wheat,2041.82
2021-05-25,Wheat,2363.69
2021-05-26,Wheat,2944.28
2021-05-27,Wheat,2013.04
2021-05-28,Wheat,2014.59
2021-05-29,Wheat,2298.95
2021-05-30,Wheat,1738.71
2021-05-31,Wheat,2187.15
2021-01-06,Wheat,2409.65
2021-02-06,Wheat,1650.79
2021-03-06,Wheat,1769.75
2021-04-06,Wheat,2226.34
2021-05-06,Wheat,1929.77
2021-06-06,Wheat,1719.58
2021-07-06,Wheat,1860.83
2021-08-06,Wheat,2571.87
2021-09-06,Wheat,2447.84
2021-10-06,Wheat,2372.56
2021-11-06,Wheat,2277.45
2021-12-06,Wheat,2538.35
2021-06-13,Wheat,2144.82
2021-06-14,Wheat,2195.22
2021-06-15,Wheat,2604.38
2021-06-16,Wheat,2280.7
2021-06-17,Wheat,2233.21
2021-06-18,Wheat,2271.0
2021-06-19,Wheat,2427.75
2021-06-20,Wheat,1739.13
2021-06-21,Wheat,2242.56
2021-06-22,Wheat,2441.11
2021-06-23,Wheat,2281.72
2021-06-24,Wheat,2346.92
2021-06-25,Wheat,2188.86
2021-06-26,Wheat,2529.95
2021-06-27,Wheat,2007.42
2021-06-28,Wheat,2204.37
2021-06-29,Wheat,2381.26
2021-06-30,Wheat,2134.69
2021-01-07,Wheat,2437.45
2021-02-07,Wheat,2396.26
2021-03-07,Wheat,2725.29
2021-04-07,Wheat,1672.94
2021-05-07,Wheat,2669.41
2021-06-07,Wheat,2867.95
2021-07-07,Wheat,2500.98
2021-08-07,Wheat,2587.5
2021-09-07,Wheat,2770.93
2021-10-07,Wheat,3085.57
2021-11-07,Wheat,1646.1
2021-12-07,Wheat,2526.95
2021-07-13,Wheat,2782.53
2021-07-14,Wheat,2541.98
2021-07-15,Wheat,2411.28
2021-07-16,Wheat,1101.93
2021-07-17,Wheat,2385.04
2021-07-18,Wheat,1907.07
2021-07-19,Wheat,2288.04
2021-07-20,Wheat,1960.12
2021-07-21,Wheat,3254.65
2021-07-22,Wheat,2203.82
2021-07-23,Wheat,2368.43
2021-07-24,Wheat,2376.06
2021-07-25,Wheat,1660.73
2021-07-26,Wheat,2190.47
2021-07-27,Wheat,2481.24
2021-07-28,Wheat,2217.98
2021-07-29,Wheat,2121.26
2021-07-30,Wheat,2209.45
2021-07-31,Wheat,2486.95
2021-01-08,Wheat,1809.87
2021-02-08,Wheat,2406.09
2021-03-08,Wheat,2489.41
2021-04-08,Wheat,2441.08
2021-05-08,Wheat,2608.1
2021-06-08,Wheat,2432.34
2021-07-08,Wheat,2542.36
2021-08-08,Wheat,1667.33
2021-09-08,Wheat,2419.1
2021-10-08,Wheat,2379.25
2021-11-08,Wheat,2180.83
2021-12-08,Wheat,2126.39
2021-08-13,Wheat,2603.71
2021-08-14,Wheat,2530.32
2021-08-15,Wheat,1718.75
2021-08-16,Wheat,2744.51
2021-08-17,Wheat,2610.27
2021-08-18,Wheat,2355.24
2021-08-19,Wheat,2555.41
2021-08-20,Wheat,2363.91
2021-08-21,Wheat,2501.9
2021-08-22,Wheat,1718.3
2021-08-23,Wheat,2291.67
2021-08-24,Wheat,2504.62
2021-08-25,Wheat,2256.84
2021-08-26,Wheat,2133.83
2021-08-27,Wheat,2081.63
2021-08-28,Wheat,2423.32
2021-08-29,Wheat,1783.62
2021-08-30,Wheat,2372.01
2021-08-31,Wheat,2122.34
2021-01-09,Wheat,2485.08
2021-02-09,Wheat,2251.55
2021-03-09,Wheat,2336.64
2021-04-09,Wheat,2436.07
2021-05-09,Wheat,1828.4
2021-06-09,Wheat,3055.55
2021-07-09,Wheat,2942.24
2021-08-09,Wheat,2614.67
2021-09-09,Wheat,2261.87
2021-10-09,Wheat,2020.9
2021-11-09,Wheat,2757.39
2021-12-09,Wheat,1850.32
2021-09-13,Wheat,3270.15
2021-09-14,Wheat,2546.64
2021-09-15,Wheat,2363.56
2021-09-16,Wheat,2257.03
2021-09-17,Wheat,2657.83
2021-09-18,Wheat,2366.18
2021-09-19,Wheat,1843.88
2021-09-20,Wheat,2390.79
2021-09-21,Wheat,2375.21
2021-09-22,Wheat,2114.31
2021-09-23,Wheat,2258.91
2021-09-24,Wheat,2304.05
2021-09-25,Wheat,2065.76
2021-09-26,Wheat,1789.56
2021-09-27,Wheat,2761.33
2021-09-28,Wheat,2697.97
2021-09-29,Wheat,1896.31
2021-09-30,Wheat,2539.46
2021-01-10,Wheat,2791.79
2021-02-10,Wheat,3346.32
2021-03-10,Wheat,1771.66
2021-04-10,Wheat,2155.28
2021-05-10,Wheat,2423.93
2021-06-10,Wheat,2907.71
2021-07-10,Wheat,2292.42
2021-08-10,Wheat,2446.99
2021-09-10,Wheat,2494.42
2021-10-10,Wheat,1809.89
2021-11-10,Wheat,2257.35
2021-12-10,Wheat,2677.43
2021-10-13,Wheat,2367.45
2021-10-14,Wheat,2378.1
2021-10-15,Wheat,2042.25
2021-10-16,Wheat,2071.81
2021-10-17,Wheat,1811.43
2021-10-18,Wheat,2241.59
2021-10-19,Wheat,3231.65
2021-10-20,Wheat,2431.1
2021-10-21,Wheat,2334.38
2021-10-22,Wheat,2492.16
2021-10-23,Wheat,2549.06
2021-10-24,Wheat,1811.99
2021-10-25,Wheat,2360.74
2021-10-26,Wheat,2574.58
2021-10-27,Wheat,2510.85
2021-10-28,Wheat,2585.59
2021-10-29,Wheat,2520.66
2021-10-30,Wheat,2662.63
2021-10-31,Wheat,1845.09
2021-01-11,Wheat,2797.56
2021-02-11,Wheat,3105.63
2021-03-11,Wheat,3090.45
2021-04-11,Wheat,1795.65
2021-05-11,Wheat,3069.14
2021-06-11,Wheat,2282.07
2021-07-11,Wheat,1828.12
2021-08-11,Wheat,2473.75
2021-09-11,Wheat,2220.11
2021-10-11,Wheat,2482.6
2021-11-11,Wheat,2356.69
2021-12-11,Wheat,2664.37
2021-11-13,Wheat,2547.0
2021-11-14,Wheat,1812.03
2021-11-15,Wheat,2605.36
2021-11-16,Wheat,2630.48
2021-11-17,Wheat,2510.77
2021-11-18,Wheat,2457.99
2021-11-19,Wheat,2804.77
2021-11-20,Wheat,2466.55
2021-11-21,Wheat,1855.45
2021-11-22,Wheat,2780.34
2021-11-23,Wheat,2438.62
2021-11-24,Wheat,2443.33
2021-11-25,Wheat,2431.47
2021-11-26,Wheat,2526.66
2021-11-27,Wheat,2446.24
2021-11-28,Wheat,1864.77
2021-11-29,Wheat,2479.39
2021-11-30,Wheat,2515.2
2021-01-12,Wheat,2472.42
2021-02-12,Wheat,2490.74
2021-03-12,Wheat,2518.89
2021-04-12,Wheat,2484.9
2021-05-12,Wheat,1863.66
2021-06-12,Wheat,2497.01
2021-07-12,Wheat,4141.2
2021-08-12,Wheat,2537.13
2021-09-12,Wheat,2503.15
2021-10-12,Wheat,2128.47
2021-11-12,Wheat,2629.88
2021-12-12,Wheat,1887.1
2021-12-13,Wheat,2626.26
2021-12-14,Wheat,2730.86
2021-12-15,Wheat,2353.05
2021-12-16,Wheat,2512.23
2021-12-17,Wheat,2323.08
2021-12-18,Wheat,2755.01
2021-12-19,Wheat,1989.79
2021-12-20,Wheat,2296.39
2021-12-21,Wheat,2570.45
2021-12-22,Wheat,2558.15
2021-12-23,Wheat,2358.23
2021-12-24,Wheat,2524.92
2021-12-25,Wheat,2901.67
2021-12-26,Wheat,1903.14
2021-12-27,Wheat,2558.25
2021-12-28,Wheat,2672.31
2021-12-29,Wheat,2260.45
2021-12-30,Wheat,2433.5
2021-12-31,Wheat,2629.67
2022-01-01,Wheat,2513.53
2022-02-01,Wheat,2197.1
2022-03-01,Wheat,2622.62
2022-04-01,Wheat,2540.2
2022-05-01,Wheat,2436.78
2022-06-01,Wheat,2196.36
2022-07-01,Wheat,2413.04
2022-08-01,Wheat,2537.6
2022-09-01,Wheat,2188.68
2022-10-01,Wheat,2639.05
2022-11-01,Wheat,2705.22
2022-12-01,Wheat,2700.09
2022-01-13,Wheat,1843.16
2022-01-14,Wheat,2738.14
2022-01-15,Wheat,2817.15
2022-01-16,Wheat,2144.34
2022-01-17,Wheat,2544.59
2022-01-18,Wheat,2631.07
2022-01-19,Wheat,2523.91
2022-01-20,Wheat,2503.73
2022-01-21,Wheat,2487.87
2022-01-22,Wheat,2493.29
2022-01-23,Wheat,2106.99
2022-01-24,Wheat,2449.32
2022-01-25,Wheat,2592.53
2022-01-26,Wheat,2076.09
2022-01-27,Wheat,2499.47
2022-01-28,Wheat,2555.01
2022-01-29,Wheat,2445.93
2022-01-30,Wheat,2129.67
2022-01-31,Wheat,2547.33
2022-01-02,Wheat,2786.86
2022-02-02,Wheat,2354.4
2022-03-02,Wheat,2420.85
2022-04-02,Wheat,2299.01
2022-05-02,Wheat,2552.02
2022-06-02,Wheat,2181.02
2022-07-02,Wheat,2638.25
2022-08-02,Wheat,2505.79
2022-09-02,Wheat,2413.38
2022-10-02,Wheat,2454.91
2022-11-02,Wheat,2532.91
2022-12-02,Wheat,2497.39
2022-02-13,Wheat,2025.38
2022-02-14,Wheat,2448.05
2022-02-15,Wheat,2513.58
2022-02-16,Wheat,2432.22
2022-02-17,Wheat,2356.02
2022-02-18,Wheat,2455.6
2022-02-19,Wheat,2461.96
2022-02-20,Wheat,1970.67
2022-02-21,Wheat,2445.25
2022-02-22,Wheat,2537.51
2022-02-23,Wheat,2389.69
2022-02-24,Wheat,2336.95
2022-02-25,Wheat,2270.02
2022-02-26,Wheat,2484.29
2022-02-27,Wheat,1928.46
2022-02-28,Wheat,2362.77
2022-01-03,Wheat,2557.89
2022-02-03,Wheat,2317.35
2022-03-03,Wheat,2226.74
2022-04-03,Wheat,2291.8
2022-05-03,Wheat,2308.84
2022-06-03,Wheat,2032.31
2022-07-03,Wheat,2302.94
2022-08-03,Wheat,2450.82
2022-09-03,Wheat,2406.07
2022-10-03,Wheat,2454.82
2022-11-03,Wheat,2430.93
2022-12-03,Wheat,2527.36
2022-03-13,Wheat,2143.64
2022-03-14,Wheat,2442.93
2022-03-15,Wheat,2382.14
2022-03-16,Wheat,2362.07
2022-03-17,Wheat,2416.89
2022-03-18,Wheat,2862.87
2022-03-19,Wheat,2448.53
2022-03-20,Wheat,2119.52
2022-03-21,Wheat,2306.72
2022-03-22,Wheat,2224.41
2022-03-23,Wheat,2309.1
2022-03-24,Wheat,2273.14
2022-03-25,Wheat,2315.72
2022-03-26,Wheat,2396.03
2022-03-27,Wheat,2049.07
2022-03-28,Wheat,2465.55
2022-03-29,Wheat,2403.25
2022-03-30,Wheat,2519.71
2022-03-31,Wheat,2501.95
2022-01-04,Wheat,2425.52
2022-02-04,Wheat,2603.78
2022-03-04,Wheat,2119.04
2022-04-04,Wheat,2248.57
2022-05-04,Wheat,2346.2
2022-06-04,Wheat,2377.59
2022-07-04,Wheat,2265.29
2022-08-04,Wheat,2317.69
2022-09-04,Wheat,2414.28
2022-10-04,Wheat,2173.95
2022-11-04,Wheat,2345.96
2022-12-04,Wheat,2377.64
2022-04-13,Wheat,2328.59
2022-04-14,Wheat,2762.43
2022-04-15,Wheat,2660.26
2022-04-16,Wheat,2572.54
2022-04-17,Wheat,2054.12
2022-04-18,Wheat,2364.61
2022-04-19,Wheat,2417.33
2022-04-20,Wheat,2428.23
2022-04-21,Wheat,2427.1
2022-04-22,Wheat,2383.15
2022-04-23,Wheat,2535.24
2022-04-24,Wheat,2658.63
2022-04-25,Wheat,2403.91
2022-04-26,Wheat,2484.39
2022-04-27,Wheat,2440.77
2022-04-28,Wheat,2295.13
2022-04-29,Wheat,2536.61
2022-04-30,Wheat,2479.44
2022-01-05,Wheat,2116.47
2022-02-05,Wheat,2395.5
2022-03-05,Wheat,2811.04
2022-04-05,Wheat,2444.0
2022-05-05,Wheat,2403.98
2022-06-05,Wheat,2453.28
2022-07-05,Wheat,2334.52
2022-08-05,Wheat,2130.05
2022-09-05,Wheat,2474.36
2022-10-05,Wheat,2521.33
2022-11-05,Wheat,2486.64
2022-12-05,Wheat,2593.96
2022-05-13,Wheat,2276.19
2022-05-14,Wheat,2501.33
2022-05-15,Wheat,2223.66
2022-05-16,Wheat,2662.01
2022-05-17,Wheat,2435.52
2022-05-18,Wheat,2409.18
2022-05-19,Wheat,2297.47
2022-05-20,Wheat,2296.69
2022-05-21,Wheat,2463.98
2022-05-22,Wheat,2094.47
2022-05-23,Wheat,2367.08
2022-05-24,Wheat,2408.27
2022-05-25,Wheat,2422.49
2022-05-26,Wheat,2405.46
2022-05-27,Wheat,2496.36
2022-05-28,Wheat,2543.85
2022-05-29,Wheat,2308.71
2022-05-30,Wheat,2535.66
2022-05-31,Wheat,2432.33
2022-01-06,Wheat,2499.77
2022-02-06,Wheat,2628.39
2022-03-06,Wheat,2160.85
2022-04-06,Wheat,2268.74
2022-05-06,Wheat,2100.37
2022-06-06,Wheat,2138.34
2022-07-06,Wheat,2495.75
2022-08-06,Wheat,2517.79
2022-09-06,Wheat,2495.18
2022-10-06,Wheat,2458.18
2022-11-06,Wheat,2492.11
2022-12-06,Wheat,2079.03
2022-06-13,Wheat,2436.59
2022-06-14,Wheat,2440.99
2022-06-15,Wheat,2690.42
2022-06-16,Wheat,2618.61
2022-06-17,Wheat,2572.67
2022-06-18,Wheat,2643.75
2022-06-19,Wheat,2129.28
2022-06-20,Wheat,2814.93
2022-06-21,Wheat,2709.21
2022-06-22,Wheat,2535.99
2022-06-23,Wheat,2358.77
2022-06-24,Wheat,2698.67
2022-06-25,Wheat,2715.98
2022-06-26,Wheat,2080.66
2022-06-27,Wheat,2541.33
2022-06-28,Wheat,2459.75
2022-06-29,Wheat,2569.21
2022-06-30,Wheat,2557.54
2022-01-07,Wheat,2812.74
2022-02-07,Wheat,2748.28
2022-03-07,Wheat,2401.73
2022-04-07,Wheat,2607.63
2022-05-07,Wheat,2758.47
2022-06-07,Wheat,2605.46
2022-07-07,Wheat,2595.43
2022-08-07,Wheat,2695.42
2022-09-07,Wheat,2727.19
2022-10-07,Wheat,2518.36
2022-11-07,Wheat,2731.02
2022-12-07,Wheat,2827.8
2022-07-13,Wheat,2809.81
2022-07-14,Wheat,2777.54
2022-07-15,Wheat,2691.36
2022-07-16,Wheat,2775.57
2022-07-17,Wheat,2141.72
2022-07-18,Wheat,2699.56
2022-07-19,Wheat,2715.2
2022-07-20,Wheat,2698.82
2022-07-21,Wheat,2417.09
2022-07-22,Wheat,2687.63
2022-07-23,Wheat,2808.02
2022-07-24,Wheat,2441.75
2022-07-25,Wheat,2514.74
2022-07-26,Wheat,2817.45
2022-07-27,Wheat,2542.0
2022-07-28,Wheat,2780.91
2022-07-29,Wheat,2720.76
2022-07-30,Wheat,2770.9
2022-07-31,Wheat,2473.74
2022-01-08,Wheat,2870.92
2022-02-08,Wheat,2883.84
2022-03-08,Wheat,2560.69
2022-04-08,Wheat,2703.03
2022-05-08,Wheat,2795.59
2022-06-08,Wheat,2472.74
2022-07-08,Wheat,2623.63
2022-08-08,Wheat,2871.43
2022-09-08,Wheat,3070.87
2022-10-08,Wheat,2733.79
2022-11-08,Wheat,2798.5
2022-12-08,Wheat,2795.04
2022-08-13,Wheat,3149.23
2022-08-14,Wheat,2302.37
2022-08-15,Wheat,2240.91
2022-08-16,Wheat,2998.86
2022-08-17,Wheat,2743.37
2022-08-18,Wheat,2580.86
2022-08-19,Wheat,2624.72
2022-08-20,Wheat,2667.78
2022-08-21,Wheat,2619.04
2022-08-22,Wheat,2878.55
2022-08-23,Wheat,2745.27
2022-08-24,Wheat,2834.12
2022-08-25,Wheat,2773.3
2022-08-26,Wheat,3070.56
2022-08-27,Wheat,2829.61
2022-08-28,Wheat,2331.15
2022-08-29,Wheat,2524.74
2022-08-30,Wheat,2841.68
2022-08-31,Wheat,3688.51
2022-01-09,Wheat,2318.91
2022-02-09,Wheat,2578.28
2022-03-09,Wheat,2614.57
2022-04-09,Wheat,2206.08
2022-05-09,Wheat,2913.71
2022-06-09,Wheat,2289.79
2022-07-09,Wheat,2702.01
2022-08-09,Wheat,2727.85
2022-09-09,Wheat,2906.93
2022-10-09,Wheat,2865.6
2022-11-09,Wheat,2795.07
2022-12-09,Wheat,2932.44
2022-09-13,Wheat,2860.92
2022-09-14,Wheat,2765.71
2022-09-15,Wheat,2681.66
2022-09-16,Wheat,2777.82
2022-09-17,Wheat,2877.95
2022-09-18,Wheat,2392.09
2022-09-19,Wheat,2929.16
2022-09-20,Wheat,2908.02
2022-09-21,Wheat,2605.37
2022-09-22,Wheat,2826.19
2022-09-23,Wheat,2804.58
2022-09-24,Wheat,2646.22
2022-09-25,Wheat,2317.76
2022-09-26,Wheat,2863.42
2022-09-27,Wheat,2849.79
2022-09-28,Wheat,2750.48
2022-09-29,Wheat,2789.35
2022-09-30,Wheat,2835.09
2022-01-10,Wheat,2948.5
2022-02-10,Wheat,2308.5
2022-03-10,Wheat,2770.63
2022-04-10,Wheat,2854.49
2022-05-10,Wheat,3071.47
2022-06-10,Wheat,2851.89
2022-07-10,Wheat,2710.99
2022-08-10,Wheat,2860.26
2022-09-10,Wheat,2585.34
2022-10-10,Wheat,2825.87
2022-11-10,Wheat,2760.18
2022-12-10,Wheat,2819.93
2022-10-13,Wheat,2788.69
2022-10-14,Wheat,2856.0
2022-10-15,Wheat,2860.51
2022-10-16,Wheat,2254.16
2022-10-17,Wheat,2962.42
2022-10-18,Wheat,2935.42
2022-10-19,Wheat,2936.68
2022-10-20,Wheat,2886.12
2022-10-21,Wheat,2924.03
2022-10-22,Wheat,3018.09
2022-10-23,Wheat,2968.56
2022-10-24,Wheat,3753.57
2022-10-25,Wheat,3356.2
2022-10-26,Wheat,3073.82
2022-10-27,Wheat,3043.09
2022-10-28,Wheat,2924.26
2022-10-29,Wheat,4471.17
2022-10-30,Wheat,2737.05
2022-10-31,Wheat,2853.94
2022-01-11,Wheat,2923.41
2022-02-11,Wheat,2898.55
2022-03-11,Wheat,2940.22
2022-04-11,Wheat,2969.89
2022-05-11,Wheat,2939.04
2022-06-11,Wheat,2702.69
2022-07-11,Wheat,2988.06
2022-08-11,Wheat,2978.97
2022-09-11,Wheat,2960.93
2022-10-11,Wheat,2921.38
2022-11-11,Wheat,2983.0
2022-12-11,Wheat,2952.96
2022-11-13,Wheat,2720.11
2022-11-14,Wheat,2732.07
2022-11-15,Wheat,2939.52
2022-11-16,Wheat,3009.5
2022-11-17,Wheat,3173.27
2022-11-18,Wheat,2937.26
2022-11-19,Wheat,2915.31
2022-11-20,Wheat,2924.99
2022-11-21,Wheat,3036.44
2022-11-22,Wheat,2963.06
2022-11-23,Wheat,3259.43
2022-11-24,Wheat,3130.59
2022-11-25,Wheat,2825.61
2022-11-26,Wheat,3138.66
2022-11-27,Wheat,2918.43
2022-11-28,Wheat,2976.39
2022-11-29,Wheat,3030.2
2022-11-30,Wheat,3118.81
2022-01-12,Wheat,2667.02
2022-02-12,Wheat,3152.86
2022-03-12,Wheat,3304.91
2022-04-12,Wheat,2571.75
2022-05-12,Wheat,3438.2
2022-06-12,Wheat,3001.43
2022-07-12,Wheat,2930.08
2022-08-12,Wheat,3107.42
2022-09-12,Wheat,3152.11
2022-10-12,Wheat,3245.35
2022-11-12,Wheat,2957.99
2022-12-12,Wheat,3264.12
2022-12-13,Wheat,3314.63
2022-12-14,Wheat,3269.84
2022-12-15,Wheat,3133.27
2022-12-16,Wheat,3294.42
2022-12-17,Wheat,3215.32
2022-12-18,Wheat,3027.48
2022-12-19,Wheat,3571.96
2022-12-20,Wheat,3801.66
2022-12-21,Wheat,3668.72
2022-12-22,Wheat,3058.42
2022-12-23,Wheat,3829.2
2022-12-24,Wheat,3002.72
2022-12-25,Wheat,2680.23
2022-12-26,Wheat,3189.04
2022-12-27,Wheat,3065.84
2022-12-28,Wheat,3481.46
2022-12-29,Wheat,3291.21
2022-12-30,Wheat,3041.16
2022-12-31,Wheat,3583.32
2023-01-01,Wheat,2815.16
2023-02-01,Wheat,4006.89
2023-03-01,Wheat,4005.2
2023-04-01,Wheat,3734.04
2023-05-01,Wheat,3145.44
2023-06-01,Wheat,3273.87
2023-07-01,Wheat,3011.36
2023-08-01,Wheat,2651.27
2023-09-01,Wheat,3010.24
2023-10-01,Wheat,3150.18
2023-11-01,Wheat,3759.86
2023-12-01,Wheat,3607.17
2023-01-13,Wheat,2749.69
2023-01-14,Wheat,3158.19
2023-01-15,Wheat,2696.3
2023-01-16,Wheat,2601.9
2023-01-17,Wheat,3777.11
2023-01-18,Wheat,2679.7
2023-01-19,Wheat,4062.5
2023-01-20,Wheat,4031.85
2023-01-21,Wheat,3713.81
2023-01-22,Wheat,3014.68
2023-01-23,Wheat,3630.33
2023-01-24,Wheat,3714.82
2023-01-25,Wheat,3636.43
2023-01-26,Wheat,3124.63
2023-01-27,Wheat,3636.56
2023-01-28,Wheat,3643.48
2023-01-29,Wheat,2989.78
2023-01-30,Wheat,3566.88
2023-01-31,Wheat,3607.56
2023-01-02,Wheat,3073.01
2023-02-02,Wheat,3584.73
2023-03-02,Wheat,3555.26
2023-04-02,Wheat,3536.9
2023-05-02,Wheat,2922.57
2023-06-02,Wheat,3561.85
2023-07-02,Wheat,3653.55
2023-08-02,Wheat,3516.62
2023-09-02,Wheat,3519.33
2023-10-02,Wheat,3504.65
2023-11-02,Wheat,3597.46
2023-12-02,Wheat,3093.51
2023-02-13,Wheat,3639.61
2023-02-14,Wheat,2992.56
2023-02-15,Wheat,3188.73
2023-02-16,Wheat,3067.07
2023-02-17,Wheat,3056.21
2023-02-18,Wheat,3559.58
2023-02-19,Wheat,2766.0
2023-02-20,Wheat,3256.13
2023-02-21,Wheat,3052.65
2023-02-22,Wheat,2877.69
2023-02-23,Wheat,2741.15
2023-02-24,Wheat,2826.3
2023-02-25,Wheat,3183.58
2023-02-26,Wheat,2456.09
2023-02-27,Wheat,2407.09
2023-02-28,Wheat,2976.03
2023-01-03,Wheat,2660.95
2023-02-03,Wheat,2633.79
2023-03-03,Wheat,2604.47
2023-04-03,Wheat,2792.01
2023-05-03,Wheat,2320.56
2023-06-03,Wheat,2971.4
2023-07-03,Wheat,3450.63
2023-08-03,Wheat,3005.09
2023-09-03,Wheat,2611.75
2023-10-03,Wheat,2315.22
2023-11-03,Wheat,2666.11
2023-12-03,Wheat,2217.76
2023-03-13,Wheat,2656.17
2023-03-14,Wheat,2784.18
2023-03-15,Wheat,2537.15
2023-03-16,Wheat,2690.64
2023-03-17,Wheat,3073.91
2023-03-18,Wheat,2431.62
2023-03-19,Wheat,2262.67
2023-03-20,Wheat,2739.45
2023-03-21,Wheat,2759.59
2023-03-22,Wheat,3218.15
2023-03-23,Wheat,2282.69
2023-03-24,Wheat,2589.02
2023-03-25,Wheat,2697.5
2023-03-26,Wheat,2187.5
2023-03-27,Wheat,2657.76
2023-03-28,Wheat,2535.42
2023-03-29,Wheat,2753.93
2023-03-30,Wheat,2538.89
2023-03-31,Wheat,3005.54
2023-01-04,Wheat,3064.23
2023-02-04,Wheat,2146.7
2023-03-04,Wheat,2698.69
2023-04-04,Wheat,3361.26
2023-05-04,Wheat,2576.38
2023-06-04,Wheat,2773.33
2023-07-04,Wheat,3191.2
2023-08-04,Wheat,2730.15
2023-09-04,Wheat,2410.33
2023-10-04,Wheat,2731.65
2023-11-04,Wheat,2742.16
2023-12-04,Wheat,2704.11
2023-04-13,Wheat,2614.99
2023-04-14,Wheat,3568.66
2023-04-15,Wheat,2555.25
2023-04-16,Wheat,2286.32
2023-04-17,Wheat,2632.22
2023-04-18,Wheat,2837.52
2023-04-19,Wheat,2864.09
2023-04-20,Wheat,2693.49
2023-04-21,Wheat,2815.5
2023-04-22,Wheat,3571.96
2023-04-23,Wheat,2629.45
2023-04-24,Wheat,2544.83
2023-04-25,Wheat,2841.02
2023-04-26,Wheat,2653.87
2023-04-27,Wheat,2832.32
2023-04-28,Wheat,2955.83
2023-04-29,Wheat,3092.58
2023-04-30,Wheat,2629.17
2023-01-05,Wheat,2657.37
2023-02-05,Wheat,2913.24
2023-03-05,Wheat,3091.81
2023-04-05,Wheat,2329.23
2023-05-05,Wheat,3429.23
2023-06-05,Wheat,2776.01
2023-07-05,Wheat,2435.46
2023-08-05,Wheat,2830.49
2023-09-05,Wheat,3014.44
2023-10-05,Wheat,2531.99
2023-11-05,Wheat,2634.02
2023-12-05,Wheat,3105.87
2023-05-13,Wheat,2832.19
2023-05-14,Wheat,2633.02
2023-05-15,Wheat,2834.06
2023-05-16,Wheat,3057.35
2023-05-17,Wheat,2790.49
2023-05-18,Wheat,2542.65
2023-05-19,Wheat,2511.91
2023-05-20,Wheat,2787.73
2023-05-21,Wheat,2573.98
2023-05-22,Wheat,2865.06
2023-05-23,Wheat,2611.83
2023-05-24,Wheat,2893.61
2023-05-25,Wheat,2837.98
2023-05-26,Wheat,2769.87
2023-05-27,Wheat,2988.48
2023-05-28,Wheat,2554.3
2023-05-29,Wheat,2997.45
2023-05-30,Wheat,3027.85
2023-05-31,Wheat,2874.35
2023-01-06,Wheat,2858.32
2023-02-06,Wheat,2857.18
2023-03-06,Wheat,3259.68
2023-04-06,Wheat,2585.68
2023-05-06,Wheat,2888.13
2023-06-06,Wheat,3023.31
2023-07-06,Wheat,2889.82
2023-08-06,Wheat,2981.95
2023-09-06,Wheat,3210.9
2023-10-06,Wheat,3313.67
2023-11-06,Wheat,2543.57
2023-12-06,Wheat,3167.09
2023-06-13,Wheat,3359.17
2023-06-14,Wheat,2994.91
2023-06-15,Wheat,2905.63
2023-06-16,Wheat,3171.92
2023-06-17,Wheat,3343.48
2023-06-18,Wheat,2724.58
2023-06-19,Wheat,3399.41
2023-06-20,Wheat,3471.57
2023-06-21,Wheat,3104.29
2023-06-22,Wheat,3260.15
2023-06-23,Wheat,3323.8
2023-06-24,Wheat,3437.9
2023-06-25,Wheat,2594.73
2023-06-26,Wheat,3426.05
2023-06-27,Wheat,3421.73
2023-06-28,Wheat,3281.53
2023-06-29,Wheat,3073.8
2023-06-30,Wheat,3457.63
2023-01-07,Wheat,3390.07
2023-02-07,Wheat,2245.41
2023-03-07,Wheat,3270.49
2023-04-07,Wheat,3377.73
2023-05-07,Wheat,3223.18
2023-06-07,Wheat,3094.95
2023-07-07,Wheat,3244.28
2023-08-07,Wheat,3411.29
2023-09-07,Wheat,2283.7
2023-10-07,Wheat,3488.47
2023-11-07,Wheat,3685.15
2023-12-07,Wheat,3412.14
2023-07-13,Wheat,3331.59
2023-07-14,Wheat,3372.07
2023-07-15,Wheat,3481.24
2023-07-16,Wheat,2750.71
2023-07-17,Wheat,3544.44
2023-07-18,Wheat,3327.43
2023-07-19,Wheat,3482.28
2023-07-20,Wheat,3099.73
2023-07-21,Wheat,3326.93
2023-07-22,Wheat,3586.04
2023-07-23,Wheat,2904.37
2023-07-24,Wheat,2664.83
2023-07-25,Wheat,3206.92
2023-07-26,Wheat,3288.89
2023-07-27,Wheat,3290.08
2023-07-28,Wheat,3325.36
2023-07-29,Wheat,4093.99
2023-07-30,Wheat,2448.68
2023-07-31,Wheat,3170.98
2023-01-08,Wheat,3255.28
2023-02-08,Wheat,3445.2
2023-03-08,Wheat,3399.36
2023-04-08,Wheat,3477.07
2023-05-08,Wheat,3451.46
2023-06-08,Wheat,2834.71
2023-07-08,Wheat,3556.23
2023-08-08,Wheat,3633.74
2023-09-08,Wheat,3348.29
2023-10-08,Wheat,3377.0
2023-11-08,Wheat,3481.37
2023-12-08,Wheat,3583.11
2023-08-13,Wheat,2914.02
2023-08-14,Wheat,3425.4
2023-08-15,Wheat,3215.06
2023-08-16,Wheat,4163.18
2023-08-17,Wheat,3307.38
2023-08-18,Wheat,3188.67
2023-08-19,Wheat,2776.55
2023-08-20,Wheat,3162.39
2023-08-21,Wheat,3586.58
2023-08-22,Wheat,3527.68
2023-08-23,Wheat,3286.19
2023-08-24,Wheat,3201.47
2023-08-25,Wheat,3181.17
2023-08-26,Wheat,3402.84
2023-08-27,Wheat,2944.88
2023-08-28,Wheat,3272.31
2023-08-29,Wheat,3425.58
2023-08-30,Wheat,3663.87
2023-08-31,Wheat,3241.78
2023-01-09,Wheat,3303.6
2023-02-09,Wheat,2789.86
2023-03-09,Wheat,2872.97
2023-04-09,Wheat,3368.59
2023-05-09,Wheat,3544.8
2023-06-09,Wheat,3532.16
2023-07-09,Wheat,2674.79
2023-08-09,Wheat,3609.0
2023-09-09,Wheat,3579.41
2023-10-09,Wheat,3235.15
2023-11-09,Wheat,3621.26
2023-12-09,Wheat,3679.97
2023-09-13,Wheat,3599.0
2023-09-14,Wheat,3984.96
2023-09-15,Wheat,3569.68
2023-09-16,Wheat,3540.04
2023-09-17,Wheat,3195.2
2023-09-18,Wheat,2820.71
2023-09-19,Wheat,3477.29
2023-09-20,Wheat,3806.52
2023-09-21,Wheat,3803.09
2023-09-22,Wheat,3850.89
2023-09-23,Wheat,3594.84
2023-09-24,Wheat,2957.01
2023-09-25,Wheat,2758.29
2023-09-26,Wheat,3706.81
2023-09-27,Wheat,3559.09
2023-09-28,Wheat,3811.08
2023-09-29,Wheat,2830.58
2023-09-30,Wheat,2764.13
2023-01-10,Wheat,2463.67
2023-02-10,Wheat,3200.7
2023-03-10,Wheat,3122.76
2023-04-10,Wheat,3395.76
2023-05-10,Wheat,3415.55
2023-06-10,Wheat,2777.88
2023-07-10,Wheat,3463.5
2023-08-10,Wheat,2549.86
2023-09-10,Wheat,3446.84
2023-10-10,Wheat,3651.3
2023-11-10,Wheat,3442.55
2023-12-10,Wheat,3548.16
2023-10-13,Wheat,3750.2
2023-10-14,Wheat,3880.01
2023-10-15,Wheat,3065.58
2023-10-16,Wheat,3799.96
2023-10-17,Wheat,3620.77
2023-10-18,Wheat,3543.18
2023-10-19,Wheat,3681.95
2023-10-20,Wheat,3764.72
2023-10-21,Wheat,3449.85
2023-10-22,Wheat,3090.1
2023-10-23,Wheat,3814.92
2023-10-24,Wheat,4308.67
2023-10-25,Wheat,3498.36
2023-10-26,Wheat,3410.37
2023-10-27,Wheat,2921.18
2023-10-28,Wheat,3872.4
2023-10-29,Wheat,2928.11
2023-10-30,Wheat,3700.18
2023-10-31,Wheat,3834.92
2023-01-11,Wheat,3678.5
2023-02-11,Wheat,3475.05
2023-03-11,Wheat,3758.37
2023-04-11,Wheat,3030.69
2023-06-11,Wheat,3924.36
2023-07-11,Wheat,3880.46
2023-08-11,Wheat,3646.87
2023-09-11,Wheat,3688.15
2023-10-11,Wheat,4155.4
2023-11-11,Wheat,3194.78
2023-12-11,Wheat,2678.57
2023-11-13,Wheat,2837.0
2023-11-14,Wheat,3431.71
2023-11-15,Wheat,3639.82
2023-11-16,Wheat,3624.73
2023-11-17,Wheat,3459.25
2023-11-18,Wheat,3465.02
2023-11-19,Wheat,3205.89
2023-11-20,Wheat,3662.61
2023-11-21,Wheat,3852.03
2023-11-22,Wheat,3688.37
2023-11-23,Wheat,3477.29
2023-11-24,Wheat,3605.18
2023-11-25,Wheat,3071.39
2023-11-26,Wheat,2618.19
2023-11-27,Wheat,3515.46
2023-11-28,Wheat,3857.57
2023-11-29,Wheat,3043.5
2023-11-30,Wheat,3069.58
2023-01-12,Wheat,2973.98
2023-02-12,Wheat,4228.98
2023-03-12,Wheat,2743.19
2023-04-12,Wheat,3744.66
2023-05-12,Wheat,2801.24
2023-06-12,Wheat,2769.65
2023-07-12,Wheat,2711.07
2023-08-12,Wheat,2861.47
2023-09-12,Wheat,2894.69
2023-10-12,Wheat,3103.46
2023-11-12,Wheat,2856.03
2023-12-12,Wheat,2680.08
2023-12-13,Wheat,2704.46
2023-12-14,Wheat,2916.41
2023-12-15,Wheat,2799.81
2023-12-16,Wheat,2843.11
2023-12-17,Wheat,3110.5
2023-12-18,Wheat,2718.07
2023-12-19,Wheat,2915.72
2023-12-20,Wheat,2599.35
2023-12-21,Wheat,2808.92
2023-12-22,Wheat,2833.47
2023-12-23,Wheat,2817.13
2023-12-24,Wheat,2611.11
2023-12-25,Wheat,2756.94
2023-12-26,Wheat,2771.82
2023-12-27,Wheat,2999.67
2023-12-28,Wheat,2757.92
2023-12-29,Wheat,2818.73
2023-12-30,Wheat,2972.37
2023-12-31,Wheat,3087.95
2024-01-01,Wheat,2838.56
2024-02-01,Wheat,2802.4
2024-03-01,Wheat,2853.37
2024-04-01,Wheat,2800.03
2024-05-01,Wheat,2821.59
2024-06-01,Wheat,2824.05
2024-07-01,Wheat,2595.4
2024-08-01,Wheat,2831.35
2024-09-01,Wheat,2904.54
2024-10-01,Wheat,2867.7
2024-11-01,Wheat,2879.32
2024-12-01,Wheat,2750.52
2024-01-13,Wheat,2959.89
2024-01-14,Wheat,3151.01
2024-01-15,Wheat,2867.63
2024-01-16,Wheat,2886.51
2024-01-17,Wheat,2753.61
2024-01-18,Wheat,2806.96
2024-01-19,Wheat,2807.65
2024-01-20,Wheat,2822.94
2024-01-21,Wheat,2627.27
2024-01-22,Wheat,3119.61
2024-01-23,Wheat,2928.09
2024-01-24,Wheat,2876.07
2024-01-25,Wheat,2796.01
2024-01-26,Wheat,3010.54
2024-01-27,Wheat,2874.82
2024-01-28,Wheat,2586.84
2024-01-29,Wheat,2773.46
2024-01-30,Wheat,2904.75
2024-01-31,Wheat,2795.44
2024-01-02,Wheat,2834.78
2024-02-02,Wheat,2834.72
2024-03-02,Wheat,2911.18
2024-04-02,Wheat,3101.68
2024-05-02,Wheat,2783.4
2024-06-02,Wheat,2792.87
2024-07-02,Wheat,2784.6
2024-08-02,Wheat,2687.98
2024-09-02,Wheat,2814.17
2024-10-02,Wheat,2780.19
2024-11-02,Wheat,3249.32
2024-12-02,Wheat,2663.83
2024-02-13,Wheat,2696.01
2024-02-14,Wheat,2567.14
2024-02-15,Wheat,2642.81
2024-02-16,Wheat,2682.22
2024-02-17,Wheat,2742.17
2024-02-18,Wheat,2400.0
2024-02-19,Wheat,2816.72
2024-02-20,Wheat,2557.9
2024-02-21,Wheat,2542.98
2024-02-22,Wheat,2535.63
2024-02-23,Wheat,2559.04
2024-02-24,Wheat,2552.65
2024-02-25,Wheat,2350.0
2024-02-26,Wheat,2541.27
2024-02-27,Wheat,2469.25
2024-02-28,Wheat,2519.56
2024-02-29,Wheat,2517.67
2024-01-03,Wheat,2476.15
2024-02-03,Wheat,2400.71
2024-03-03,Wheat,2509.19
2024-04-03,Wheat,2478.1
2024-05-03,Wheat,2464.53
2024-06-03,Wheat,2478.36
2024-07-03,Wheat,2541.82
2024-08-03,Wheat,2559.96
2024-09-03,Wheat,2582.07
2024-10-03,Wheat,2669.04
2024-11-03,Wheat,2507.24
2024-12-03,Wheat,2647.14
2024-03-13,Wheat,2641.62
2024-03-14,Wheat,2568.39
2024-03-15,Wheat,2545.95
2024-03-16,Wheat,2701.59
2024-03-17,Wheat,2486.99
2024-03-18,Wheat,2625.25
2024-03-19,Wheat,2553.77
2024-03-20,Wheat,2671.22
2024-03-21,Wheat,2581.17
2024-03-22,Wheat,2636.93
2024-03-23,Wheat,2710.53
2024-03-24,Wheat,2526.54
2024-03-25,Wheat,2834.1
2024-03-26,Wheat,2643.47
2024-03-27,Wheat,2633.38
2024-03-28,Wheat,2572.27
2024-03-29,Wheat,2864.74
2024-03-30,Wheat,3619.29
2024-03-31,Wheat,2911.26
2024-01-04,Wheat,2798.33
2024-02-04,Wheat,3337.0
2024-03-04,Wheat,2984.03
2024-04-04,Wheat,2967.01
2024-05-04,Wheat,2992.61
2024-06-04,Wheat,3069.31
2024-07-04,Wheat,2553.77
2024-08-04,Wheat,3333.53
2024-09-04,Wheat,2678.76
2024-12-04,Wheat,2255.75
2024-04-13,Wheat,2648.82
2024-04-14,Wheat,2648.84
2024-04-15,Wheat,3385.92
2024-04-16,Wheat,2965.33
2024-04-17,Wheat,2600.0
2024-04-18,Wheat,2257.0
2024-04-19,Wheat,3616.83
2024-04-20,Wheat,2544.94
2024-04-21,Wheat,2728.96
2024-04-22,Wheat,2985.57
2024-04-23,Wheat,2462.14
2024-04-24,Wheat,3180.39
2024-04-25,Wheat,3399.71
2024-04-26,Wheat,3567.44
2024-04-27,Wheat,3466.05
2024-04-28,Wheat,2865.42
2024-04-29,Wheat,3197.26
2024-04-30,Wheat,3372.5
2024-01-05,Wheat,2767.01
2024-02-05,Wheat,3302.04
2024-03-05,Wheat,3390.67
2024-04-05,Wheat,3129.48
2024-05-05,Wheat,3153.36
2024-06-05,Wheat,3255.4
2024-07-05,Wheat,2770.57
2024-08-05,Wheat,2746.67
2024-09-05,Wheat,3492.09
2024-10-05,Wheat,4084.6
2024-11-05,Wheat,2810.15
2024-12-05,Wheat,2564.85
2024-05-13,Wheat,3718.82
2024-05-14,Wheat,3382.3
2024-05-15,Wheat,3137.18
2024-05-16,Wheat,3236.46
2024-05-17,Wheat,3337.25
2024-05-18,Wheat,2711.35
2024-05-19,Wheat,2511.78
2024-05-20,Wheat,2592.41
2024-05-21,Wheat,3660.23
2024-05-22,Wheat,3550.48
2024-05-23,Wheat,3864.27
2024-05-24,Wheat,2669.59
2024-05-25,Wheat,2903.12
2024-05-26,Wheat,3184.24
2024-05-27,Wheat,2667.14
2024-05-28,Wheat,2741.89
2024-05-29,Wheat,2764.36
2024-05-30,Wheat,2885.66
2024-05-31,Wheat,2633.7
2024-01-06,Wheat,2711.85
2024-02-06,Wheat,2967.48
2024-03-06,Wheat,2660.54
2024-04-06,Wheat,2567.97
2024-05-06,Wheat,2671.42
2024-06-06,Wheat,2705.45
2024-07-06,Wheat,2797.04
2024-08-06,Wheat,2674.33
2024-09-06,Wheat,2941.89
2024-10-06,Wheat,2832.16
2024-11-06,Wheat,2632.67
2024-12-06,Wheat,2764.0
2024-06-13,Wheat,2822.02
2024-06-14,Wheat,2881.23
2024-06-15,Wheat,2767.19
2024-06-16,Wheat,2542.68
2024-06-17,Wheat,2475.72
2024-06-18,Wheat,2651.88
2024-06-19,Wheat,2642.98
2024-06-20,Wheat,2785.8
2024-06-21,Wheat,2815.04
2024-06-22,Wheat,2575.85
2024-06-23,Wheat,2647.75
2024-06-24,Wheat,2913.57
2024-06-25,Wheat,2840.08
2024-06-26,Wheat,2811.66
2024-06-27,Wheat,2840.69
2024-06-28,Wheat,2766.37
2024-06-29,Wheat,3012.41
2024-06-30,Wheat,2497.99
2024-01-07,Wheat,2862.55
2024-02-07,Wheat,2889.99
2024-03-07,Wheat,2786.93
2024-04-07,Wheat,2893.66
2024-05-07,Wheat,2879.38
2024-06-07,Wheat,2847.82
2024-07-07,Wheat,2956.74
2024-08-07,Wheat,2755.91
2024-09-07,Wheat,2655.18
2024-10-07,Wheat,2790.9
2024-11-07,Wheat,2834.81
2024-12-07,Wheat,2900.8
2024-07-13,Wheat,3031.05
2024-07-14,Wheat,2540.36
2024-07-15,Wheat,2852.42
2024-07-16,Wheat,2894.01
2024-07-17,Wheat,2831.41
2024-07-18,Wheat,2878.28
2024-07-19,Wheat,2908.16
2024-07-20,Wheat,2811.01
2024-07-21,Wheat,2726.99
2024-07-22,Wheat,2716.53
2024-07-23,Wheat,3029.44
2024-07-24,Wheat,3009.99
2024-07-25,Wheat,2847.75
2024-07-26,Wheat,2726.93
2024-07-27,Wheat,2914.36
2024-07-28,Wheat,2606.54
2024-07-29,Wheat,2696.34
2024-07-30,Wheat,2741.81
2024-07-31,Wheat,2910.02
2024-01-08,Wheat,2824.82
2024-02-08,Wheat,2838.74
2024-03-08,Wheat,2791.64
2024-04-08,Wheat,2553.49
2024-05-08,Wheat,2873.48
2024-06-08,Wheat,2792.2
2024-07-08,Wheat,2931.23
2024-08-08,Wheat,2842.45
2024-09-08,Wheat,3379.4
2024-10-08,Wheat,2867.64
2024-11-08,Wheat,2695.83
2024-12-08,Wheat,2941.84
2024-08-13,Wheat,3035.05
2024-08-14,Wheat,2840.93
2024-08-15,Wheat,2300.0
2024-08-16,Wheat,2922.54
2024-08-17,Wheat,2855.46
2024-08-18,Wheat,2658.18
2024-08-19,Wheat,3266.27
2024-08-20,Wheat,2788.78
2024-08-21,Wheat,2858.88
2024-08-22,Wheat,2973.86
2024-08-23,Wheat,2926.77
2024-08-24,Wheat,2909.85
2024-08-25,Wheat,3092.98
2024-08-26,Wheat,2962.58
2024-08-27,Wheat,2890.26
2024-08-28,Wheat,2947.92
2024-08-29,Wheat,2938.37
2024-08-30,Wheat,2888.32
2024-08-31,Wheat,3050.0
2024-01-09,Wheat,3090.07
2024-02-09,Wheat,3317.54
2024-03-09,Wheat,3112.1
2024-04-09,Wheat,2926.9
2024-05-09,Wheat,2868.71
2024-06-09,Wheat,2819.88
2024-07-09,Wheat,2960.31
2024-08-09,Wheat,3083.64
2024-09-09,Wheat,2850.95
2024-10-09,Wheat,2869.05
2024-11-09,Wheat,3064.79
2024-12-09,Wheat,2748.67
2024-09-13,Wheat,2990.49
2024-09-14,Wheat,2989.21
2024-09-15,Wheat,2901.83
2024-09-16,Wheat,2967.62
2024-09-17,Wheat,2889.79
2024-09-18,Wheat,2904.2
2024-09-19,Wheat,2798.53
2024-09-20,Wheat,2911.25
2024-09-21,Wheat,2818.98
2024-09-22,Wheat,2991.13
2024-09-23,Wheat,2947.54
2024-09-24,Wheat,2878.88
2024-09-25,Wheat,2858.98
2024-09-26,Wheat,2864.94
2024-09-27,Wheat,2562.93
2024-09-28,Wheat,2979.39
2024-09-29,Wheat,2988.75
2024-09-30,Wheat,2810.05
2024-01-10,Wheat,2956.36
2024-02-10,Wheat,2569.02
2024-03-10,Wheat,2905.2
2024-04-10,Wheat,2728.9
2024-05-10,Wheat,2948.89
2024-06-10,Wheat,3020.06
2024-07-10,Wheat,3427.79
2024-09-10,Wheat,2992.26
2024-10-10,Wheat,3034.36
2024-11-10,Wheat,2983.78
2024-12-10,Wheat,3033.3
2024-10-13,Wheat,3071.74
2024-10-14,Wheat,2966.49
2024-10-15,Wheat,3044.79
2024-10-16,Wheat,2932.29
2024-10-17,Wheat,2972.64
2024-10-18,Wheat,3043.87
2024-10-19,Wheat,3067.31
2024-10-20,Wheat,3109.88
2024-10-21,Wheat,3014.26
2024-10-22,Wheat,3008.41
2024-10-23,Wheat,3106.95
2024-10-24,Wheat,3021.85
2024-10-25,Wheat,3158.47
2024-10-26,Wheat,3024.22
2024-10-27,Wheat,3133.53
2024-10-28,Wheat,3091.59
2024-10-29,Wheat,4035.45
2024-10-30,Wheat,4094.08
2024-10-31,Wheat,2729.19
2024-01-11,Wheat,3186.73
2024-02-11,Wheat,3995.57
2024-03-11,Wheat,3137.25
2024-04-11,Wheat,3978.93
2024-05-11,Wheat,3116.44
2024-06-11,Wheat,3649.63
2024-07-11,Wheat,3594.65
2024-08-11,Wheat,3720.18
2024-09-11,Wheat,3953.18
2024-10-11,Wheat,3259.51
2024-11-11,Wheat,3898.95
2024-12-11,Wheat,4007.36
2024-11-13,Wheat,3756.63
2024-11-14,Wheat,3816.51
2024-11-15,Wheat,4013.58
2024-11-16,Wheat,3744.81
2024-11-17,Wheat,3121.2
2024-11-18,Wheat,3887.96
2024-11-19,Wheat,4069.58
2024-11-20,Wheat,3287.23
2024-11-21,Wheat,3165.36
2024-11-22,Wheat,3848.73
2024-11-23,Wheat,3979.42
2024-11-24,Wheat,3143.36
2024-11-25,Wheat,3742.56
2024-11-26,Wheat,4004.48
2024-11-27,Wheat,3738.86
2024-11-28,Wheat,3803.71
2024-11-29,Wheat,2995.12
2024-11-30,Wheat,4163.7
2024-01-12,Wheat,3080.55
2024-02-12,Wheat,3728.39
2024-03-12,Wheat,3920.08
2024-04-12,Wheat,3865.02
2024-05-12,Wheat,3700.21
2024-06-12,Wheat,3930.97
2024-07-12,Wheat,3934.9
2024-08-12,Wheat,3271.7
2024-09-12,Wheat,3279.38
2024-10-12,Wheat,4051.83
2024-11-12,Wheat,4018.95
2024-12-12,Wheat,3261.79
2024-12-13,Wheat,4028.42
2024-12-14,Wheat,3363.65
2024-12-15,Wheat,3047.19
2024-12-16,Wheat,3260.0
2024-12-17,Wheat,3246.5
2024-12-18,Wheat,3988.12
2024-12-19,Wheat,3633.05
2024-12-20,Wheat,3879.65
2024-12-21,Wheat,3356.05
2024-12-22,Wheat,3283.21
2024-12-23,Wheat,3778.63
2024-12-24,Wheat,4031.83
2024-12-25,Wheat,3462.64
2024-12-26,Wheat,3756.28
2024-12-27,Wheat,3729.65
2024-12-28,Wheat,3470.12
2024-12-29,Wheat,3188.96
2024-12-30,Wheat,4051.85
2024-12-31,Wheat,3948.62
2025-01-01,Wheat,3720.542984126984
2025-02-01,Wheat,3814.2933596591497
2025-03-01,Wheat,3758.579487179488
2025-04-01,Wheat,3867.088706635184
2025-05-01,Wheat,2687.753378378379
2025-06-01,Wheat,4006.617033948778
2025-07-01,Wheat,4006.23590233039
2025-08-01,Wheat,3905.372861356933
2025-09-01,Wheat,3259.037214547505
2025-10-01,Wheat,3901.797005769645
2025-11-01,Wheat,4074.951680302425
2025-12-01,Wheat,2981.5967741935488
2025-01-13,Wheat,4095.319072942297
2025-01-14,Wheat,4036.537089255912
2025-01-15,Wheat,4025.2582730342497
2025-01-16,Wheat,3919.343365695793
2025-01-17,Wheat,3787.156946483385
2025-01-18,Wheat,3896.856586115572
2025-01-19,Wheat,3102.917570498915
2025-01-20,Wheat,3181.9022869022865
2025-01-21,Wheat,4186.985466199598
2025-01-22,Wheat,4025.514535180006
2025-01-23,Wheat,3769.097067595354
2025-01-24,Wheat,3880.328282828282
2025-01-25,Wheat,3854.7160669191926
2025-01-26,Wheat,3137.188612099644
2025-01-27,Wheat,3992.13468013468
2025-01-28,Wheat,4071.552993297739
2025-01-29,Wheat,3827.380498138232
2025-01-30,Wheat,3885.7393537211656
2025-01-31,Wheat,3822.69162845709
2025-01-02,Wheat,4160.259737097357
2025-02-02,Wheat,2925.191695711472
2025-03-02,Wheat,3937.540962859444
2025-04-02,Wheat,3641.762438413566
2025-05-02,Wheat,3676.445679519433
2025-06-02,Wheat,3554.733718650016
2025-07-02,Wheat,3859.940431402056
2025-08-02,Wheat,3020.079215572622
2025-09-02,Wheat,2752.8415961305927
2025-10-02,Wheat,2455.0
2025-12-02,Wheat,2920.1020019065777
2025-02-13,Wheat,3681.371464600973
2025-02-14,Wheat,3464.848428721368
2025-02-15,Wheat,3785.265341100748
2025-02-16,Wheat,3153.588797971649
2025-02-17,Wheat,3384.363037541134
2025-02-18,Wheat,3474.924331281477
2025-02-19,Wheat,3039.670359857156
2025-02-20,Wheat,3364.6453962882765
2025-02-21,Wheat,3198.9020330039384
2025-02-22,Wheat,3397.517810534689
2025-02-23,Wheat,2799.107883817428
2025-02-24,Wheat,3190.695408823633
2025-02-25,Wheat,3395.882141325786
2025-02-26,Wheat,3032.4582940420064
2025-02-27,Wheat,3156.2320094962824
2025-02-28,Wheat,3026.318753701704
2025-01-03,Wheat,3109.9346613771254
2025-02-03,Wheat,2968.954417472034
2025-03-03,Wheat,2978.6523018514795
2025-04-03,Wheat,3039.6184980848425
2025-05-03,Wheat,2947.9623769356413
2025-06-03,Wheat,3105.3015694688465
2025-07-03,Wheat,3086.6031989640533
2025-08-03,Wheat,3210.4357449437834
2025-09-03,Wheat,2836.653327840876
2025-10-03,Wheat,3004.4574998919948
2025-11-03,Wheat,3123.0935806083226
2025-12-03,Wheat,2979.354514381658
2025-03-13,Wheat,3395.304529172187
2025-03-14,Wheat,2699.916897506925
2025-03-15,Wheat,3460.963470354272
2025-03-16,Wheat,2688.3328045685275
2025-03-17,Wheat,2954.1850303722863
2025-03-18,Wheat,2912.757960005624
2025-03-19,Wheat,2775.270101384106
2025-03-20,Wheat,2968.751005714305
2025-03-21,Wheat,3022.456297530764
2025-03-22,Wheat,2608.263488412396
2025-03-23,Wheat,2783.991459074733
2025-03-24,Wheat,3024.387006015947
2025-03-25,Wheat,3119.006340055156
2025-03-26,Wheat,3035.048025630455
2025-03-27,Wheat,2997.929550056538
2025-03-28,Wheat,3412.714483819468
2025-03-29,Wheat,2726.088571556072
2025-03-30,Wheat,2726.6165268537266
2025-03-31,Wheat,4146.776972874705
2025-01-04,Wheat,3209.30102507198
2025-02-04,Wheat,3022.109329063781
2025-03-04,Wheat,3011.1611210254346
2025-04-04,Wheat,3084.4464928042566
2025-05-04,Wheat,3360.79257667448
2025-06-04,Wheat,2728.60868579204
2025-07-04,Wheat,3223.394712915991
2025-08-04,Wheat,3272.1778659143183
2025-09-04,Wheat,3366.450649314655
2025-10-04,Wheat,3792.73978489768
2025-11-04,Wheat,3083.5708859924416
2025-12-04,Wheat,3089.35995166536
2025-04-13,Wheat,2670.3086370523965
2025-04-14,Wheat,2719.657064977162
2025-04-15,Wheat,3127.988551406336
2025-04-16,Wheat,3160.965956098505
2025-04-17,Wheat,3218.226774717692
2025-04-18,Wheat,3770.1439769245817
2025-04-19,Wheat,3423.874609195881
2025-04-20,Wheat,2848.356258596974
2025-04-21,Wheat,3284.228322307556
2025-04-22,Wheat,3524.195728771713
2025-04-23,Wheat,3398.1276459158657
2025-04-24,Wheat,3276.1863093219063
2025-04-25,Wheat,3292.231006927949
2025-04-26,Wheat,3304.535803026881
2025-04-27,Wheat,2557.245248868778
2025-04-28,Wheat,3297.7013803108493
2025-04-29,Wheat,3362.5572720456885
2025-04-30,Wheat,3629.702993844433
2025-01-05,Wheat,2535.84
2025-02-05,Wheat,3315.773983437989
2025-03-05,Wheat,3441.99815572928
2025-04-05,Wheat,2415.847545219639
2025-05-05,Wheat,3195.579639369508
2025-06-05,Wheat,3630.491594612199
2025-07-05,Wheat,3400.324758863528
2025-08-05,Wheat,3207.7245471580263
2025-09-05,Wheat,3168.680577081469
2025-10-05,Wheat,2580.171397382098
2025-11-05,Wheat,2557.301846501696
2025-12-05,Wheat,3930.547092915144
2025-05-13,Wheat,3721.350989250662
2025-05-15,Wheat,3412.929654882813
2025-05-16,Wheat,3623.39649434616
2025-05-17,Wheat,3821.9521426468737
2025-05-18,Wheat,2985.974695407685
2025-05-19,Wheat,3579.0726786807963
2025-05-20,Wheat,3640.739639156368
2025-05-21,Wheat,3405.870559759552
2025-05-22,Wheat,3246.480391327821
2025-05-23,Wheat,3207.9543267916683
2025-05-24,Wheat,3692.2618756706793
2025-05-25,Wheat,2581.6142322097376
2025-05-26,Wheat,3431.5184467107474
2025-05-27,Wheat,3367.936787642472
2025-05-28,Wheat,3321.033884758645
2025-05-29,Wheat,2760.192311508383
2025-05-30,Wheat,2967.049085095148
2025-05-31,Wheat,3055.365782773974
2025-01-06,Wheat,2899.91
2025-02-06,Wheat,3350.21
2025-03-06,Wheat,3337.38
2025-04-06,Wheat,3430.48
2025-05-06,Wheat,2976.49
2025-06-06,Wheat,3437.27
2025-07-06,Wheat,3973.76
2025-08-06,Wheat,2899.7
2025-09-06,Wheat,3255.86
2025-10-06,Wheat,3405.85
2025-11-06,Wheat,3140.74
2025-12-06,Wheat,3272.0
2025-06-13,Wheat,3176.8
2025-06-14,Wheat,3821.48
2025-06-15,Wheat,2719.76
2025-06-16,Wheat,3528.43
2025-06-17,Wheat,3053.13
2025-06-18,Wheat,3322.99
2025-06-19,Wheat,3290.29
2025-06-20,Wheat,3305.9
2025-06-21,Wheat,2774.33
2025-06-22,Wheat,2583.43
2025-06-23,Wheat,3229.07
2025-06-24,Wheat,3262.36
2025-06-25,Wheat,3416.95
2025-06-26,Wheat,3243.0
2025-06-27,Wheat,3240.81
2025-06-28,Wheat,3424.35
2025-06-29,Wheat,2995.02
2025-06-30,Wheat,2790.78
2025-01-07,Wheat,3553.1368494497474
2025-02-07,Wheat,2453.269248771356
2025-03-07,Wheat,3363.1616479612467
2025-04-07,Wheat,3301.5630177724283
2025-05-07,Wheat,3128.0812317422883
2025-06-07,Wheat,3080.7468706536856
2025-07-07,Wheat,2907.2961676333075
2025-08-07,Wheat,3617.157675784436
2025-09-07,Wheat,3602.334170040486
2025-10-07,Wheat,3442.3833481094066
2025-11-07,Wheat,3395.5688185424283
2025-12-07,Wheat,3663.719906606711
2025-07-13,Wheat,3000.6541875723656
2025-07-14,Wheat,3445.4988533733467
2025-07-15,Wheat,3439.7190196572246
2025-07-16,Wheat,3457.3058256264326
2025-07-17,Wheat,3157.9244513834674
2025-07-18,Wheat,3436.8479643526493
2025-07-19,Wheat,3445.032891389025
2025-07-20,Wheat,2958.3171834625323
2025-07-21,Wheat,3420.3232812112187
2025-07-22,Wheat,3431.913052096066
2025-07-23,Wheat,3503.550975213784
2025-07-24,Wheat,3434.820576410037
2025-07-25,Wheat,3536.194589011968
2025-07-26,Wheat,3879.0358716173696
2025-07-27,Wheat,2965.8861224918587
2025-07-28,Wheat,3457.009292433305
2025-07-29,Wheat,4045.2504219918014
2025-07-30,Wheat,3201.1734836000214
2025-07-31,Wheat,3281.2224126301207
2025-01-08,Wheat,3416.91
2025-02-08,Wheat,3535.19
2025-03-08,Wheat,3061.93
2025-04-08,Wheat,3567.69
2025-05-08,Wheat,3686.02
2025-06-08,Wheat,3383.55
2025-07-08,Wheat,3348.39
2025-08-08,Wheat,3544.02
2025-09-08,Wheat,2719.23
2025-10-08,Wheat,2965.69
2025-11-08,Wheat,3587.81
2025-12-08,Wheat,3708.33
2025-08-13,Wheat,3563.85
2025-08-14,Wheat,3888.69
2025-08-15,Wheat,2448.6
2025-08-16,Wheat,3277.01
2025-08-17,Wheat,3007.05
2025-08-18,Wheat,3778.07
2025-08-19,Wheat,3958.19
2025-08-20,Wheat,2794.97
2025-08-21,Wheat,3575.22
2025-08-22,Wheat,4067.22
2025-08-23,Wheat,3913.29
2025-08-24,Wheat,2920.81
2025-08-25,Wheat,3214.96
2025-08-26,Wheat,3626.63
2025-08-27,Wheat,3717.17
2025-08-28,Wheat,3597.21
2025-08-29,Wheat,3767.59
2025-08-30,Wheat,4036.21
2025-08-31,Wheat,2619.53
2025-01-09,Wheat,3756.77
2025-02-09,Wheat,3657.56
2025-03-09,Wheat,3537.54
2025-04-09,Wheat,3502.47
2025-05-09,Wheat,3954.22
2025-06-09,Wheat,3429.55
2025-07-09,Wheat,2811.48
2025-08-09,Wheat,3545.5
2025-09-09,Wheat,3559.51
2025-10-09,Wheat,3279.33
2025-11-09,Wheat,3125.78
2025-12-09,Wheat,3503.85
2025-09-13,Wheat,3499.17
2025-09-14,Wheat,3052.61
2025-09-15,Wheat,3589.22
2025-09-16,Wheat,3855.1
2025-09-17,Wheat,3722.99
2025-09-18,Wheat,3398.22
2025-09-19,Wheat,3276.32
2025-09-20,Wheat,3670.86
2025-09-21,Wheat,2868.98
2025-09-22,Wheat,2900.7
2025-09-23,Wheat,3601.54
2025-09-24,Wheat,3421.2
2025-09-25,Wheat,2780.87
2025-09-26,Wheat,3739.88
2025-09-27,Wheat,3711.66
2025-09-28,Wheat,3037.91
2025-09-29,Wheat,3478.78
2025-09-30,Wheat,3376.16
2025-01-11,Wheat,3452.65
2025-02-11,Wheat,2994.6
2025-03-11,Wheat,3540.89
2025-04-11,Wheat,3699.74
2025-05-11,Wheat,3568.76
2025-06-11,Wheat,2659.97
2025-07-11,Wheat,2983.53
2025-08-11,Wheat,3024.69
2025-09-11,Wheat,2577.12
2025-10-11,Wheat,3841.72
2025-11-11,Wheat,3809.49
2025-12-11,Wheat,3715.87
2025-11-13,Wheat,3717.26
2025-11-14,Wheat,3713.93
2025-11-15,Wheat,2883.71
2025-11-16,Wheat,2869.12
2025-11-17,Wheat,3657.45
2025-11-18,Wheat,3664.16
2025-11-19,Wheat,3656.71
2025-11-20,Wheat,3760.82
2025-11-21,Wheat,3761.73
2025-11-22,Wheat,3234.85
2025-11-23,Wheat,3037.71
2025-11-24,Wheat,3800.84
2025-11-25,Wheat,3764.05
2025-11-26,Wheat,3450.25
2025-11-27,Wheat,3353.15
2025-11-28,Wheat,3546.67
2025-11-29,Wheat,3175.56
2025-11-30,Wheat,2826.33
2025-01-12,Wheat,3494.89
2025-02-12,Wheat,3663.5
2025-03-12,Wheat,3262.78
2025-04-12,Wheat,3470.64
2025-05-12,Wheat,2874.19
2025-06-12,Wheat,3279.59
2025-07-12,Wheat,2533.71
2025-08-12,Wheat,3568.01
2025-09-12,Wheat,3638.95
2025-10-12,Wheat,3466.64
2025-11-12,Wheat,3191.47
2025-12-12,Wheat,3635.69
2025-12-13,Wheat,3314.64
2025-12-14,Wheat,2543.3
2025-12-15,Wheat,3552.03
2025-12-16,Wheat,3608.29
2025-12-17,Wheat,3564.56
2025-12-18,Wheat,3440.42
2025-12-19,Wheat,3680.95
2025-12-20,Wheat,2880.06
2025-12-21,Wheat,3181.46
2025-12-22,Wheat,3546.54
2025-12-23,Wheat,3621.41
2025-12-24,Wheat,3283.1
2025-12-25,Wheat,3652.55
2025-12-26,Wheat,3440.25
2025-12-27,Wheat,2986.55
2025-12-28,Wheat,2580.75
2025-12-29,Wheat,3507.57
2025-12-30,Wheat,3529.26
2025-12-31,Wheat,3511.61
2026-01-01,Wheat,3604.953476848538
2026-02-01,Wheat,3669.490648225071
2026-03-01,Wheat,3327.1216019417466
2026-04-01,Wheat,2626.318131256952
2026-05-01,Wheat,3541.214711851898
2026-06-01,Wheat,3660.9876446464486
2026-07-01,Wheat,3559.022801573899
2026-08-01,Wheat,3598.829602435529
2026-09-01,Wheat,3637.925511904122
2026-10-01,Wheat,3207.1087348621486
2026-11-01,Wheat,2893.373934226553
2026-12-01,Wheat,3715.482880082881
2026-01-13,Wheat,3669.738600080013
2026-01-14,Wheat,3577.421142969695
2026-01-15,Wheat,2633.819626168224
2026-01-16,Wheat,3720.803295010812
2026-01-17,Wheat,3192.736321052457
2026-01-18,Wheat,2833.39204697091
2026-01-19,Wheat,3620.3666666666672
2026-01-20,Wheat,3608.158381427073
2026-01-21,Wheat,3343.635455500402
2026-01-22,Wheat,3530.393748358288
2026-01-23,Wheat,3557.6872931196795
2026-01-24,Wheat,3076.061500842003
2026-01-25,Wheat,2571.2927756653994
2026-01-26,Wheat,2739.285714285714
2026-01-27,Wheat,2927.4355782641
2026-01-28,Wheat,3270.542505662058
2026-01-29,Wheat,3322.95654805132
2026-01-30,Wheat,3159.3072490501863
2026-01-31,Wheat,2909.120860193888
2026-01-02,Wheat,2957.9213376401294
2026-02-02,Wheat,3502.68087433478
2026-03-02,Wheat,3333.913391468732
2026-04-02,Wheat,3382.507210812444
2026-05-02,Wheat,3301.2554384391115
2026-06-02,Wheat,3440.875728642167
2026-07-02,Wheat,2677.1997592053776
2026-08-02,Wheat,2800.499791753436
2026-09-02,Wheat,3613.092219074245
2026-10-02,Wheat,3624.2593393913166
2026-11-02,Wheat,3569.740404449684
2026-12-02,Wheat,3274.375287215056
2026-02-13,Wheat,3340.8863033091498
2026-02-14,Wheat,2797.4862986231788
2026-02-15,Wheat,2899.828676858197
2026-02-16,Wheat,3383.197761928316
2026-02-17,Wheat,3351.7049230081147
2026-02-18,Wheat,3113.7532964032134
2026-02-19,Wheat,2639.9960106382982
2026-02-20,Wheat,3146.32831780504
2026-02-21,Wheat,2712.0166032885218
2026-02-22,Wheat,2798.56981981982
2026-02-23,Wheat,2971.43948298062
2026-02-24,Wheat,3079.586773294523
2026-02-25,Wheat,2774.448056260989
2026-02-26,Wheat,2822.127493802385
2026-02-27,Wheat,2707.007184192576
2026-02-28,Wheat,2532.485974754559
2026-01-03,Wheat,2588.2589676290463
2026-02-03,Wheat,3311.201849093304
2026-03-03,Wheat,2669.499906349504
2026-04-03,Wheat,2829.7953072323494
2026-05-03,Wheat,2550.664852199948
2026-06-03,Wheat,2478.0049369496446
2026-07-03,Wheat,2535.563240123396
2026-08-03,Wheat,2792.407862407862
2026-09-03,Wheat,2543.6095727452293
2026-10-03,Wheat,2512.445858772307
2026-11-03,Wheat,2435.349167688993
2026-12-03,Wheat,2510.0164500912106
2026-03-13,Wheat,2516.232583467596
2026-03-14,Wheat,2337.4905918694485
2026-03-15,Wheat,2142.816083817075
2026-03-16,Wheat,2516.6493189169714
2026-03-17,Wheat,2624.254970886549
2026-03-18,Wheat,2612.966909344198
2026-03-19,Wheat,2567.249222867956
2026-03-20,Wheat,2683.38298932137
2026-03-21,Wheat,3615.97760486432
2026-03-22,Wheat,2154.60358056266
2026-03-23,Wheat,2288.4038564571406
2026-03-24,Wheat,2535.751444872476
2026-03-25,Wheat,2626.596545235873
2026-03-26,Wheat,3914.4512517242392
2026-03-27,Wheat,2572.869629963243
2026-03-28,Wheat,2702.9552853934524
2026-03-29,Wheat,2190.9151935556056
2026-03-30,Wheat,3206.9795709138057
2026-03-31,Wheat,4021.281790738512
2026-01-04,Wheat,3128.7088360624343
2026-02-04,Wheat,2838.687020211657
2026-03-04,Wheat,3428.772399931913
2026-04-04,Wheat,2888.5850679877244
2026-05-04,Wheat,2501.4240764832243
2026-06-04,Wheat,2622.9238649221675
2026-07-04,Wheat,2790.9810447636764
2026-08-04,Wheat,2557.716036612737
2026-09-04,Wheat,2528.725831705684
2026-10-04,Wheat,2626.1699891831686
2026-11-04,Wheat,2782.865147026221
2026-12-04,Wheat,2414.4889847831028
2026-04-13,Wheat,2661.4931897243555
2026-04-14,Wheat,4061.682215857821
2026-04-15,Wheat,2572.930622375503
2026-04-16,Wheat,2496.591659310672
2026-04-17,Wheat,2625.610871951799
2026-04-18,Wheat,2738.239077309289
2026-04-19,Wheat,2759.4566210045664
2026-04-20,Wheat,2497.6261057709507
2026-04-21,Wheat,2715.7960551778747
2026-04-22,Wheat,2601.4593519166247
2026-04-23,Wheat,2536.668124237685
2026-04-24,Wheat,2744.568584542556
2026-04-25,Wheat,2694.343895052485
2026-04-26,Wheat,2362.246799116998
2026-04-27,Wheat,2626.5568355880805
2026-04-28,Wheat,2727.892403399197
2026-04-29,Wheat,2593.0966272236487
2026-04-30,Wheat,2725.0370432213267
2026-01-05,Wheat,2297.90990990991
2026-02-05,Wheat,2432.8574020033125
2026-03-05,Wheat,2347.248687536457
2026-04-05,Wheat,2635.550428081452
2026-05-05,Wheat,2624.8438344795754
2026-06-05,Wheat,2616.4952234569314
2026-07-05,Wheat,2685.738156727836
2026-08-05,Wheat,2753.2226294109973
2026-09-05,Wheat,2997.1290428662087
2026-10-05,Wheat,2338.7467298484626
2026-11-05,Wheat,2724.809611383173
2026-12-05,Wheat,2858.036804843631
2026-05-13,Wheat,2635.8610271814355
2026-05-14,Wheat,2610.4866586113203
2026-05-15,Wheat,2675.734431714169
2026-05-16,Wheat,2381.798073755266
2026-05-17,Wheat,2458.3355945555604
2026-05-18,Wheat,2565.4072163266724
2026-05-19,Wheat,2617.7179692820528
2026-05-20,Wheat,2626.757764108625
2026-05-21,Wheat,2581.918330850239
2026-05-22,Wheat,2585.863247206745
2026-05-23,Wheat,2884.3509013937114
2026-05-24,Wheat,2493.788734334114
2026-05-25,Wheat,2659.1670837666475
2026-05-26,Wheat,2739.062140355938
2026-05-27,Wheat,2826.999584305688
2026-05-28,Wheat,3160.306118478649
2026-05-29,Wheat,2584.110799287279
2026-05-30,Wheat,2774.3785901315737
2026-05-31,Wheat,2557.042087542088
2026-01-06,Wheat,2419.080799768699
2026-02-06,Wheat,2649.01639844029
2026-03-06,Wheat,2546.664514431516
2026-04-06,Wheat,2648.08290776544
2026-05-06,Wheat,2702.055618175289
2026-06-06,Wheat,3027.891488413547
2026-07-06,Wheat,2649.9828512632903
2026-08-06,Wheat,2739.154098303841
2026-09-06,Wheat,2366.239132167367
2026-10-06,Wheat,2803.6658296051137
2026-11-06,Wheat,2665.5756890934013
2026-12-06,Wheat,2671.886663306409
2026-06-13,Wheat,3047.2790773617016
2026-06-14,Wheat,2337.5636418847107
2026-06-15,Wheat,2854.879143835009
2026-06-16,Wheat,2724.9156744163784
2026-06-17,Wheat,2724.030541090898
2026-06-18,Wheat,2692.0387154764608
2026-06-19,Wheat,2846.4371655659925
2026-06-20,Wheat,2428.225261675439
2026-06-21,Wheat,2325.42801107522
2026-06-22,Wheat,2884.8427551430227
2026-06-23,Wheat,3226.2925331092515
2026-06-24,Wheat,2881.690430443924
2026-06-25,Wheat,2866.490241889226
2026-06-26,Wheat,3798.9746420303536
2026-06-27,Wheat,2974.3253595146425
2026-06-28,Wheat,2777.0670495692343
2026-06-29,Wheat,3144.8449269168304
2026-06-30,Wheat,3215.4693551760483
2021-01-01,Sugar,3222.0
2021-02-01,Sugar,3222.0
2021-05-01,Sugar,3242.0
2021-06-01,Sugar,3242.0
2021-01-14,Sugar,3222.0
2021-01-15,Sugar,3222.0
2021-01-16,Sugar,3212.0
2021-01-18,Sugar,3212.0
2021-01-19,Sugar,3202.0
2021-01-20,Sugar,3202.0
2021-01-21,Sugar,3202.0
2021-01-23,Sugar,3222.0
2021-01-25,Sugar,3222.0
2021-01-27,Sugar,3212.0
2021-01-28,Sugar,3212.0
2021-01-29,Sugar,3222.0
2021-01-30,Sugar,3222.0
2021-01-02,Sugar,3222.0
2021-02-02,Sugar,3222.0
2021-03-02,Sugar,3222.0
2021-04-02,Sugar,3222.0
2021-05-02,Sugar,3242.0
2021-09-02,Sugar,3242.0
2021-10-02,Sugar,3222.0
2021-11-02,Sugar,3222.0
2021-12-02,Sugar,3222.0
2021-02-13,Sugar,3222.0
2021-02-15,Sugar,3222.0
2021-02-16,Sugar,3202.0
2021-02-17,Sugar,3202.0
2021-02-18,Sugar,3222.0
2021-02-20,Sugar,3222.0
2021-02-22,Sugar,3222.0
2021-02-23,Sugar,3222.0
2021-02-24,Sugar,3222.0
2021-02-25,Sugar,3222.0
2021-02-26,Sugar,3222.0
2021-01-03,Sugar,3222.0
2021-02-03,Sugar,3222.0
2021-03-03,Sugar,3222.0
2021-04-03,Sugar,3222.0
2021-05-03,Sugar,3222.0
2021-06-03,Sugar,3222.0
2021-08-03,Sugar,3222.0
2021-09-03,Sugar,3222.0
2021-10-03,Sugar,3222.0
2021-12-03,Sugar,3222.0
2021-03-13,Sugar,3222.0
2021-03-15,Sugar,3222.0
2021-03-16,Sugar,3222.0
2021-03-20,Sugar,3222.0
2021-03-22,Sugar,3222.0
2021-03-24,Sugar,3222.0
2021-03-25,Sugar,3220.0
2021-03-27,Sugar,3222.0
2021-03-30,Sugar,3222.0
2021-03-31,Sugar,3202.0
2021-01-04,Sugar,3222.0
2021-02-04,Sugar,3222.0
2021-03-04,Sugar,3213.0
2021-05-04,Sugar,3213.0
2021-06-04,Sugar,3252.0
2021-07-04,Sugar,3252.0
2021-08-04,Sugar,3252.0
2021-09-04,Sugar,3242.0
2021-10-04,Sugar,3242.0
2021-12-04,Sugar,3242.0
2021-04-14,Sugar,3262.0
2021-04-15,Sugar,3262.0
2021-04-16,Sugar,3282.0
2021-04-17,Sugar,3282.0
2021-04-20,Sugar,3282.0
2021-04-21,Sugar,3262.0
2021-04-22,Sugar,3262.0
2021-04-23,Sugar,3262.0
2021-04-26,Sugar,3262.0
2021-04-27,Sugar,3252.0
2021-04-28,Sugar,3252.0
2021-04-29,Sugar,3252.0
2021-04-30,Sugar,3252.0
2021-03-05,Sugar,3252.0
2021-04-05,Sugar,3262.0
2021-05-05,Sugar,3262.0
2021-06-05,Sugar,3262.0
2021-07-05,Sugar,3252.0
2021-08-05,Sugar,3252.0
2021-10-05,Sugar,3252.0
2021-11-05,Sugar,3250.0
2021-12-05,Sugar,3250.0
2021-05-13,Sugar,3252.0
2021-05-14,Sugar,3252.0
2021-05-15,Sugar,3252.0
2021-05-17,Sugar,3252.0
2021-05-18,Sugar,3252.0
2021-05-19,Sugar,3252.0
2021-05-20,Sugar,3252.0
2021-05-21,Sugar,3252.0
2021-05-22,Sugar,3242.0
2021-05-25,Sugar,3242.0
2021-05-26,Sugar,3252.0
2021-05-27,Sugar,3252.0
2021-05-28,Sugar,3252.0
2021-05-29,Sugar,3252.0
2021-05-31,Sugar,3252.0
2021-01-06,Sugar,3252.0
2021-02-06,Sugar,3246.0
2021-03-06,Sugar,3246.0
2021-04-06,Sugar,3252.0
2021-05-06,Sugar,3252.0
2021-08-06,Sugar,3242.0
2021-09-06,Sugar,3242.0
2021-10-06,Sugar,3242.0
2021-11-06,Sugar,3242.0
2021-12-06,Sugar,3236.0
2021-06-14,Sugar,3236.0
2021-06-15,Sugar,3232.0
2021-06-16,Sugar,3232.0
2021-06-17,Sugar,3232.0
2021-06-18,Sugar,3232.0
2021-06-19,Sugar,3232.0
2021-06-22,Sugar,3232.0
2021-06-23,Sugar,3226.0
2021-06-24,Sugar,3226.0
2021-06-25,Sugar,3226.0
2021-06-26,Sugar,3226.0
2021-06-28,Sugar,3226.0
2021-06-29,Sugar,3232.0
2021-06-30,Sugar,3232.0
2021-02-07,Sugar,3232.0
2021-03-07,Sugar,3222.0
2021-05-07,Sugar,3222.0
2021-06-07,Sugar,3226.0
2021-07-07,Sugar,3226.0
2021-08-07,Sugar,3226.0
2021-09-07,Sugar,3226.0
2021-10-07,Sugar,3226.0
2021-12-07,Sugar,3232.0
2021-07-13,Sugar,3232.0
2021-07-14,Sugar,3232.0
2021-07-15,Sugar,3232.0
2021-07-16,Sugar,3232.0
2021-07-17,Sugar,3232.0
2021-07-21,Sugar,3232.0
2021-07-22,Sugar,3232.0
2021-07-23,Sugar,3232.0
2021-07-24,Sugar,3232.0
2021-07-27,Sugar,3232.0
2021-07-28,Sugar,3232.0
2021-07-29,Sugar,3232.0
2021-07-30,Sugar,3242.0
2021-07-31,Sugar,3252.0
2021-02-08,Sugar,3282.0
2021-03-08,Sugar,3290.0
2021-04-08,Sugar,3332.0
2021-06-08,Sugar,3322.0
2021-07-08,Sugar,3322.0
2021-09-08,Sugar,3332.0
2021-10-08,Sugar,3342.0
2021-11-08,Sugar,3342.0
2021-12-08,Sugar,3342.0
2021-08-13,Sugar,3342.0
2021-08-14,Sugar,3342.0
2021-08-16,Sugar,3342.0
2021-08-18,Sugar,3500.0
2021-08-19,Sugar,3500.0
2021-08-20,Sugar,3526.0
2021-08-21,Sugar,3580.0
2021-08-24,Sugar,3592.0
2021-08-25,Sugar,3592.0
2021-08-26,Sugar,3592.0
2021-08-27,Sugar,3562.0
2021-08-28,Sugar,3562.0
2021-08-30,Sugar,3562.0
2021-01-09,Sugar,3562.0
2021-02-09,Sugar,3562.0
2021-03-09,Sugar,3562.0
2021-04-09,Sugar,3646.0
2021-06-09,Sugar,3646.0
2021-07-09,Sugar,3646.0
2021-08-09,Sugar,3646.0
2021-11-09,Sugar,3652.0
2021-09-13,Sugar,3652.0
2021-09-14,Sugar,3642.0
2021-09-15,Sugar,3642.0
2021-09-16,Sugar,3662.0
2021-09-17,Sugar,3662.0
2021-09-18,Sugar,3662.0
2021-09-20,Sugar,3662.0
2021-09-21,Sugar,3662.0
2021-09-22,Sugar,3672.0
2021-09-23,Sugar,3672.0
2021-09-24,Sugar,3672.0
2021-09-27,Sugar,3672.0
2021-09-28,Sugar,3662.0
2021-09-29,Sugar,3652.0
2021-09-30,Sugar,3672.0
2021-01-10,Sugar,3642.0
2021-02-10,Sugar,3642.0
2021-05-10,Sugar,3642.0
2021-06-10,Sugar,3642.0
2021-07-10,Sugar,3611.0
2021-08-10,Sugar,3611.0
2021-09-10,Sugar,3652.0
2021-12-10,Sugar,3652.0
2021-10-13,Sugar,3652.0
2021-10-14,Sugar,3672.0
2021-10-18,Sugar,3662.0
2021-10-19,Sugar,3642.0
2021-10-20,Sugar,3642.0
2021-10-21,Sugar,3620.0
2021-10-22,Sugar,3602.0
2021-10-23,Sugar,3602.0
2021-10-25,Sugar,3602.0
2021-10-26,Sugar,3602.0
2021-10-27,Sugar,3602.0
2021-10-28,Sugar,3602.0
2021-10-29,Sugar,3602.0
2021-10-30,Sugar,3602.0
2021-01-11,Sugar,3602.0
2021-02-11,Sugar,3602.0
2021-03-11,Sugar,3602.0
2021-04-11,Sugar,3612.0
2021-05-11,Sugar,3602.0
2021-09-11,Sugar,3602.0
2021-10-11,Sugar,3612.0
2021-11-11,Sugar,3612.0
2021-12-11,Sugar,3612.0
2021-11-13,Sugar,3612.0
2021-11-15,Sugar,3612.0
2021-11-17,Sugar,3612.0
2021-11-18,Sugar,3612.0
2021-11-19,Sugar,3612.0
2021-11-20,Sugar,3612.0
2021-11-22,Sugar,3482.0
2021-11-23,Sugar,3476.0
2021-11-24,Sugar,3462.0
2021-11-25,Sugar,3462.0
2021-11-26,Sugar,3462.0
2021-11-27,Sugar,3462.0
2021-11-30,Sugar,3462.0
2021-02-12,Sugar,3462.0
2021-03-12,Sugar,3462.0
2021-04-12,Sugar,3462.0
2021-06-12,Sugar,3462.0
2021-07-12,Sugar,3462.0
2021-08-12,Sugar,3462.0
2021-09-12,Sugar,3462.0
2021-10-12,Sugar,3482.0
2021-11-12,Sugar,3482.0
2021-12-13,Sugar,3482.0
2021-12-14,Sugar,3482.0
2021-12-15,Sugar,3482.0
2021-12-16,Sugar,3482.0
2021-12-17,Sugar,3482.0
2021-12-18,Sugar,3482.0
2021-12-21,Sugar,3482.0
2021-12-22,Sugar,3482.0
2021-12-23,Sugar,3482.0
2021-12-24,Sugar,3482.0
2021-12-25,Sugar,3472.0
2021-12-27,Sugar,3472.0
2021-12-28,Sugar,3472.0
2021-12-29,Sugar,3482.0
2021-12-30,Sugar,3492.0
2021-12-31,Sugar,3482.0
2022-01-01,Sugar,3462.0
2022-03-01,Sugar,3462.0
2022-04-01,Sugar,3462.0
2022-05-01,Sugar,3462.0
2022-07-01,Sugar,3452.0
2022-08-01,Sugar,3452.0
2022-10-01,Sugar,3452.0
2022-11-01,Sugar,3452.0
2022-01-13,Sugar,3452.0
2022-01-14,Sugar,3452.0
2022-01-15,Sugar,3452.0
2022-01-17,Sugar,3452.0
2022-01-18,Sugar,3452.0
2022-01-19,Sugar,3452.0
2022-01-20,Sugar,3452.0
2022-01-21,Sugar,3452.0
2022-01-22,Sugar,3452.0
2022-01-24,Sugar,3452.0
2022-01-25,Sugar,3402.0
2022-01-27,Sugar,3402.0
2022-01-28,Sugar,3402.0
2022-01-31,Sugar,3400.0
2022-01-02,Sugar,3400.0
2022-02-02,Sugar,3412.0
2022-03-02,Sugar,3412.0
2022-04-02,Sugar,3412.0
2022-05-02,Sugar,3392.0
2022-07-02,Sugar,3372.0
2022-08-02,Sugar,3372.0
2022-09-02,Sugar,3362.0
2022-11-02,Sugar,3382.0
2022-12-02,Sugar,3382.0
2022-02-14,Sugar,3517.0
2022-02-15,Sugar,3382.0
2022-02-16,Sugar,3362.0
2022-02-17,Sugar,3362.0
2022-02-18,Sugar,3362.0
2022-02-21,Sugar,3362.0
2022-02-22,Sugar,3392.0
2022-02-23,Sugar,3392.0
2022-02-24,Sugar,3392.0
2022-02-25,Sugar,3382.0
2022-02-26,Sugar,3467.0
2022-02-28,Sugar,3512.0
2022-02-03,Sugar,3392.0
2022-03-03,Sugar,3392.0
2022-04-03,Sugar,3392.0
2022-05-03,Sugar,3392.0
2022-07-03,Sugar,3392.0
2022-08-03,Sugar,3392.0
2022-09-03,Sugar,3392.0
2022-10-03,Sugar,3392.0
2022-11-03,Sugar,3392.0
2022-12-03,Sugar,3392.0
2022-03-14,Sugar,3392.0
2022-03-15,Sugar,3392.0
2022-03-16,Sugar,3385.0
2022-03-17,Sugar,3385.0
2022-03-19,Sugar,3385.0
2022-03-21,Sugar,3385.0
2022-03-22,Sugar,3385.0
2022-03-24,Sugar,3358.0
2022-03-25,Sugar,3472.0
2022-03-26,Sugar,3472.0
2022-03-28,Sugar,3472.0
2022-03-29,Sugar,3472.0
2022-03-30,Sugar,3472.0
2022-03-31,Sugar,3472.0
2022-01-04,Sugar,3472.0
2022-02-04,Sugar,3472.0
2022-05-04,Sugar,3472.0
2022-06-04,Sugar,3472.0
2022-07-04,Sugar,3541.0
2022-08-04,Sugar,3541.0
2022-09-04,Sugar,3541.0
2022-11-04,Sugar,3541.0
2022-12-04,Sugar,3541.0
2022-04-13,Sugar,3541.0
2022-04-14,Sugar,3541.0
2022-04-18,Sugar,3532.0
2022-04-19,Sugar,3532.0
2022-04-20,Sugar,3532.0
2022-04-21,Sugar,3537.0
2022-04-22,Sugar,3537.0
2022-04-23,Sugar,3537.0
2022-04-25,Sugar,3537.0
2022-04-26,Sugar,3537.0
2022-04-27,Sugar,3537.0
2022-04-28,Sugar,3532.0
2022-04-29,Sugar,3532.0
2022-04-30,Sugar,3532.0
2022-02-05,Sugar,3532.0
2022-03-05,Sugar,3532.0
2022-04-05,Sugar,3532.0
2022-05-05,Sugar,3557.0
2022-06-05,Sugar,3557.0
2022-07-05,Sugar,3557.0
2022-10-05,Sugar,3557.0
2022-11-05,Sugar,3557.0
2022-05-14,Sugar,3556.0
2022-05-16,Sugar,3557.0
2022-05-17,Sugar,3557.0
2022-05-18,Sugar,3557.0
2022-05-19,Sugar,3557.0
2022-05-20,Sugar,3557.0
2022-05-21,Sugar,3557.0
2022-05-24,Sugar,3557.0
2022-05-25,Sugar,3557.0
2022-05-26,Sugar,3557.0
2022-05-27,Sugar,3557.0
2022-05-31,Sugar,3537.0
2022-01-06,Sugar,3537.0
2022-02-06,Sugar,3537.0
2022-07-06,Sugar,3536.0
2022-08-06,Sugar,3536.0
2022-09-06,Sugar,3536.0
2022-10-06,Sugar,3536.0
2022-11-06,Sugar,3536.0
2022-06-13,Sugar,3536.0
2022-06-14,Sugar,3476.0
2022-06-15,Sugar,3476.0
2022-06-17,Sugar,3476.0
2022-06-18,Sugar,3476.0
2022-06-20,Sugar,3476.0
2022-06-21,Sugar,3472.0
2022-06-22,Sugar,3472.0
2022-06-23,Sugar,3472.0
2022-06-24,Sugar,3472.0
2022-06-25,Sugar,3472.0
2022-06-27,Sugar,3462.0
2022-06-28,Sugar,3462.0
2022-06-29,Sugar,3462.0
2022-06-30,Sugar,3462.0
2022-01-07,Sugar,3462.0
2022-02-07,Sugar,3462.0
2022-04-07,Sugar,3358.0
2022-05-07,Sugar,3358.0
2022-06-07,Sugar,3358.0
2022-07-07,Sugar,3358.0
2022-08-07,Sugar,3358.0
2022-09-07,Sugar,3358.0
2022-11-07,Sugar,3469.0
2022-12-07,Sugar,3469.0
2022-07-13,Sugar,3469.0
2022-07-14,Sugar,3469.0
2022-07-15,Sugar,3469.0
2022-07-16,Sugar,3469.0
2022-07-18,Sugar,3469.0
2022-07-19,Sugar,3467.0
2022-07-20,Sugar,3467.0
2022-07-21,Sugar,3467.0
2022-07-22,Sugar,3467.0
2022-07-23,Sugar,3467.0
2022-07-25,Sugar,3467.0
2022-07-26,Sugar,3482.0
2022-07-27,Sugar,3482.0
2022-07-28,Sugar,3467.0
2022-07-29,Sugar,3467.0
2022-01-08,Sugar,3467.0
2022-02-08,Sugar,3562.0
2022-03-08,Sugar,3562.0
2022-04-08,Sugar,3562.0
2022-05-08,Sugar,3562.0
2022-06-08,Sugar,3562.0
2022-08-08,Sugar,3562.0
2022-09-08,Sugar,3562.0
2022-10-08,Sugar,3561.0
2022-11-08,Sugar,3561.0
2022-12-08,Sugar,3561.0
2022-08-13,Sugar,3561.0
2022-08-16,Sugar,3561.0
2022-08-17,Sugar,3561.0
2022-08-18,Sugar,3561.0
2022-08-20,Sugar,3561.0
2022-08-22,Sugar,3561.0
2022-08-23,Sugar,3572.0
2022-08-24,Sugar,3572.0
2022-08-25,Sugar,3572.0
2022-08-26,Sugar,3572.0
2022-08-30,Sugar,3572.0
2022-07-09,Sugar,3592.0
2022-08-09,Sugar,3592.0
2022-10-09,Sugar,3592.0
2022-09-13,Sugar,3592.0
2022-09-15,Sugar,3585.0
2022-09-20,Sugar,3585.0
2022-09-22,Sugar,3571.0
2022-09-23,Sugar,3571.0
2022-09-28,Sugar,3571.0
2022-09-29,Sugar,3562.0
2022-09-30,Sugar,3562.0
2022-01-10,Sugar,3562.0
2022-03-10,Sugar,3562.0
2022-04-10,Sugar,3562.0
2022-06-10,Sugar,6500.0
2022-07-10,Sugar,3557.0
2022-08-10,Sugar,3557.0
2022-10-10,Sugar,3557.0
2022-12-10,Sugar,3557.0
2022-10-13,Sugar,3546.0
2022-10-14,Sugar,3546.0
2022-10-15,Sugar,3546.0
2022-10-17,Sugar,3546.0
2022-10-18,Sugar,3546.0
2022-10-19,Sugar,3546.0
2022-10-20,Sugar,3555.0
2022-10-21,Sugar,3555.0
2022-10-22,Sugar,3555.0
2022-10-24,Sugar,3555.0
2022-10-25,Sugar,3555.0
2022-10-26,Sugar,3555.0
2022-10-27,Sugar,3555.0
2022-10-28,Sugar,3555.0
2022-10-29,Sugar,3555.0
2022-10-31,Sugar,3555.0
2022-01-11,Sugar,3555.0
2022-02-11,Sugar,3546.0
2022-03-11,Sugar,3546.0
2022-04-11,Sugar,3546.0
2022-08-11,Sugar,3546.0
2022-09-11,Sugar,3546.0
2022-10-11,Sugar,3546.0
2022-11-11,Sugar,3564.0
2022-11-15,Sugar,3564.0
2022-11-16,Sugar,3564.0
2022-11-17,Sugar,3564.0
2022-11-18,Sugar,3564.0
2022-11-22,Sugar,3577.0
2022-11-23,Sugar,3577.0
2022-11-24,Sugar,3577.0
2022-11-30,Sugar,3577.0
2022-02-12,Sugar,3562.0
2022-07-12,Sugar,3562.0
2022-08-12,Sugar,3562.0
2022-09-12,Sugar,3562.0
2022-10-12,Sugar,3562.0
2022-12-12,Sugar,3539.0
2022-12-13,Sugar,3539.0
2022-12-14,Sugar,3539.0
2022-12-15,Sugar,3539.0
2022-12-16,Sugar,3539.0
2022-12-17,Sugar,3539.0
2022-12-19,Sugar,3539.0
2022-12-20,Sugar,3532.0
2022-12-21,Sugar,3532.0
2022-12-23,Sugar,3532.0
2022-12-26,Sugar,3532.0
2022-12-28,Sugar,3532.0
2022-12-29,Sugar,3499.0
2022-12-31,Sugar,3499.0
2023-02-01,Sugar,3499.0
2023-03-01,Sugar,3499.0
2023-04-01,Sugar,3499.0
2023-11-01,Sugar,3466.0
2023-12-01,Sugar,3466.0
2023-01-17,Sugar,3466.0
2023-01-21,Sugar,3466.0
2023-01-23,Sugar,3466.0
2023-01-24,Sugar,3466.0
2023-01-25,Sugar,3466.0
2023-01-27,Sugar,3466.0
2023-01-28,Sugar,3466.0
2023-01-30,Sugar,3466.0
2023-01-31,Sugar,3466.0
2023-02-02,Sugar,3474.0
2023-03-02,Sugar,3474.0
2023-04-02,Sugar,3474.0
2023-06-02,Sugar,3474.0
2023-07-02,Sugar,3474.0
2023-08-02,Sugar,3491.0
2023-09-02,Sugar,3491.0
2023-10-02,Sugar,3491.0
2023-11-02,Sugar,3491.0
2023-02-13,Sugar,3491.0
2023-02-14,Sugar,3491.0
2023-02-15,Sugar,3491.0
2023-02-16,Sugar,3491.0
2023-02-17,Sugar,3482.0
2023-02-20,Sugar,3482.0
2023-02-21,Sugar,3482.0
2023-02-22,Sugar,3482.0
2023-02-23,Sugar,3482.0
2023-02-24,Sugar,3482.0
2023-02-25,Sugar,3482.0
2023-02-28,Sugar,3482.0
2023-01-03,Sugar,3482.0
2023-02-03,Sugar,3482.0
2023-03-03,Sugar,3482.0
2023-04-03,Sugar,3482.0
2023-06-03,Sugar,3482.0
2023-08-03,Sugar,3477.0
2023-09-03,Sugar,3477.0
2023-10-03,Sugar,3477.0
2023-11-03,Sugar,3477.0
2023-03-14,Sugar,3476.0
2023-03-15,Sugar,3476.0
2023-03-16,Sugar,3476.0
2023-03-17,Sugar,3476.0
2023-03-18,Sugar,3476.0
2023-03-20,Sugar,3476.0
2023-03-21,Sugar,3472.0
2023-03-24,Sugar,3472.0
2023-03-25,Sugar,3472.0
2023-03-28,Sugar,3472.0
2023-03-29,Sugar,3472.0
2023-03-30,Sugar,3472.0
2023-03-31,Sugar,3472.0
2023-01-04,Sugar,3472.0
2023-03-04,Sugar,3472.0
2023-04-04,Sugar,3472.0
2023-05-04,Sugar,3472.0
2023-06-04,Sugar,3573.0
2023-07-04,Sugar,3573.0
2023-08-04,Sugar,3573.0
2023-10-04,Sugar,3573.0
2023-11-04,Sugar,3573.0
2023-12-04,Sugar,3573.0
2023-04-13,Sugar,3573.0
2023-04-14,Sugar,3573.0
2023-04-15,Sugar,3631.0
2023-04-17,Sugar,3631.0
2023-04-18,Sugar,3631.0
2023-04-19,Sugar,3631.0
2023-04-20,Sugar,3631.0
2023-04-21,Sugar,3631.0
2023-04-22,Sugar,3631.0
2023-04-24,Sugar,3631.0
2023-04-25,Sugar,3631.0
2023-04-26,Sugar,3631.0
2023-04-27,Sugar,3631.0
2023-04-28,Sugar,3631.0
2023-04-29,Sugar,3631.0
2023-02-05,Sugar,3631.0
2023-03-05,Sugar,3631.0
2023-04-05,Sugar,3628.0
2023-05-05,Sugar,3628.0
2023-06-05,Sugar,3628.0
2023-08-05,Sugar,3628.0
2023-09-05,Sugar,3628.0
2023-10-05,Sugar,3628.0
2023-11-05,Sugar,3628.0
2023-12-05,Sugar,3628.0
2023-05-13,Sugar,3628.0
2023-05-16,Sugar,3628.0
2023-05-17,Sugar,3642.0
2023-05-18,Sugar,3642.0
2023-05-19,Sugar,3642.0
2023-05-20,Sugar,3642.0
2023-05-22,Sugar,3642.0
2023-05-23,Sugar,3642.0
2023-05-24,Sugar,3642.0
2023-05-25,Sugar,3642.0
2023-05-26,Sugar,3642.0
2023-05-27,Sugar,3642.0
2023-05-29,Sugar,3642.0
2023-05-30,Sugar,3642.0
2023-05-31,Sugar,3642.0
2023-01-06,Sugar,3642.0
2023-02-06,Sugar,3607.0
2023-03-06,Sugar,3607.0
2023-05-06,Sugar,3607.0
2023-06-06,Sugar,3607.0
2023-07-06,Sugar,3607.0
2023-08-06,Sugar,3607.0
2023-09-06,Sugar,3607.0
2023-10-06,Sugar,3607.0
2023-12-06,Sugar,3607.0
2023-06-13,Sugar,3662.0
2023-06-14,Sugar,3662.0
2023-06-15,Sugar,3662.0
2023-06-16,Sugar,3662.0
2023-06-17,Sugar,3662.0
2023-06-19,Sugar,3662.0
2023-06-20,Sugar,3662.0
2023-06-21,Sugar,3662.0
2023-06-22,Sugar,3662.0
2023-06-23,Sugar,3662.0
2023-06-24,Sugar,3662.0
2023-06-27,Sugar,3662.0
2023-06-28,Sugar,3662.0
2023-06-30,Sugar,3662.0
2023-01-07,Sugar,3662.0
2023-03-07,Sugar,3662.0
2023-04-07,Sugar,3662.0
2023-05-07,Sugar,3662.0
2023-06-07,Sugar,3662.0
2023-07-07,Sugar,3662.0
2023-08-07,Sugar,3662.0
2023-10-07,Sugar,3662.0
2023-11-07,Sugar,3662.0
2023-12-07,Sugar,3662.0
2023-07-14,Sugar,3662.0
2023-07-15,Sugar,3662.0
2023-07-17,Sugar,3662.0
2023-07-18,Sugar,3662.0
2023-07-19,Sugar,3662.0
2023-07-20,Sugar,3662.0
2023-07-21,Sugar,3662.0
2023-07-22,Sugar,3662.0
2023-07-24,Sugar,3662.0
2023-07-25,Sugar,3706.0
2023-07-26,Sugar,3706.0
2023-07-27,Sugar,3706.0
2023-07-28,Sugar,3706.0
2023-07-29,Sugar,3706.0
2023-07-31,Sugar,3706.0
2023-01-08,Sugar,3706.0
2023-02-08,Sugar,3706.0
2023-03-08,Sugar,3706.0
2023-04-08,Sugar,3706.0
2023-05-08,Sugar,3706.0
2023-07-08,Sugar,3706.0
2023-08-08,Sugar,3706.0
2023-09-08,Sugar,3706.0
2023-10-08,Sugar,3706.0
2023-11-08,Sugar,3706.0
2023-12-08,Sugar,3706.0
2023-08-14,Sugar,3706.0
2023-08-16,Sugar,3706.0
2023-08-17,Sugar,3706.0
2023-08-18,Sugar,3706.0
2023-08-19,Sugar,3706.0
2023-08-21,Sugar,3698.0
2023-08-22,Sugar,3698.0
2023-08-23,Sugar,3698.0
2023-08-24,Sugar,3698.0
2023-08-25,Sugar,3698.0
2023-08-26,Sugar,3698.0
2023-08-28,Sugar,3724.0
2023-08-29,Sugar,3724.0
2023-08-31,Sugar,3724.0
2023-01-09,Sugar,3724.0
2023-02-09,Sugar,3724.0
2023-04-09,Sugar,3724.0
2023-05-09,Sugar,3724.0
2023-06-09,Sugar,3724.0
2023-08-09,Sugar,3812.0
2023-09-09,Sugar,3812.0
2023-11-09,Sugar,3812.0
2023-12-09,Sugar,3812.0
2023-09-13,Sugar,3812.0
2023-09-14,Sugar,3812.0
2023-09-15,Sugar,3812.0
2023-09-16,Sugar,3902.0
2023-09-18,Sugar,3902.0
2023-09-21,Sugar,3902.0
2023-09-22,Sugar,3902.0
2023-09-26,Sugar,3902.0
2023-09-27,Sugar,3902.0
2023-02-10,Sugar,3863.0
2023-03-10,Sugar,3863.0
2023-04-10,Sugar,3863.0
2023-05-10,Sugar,3863.0
2023-06-10,Sugar,3863.0
2023-07-10,Sugar,3863.0
2023-09-10,Sugar,3863.0
2023-10-10,Sugar,3863.0
2023-11-10,Sugar,3863.0
2023-12-10,Sugar,3863.0
2023-10-13,Sugar,3863.0
2023-10-14,Sugar,3863.0
2023-10-16,Sugar,3863.0
2023-10-17,Sugar,3863.0
2023-10-18,Sugar,3900.0
2023-10-19,Sugar,3900.0
2023-10-20,Sugar,3900.0
2023-10-21,Sugar,3900.0
2023-10-25,Sugar,3900.0
2023-10-26,Sugar,3900.0
2023-10-28,Sugar,3900.0
2023-10-30,Sugar,3900.0
2023-10-31,Sugar,3900.0
2023-01-11,Sugar,3900.0
2023-02-11,Sugar,3900.0
2023-03-11,Sugar,3900.0
2023-06-11,Sugar,3900.0
2023-07-11,Sugar,3950.0
2023-08-11,Sugar,3950.0
2023-09-11,Sugar,3950.0
2023-10-11,Sugar,3950.0
2023-11-11,Sugar,3950.0
2023-11-13,Sugar,3950.0
2023-11-17,Sugar,3950.0
2023-11-18,Sugar,3950.0
2023-11-20,Sugar,3950.0
2023-11-21,Sugar,3950.0
2023-11-22,Sugar,3950.0
2023-11-23,Sugar,3950.0
2023-11-24,Sugar,3950.0
2023-11-27,Sugar,3950.0
2023-11-28,Sugar,4000.0
2023-02-12,Sugar,4000.0
2023-05-12,Sugar,4000.0
2023-06-12,Sugar,4000.0
2023-07-12,Sugar,4000.0
2023-08-12,Sugar,4000.0
2023-09-12,Sugar,4000.0
2023-11-12,Sugar,4000.0
2023-12-12,Sugar,4000.0
2023-12-13,Sugar,4000.0
2023-12-14,Sugar,4000.0
2023-12-15,Sugar,4000.0
2023-12-16,Sugar,4000.0
2023-12-18,Sugar,4000.0
2023-12-19,Sugar,4000.0
2023-12-20,Sugar,4000.0
2023-12-21,Sugar,4000.0
2023-12-22,Sugar,4000.0
2023-12-26,Sugar,4000.0
2023-12-27,Sugar,4000.0
2023-12-28,Sugar,4000.0
2023-12-29,Sugar,4000.0
2023-12-30,Sugar,4000.0
2024-01-01,Sugar,4000.0
2024-02-01,Sugar,4000.0
2024-03-01,Sugar,4000.0
2024-04-01,Sugar,4000.0
2024-05-01,Sugar,4000.0
2024-06-01,Sugar,4000.0
2024-08-01,Sugar,4000.0
2024-09-01,Sugar,4000.0
2024-10-01,Sugar,4000.0
2024-11-01,Sugar,4000.0
2024-12-01,Sugar,4000.0
2024-01-13,Sugar,4000.0
2024-01-15,Sugar,4000.0
2024-01-16,Sugar,4000.0
2024-01-17,Sugar,4000.0
2024-01-18,Sugar,4000.0
2024-01-19,Sugar,4000.0
2024-01-23,Sugar,4000.0
2024-01-24,Sugar,4000.0
2024-01-29,Sugar,4000.0
2024-01-30,Sugar,4000.0
2024-01-31,Sugar,4000.0
2024-01-02,Sugar,4000.0
2024-02-02,Sugar,4000.0
2024-03-02,Sugar,4000.0
2024-05-02,Sugar,4000.0
2024-06-02,Sugar,4000.0
2024-07-02,Sugar,4000.0
2024-08-02,Sugar,4000.0
2024-09-02,Sugar,4000.0
2024-10-02,Sugar,4000.0
2024-12-02,Sugar,4000.0
2024-02-13,Sugar,3925.0
2024-02-14,Sugar,3925.0
2024-02-15,Sugar,3925.0
2024-02-16,Sugar,3925.0
2024-02-20,Sugar,3925.0
2024-02-21,Sugar,3925.0
2024-02-22,Sugar,3925.0
2024-02-23,Sugar,3925.0
2024-02-24,Sugar,3925.0
2024-02-26,Sugar,3925.0
2024-02-27,Sugar,3925.0
2024-02-28,Sugar,3925.0
2024-02-29,Sugar,3925.0
2024-01-03,Sugar,3925.0
2024-02-03,Sugar,3925.0
2024-04-03,Sugar,3925.0
2024-05-03,Sugar,3925.0
2024-06-03,Sugar,3925.0
2024-07-03,Sugar,3925.0
2024-11-03,Sugar,4100.0
2024-12-03,Sugar,4100.0
2024-03-13,Sugar,4100.0
2024-03-14,Sugar,4100.0
2024-03-15,Sugar,4100.0
2024-03-16,Sugar,4100.0
2024-03-18,Sugar,4100.0
2024-03-19,Sugar,4100.0
2024-03-20,Sugar,4100.0
2024-03-21,Sugar,4100.0
2024-03-22,Sugar,4100.0
2024-03-27,Sugar,4100.0
2024-03-28,Sugar,4100.0
2024-03-30,Sugar,4100.0
2024-01-04,Sugar,4100.0
2024-02-04,Sugar,4100.0
2024-03-04,Sugar,4100.0
2024-04-04,Sugar,4100.0
2024-05-04,Sugar,4100.0
2024-06-04,Sugar,4100.0
2024-08-04,Sugar,4100.0
2024-04-15,Sugar,4100.0
2024-04-19,Sugar,4100.0
2024-04-22,Sugar,4100.0
2024-04-24,Sugar,4100.0
2024-04-25,Sugar,4100.0
2024-04-26,Sugar,4100.0
2024-04-27,Sugar,4100.0
2024-04-29,Sugar,4100.0
2024-04-30,Sugar,4100.0
2024-02-05,Sugar,4100.0
2024-03-05,Sugar,4100.0
2024-04-05,Sugar,4100.0
2024-06-05,Sugar,4100.0
2024-07-05,Sugar,4100.0
2024-08-05,Sugar,4100.0
2024-09-05,Sugar,4100.0
2024-10-05,Sugar,4100.0
2024-05-14,Sugar,4100.0
2024-05-15,Sugar,4100.0
2024-05-16,Sugar,4100.0
2024-05-17,Sugar,4100.0
2024-05-21,Sugar,4100.0
2024-05-22,Sugar,4100.0
2024-05-23,Sugar,4100.0
2024-05-24,Sugar,4100.0
2024-05-28,Sugar,4100.0
2024-05-29,Sugar,4100.0
2024-05-30,Sugar,4100.0
2024-05-31,Sugar,4100.0
2024-05-06,Sugar,4100.0
2024-06-06,Sugar,4100.0
2024-07-06,Sugar,4100.0
2024-06-24,Sugar,4100.0
2024-06-25,Sugar,4100.0
2024-06-26,Sugar,4100.0
2024-06-27,Sugar,4100.0
2024-06-28,Sugar,4100.0
2024-01-07,Sugar,4100.0
2024-03-07,Sugar,4100.0
2024-04-07,Sugar,4100.0
2024-05-07,Sugar,4100.0
2024-06-07,Sugar,4100.0
2024-08-07,Sugar,4100.0
2024-09-07,Sugar,4100.0
2024-11-07,Sugar,4100.0
2024-12-07,Sugar,4100.0
2024-07-15,Sugar,4100.0
2024-07-16,Sugar,4100.0
2024-07-18,Sugar,4100.0
2024-07-19,Sugar,4100.0
2024-07-22,Sugar,4100.0
2024-07-23,Sugar,4100.0
2024-07-24,Sugar,4100.0
2024-07-25,Sugar,4100.0
2024-07-26,Sugar,97500.0
2024-07-29,Sugar,4100.0
2024-07-30,Sugar,4100.0
2024-07-31,Sugar,4100.0
2024-01-08,Sugar,4100.0
2024-02-08,Sugar,4100.0
2024-05-08,Sugar,4100.0
2024-06-08,Sugar,4100.0
2024-07-08,Sugar,4100.0
2024-08-08,Sugar,4100.0
2024-09-08,Sugar,4100.0
2024-12-08,Sugar,4100.0
2024-08-13,Sugar,4100.0
2024-08-14,Sugar,4175.0
2024-08-16,Sugar,4175.0
2024-08-20,Sugar,4175.0
2024-08-21,Sugar,4175.0
2024-08-22,Sugar,4175.0
2024-08-23,Sugar,4175.0
2024-08-24,Sugar,2050.0
2024-08-26,Sugar,4175.0
2024-08-28,Sugar,4175.0
2024-08-29,Sugar,4175.0
2024-08-30,Sugar,4175.0
2024-08-31,Sugar,4175.0
2024-02-09,Sugar,4175.0
2024-03-09,Sugar,4175.0
2024-04-09,Sugar,4175.0
2024-05-09,Sugar,4175.0
2024-06-09,Sugar,4175.0
2024-09-09,Sugar,4175.0
2024-10-09,Sugar,4175.0
2024-11-09,Sugar,4175.0
2024-12-09,Sugar,4250.0
2024-09-13,Sugar,4250.0
2024-09-14,Sugar,4250.0
2024-09-16,Sugar,4250.0
2024-09-18,Sugar,4250.0
2024-09-19,Sugar,4250.0
2024-09-20,Sugar,4250.0
2024-09-21,Sugar,4250.0
2024-09-23,Sugar,4250.0
2024-09-24,Sugar,4250.0
2024-09-26,Sugar,4250.0
2024-09-27,Sugar,4250.0
2024-09-30,Sugar,4250.0
2024-01-10,Sugar,4250.0
2024-03-10,Sugar,4225.0
2024-04-10,Sugar,4225.0
2024-05-10,Sugar,4225.0
2024-09-10,Sugar,4225.0
2024-10-10,Sugar,4225.0
2024-11-10,Sugar,4225.0
2024-10-14,Sugar,4225.0
2024-10-15,Sugar,4225.0
2024-10-16,Sugar,4225.0
2024-10-17,Sugar,4225.0
2024-10-18,Sugar,4225.0
2024-10-19,Sugar,4225.0
2024-10-22,Sugar,4225.0
2024-10-23,Sugar,4225.0
2024-10-24,Sugar,4225.0
2024-10-25,Sugar,4225.0
2024-10-26,Sugar,4225.0
2024-10-28,Sugar,4225.0
2024-10-29,Sugar,4225.0
2024-10-30,Sugar,4225.0
2024-02-11,Sugar,4225.0
2024-05-11,Sugar,4225.0
2024-06-11,Sugar,4225.0
2024-07-11,Sugar,4225.0
2024-08-11,Sugar,4225.0
2024-09-11,Sugar,4225.0
2024-11-11,Sugar,4225.0
2024-12-11,Sugar,4225.0
2024-11-13,Sugar,4225.0
2024-11-14,Sugar,4225.0
2024-11-15,Sugar,4225.0
2024-11-16,Sugar,4225.0
2024-11-18,Sugar,4225.0
2024-11-19,Sugar,4225.0
2024-11-21,Sugar,4225.0
2024-11-22,Sugar,4225.0
2024-11-23,Sugar,4225.0
2024-11-25,Sugar,4225.0
2024-11-26,Sugar,4225.0
2024-11-27,Sugar,4225.0
2024-11-28,Sugar,4225.0
2024-11-30,Sugar,4225.0
2024-02-12,Sugar,4225.0
2024-03-12,Sugar,4225.0
2024-04-12,Sugar,4225.0
2024-05-12,Sugar,4225.0
2024-06-12,Sugar,4225.0
2024-07-12,Sugar,4225.0
2024-09-12,Sugar,4225.0
2024-10-12,Sugar,4225.0
2024-11-12,Sugar,4225.0
2024-12-12,Sugar,4225.0
2024-12-13,Sugar,4225.0
2024-12-14,Sugar,4225.0
2024-12-16,Sugar,4275.0
2024-12-17,Sugar,4275.0
2024-12-18,Sugar,4275.0
2024-12-19,Sugar,4275.0
2024-12-20,Sugar,4275.0
2024-12-21,Sugar,4275.0
2024-12-23,Sugar,4275.0
2024-12-24,Sugar,4275.0
2024-12-26,Sugar,4275.0
2024-12-27,Sugar,4275.0
2024-12-28,Sugar,4275.0
2024-12-30,Sugar,4275.0
2024-12-31,Sugar,4275.0
2025-01-01,Sugar,4275.0
2025-03-01,Sugar,4275.0
2025-04-01,Sugar,4275.0
2025-06-01,Sugar,4275.0
2025-07-01,Sugar,4275.0
2025-08-01,Sugar,4275.0
2025-09-01,Sugar,4275.0
2025-10-01,Sugar,4275.0
2025-11-01,Sugar,4275.0
2025-01-13,Sugar,4275.0
2025-01-14,Sugar,4275.0
2025-01-15,Sugar,4300.0
2025-01-16,Sugar,4300.0
2025-01-17,Sugar,4300.0
2025-01-18,Sugar,4300.0
2025-01-20,Sugar,4300.0
2025-01-21,Sugar,4300.0
2025-01-22,Sugar,4300.0
2025-01-23,Sugar,4300.0
2025-01-24,Sugar,4300.0
2025-01-25,Sugar,4300.0
2025-01-28,Sugar,4300.0
2025-01-29,Sugar,4300.0
2025-01-30,Sugar,4300.0
2025-01-31,Sugar,4300.0
2025-01-02,Sugar,4300.0
2025-03-02,Sugar,4300.0
2025-04-02,Sugar,4300.0
2025-05-02,Sugar,4275.0
2025-06-02,Sugar,4275.0
2025-07-02,Sugar,4275.0
2025-02-13,Sugar,4275.0
2025-02-14,Sugar,4275.0
2025-02-15,Sugar,4275.0
2025-02-17,Sugar,4275.0
2025-02-18,Sugar,4275.0
2025-02-20,Sugar,4275.0
2025-02-21,Sugar,4275.0
2025-02-22,Sugar,4275.0
2025-02-25,Sugar,4275.0
2025-02-27,Sugar,4275.0
2025-02-28,Sugar,4275.0
2025-01-03,Sugar,4275.0
2025-03-03,Sugar,4275.0
2025-04-03,Sugar,4275.0
2025-05-03,Sugar,4275.0
2025-06-03,Sugar,4275.0
2025-07-03,Sugar,4275.0
2025-08-03,Sugar,4275.0
2025-10-03,Sugar,4275.0
2025-11-03,Sugar,4275.0
2025-12-03,Sugar,4275.0
2025-03-13,Sugar,4275.0
2025-03-15,Sugar,4275.0
2025-03-18,Sugar,4275.0
2025-03-19,Sugar,4275.0
2025-03-20,Sugar,4300.0
2025-03-21,Sugar,4300.0
2025-03-22,Sugar,4300.0
2025-03-25,Sugar,4300.0
2025-03-26,Sugar,4300.0
2025-03-27,Sugar,4300.0
2025-03-28,Sugar,4300.0
2025-03-31,Sugar,4300.0
2025-01-04,Sugar,4300.0
2025-02-04,Sugar,4300.0
2025-03-04,Sugar,4300.0
2025-04-04,Sugar,4300.0
2025-05-04,Sugar,4300.0
2025-07-04,Sugar,4300.0
2025-08-04,Sugar,4300.0
2025-09-04,Sugar,4300.0
2025-10-04,Sugar,4300.0
2025-11-04,Sugar,4300.0
2025-04-14,Sugar,4300.0
2025-04-15,Sugar,4300.0
2025-04-16,Sugar,4300.0
2025-04-17,Sugar,4300.0
2025-04-18,Sugar,4300.0
2025-04-19,Sugar,4300.0
2025-04-21,Sugar,4300.0
2025-04-22,Sugar,4300.0
2025-04-23,Sugar,4300.0
2025-04-24,Sugar,4300.0
2025-04-25,Sugar,4300.0
2025-04-26,Sugar,4300.0
2025-04-29,Sugar,4300.0
2025-04-30,Sugar,4300.0
2025-02-05,Sugar,4300.0
2025-03-05,Sugar,4300.0
2025-05-05,Sugar,4300.0
2025-06-05,Sugar,4300.0
2025-07-05,Sugar,4300.0
2025-08-05,Sugar,4300.0
2025-09-05,Sugar,4300.0
2025-12-05,Sugar,4300.0
2025-05-13,Sugar,4300.0
2025-05-15,Sugar,4300.0
2025-05-16,Sugar,4300.0
2025-05-17,Sugar,4300.0
2025-05-19,Sugar,4300.0
2025-05-20,Sugar,4300.0
2025-05-21,Sugar,4300.0
2025-05-22,Sugar,4300.0
2025-05-23,Sugar,4300.0
2025-05-24,Sugar,4300.0
2025-05-26,Sugar,4300.0
2025-05-27,Sugar,4300.0
2025-05-29,Sugar,4300.0
2025-05-30,Sugar,4300.0
2025-02-06,Sugar,4300.0
2025-03-06,Sugar,4300.0
2025-04-06,Sugar,4300.0
2025-05-06,Sugar,4300.0
2025-06-06,Sugar,4300.0
2025-07-06,Sugar,4300.0
2025-09-06,Sugar,4300.0
2025-10-06,Sugar,4300.0
2025-11-06,Sugar,4300.0
2025-12-06,Sugar,4300.0
2025-06-13,Sugar,4300.0
2025-06-16,Sugar,4300.0
2025-06-17,Sugar,4300.0
2025-06-18,Sugar,4300.0
2025-06-19,Sugar,4300.0
2025-06-23,Sugar,4300.0
2025-06-24,Sugar,4300.0
2025-06-25,Sugar,4300.0
2025-06-26,Sugar,4300.0
2025-06-27,Sugar,4300.0
2025-01-07,Sugar,4350.0
2025-03-07,Sugar,4350.0
2025-08-07,Sugar,4350.0
2025-09-07,Sugar,4350.0
2025-10-07,Sugar,4350.0
2025-11-07,Sugar,4350.0
2025-12-07,Sugar,4350.0
2025-07-14,Sugar,4350.0
2025-07-15,Sugar,4350.0
2025-07-16,Sugar,4350.0
2025-07-17,Sugar,4350.0
2025-07-18,Sugar,4350.0
2025-07-19,Sugar,4350.0
2025-07-21,Sugar,4350.0
2025-07-22,Sugar,4350.0
2025-07-23,Sugar,4350.0
2025-07-24,Sugar,4350.0
2025-07-25,Sugar,4350.0
2025-07-26,Sugar,4350.0
2025-07-28,Sugar,4350.0
2025-07-29,Sugar,4350.0
2025-07-30,Sugar,4350.0
2025-07-31,Sugar,4350.0
2025-01-08,Sugar,4350.0
2025-02-08,Sugar,4350.0
2025-04-08,Sugar,4350.0
2025-05-08,Sugar,4350.0
2025-06-08,Sugar,4350.0
2025-07-08,Sugar,55000.0
2025-08-08,Sugar,4350.0
2025-11-08,Sugar,4350.0
2025-12-08,Sugar,4350.0
2025-08-13,Sugar,4350.0
2025-08-14,Sugar,4350.0
2025-08-18,Sugar,4350.0
2025-08-19,Sugar,4350.0
2025-08-20,Sugar,4350.0
2025-08-21,Sugar,4350.0
2025-08-22,Sugar,4350.0
2025-08-23,Sugar,4350.0
2025-08-25,Sugar,4400.0
2025-08-28,Sugar,4400.0
2025-08-29,Sugar,4400.0
2025-08-30,Sugar,4400.0
2025-01-09,Sugar,4400.0
2025-02-09,Sugar,4400.0
2025-03-09,Sugar,4400.0
2025-04-09,Sugar,4400.0
2025-05-09,Sugar,4400.0
2025-08-09,Sugar,4400.0
2025-09-09,Sugar,4400.0
2025-10-09,Sugar,4400.0
2025-11-09,Sugar,4400.0
2025-12-09,Sugar,4400.0
2025-09-13,Sugar,4400.0
2025-09-15,Sugar,4400.0
2025-09-16,Sugar,4400.0
2025-09-17,Sugar,4400.0
2025-09-18,Sugar,4400.0
2025-09-19,Sugar,4400.0
2025-09-20,Sugar,4400.0
2025-09-22,Sugar,4400.0
2025-09-23,Sugar,4400.0
2025-09-24,Sugar,4400.0
2025-09-26,Sugar,4400.0
2025-09-27,Sugar,4400.0
2025-09-29,Sugar,4400.0
2025-09-30,Sugar,4400.0
2025-01-10,Sugar,4400.0
2025-03-10,Sugar,4400.0
2025-06-10,Sugar,4400.0
2025-07-10,Sugar,4400.0
2025-08-10,Sugar,4400.0
2025-09-10,Sugar,4400.0
2025-11-10,Sugar,4400.0
2025-10-13,Sugar,4400.0
2025-10-14,Sugar,4400.0
2025-10-15,Sugar,4400.0
2025-10-16,Sugar,4400.0
2025-10-17,Sugar,4400.0
2025-10-25,Sugar,4400.0
2025-10-27,Sugar,4400.0
2025-10-28,Sugar,4400.0
2025-10-29,Sugar,4400.0
2025-10-30,Sugar,4400.0
2025-10-31,Sugar,4400.0
2025-01-11,Sugar,4400.0
2025-03-11,Sugar,4400.0
2025-04-11,Sugar,4400.0
2025-07-11,Sugar,4450.0
2025-10-11,Sugar,4450.0
2025-11-11,Sugar,4450.0
2025-12-11,Sugar,4450.0
2025-11-13,Sugar,4450.0
2025-11-14,Sugar,4450.0
2025-11-18,Sugar,4450.0
2025-11-19,Sugar,4450.0
2025-11-20,Sugar,4450.0
2025-11-21,Sugar,4450.0
2025-11-24,Sugar,4450.0
2025-11-25,Sugar,4450.0
2025-11-26,Sugar,4450.0
2025-11-27,Sugar,4450.0
2025-11-28,Sugar,4450.0
2025-01-12,Sugar,4450.0
2025-02-12,Sugar,4450.0
2025-03-12,Sugar,4450.0
2025-04-12,Sugar,4450.0
2025-08-12,Sugar,4450.0
2025-09-12,Sugar,4450.0
2025-10-12,Sugar,4450.0
2025-11-12,Sugar,4450.0
2025-12-12,Sugar,4450.0
2025-12-15,Sugar,4450.0
2025-12-16,Sugar,4450.0
2025-12-17,Sugar,4450.0
2025-12-18,Sugar,4450.0
2025-12-19,Sugar,4450.0
2025-12-22,Sugar,4450.0
2025-12-23,Sugar,4450.0
2025-12-24,Sugar,4450.0
2025-12-25,Sugar,4450.0
2025-12-26,Sugar,4450.0
2025-12-29,Sugar,4450.0
2025-12-30,Sugar,4450.0
2025-12-31,Sugar,4450.0
2026-01-01,Sugar,4450.0
2026-02-01,Sugar,4450.0
2026-05-01,Sugar,4450.0
2026-06-01,Sugar,4450.0
2026-07-01,Sugar,4450.0
2026-08-01,Sugar,4450.0
2026-09-01,Sugar,4450.0
2026-12-01,Sugar,4450.0
2026-01-13,Sugar,4425.0
2026-01-14,Sugar,4425.0
2026-01-16,Sugar,4425.0
2026-01-19,Sugar,4425.0
2026-01-20,Sugar,4425.0
2026-01-21,Sugar,4425.0
2026-01-22,Sugar,4425.0
2026-01-23,Sugar,4425.0
2026-01-28,Sugar,4425.0
2026-01-29,Sugar,4425.0
2026-01-30,Sugar,4425.0
2026-02-02,Sugar,4425.0
2026-03-02,Sugar,4425.0
2026-04-02,Sugar,4425.0
2026-05-02,Sugar,4425.0
2026-06-02,Sugar,4425.0
2026-10-02,Sugar,4425.0
2026-11-02,Sugar,4425.0
2026-12-02,Sugar,4425.0
2026-02-13,Sugar,4425.0
2026-02-16,Sugar,4425.0
2026-02-17,Sugar,4425.0
2026-02-18,Sugar,4425.0
2026-02-20,Sugar,4425.0
2026-02-23,Sugar,4425.0
2026-02-24,Sugar,4425.0
2026-02-25,Sugar,4425.0
2026-02-26,Sugar,4425.0
2026-02-27,Sugar,4425.0
2026-02-03,Sugar,4425.0
2026-05-03,Sugar,4425.0
2026-06-03,Sugar,4425.0
2026-09-03,Sugar,4425.0
2026-10-03,Sugar,4425.0
2026-11-03,Sugar,4425.0
2026-12-03,Sugar,4425.0
2026-03-13,Sugar,4425.0
2026-03-16,Sugar,4425.0
2026-03-17,Sugar,4425.0
2026-03-18,Sugar,4425.0
2026-03-20,Sugar,4425.0
2026-03-24,Sugar,4425.0
2026-03-25,Sugar,4425.0
2026-03-26,Sugar,4425.0
2026-03-28,Sugar,4425.0
2026-03-30,Sugar,4425.0
2026-03-31,Sugar,4425.0
2026-01-04,Sugar,4425.0
2026-02-04,Sugar,4425.0
2026-03-04,Sugar,4425.0
2026-04-04,Sugar,4425.0
2026-06-04,Sugar,4425.0
2026-07-04,Sugar,4425.0
2026-08-04,Sugar,4425.0
2026-09-04,Sugar,4425.0
2026-10-04,Sugar,4425.0
2026-11-04,Sugar,4425.0
2026-04-14,Sugar,4425.0
2026-04-15,Sugar,4425.0
2026-04-16,Sugar,4425.0
2026-04-17,Sugar,4425.0
2026-04-18,Sugar,4425.0
2026-04-20,Sugar,4425.0
2026-04-21,Sugar,4425.0
2026-04-22,Sugar,4425.0
2026-04-23,Sugar,4425.0
2026-04-24,Sugar,4425.0
2026-04-25,Sugar,4425.0
2026-04-28,Sugar,4425.0
2026-04-29,Sugar,4425.0
2026-04-30,Sugar,4425.0
2026-02-05,Sugar,4425.0
2026-04-05,Sugar,4425.0
2026-05-05,Sugar,4425.0
2026-06-05,Sugar,4425.0
2026-07-05,Sugar,4425.0
2026-08-05,Sugar,4425.0
2026-11-05,Sugar,4425.0
2026-12-05,Sugar,4425.0
2026-05-13,Sugar,4425.0
2026-05-14,Sugar,4425.0
2026-05-15,Sugar,4425.0
2026-05-18,Sugar,4500.0
2026-05-19,Sugar,4500.0
2026-05-20,Sugar,4500.0
2026-05-21,Sugar,4500.0
2026-05-22,Sugar,4500.0
2026-05-23,Sugar,4500.0
2026-05-26,Sugar,4500.0
2026-05-27,Sugar,4500.0
2026-05-28,Sugar,4500.0
2026-05-29,Sugar,4500.0
2026-05-30,Sugar,4500.0
2026-01-06,Sugar,4500.0
2026-02-06,Sugar,4500.0
2026-03-06,Sugar,4500.0
2026-04-06,Sugar,4500.0
2026-05-06,Sugar,4500.0
2026-08-06,Sugar,4500.0
2026-09-06,Sugar,4500.0
2026-10-06,Sugar,4500.0
2026-11-06,Sugar,4500.0
2026-12-06,Sugar,4500.0
2026-06-13,Sugar,4500.0
2026-06-15,Sugar,4500.0
2026-06-16,Sugar,4500.0
2026-06-17,Sugar,4500.0
2026-06-18,Sugar,4500.0
2026-06-19,Sugar,4500.0
2026-06-22,Sugar,4500.0
2026-06-23,Sugar,4500.0
2026-06-24,Sugar,4500.0
2026-06-25,Sugar,4500.0
2026-06-26,Sugar,4500.0
2026-06-27,Sugar,4500.0
2026-06-29,Sugar,4350.0
2026-06-30,Sugar,4350.0
2021-01-01,Coffee,12400.0
2021-02-01,Coffee,12400.0
2021-04-01,Coffee,12000.0
2021-05-01,Coffee,9005.99
2021-06-01,Coffee,7645.0
2021-07-01,Coffee,8521.05
2021-08-01,Coffee,10647.26
2021-09-01,Coffee,10647.62
2021-11-01,Coffee,7701.3
2021-12-01,Coffee,7750.0
2021-01-13,Coffee,7641.18
2021-01-14,Coffee,11036.84
2021-01-15,Coffee,13279.26
2021-01-16,Coffee,10364.57
2021-01-18,Coffee,7585.88
2021-01-19,Coffee,7405.56
2021-01-20,Coffee,8044.05
2021-01-21,Coffee,7087.11
2021-01-22,Coffee,6882.86
2021-01-23,Coffee,6450.0
2021-01-25,Coffee,7490.91
2021-01-26,Coffee,8424.25
2021-01-27,Coffee,7409.98
2021-01-28,Coffee,8248.74
2021-01-29,Coffee,7153.18
2021-01-30,Coffee,9668.06
2021-01-31,Coffee,6300.0
2021-01-02,Coffee,7303.3
2021-02-02,Coffee,7714.55
2021-03-02,Coffee,7792.45
2021-04-02,Coffee,8094.02
2021-05-02,Coffee,7334.68
2021-06-02,Coffee,7248.12
2021-07-02,Coffee,7600.0
2021-08-02,Coffee,11000.0
2021-09-02,Coffee,11000.0
2021-10-02,Coffee,6793.63
2021-11-02,Coffee,7780.08
2021-12-02,Coffee,7331.58
2021-02-13,Coffee,6885.71
2021-02-14,Coffee,11000.0
2021-02-15,Coffee,7162.69
2021-02-16,Coffee,6978.86
2021-02-17,Coffee,7396.58
2021-02-18,Coffee,7566.13
2021-02-19,Coffee,7003.3
2021-02-20,Coffee,7289.33
2021-02-22,Coffee,9499.38
2021-02-23,Coffee,7591.76
2021-02-24,Coffee,8392.31
2021-02-25,Coffee,6688.96
2021-02-26,Coffee,6835.02
2021-02-27,Coffee,7518.37
2021-02-28,Coffee,7713.89
2021-01-03,Coffee,7545.39
2021-02-03,Coffee,7170.0
2021-03-03,Coffee,7365.52
2021-04-03,Coffee,7014.29
2021-05-03,Coffee,7801.52
2021-06-03,Coffee,7171.19
2021-07-03,Coffee,6400.0
2021-08-03,Coffee,7971.32
2021-09-03,Coffee,6919.68
2021-10-03,Coffee,7753.12
2021-11-03,Coffee,7800.0
2021-12-03,Coffee,7611.11
2021-03-13,Coffee,8035.29
2021-03-15,Coffee,7305.92
2021-03-16,Coffee,7717.45
2021-03-17,Coffee,7491.35
2021-03-18,Coffee,7580.95
2021-03-19,Coffee,7631.68
2021-03-20,Coffee,7867.23
2021-03-22,Coffee,7627.18
2021-03-23,Coffee,7897.25
2021-03-24,Coffee,8261.22
2021-03-25,Coffee,7426.42
2021-03-26,Coffee,7509.09
2021-03-27,Coffee,8183.1
2021-03-28,Coffee,6450.0
2021-03-29,Coffee,7744.44
2021-03-30,Coffee,7670.87
2021-03-31,Coffee,7666.67
2021-01-04,Coffee,7560.0
2021-02-04,Coffee,8237.41
2021-03-04,Coffee,7955.22
2021-04-04,Coffee,7600.0
2021-05-04,Coffee,7597.7
2021-06-04,Coffee,7550.0
2021-07-04,Coffee,7581.25
2021-08-04,Coffee,7955.56
2021-09-04,Coffee,8044.44
2021-10-04,Coffee,11209.68
2021-12-04,Coffee,7683.72
2021-04-13,Coffee,7527.27
2021-04-14,Coffee,9220.0
2021-04-15,Coffee,7544.19
2021-04-16,Coffee,7444.74
2021-04-17,Coffee,7325.33
2021-04-18,Coffee,4700.0
2021-04-19,Coffee,7076.92
2021-04-20,Coffee,6538.46
2021-04-21,Coffee,7781.13
2021-04-22,Coffee,8273.33
2021-04-23,Coffee,6951.4
2021-04-24,Coffee,6248.62
2021-04-25,Coffee,3300.0
2021-04-26,Coffee,7881.71
2021-04-27,Coffee,6650.75
2021-04-28,Coffee,5244.44
2021-04-29,Coffee,6868.97
2021-04-30,Coffee,6896.55
2021-01-05,Coffee,7955.22
2021-03-05,Coffee,7955.22
2021-04-05,Coffee,8710.91
2021-05-05,Coffee,7986.57
2021-06-05,Coffee,7884.62
2021-07-05,Coffee,7766.67
2021-08-05,Coffee,11100.0
2021-10-05,Coffee,7766.67
2021-11-05,Coffee,11100.0
2021-12-05,Coffee,11100.0
2021-05-13,Coffee,7651.72
2021-05-14,Coffee,11100.0
2021-05-15,Coffee,11100.0
2021-05-17,Coffee,11100.0
2021-05-18,Coffee,11100.0
2021-05-19,Coffee,11100.0
2021-05-20,Coffee,11200.0
2021-05-21,Coffee,11200.0
2021-05-22,Coffee,11200.0
2021-05-24,Coffee,11300.0
2021-05-25,Coffee,11300.0
2021-05-26,Coffee,11300.0
2021-05-27,Coffee,11400.0
2021-05-28,Coffee,11400.0
2021-05-29,Coffee,11400.0
2021-05-31,Coffee,11400.0
2021-01-06,Coffee,11400.0
2021-02-06,Coffee,11600.0
2021-03-06,Coffee,11500.0
2021-04-06,Coffee,11500.0
2021-05-06,Coffee,11500.0
2021-07-06,Coffee,7618.91
2021-08-06,Coffee,7612.62
2021-09-06,Coffee,11400.0
2021-10-06,Coffee,11300.0
2021-11-06,Coffee,11400.0
2021-12-06,Coffee,11400.0
2021-06-14,Coffee,7670.49
2021-06-15,Coffee,7665.02
2021-06-16,Coffee,7665.02
2021-06-17,Coffee,7688.24
2021-06-18,Coffee,7602.2
2021-06-19,Coffee,7621.89
2021-06-21,Coffee,7621.89
2021-06-22,Coffee,7629.8
2021-06-23,Coffee,6878.33
2021-06-24,Coffee,5991.63
2021-06-25,Coffee,7666.5
2021-06-26,Coffee,7644.55
2021-06-27,Coffee,7600.0
2021-06-28,Coffee,12300.0
2021-06-29,Coffee,6854.46
2021-06-30,Coffee,6785.71
2021-01-07,Coffee,12600.0
2021-02-07,Coffee,12600.0
2021-03-07,Coffee,7673.89
2021-05-07,Coffee,12700.0
2021-06-07,Coffee,7630.42
2021-07-07,Coffee,7650.5
2021-08-07,Coffee,7751.46
2021-09-07,Coffee,7651.49
2021-10-07,Coffee,7700.0
2021-12-07,Coffee,7678.33
2021-07-13,Coffee,6957.43
2021-07-14,Coffee,7650.5
2021-07-15,Coffee,6788.67
2021-07-16,Coffee,5868.32
2021-07-17,Coffee,6660.4
2021-07-19,Coffee,7650.5
2021-07-20,Coffee,7625.87
2021-07-21,Coffee,12800.0
2021-07-22,Coffee,7631.01
2021-07-23,Coffee,7651.49
2021-07-24,Coffee,6858.42
2021-07-25,Coffee,7600.0
2021-07-26,Coffee,6888.67
2021-07-27,Coffee,6859.41
2021-07-28,Coffee,7671.05
2021-07-29,Coffee,7901.96
2021-07-30,Coffee,7709.8
2021-07-31,Coffee,5800.0
2021-02-08,Coffee,6937.57
2021-03-08,Coffee,7842.86
2021-04-08,Coffee,7901.96
2021-05-08,Coffee,7705.88
2021-06-08,Coffee,13000.0
2021-07-08,Coffee,13000.0
2021-09-08,Coffee,7875.37
2021-10-08,Coffee,7949.5
2021-11-08,Coffee,7863.16
2021-12-08,Coffee,6978.95
2021-08-13,Coffee,8000.0
2021-08-14,Coffee,7709.8
2021-08-16,Coffee,7023.53
2021-08-17,Coffee,13200.0
2021-08-18,Coffee,13200.0
2021-08-19,Coffee,13200.0
2021-08-20,Coffee,13200.0
2021-08-21,Coffee,7931.71
2021-08-22,Coffee,7600.0
2021-08-23,Coffee,13100.0
2021-08-24,Coffee,7734.15
2021-08-25,Coffee,7763.11
2021-08-26,Coffee,7709.8
2021-08-27,Coffee,13200.0
2021-08-28,Coffee,7600.0
2021-08-29,Coffee,7600.0
2021-08-30,Coffee,7800.0
2021-08-31,Coffee,7905.88
2021-01-09,Coffee,7682.76
2021-02-09,Coffee,7673.68
2021-03-09,Coffee,7669.14
2021-04-09,Coffee,7600.0
2021-06-09,Coffee,7600.0
2021-07-09,Coffee,7709.8
2021-08-09,Coffee,7815.38
2021-09-09,Coffee,7666.56
2021-10-09,Coffee,7661.11
2021-11-09,Coffee,8256.9
2021-12-09,Coffee,7450.0
2021-09-13,Coffee,7697.32
2021-09-14,Coffee,7680.6
2021-09-15,Coffee,7841.22
2021-09-16,Coffee,7666.67
2021-09-17,Coffee,7690.91
2021-09-18,Coffee,7805.7
2021-09-19,Coffee,7595.45
2021-09-20,Coffee,7669.33
2021-09-21,Coffee,7676.06
2021-09-22,Coffee,7696.53
2021-09-23,Coffee,7687.01
2021-09-24,Coffee,8660.9
2021-09-25,Coffee,7612.15
2021-09-26,Coffee,7800.0
2021-09-27,Coffee,13500.0
2021-09-28,Coffee,7280.4
2021-09-29,Coffee,7747.28
2021-09-30,Coffee,7854.08
2021-01-10,Coffee,7975.89
2021-02-10,Coffee,7859.88
2021-04-10,Coffee,7842.72
2021-05-10,Coffee,7668.52
2021-06-10,Coffee,7264.58
2021-07-10,Coffee,7967.24
2021-08-10,Coffee,7668.52
2021-09-10,Coffee,7889.82
2021-10-10,Coffee,7600.0
2021-11-10,Coffee,7846.67
2021-12-10,Coffee,7890.18
2021-10-13,Coffee,7941.9
2021-10-14,Coffee,7672.31
2021-10-15,Coffee,7863.08
2021-10-16,Coffee,7852.51
2021-10-17,Coffee,7600.0
2021-10-18,Coffee,7852.53
2021-10-19,Coffee,7986.89
2021-10-20,Coffee,7647.86
2021-10-21,Coffee,8809.81
2021-10-22,Coffee,8829.46
2021-10-23,Coffee,7847.47
2021-10-25,Coffee,8587.69
2021-10-27,Coffee,8630.16
2021-10-28,Coffee,7890.21
2021-10-29,Coffee,7863.08
2021-10-30,Coffee,7825.45
2021-01-11,Coffee,8805.7
2021-02-11,Coffee,7672.31
2021-03-11,Coffee,7888.32
2021-04-11,Coffee,7677.34
2021-05-11,Coffee,7869.53
2021-06-11,Coffee,8425.0
2021-07-11,Coffee,7600.0
2021-08-11,Coffee,7956.92
2021-09-11,Coffee,7958.04
2021-10-11,Coffee,8727.39
2021-11-11,Coffee,8588.27
2021-12-11,Coffee,8787.69
2021-11-13,Coffee,7450.0
2021-11-15,Coffee,8787.69
2021-11-16,Coffee,8988.44
2021-11-17,Coffee,8721.2
2021-11-18,Coffee,7743.36
2021-11-19,Coffee,8527.61
2021-11-20,Coffee,7975.46
2021-11-22,Coffee,8458.33
2021-11-23,Coffee,7852.56
2021-11-24,Coffee,7813.66
2021-11-25,Coffee,7740.65
2021-11-26,Coffee,7903.25
2021-11-27,Coffee,7893.62
2021-11-28,Coffee,7600.0
2021-11-29,Coffee,7836.99
2021-11-30,Coffee,7856.52
2021-01-12,Coffee,7905.69
2021-02-12,Coffee,7816.9
2021-03-12,Coffee,7856.82
2021-04-12,Coffee,8761.79
2021-06-12,Coffee,7948.2
2021-07-12,Coffee,8665.69
2021-08-12,Coffee,7172.01
2021-09-12,Coffee,7859.89
2021-10-12,Coffee,16968.75
2021-11-12,Coffee,8717.05
2021-12-13,Coffee,7865.76
2021-12-14,Coffee,7793.18
2021-12-15,Coffee,7798.75
2021-12-16,Coffee,7835.03
2021-12-17,Coffee,7826.47
2021-12-18,Coffee,6902.68
2021-12-20,Coffee,7895.05
2021-12-21,Coffee,7769.08
2021-12-22,Coffee,7737.5
2021-12-23,Coffee,8585.67
2021-12-24,Coffee,7873.38
2021-12-25,Coffee,8667.59
2021-12-26,Coffee,14300.0
2021-12-27,Coffee,8891.8
2021-12-28,Coffee,7952.09
2021-12-29,Coffee,8001.63
2021-12-30,Coffee,7050.0
2021-12-31,Coffee,7675.0
2022-01-01,Coffee,7915.84
2022-03-01,Coffee,7906.52
2022-04-01,Coffee,8197.66
2022-05-01,Coffee,7786.97
2022-06-01,Coffee,7952.73
2022-07-01,Coffee,8063.06
2022-08-01,Coffee,8350.0
2022-10-01,Coffee,8079.4
2022-11-01,Coffee,8059.66
2022-12-01,Coffee,8049.87
2022-01-13,Coffee,8066.45
2022-01-14,Coffee,8142.7
2022-01-15,Coffee,7969.7
2022-01-16,Coffee,7800.0
2022-01-17,Coffee,7906.38
2022-01-18,Coffee,8661.11
2022-01-19,Coffee,8190.25
2022-01-20,Coffee,8247.06
2022-01-21,Coffee,8226.32
2022-01-22,Coffee,8179.91
2022-01-24,Coffee,7933.68
2022-01-25,Coffee,8111.76
2022-01-26,Coffee,8280.0
2022-01-27,Coffee,8957.93
2022-01-28,Coffee,8043.68
2022-01-29,Coffee,7858.33
2022-01-31,Coffee,8080.3
2022-01-02,Coffee,8343.18
2022-02-02,Coffee,8445.92
2022-03-02,Coffee,8314.73
2022-04-02,Coffee,8295.89
2022-05-02,Coffee,8587.91
2022-07-02,Coffee,9018.75
2022-08-02,Coffee,8724.18
2022-09-02,Coffee,9560.0
2022-10-02,Coffee,8300.0
2022-11-02,Coffee,9143.75
2022-02-14,Coffee,8634.62
2022-02-15,Coffee,9286.41
2022-02-16,Coffee,8873.29
2022-02-17,Coffee,9865.85
2022-02-18,Coffee,9008.62
2022-02-19,Coffee,8987.69
2022-02-21,Coffee,9117.65
2022-02-22,Coffee,9075.86
2022-02-23,Coffee,9866.67
2022-02-24,Coffee,9852.83
2022-02-25,Coffee,10226.13
2022-02-26,Coffee,9592.68
2022-02-27,Coffee,8600.0
2022-02-28,Coffee,9096.43
2022-02-03,Coffee,8847.19
2022-03-03,Coffee,8968.97
2022-04-03,Coffee,8395.27
2022-05-03,Coffee,8400.0
2022-07-03,Coffee,8344.44
2022-08-03,Coffee,8348.15
2022-09-03,Coffee,8343.62
2022-10-03,Coffee,8336.49
2022-11-03,Coffee,8432.35
2022-12-03,Coffee,8689.55
2022-03-14,Coffee,8442.95
2022-03-15,Coffee,8459.32
2022-03-16,Coffee,8457.14
2022-03-17,Coffee,8490.53
2022-03-18,Coffee,8455.77
2022-03-19,Coffee,8594.81
2022-03-21,Coffee,8565.22
2022-03-22,Coffee,8563.21
2022-03-23,Coffee,8535.75
2022-03-24,Coffee,8561.9
2022-03-25,Coffee,8565.53
2022-03-26,Coffee,8583.06
2022-03-27,Coffee,8700.0
2022-03-28,Coffee,8790.91
2022-03-29,Coffee,8800.0
2022-03-30,Coffee,8565.22
2022-03-31,Coffee,8566.67
2022-01-04,Coffee,9551.24
2022-02-04,Coffee,8706.52
2022-03-04,Coffee,15500.0
2022-04-04,Coffee,10758.93
2022-05-04,Coffee,9514.37
2022-06-04,Coffee,10601.85
2022-07-04,Coffee,10745.45
2022-08-04,Coffee,9423.21
2022-09-04,Coffee,10456.58
2022-10-04,Coffee,9000.0
2022-11-04,Coffee,9486.28
2022-12-04,Coffee,10166.36
2022-04-13,Coffee,10633.33
2022-04-14,Coffee,13165.38
2022-04-15,Coffee,8900.0
2022-04-16,Coffee,10226.58
2022-04-17,Coffee,15900.0
2022-04-18,Coffee,10324.29
2022-04-19,Coffee,11155.0
2022-04-20,Coffee,10489.76
2022-04-21,Coffee,10648.48
2022-04-22,Coffee,10593.37
2022-04-23,Coffee,10664.52
2022-04-25,Coffee,9824.43
2022-04-26,Coffee,11159.8
2022-04-27,Coffee,11273.58
2022-04-28,Coffee,12185.71
2022-04-29,Coffee,13360.0
2022-04-30,Coffee,9250.0
2022-02-05,Coffee,12556.9
2022-03-05,Coffee,10787.5
2022-04-05,Coffee,10661.81
2022-05-05,Coffee,10653.45
2022-06-05,Coffee,10481.02
2022-09-05,Coffee,9600.0
2022-10-05,Coffee,10857.86
2022-11-05,Coffee,10815.89
2022-12-05,Coffee,10871.3
2022-05-13,Coffee,10889.33
2022-05-14,Coffee,15259.38
2022-05-15,Coffee,9600.0
2022-05-16,Coffee,14922.41
2022-05-17,Coffee,10053.97
2022-05-18,Coffee,11653.26
2022-05-19,Coffee,10295.95
2022-05-20,Coffee,10014.19
2022-05-21,Coffee,14346.43
2022-05-22,Coffee,9700.0
2022-05-23,Coffee,14516.67
2022-05-24,Coffee,10860.32
2022-05-25,Coffee,14433.33
2022-05-26,Coffee,14881.82
2022-05-27,Coffee,14916.67
2022-05-28,Coffee,13911.11
2022-05-30,Coffee,10305.62
2022-05-31,Coffee,11184.62
2022-01-06,Coffee,11719.47
2022-02-06,Coffee,12591.67
2022-03-06,Coffee,16103.12
2022-04-06,Coffee,15919.7
2022-06-06,Coffee,15560.61
2022-07-06,Coffee,14500.0
2022-08-06,Coffee,14947.3
2022-09-06,Coffee,15284.21
2022-10-06,Coffee,15284.21
2022-11-06,Coffee,10050.0
2022-06-13,Coffee,15022.5
2022-06-14,Coffee,15894.74
2022-06-15,Coffee,15110.53
2022-06-16,Coffee,17500.0
2022-06-17,Coffee,15214.29
2022-06-18,Coffee,14676.47
2022-06-20,Coffee,15177.42
2022-06-21,Coffee,15883.23
2022-06-22,Coffee,15960.61
2022-06-23,Coffee,15722.22
2022-06-24,Coffee,15560.61
2022-06-25,Coffee,15440.0
2022-06-27,Coffee,15440.0
2022-06-28,Coffee,15214.29
2022-06-29,Coffee,15914.29
2022-06-30,Coffee,15792.31
2022-01-07,Coffee,10100.0
2022-04-07,Coffee,16260.56
2022-05-07,Coffee,15820.0
2022-06-07,Coffee,16357.14
2022-07-07,Coffee,16260.56
2022-08-07,Coffee,11672.28
2022-09-07,Coffee,16018.52
2022-11-07,Coffee,15718.18
2022-12-07,Coffee,15597.56
2022-07-13,Coffee,9750.0
2022-07-14,Coffee,15683.63
2022-07-15,Coffee,10902.91
2022-07-16,Coffee,14808.82
2022-07-18,Coffee,15431.58
2022-07-19,Coffee,10656.12
2022-07-20,Coffee,11457.89
2022-07-21,Coffee,10864.1
2022-07-22,Coffee,11275.4
2022-07-23,Coffee,10033.07
2022-07-25,Coffee,11497.06
2022-07-26,Coffee,9819.49
2022-07-27,Coffee,15908.33
2022-07-28,Coffee,9677.27
2022-07-29,Coffee,9690.77
2022-07-30,Coffee,16041.67
2022-01-08,Coffee,11249.21
2022-02-08,Coffee,16001.75
2022-03-08,Coffee,16082.26
2022-04-08,Coffee,15682.14
2022-05-08,Coffee,11717.39
2022-06-08,Coffee,10991.68
2022-08-08,Coffee,11290.24
2022-09-08,Coffee,15550.0
2022-10-08,Coffee,16008.33
2022-11-08,Coffee,15746.43
2022-12-08,Coffee,16224.14
2022-08-13,Coffee,9500.0
2022-08-15,Coffee,15841.18
2022-08-16,Coffee,16237.5
2022-08-17,Coffee,15993.98
2022-08-18,Coffee,11471.05
2022-08-19,Coffee,11557.69
2022-08-20,Coffee,12115.56
2022-08-22,Coffee,15900.0
2022-08-23,Coffee,12332.84
2022-08-24,Coffee,11341.27
2022-08-25,Coffee,11439.06
2022-08-26,Coffee,11533.85
2022-08-27,Coffee,11549.61
2022-08-29,Coffee,12002.22
2022-08-30,Coffee,10142.65
2022-08-31,Coffee,16780.0
2022-01-09,Coffee,12179.07
2022-02-09,Coffee,17900.0
2022-03-09,Coffee,13370.59
2022-04-09,Coffee,16155.56
2022-05-09,Coffee,12483.67
2022-06-09,Coffee,16234.85
2022-07-09,Coffee,15747.22
2022-08-09,Coffee,17900.0
2022-09-09,Coffee,11026.0
2022-10-09,Coffee,11916.67
2022-12-09,Coffee,11107.45
2022-09-13,Coffee,16076.47
2022-09-14,Coffee,16532.35
2022-09-15,Coffee,16268.42
2022-09-16,Coffee,16430.0
2022-09-17,Coffee,16614.71
2022-09-19,Coffee,16565.62
2022-09-20,Coffee,16875.0
2022-09-21,Coffee,10350.0
2022-09-22,Coffee,17024.5
2022-09-23,Coffee,16565.62
2022-09-24,Coffee,12961.76
2022-09-25,Coffee,10200.0
2022-09-26,Coffee,11598.82
2022-09-27,Coffee,12460.0
2022-09-28,Coffee,14418.44
2022-09-29,Coffee,12493.96
2022-09-30,Coffee,12584.44
2022-01-10,Coffee,17323.68
2022-03-10,Coffee,16975.0
2022-04-10,Coffee,12100.9
2022-05-10,Coffee,11221.6
2022-06-10,Coffee,16809.38
2022-07-10,Coffee,12702.17
2022-08-10,Coffee,13368.92
2022-10-10,Coffee,10732.87
2022-11-10,Coffee,12423.33
2022-12-10,Coffee,12325.64
2022-10-13,Coffee,11790.84
2022-10-14,Coffee,18260.74
2022-10-15,Coffee,10157.69
2022-10-16,Coffee,10400.0
2022-10-17,Coffee,11711.72
2022-10-18,Coffee,12743.18
2022-10-19,Coffee,10350.0
2022-10-20,Coffee,10303.27
2022-10-21,Coffee,10213.64
2022-10-22,Coffee,12446.63
2022-10-24,Coffee,11992.06
2022-10-25,Coffee,13348.57
2022-10-26,Coffee,12490.0
2022-10-27,Coffee,13223.97
2022-10-28,Coffee,12365.62
2022-10-29,Coffee,11770.61
2022-10-31,Coffee,12491.33
2022-01-11,Coffee,12231.7
2022-02-11,Coffee,11665.35
2022-03-11,Coffee,12661.79
2022-04-11,Coffee,11380.61
2022-05-11,Coffee,12664.16
2022-07-11,Coffee,6039.3
2022-08-11,Coffee,10910.91
2022-09-11,Coffee,15465.46
2022-10-11,Coffee,11486.3
2022-11-11,Coffee,12159.22
2022-12-11,Coffee,10442.62
2022-11-14,Coffee,11108.99
2022-11-15,Coffee,12350.54
2022-11-16,Coffee,11596.03
2022-11-17,Coffee,11292.06
2022-11-18,Coffee,11609.06
2022-11-19,Coffee,10866.1
2022-11-21,Coffee,11780.24
2022-11-22,Coffee,11658.88
2022-11-23,Coffee,12065.84
2022-11-24,Coffee,12298.44
2022-11-25,Coffee,15669.23
2022-11-26,Coffee,11474.83
2022-11-28,Coffee,10671.86
2022-11-29,Coffee,11968.02
2022-11-30,Coffee,9404.55
2022-01-12,Coffee,12232.42
2022-02-12,Coffee,11516.25
2022-03-12,Coffee,11394.94
2022-05-12,Coffee,11933.33
2022-06-12,Coffee,11030.77
2022-07-12,Coffee,10358.82
2022-08-12,Coffee,10980.0
2022-09-12,Coffee,10277.78
2022-10-12,Coffee,16500.0
2022-12-12,Coffee,11471.7
2022-12-13,Coffee,10729.73
2022-12-14,Coffee,11200.0
2022-12-15,Coffee,10173.91
2022-12-16,Coffee,10648.65
2022-12-17,Coffee,10135.34
2022-12-19,Coffee,10575.34
2022-12-20,Coffee,10567.57
2022-12-21,Coffee,10493.15
2022-12-22,Coffee,10720.0
2022-12-23,Coffee,11448.28
2022-12-24,Coffee,10640.0
2022-12-26,Coffee,11127.27
2022-12-27,Coffee,11153.85
2022-12-28,Coffee,11461.54
2022-12-29,Coffee,10960.0
2022-12-30,Coffee,11120.0
2022-12-31,Coffee,9700.0
2023-02-01,Coffee,10396.55
2023-03-01,Coffee,10947.37
2023-04-01,Coffee,11450.0
2023-05-01,Coffee,9700.0
2023-06-01,Coffee,9300.0
2023-07-01,Coffee,10086.96
2023-08-01,Coffee,15800.0
2023-09-01,Coffee,16000.0
2023-10-01,Coffee,10640.0
2023-11-01,Coffee,10923.08
2023-12-01,Coffee,9517.48
2023-01-13,Coffee,9474.58
2023-01-14,Coffee,12388.89
2023-01-16,Coffee,9709.32
2023-01-17,Coffee,9995.77
2023-01-18,Coffee,10051.05
2023-01-19,Coffee,10444.68
2023-01-20,Coffee,10225.53
2023-01-21,Coffee,12068.42
2023-01-22,Coffee,16300.0
2023-01-23,Coffee,11655.93
2023-01-24,Coffee,10427.78
2023-01-25,Coffee,10690.91
2023-01-26,Coffee,16300.0
2023-01-27,Coffee,16300.0
2023-01-28,Coffee,10859.46
2023-01-29,Coffee,16400.0
2023-01-30,Coffee,11781.82
2023-01-31,Coffee,12855.56
2023-01-02,Coffee,11252.17
2023-02-02,Coffee,12300.0
2023-03-02,Coffee,13336.36
2023-04-02,Coffee,11911.76
2023-06-02,Coffee,12373.33
2023-07-02,Coffee,13730.43
2023-08-02,Coffee,13728.57
2023-09-02,Coffee,12497.67
2023-10-02,Coffee,12306.02
2023-11-02,Coffee,18000.0
2023-02-13,Coffee,17900.0
2023-02-14,Coffee,13232.26
2023-02-15,Coffee,18300.0
2023-02-16,Coffee,13771.43
2023-02-17,Coffee,12845.83
2023-02-19,Coffee,10900.0
2023-02-20,Coffee,14076.47
2023-02-21,Coffee,15104.0
2023-02-22,Coffee,12725.35
2023-02-23,Coffee,16910.0
2023-02-24,Coffee,14237.5
2023-02-25,Coffee,15384.62
2023-02-27,Coffee,20000.0
2023-02-28,Coffee,11828.57
2023-01-03,Coffee,14588.89
2023-02-03,Coffee,12184.38
2023-03-03,Coffee,16176.47
2023-04-03,Coffee,15050.2
2023-06-03,Coffee,20300.0
2023-07-03,Coffee,15609.09
2023-08-03,Coffee,15261.7
2023-09-03,Coffee,17012.5
2023-10-03,Coffee,15666.67
2023-11-03,Coffee,11600.0
2023-03-13,Coffee,15578.95
2023-03-14,Coffee,18600.0
2023-03-15,Coffee,16233.33
2023-03-16,Coffee,17788.89
2023-03-17,Coffee,15018.37
2023-03-18,Coffee,14642.86
2023-03-20,Coffee,15934.48
2023-03-21,Coffee,14471.43
2023-03-22,Coffee,14000.0
2023-03-23,Coffee,15577.78
2023-03-24,Coffee,14272.34
2023-03-25,Coffee,14672.73
2023-03-27,Coffee,15058.14
2023-03-28,Coffee,14608.0
2023-03-29,Coffee,11500.0
2023-03-30,Coffee,16109.68
2023-03-31,Coffee,14568.63
2023-01-04,Coffee,16220.0
2023-02-04,Coffee,11600.0
2023-03-04,Coffee,19500.0
2023-04-04,Coffee,15420.0
2023-05-04,Coffee,15460.87
2023-06-04,Coffee,20000.0
2023-08-04,Coffee,15645.45
2023-10-04,Coffee,11376.03
2023-11-04,Coffee,15645.45
2023-12-04,Coffee,17191.89
2023-04-13,Coffee,16540.0
2023-04-14,Coffee,20500.0
2023-04-15,Coffee,20500.0
2023-04-17,Coffee,15414.29
2023-04-18,Coffee,15078.05
2023-04-19,Coffee,15388.0
2023-04-20,Coffee,22800.0
2023-04-21,Coffee,17005.26
2023-04-22,Coffee,18140.0
2023-04-23,Coffee,22000.0
2023-04-24,Coffee,17702.86
2023-04-25,Coffee,18387.5
2023-04-26,Coffee,12100.0
2023-04-27,Coffee,16618.18
2023-04-28,Coffee,16786.67
2023-04-29,Coffee,18662.5
2023-01-05,Coffee,11500.0
2023-02-05,Coffee,18475.0
2023-03-05,Coffee,16563.64
2023-04-05,Coffee,18303.23
2023-05-05,Coffee,17050.0
2023-06-05,Coffee,22600.0
2023-08-05,Coffee,16733.33
2023-09-05,Coffee,19357.14
2023-10-05,Coffee,16609.09
2023-11-05,Coffee,16710.53
2023-12-05,Coffee,11600.0
2023-05-14,Coffee,22500.0
2023-05-15,Coffee,16444.44
2023-05-16,Coffee,18200.0
2023-05-17,Coffee,17771.43
2023-05-18,Coffee,15769.23
2023-05-19,Coffee,17930.77
2023-05-20,Coffee,18155.56
2023-05-22,Coffee,18180.0
2023-05-23,Coffee,16284.21
2023-05-24,Coffee,18080.29
2023-05-25,Coffee,17080.49
2023-05-26,Coffee,13255.73
2023-05-27,Coffee,17378.38
2023-05-29,Coffee,18409.09
2023-05-30,Coffee,17087.8
2023-05-31,Coffee,18469.23
2023-01-06,Coffee,18937.5
2023-02-06,Coffee,19084.44
2023-03-06,Coffee,19375.0
2023-05-06,Coffee,19547.06
2023-06-06,Coffee,18588.89
2023-07-06,Coffee,18500.0
2023-08-06,Coffee,19518.75
2023-09-06,Coffee,19789.27
2023-10-06,Coffee,22169.49
2023-12-06,Coffee,21246.91
2023-06-13,Coffee,19814.47
2023-06-14,Coffee,18509.76
2023-06-15,Coffee,17310.0
2023-06-16,Coffee,17369.7
2023-06-17,Coffee,18933.18
2023-06-19,Coffee,20560.87
2023-06-20,Coffee,19072.07
2023-06-21,Coffee,17700.0
2023-06-22,Coffee,19646.72
2023-06-23,Coffee,19557.14
2023-06-24,Coffee,17099.03
2023-06-26,Coffee,17709.09
2023-06-27,Coffee,18328.57
2023-06-28,Coffee,18868.42
2023-06-29,Coffee,13900.0
2023-06-30,Coffee,18100.0
2023-01-07,Coffee,19693.4
2023-03-07,Coffee,19461.85
2023-04-07,Coffee,20294.03
2023-05-07,Coffee,20801.27
2023-06-07,Coffee,20482.86
2023-07-07,Coffee,13800.0
2023-08-07,Coffee,23100.0
2023-09-07,Coffee,23100.0
2023-10-07,Coffee,17777.78
2023-11-07,Coffee,17231.11
2023-12-07,Coffee,18163.16
2023-07-13,Coffee,17833.33
2023-07-14,Coffee,19900.0
2023-07-15,Coffee,17529.41
2023-07-17,Coffee,19305.69
2023-07-18,Coffee,19640.85
2023-07-19,Coffee,21765.9
2023-07-20,Coffee,16510.87
2023-07-21,Coffee,16720.51
2023-07-22,Coffee,19691.3
2023-07-24,Coffee,17717.65
2023-07-25,Coffee,17287.5
2023-07-26,Coffee,17678.79
2023-07-27,Coffee,19660.0
2023-07-29,Coffee,18882.61
2023-07-31,Coffee,17887.5
2023-01-08,Coffee,23035.14
2023-02-08,Coffee,24300.0
2023-03-08,Coffee,19906.7
2023-04-08,Coffee,24300.0
2023-05-08,Coffee,14100.0
2023-08-08,Coffee,20276.19
2023-09-08,Coffee,24000.0
2023-10-08,Coffee,24200.0
2023-11-08,Coffee,19438.46
2023-12-08,Coffee,24100.0
2023-08-13,Coffee,13800.0
2023-08-14,Coffee,17495.35
2023-08-15,Coffee,20946.81
2023-08-16,Coffee,19071.43
2023-08-17,Coffee,16885.45
2023-08-18,Coffee,19200.0
2023-08-19,Coffee,19728.57
2023-08-20,Coffee,13200.0
2023-08-21,Coffee,17500.0
2023-08-22,Coffee,22051.72
2023-08-23,Coffee,19936.36
2023-08-24,Coffee,16620.0
2023-08-25,Coffee,19061.56
2023-08-26,Coffee,17797.67
2023-08-27,Coffee,22187.5
2023-08-28,Coffee,22423.08
2023-08-30,Coffee,23500.0
2023-08-31,Coffee,21352.27
2023-01-09,Coffee,16500.0
2023-02-09,Coffee,16994.68
2023-04-09,Coffee,17079.49
2023-05-09,Coffee,16869.16
2023-06-09,Coffee,23500.0
2023-07-09,Coffee,16767.05
2023-08-09,Coffee,18250.0
2023-11-09,Coffee,17291.38
2023-12-09,Coffee,15625.81
2023-09-13,Coffee,15915.19
2023-09-14,Coffee,16290.91
2023-09-15,Coffee,14822.05
2023-09-16,Coffee,19925.49
2023-09-17,Coffee,13200.0
2023-09-18,Coffee,19966.67
2023-09-19,Coffee,14384.62
2023-09-20,Coffee,15570.27
2023-09-21,Coffee,16994.12
2023-09-22,Coffee,13273.13
2023-09-23,Coffee,23700.0
2023-09-24,Coffee,23700.0
2023-09-25,Coffee,18153.33
2023-09-26,Coffee,15471.43
2023-09-27,Coffee,16087.16
2023-09-28,Coffee,15248.66
2023-09-29,Coffee,15060.36
2023-09-30,Coffee,20265.31
2023-02-10,Coffee,23600.0
2023-03-10,Coffee,15197.85
2023-04-10,Coffee,15317.81
2023-05-10,Coffee,15443.14
2023-06-10,Coffee,20312.6
2023-07-10,Coffee,13720.65
2023-08-10,Coffee,13200.0
2023-09-10,Coffee,12947.9
2023-10-10,Coffee,15165.7
2023-11-10,Coffee,20037.74
2023-12-10,Coffee,19718.99
2023-10-13,Coffee,16683.53
2023-10-14,Coffee,19335.56
2023-10-15,Coffee,13300.0
2023-10-16,Coffee,12952.17
2023-10-17,Coffee,15039.88
2023-10-18,Coffee,15114.37
2023-10-19,Coffee,15127.88
2023-10-20,Coffee,15384.3
2023-10-21,Coffee,15362.5
2023-10-24,Coffee,22545.28
2023-10-25,Coffee,16300.0
2023-10-26,Coffee,16012.87
2023-10-27,Coffee,19921.74
2023-10-28,Coffee,21043.1
2023-10-29,Coffee,20703.72
2023-10-30,Coffee,15142.86
2023-10-31,Coffee,16505.5
2023-01-11,Coffee,16200.0
2023-02-11,Coffee,16762.38
2023-03-11,Coffee,17621.49
2023-04-11,Coffee,18705.65
2023-06-11,Coffee,14387.9
2023-07-11,Coffee,15981.32
2023-08-11,Coffee,16877.46
2023-09-11,Coffee,16237.17
2023-10-11,Coffee,16367.63
2023-11-11,Coffee,23500.0
2023-11-13,Coffee,16263.16
2023-11-14,Coffee,16475.51
2023-11-15,Coffee,16528.09
2023-11-16,Coffee,16910.55
2023-11-17,Coffee,19108.47
2023-11-18,Coffee,16707.73
2023-11-20,Coffee,15865.28
2023-11-21,Coffee,16799.01
2023-11-22,Coffee,17009.13
2023-11-23,Coffee,17041.25
2023-11-24,Coffee,17245.87
2023-11-25,Coffee,17380.0
2023-11-27,Coffee,19437.32
2023-11-28,Coffee,18400.0
2023-11-29,Coffee,19433.0
2023-11-30,Coffee,17818.55
2023-01-12,Coffee,17438.21
2023-02-12,Coffee,18725.03
2023-04-12,Coffee,17824.15
2023-05-12,Coffee,19634.51
2023-06-12,Coffee,17649.25
2023-07-12,Coffee,17451.57
2023-08-12,Coffee,18430.62
2023-09-12,Coffee,21883.33
2023-11-12,Coffee,18955.69
2023-12-12,Coffee,13887.59
2023-12-13,Coffee,17679.7
2023-12-14,Coffee,17883.62
2023-12-15,Coffee,16377.59
2023-12-16,Coffee,17487.85
2023-12-18,Coffee,17305.94
2023-12-19,Coffee,19503.45
2023-12-20,Coffee,15020.63
2023-12-21,Coffee,19040.49
2023-12-22,Coffee,19860.0
2023-12-23,Coffee,13700.0
2023-12-24,Coffee,13400.0
2023-12-26,Coffee,19329.78
2023-12-27,Coffee,22379.48
2023-12-28,Coffee,19264.41
2023-12-29,Coffee,19776.68
2023-12-30,Coffee,19066.67
2023-12-31,Coffee,14600.0
2024-01-01,Coffee,18321.95
2024-02-01,Coffee,14200.0
2024-03-01,Coffee,18041.2
2024-04-01,Coffee,19646.43
2024-05-01,Coffee,17939.85
2024-06-01,Coffee,19273.68
2024-08-01,Coffee,18350.9
2024-09-01,Coffee,20657.04
2024-10-01,Coffee,18242.22
2024-11-01,Coffee,18482.53
2024-12-01,Coffee,18478.75
2024-01-13,Coffee,14200.0
2024-01-15,Coffee,18549.21
2024-01-16,Coffee,18698.94
2024-01-17,Coffee,18900.94
2024-01-18,Coffee,18273.59
2024-01-19,Coffee,13950.44
2024-01-20,Coffee,19655.81
2024-01-21,Coffee,25900.0
2024-01-22,Coffee,20698.23
2024-01-23,Coffee,19447.62
2024-01-24,Coffee,19161.11
2024-01-25,Coffee,22771.43
2024-01-26,Coffee,22712.69
2024-01-27,Coffee,19579.59
2024-01-28,Coffee,14900.0
2024-01-29,Coffee,20212.12
2024-01-30,Coffee,17955.04
2024-01-31,Coffee,20357.88
2024-01-02,Coffee,15452.94
2024-02-02,Coffee,15700.0
2024-03-02,Coffee,15506.53
2024-05-02,Coffee,15231.65
2024-06-02,Coffee,15578.57
2024-07-02,Coffee,15455.59
2024-08-02,Coffee,15380.0
2024-09-02,Coffee,15447.33
2024-10-02,Coffee,15632.5
2024-11-02,Coffee,15600.0
2024-12-02,Coffee,15337.84
2024-02-14,Coffee,15300.0
2024-02-15,Coffee,15300.0
2024-02-16,Coffee,15335.62
2024-02-18,Coffee,15373.3
2024-02-19,Coffee,15086.33
2024-02-20,Coffee,15284.38
2024-02-21,Coffee,15436.36
2024-02-22,Coffee,15304.35
2024-02-23,Coffee,15306.85
2024-02-24,Coffee,15317.49
2024-02-25,Coffee,15700.0
2024-02-26,Coffee,15109.91
2024-02-27,Coffee,24576.42
2024-02-28,Coffee,23100.27
2024-02-29,Coffee,15200.0
2024-01-03,Coffee,15232.14
2024-02-03,Coffee,15380.0
2024-04-03,Coffee,15320.48
2024-05-03,Coffee,15430.03
2024-06-03,Coffee,15327.83
2024-07-03,Coffee,15511.63
2024-08-03,Coffee,16000.0
2024-09-03,Coffee,15425.64
2024-11-03,Coffee,15300.0
2024-12-03,Coffee,15616.28
2024-03-13,Coffee,15300.0
2024-03-14,Coffee,15325.0
2024-03-15,Coffee,15200.0
2024-03-16,Coffee,15482.52
2024-03-17,Coffee,17000.0
2024-03-18,Coffee,15333.33
2024-03-19,Coffee,15600.0
2024-03-20,Coffee,15608.71
2024-03-21,Coffee,16057.72
2024-03-22,Coffee,15538.36
2024-03-23,Coffee,15987.88
2024-03-24,Coffee,17600.0
2024-03-25,Coffee,15522.92
2024-03-26,Coffee,15691.78
2024-03-27,Coffee,15300.0
2024-03-29,Coffee,15903.85
2024-03-30,Coffee,15824.32
2024-01-04,Coffee,15200.0
2024-03-04,Coffee,17500.0
2024-04-04,Coffee,15775.0
2024-05-04,Coffee,16318.18
2024-06-04,Coffee,15200.0
2024-07-04,Coffee,15200.0
2024-08-04,Coffee,17000.0
2024-09-04,Coffee,19921.05
2024-10-04,Coffee,19910.34
2024-11-04,Coffee,20289.47
2024-12-04,Coffee,20100.0
2024-04-15,Coffee,20241.27
2024-04-16,Coffee,20177.42
2024-04-17,Coffee,15200.0
2024-04-18,Coffee,15200.0
2024-04-19,Coffee,15200.0
2024-04-20,Coffee,16333.33
2024-04-21,Coffee,16890.24
2024-04-22,Coffee,16280.0
2024-04-23,Coffee,17375.0
2024-04-24,Coffee,16000.0
2024-04-25,Coffee,17258.06
2024-04-26,Coffee,22084.51
2024-04-27,Coffee,22100.0
2024-04-28,Coffee,22200.0
2024-04-29,Coffee,21693.03
2024-04-30,Coffee,22011.21
2024-01-05,Coffee,22069.77
2024-02-05,Coffee,22021.98
2024-03-05,Coffee,21403.04
2024-04-05,Coffee,20762.07
2024-06-05,Coffee,21210.53
2024-07-05,Coffee,18266.97
2024-08-05,Coffee,18130.77
2024-09-05,Coffee,17889.23
2024-10-05,Coffee,18572.58
2024-05-13,Coffee,17268.75
2024-05-14,Coffee,17221.05
2024-05-15,Coffee,17319.05
2024-05-16,Coffee,17354.16
2024-05-17,Coffee,17660.79
2024-05-18,Coffee,18024.48
2024-05-20,Coffee,18260.56
2024-05-21,Coffee,18473.36
2024-05-22,Coffee,18578.4
2024-05-23,Coffee,18801.35
2024-05-24,Coffee,18845.19
2024-05-25,Coffee,19983.87
2024-05-27,Coffee,20228.74
2024-05-28,Coffee,20374.95
2024-05-29,Coffee,20355.6
2024-05-30,Coffee,33765.06
2024-05-31,Coffee,21735.04
2024-01-06,Coffee,21262.28
2024-03-06,Coffee,21403.81
2024-04-06,Coffee,21379.52
2024-05-06,Coffee,21903.67
2024-06-06,Coffee,21810.38
2024-07-06,Coffee,21559.23
2024-08-06,Coffee,17500.0
2024-09-06,Coffee,17600.0
2024-10-06,Coffee,21788.33
2024-11-06,Coffee,21610.45
2024-12-06,Coffee,21252.9
2024-06-13,Coffee,21308.33
2024-06-14,Coffee,20871.51
2024-06-15,Coffee,20657.04
2024-06-18,Coffee,20949.6
2024-06-19,Coffee,20769.41
2024-06-20,Coffee,20412.92
2024-06-21,Coffee,20153.85
2024-06-22,Coffee,20277.78
2024-06-23,Coffee,20500.0
2024-06-24,Coffee,20295.74
2024-06-25,Coffee,20685.36
2024-06-26,Coffee,20783.58
2024-06-27,Coffee,20878.6
2024-06-28,Coffee,20952.72
2024-06-29,Coffee,21160.0
2024-01-07,Coffee,20830.05
2024-02-07,Coffee,20805.41
2024-03-07,Coffee,20907.84
2024-04-07,Coffee,20897.56
2024-05-07,Coffee,20854.27
2024-06-07,Coffee,20912.12
2024-08-07,Coffee,20835.29
2024-09-07,Coffee,20913.57
2024-10-07,Coffee,21766.93
2024-11-07,Coffee,21306.65
2024-12-07,Coffee,21301.51
2024-07-13,Coffee,21500.0
2024-07-15,Coffee,21425.51
2024-07-16,Coffee,21900.0
2024-07-17,Coffee,21310.24
2024-07-18,Coffee,21379.78
2024-07-19,Coffee,21364.33
2024-07-20,Coffee,21221.21
2024-07-22,Coffee,21236.09
2024-07-23,Coffee,21293.25
2024-07-24,Coffee,21260.61
2024-07-25,Coffee,21369.97
2024-07-26,Coffee,21340.99
2024-07-27,Coffee,21189.75
2024-07-29,Coffee,21131.13
2024-07-30,Coffee,20983.13
2024-07-31,Coffee,21015.79
2024-01-08,Coffee,21810.5
2024-02-08,Coffee,20841.18
2024-03-08,Coffee,20925.93
2024-05-08,Coffee,20794.71
2024-06-08,Coffee,20779.41
2024-07-08,Coffee,20800.0
2024-08-08,Coffee,20849.59
2024-09-08,Coffee,20951.06
2024-10-08,Coffee,20961.92
2024-12-08,Coffee,21176.53
2024-08-13,Coffee,21160.0
2024-08-14,Coffee,21119.45
2024-08-15,Coffee,20900.0
2024-08-16,Coffee,21106.01
2024-08-17,Coffee,21318.96
2024-08-19,Coffee,21118.37
2024-08-20,Coffee,21207.55
2024-08-21,Coffee,23125.26
2024-08-22,Coffee,21133.33
2024-08-23,Coffee,21225.9
2024-08-24,Coffee,21993.33
2024-08-26,Coffee,36000.0
2024-08-27,Coffee,22640.4
2024-08-28,Coffee,21357.63
2024-08-29,Coffee,21287.13
2024-08-30,Coffee,21431.75
2024-08-31,Coffee,24067.35
2024-02-09,Coffee,23294.17
2024-03-09,Coffee,21658.36
2024-04-09,Coffee,23496.86
2024-05-09,Coffee,21745.13
2024-06-09,Coffee,23299.6
2024-07-09,Coffee,22876.95
2024-09-09,Coffee,23091.06
2024-10-09,Coffee,23362.42
2024-11-09,Coffee,23201.47
2024-12-09,Coffee,23480.58
2024-09-13,Coffee,22573.11
2024-09-14,Coffee,36000.0
2024-09-17,Coffee,21583.27
2024-09-18,Coffee,21632.65
2024-09-19,Coffee,23056.03
2024-09-20,Coffee,22940.83
2024-09-21,Coffee,22955.62
2024-09-22,Coffee,21200.0
2024-09-23,Coffee,21945.63
2024-09-24,Coffee,23640.33
2024-09-25,Coffee,22872.43
2024-09-26,Coffee,21752.82
2024-09-27,Coffee,23111.76
2024-09-28,Coffee,23538.24
2024-09-29,Coffee,21533.33
2024-09-30,Coffee,24272.3
2024-01-10,Coffee,24184.23
2024-02-10,Coffee,22100.0
2024-03-10,Coffee,22688.46
2024-04-10,Coffee,23864.95
2024-05-10,Coffee,24363.43
2024-07-10,Coffee,24579.81
2024-08-10,Coffee,24800.57
2024-09-10,Coffee,22922.79
2024-10-10,Coffee,21968.75
2024-11-10,Coffee,36000.0
2024-12-10,Coffee,36000.0
2024-10-13,Coffee,22100.0
2024-10-14,Coffee,22185.8
2024-10-15,Coffee,24591.46
2024-10-16,Coffee,22150.0
2024-10-17,Coffee,22097.47
2024-10-18,Coffee,23880.66
2024-10-19,Coffee,24236.75
2024-10-20,Coffee,21500.0
2024-10-21,Coffee,22071.79
2024-10-22,Coffee,22004.88
2024-10-23,Coffee,21919.23
2024-10-24,Coffee,23061.97
2024-10-25,Coffee,24478.71
2024-10-26,Coffee,23623.47
2024-10-27,Coffee,21600.0
2024-10-28,Coffee,21600.0
2024-10-29,Coffee,23520.19
2024-10-30,Coffee,23406.1
2024-10-31,Coffee,29325.49
2024-01-11,Coffee,23482.67
2024-02-11,Coffee,23609.3
2024-03-11,Coffee,21300.0
2024-04-11,Coffee,21469.47
2024-05-11,Coffee,23926.32
2024-06-11,Coffee,23473.21
2024-07-11,Coffee,21596.23
2024-08-11,Coffee,23704.04
2024-09-11,Coffee,24923.08
2024-11-11,Coffee,23542.72
2024-12-11,Coffee,21584.95
2024-11-13,Coffee,24473.86
2024-11-14,Coffee,23670.0
2024-11-15,Coffee,23378.92
2024-11-16,Coffee,23910.87
2024-11-18,Coffee,21745.81
2024-11-19,Coffee,21900.0
2024-11-20,Coffee,25136.69
2024-11-21,Coffee,21765.1
2024-11-22,Coffee,23850.0
2024-11-23,Coffee,23315.92
2024-11-24,Coffee,21500.0
2024-11-25,Coffee,21603.43
2024-11-26,Coffee,23637.19
2024-11-27,Coffee,21681.18
2024-11-28,Coffee,21763.86
2024-11-29,Coffee,24816.3
2024-11-30,Coffee,24315.43
2024-01-12,Coffee,12200.0
2024-02-12,Coffee,22089.17
2024-03-12,Coffee,25193.5
2024-04-12,Coffee,22073.33
2024-05-12,Coffee,24858.14
2024-06-12,Coffee,25344.24
2024-07-12,Coffee,24229.48
2024-09-12,Coffee,22036.31
2024-10-12,Coffee,22130.49
2024-11-12,Coffee,25369.23
2024-12-12,Coffee,22318.25
2024-12-13,Coffee,22300.67
2024-12-14,Coffee,22241.67
2024-12-16,Coffee,22242.08
2024-12-17,Coffee,24862.5
2024-12-18,Coffee,24194.37
2024-12-19,Coffee,23212.09
2024-12-20,Coffee,26547.54
2024-12-21,Coffee,26422.77
2024-12-23,Coffee,22221.68
2024-12-24,Coffee,26164.43
2024-12-25,Coffee,30871.79
2024-12-26,Coffee,24641.26
2024-12-27,Coffee,25448.6
2024-12-28,Coffee,25413.17
2024-12-29,Coffee,22400.0
2024-12-30,Coffee,24994.76
2024-12-31,Coffee,25392.68
2025-01-01,Coffee,40000.0
2025-02-01,Coffee,29193.62
2025-03-01,Coffee,24326.83
2025-04-01,Coffee,28962.03
2025-05-01,Coffee,23000.0
2025-06-01,Coffee,22577.99
2025-07-01,Coffee,24403.67
2025-08-01,Coffee,24151.86
2025-09-01,Coffee,24351.85
2025-10-01,Coffee,28649.21
2025-11-01,Coffee,27314.81
2025-12-01,Coffee,22500.0
2025-01-13,Coffee,22320.61
2025-01-14,Coffee,22200.0
2025-01-15,Coffee,28879.63
2025-01-16,Coffee,26812.77
2025-01-17,Coffee,29569.39
2025-01-18,Coffee,27037.55
2025-01-19,Coffee,22800.0
2025-01-20,Coffee,23050.84
2025-01-21,Coffee,23151.43
2025-01-22,Coffee,23060.95
2025-01-23,Coffee,23137.21
2025-01-24,Coffee,23509.87
2025-01-25,Coffee,24047.97
2025-01-27,Coffee,24343.24
2025-01-28,Coffee,24722.55
2025-01-29,Coffee,24695.5
2025-01-30,Coffee,24819.88
2025-01-31,Coffee,24851.1
2025-01-02,Coffee,25303.85
2025-03-02,Coffee,29690.48
2025-04-02,Coffee,28415.87
2025-05-02,Coffee,25673.44
2025-06-02,Coffee,26098.39
2025-07-02,Coffee,26284.39
2025-08-02,Coffee,27488.89
2025-10-02,Coffee,26360.7
2025-11-02,Coffee,25694.37
2025-12-02,Coffee,26617.65
2025-02-13,Coffee,27745.95
2025-02-14,Coffee,29554.02
2025-02-15,Coffee,27220.03
2025-02-16,Coffee,27607.89
2025-02-17,Coffee,28211.43
2025-02-18,Coffee,28560.94
2025-02-19,Coffee,27982.98
2025-02-20,Coffee,27921.57
2025-02-21,Coffee,28377.37
2025-02-22,Coffee,28264.01
2025-02-23,Coffee,24939.02
2025-02-24,Coffee,27957.76
2025-02-25,Coffee,27923.72
2025-02-26,Coffee,35931.82
2025-02-27,Coffee,27105.48
2025-02-28,Coffee,27252.87
2025-01-03,Coffee,26434.16
2025-03-03,Coffee,25957.58
2025-04-03,Coffee,26525.77
2025-05-03,Coffee,26814.86
2025-06-03,Coffee,27175.66
2025-07-03,Coffee,27222.3
2025-08-03,Coffee,28000.0
2025-09-03,Coffee,42166.67
2025-10-03,Coffee,27014.29
2025-11-03,Coffee,26834.18
2025-12-03,Coffee,27143.04
2025-03-13,Coffee,27249.04
2025-03-14,Coffee,27373.6
2025-03-15,Coffee,27498.26
2025-03-16,Coffee,28000.0
2025-03-17,Coffee,26714.78
2025-03-18,Coffee,27315.19
2025-03-19,Coffee,27222.08
2025-03-20,Coffee,27521.56
2025-03-21,Coffee,27542.72
2025-03-22,Coffee,27547.75
2025-03-23,Coffee,27212.77
2025-03-24,Coffee,27731.2
2025-03-25,Coffee,28345.98
2025-03-26,Coffee,27604.9
2025-03-27,Coffee,27298.23
2025-03-28,Coffee,27349.63
2025-03-29,Coffee,27442.34
2025-03-30,Coffee,27000.0
2025-03-31,Coffee,31572.52
2025-01-04,Coffee,28107.6
2025-02-04,Coffee,26860.05
2025-03-04,Coffee,26709.76
2025-04-04,Coffee,27431.79
2025-05-04,Coffee,27683.83
2025-07-04,Coffee,27435.49
2025-08-04,Coffee,31738.28
2025-09-04,Coffee,26504.08
2025-10-04,Coffee,25124.32
2025-11-04,Coffee,25145.21
2025-12-04,Coffee,37312.2
2025-04-14,Coffee,24300.0
2025-04-15,Coffee,27053.44
2025-04-16,Coffee,27108.45
2025-04-17,Coffee,46000.0
2025-04-18,Coffee,25400.0
2025-04-19,Coffee,27193.29
2025-04-20,Coffee,26000.0
2025-04-21,Coffee,27911.38
2025-04-22,Coffee,26334.52
2025-04-23,Coffee,27686.14
2025-04-24,Coffee,27029.74
2025-04-25,Coffee,27106.36
2025-04-26,Coffee,27233.81
2025-04-27,Coffee,26200.0
2025-04-28,Coffee,31372.11
2025-04-29,Coffee,27068.5
2025-04-30,Coffee,26097.43
2025-01-05,Coffee,46000.0
2025-02-05,Coffee,27009.39
2025-03-05,Coffee,27022.71
2025-05-05,Coffee,27053.99
2025-06-05,Coffee,26843.82
2025-07-05,Coffee,26379.96
2025-08-05,Coffee,27385.99
2025-09-05,Coffee,25609.47
2025-10-05,Coffee,25000.0
2025-11-05,Coffee,25000.0
2025-12-05,Coffee,25504.19
2025-05-13,Coffee,25662.19
2025-05-14,Coffee,28172.04
2025-05-15,Coffee,26883.83
2025-05-16,Coffee,25960.69
2025-05-17,Coffee,26802.55
2025-05-18,Coffee,24300.0
2025-05-19,Coffee,25475.38
2025-05-20,Coffee,24701.03
2025-05-21,Coffee,25584.15
2025-05-22,Coffee,26331.4
2025-05-23,Coffee,25821.7
2025-05-24,Coffee,33216.67
2025-05-25,Coffee,25700.0
2025-05-26,Coffee,23530.83
2025-05-27,Coffee,25454.0
2025-05-28,Coffee,24656.16
2025-05-29,Coffee,25724.87
2025-05-30,Coffee,25417.75
2025-05-31,Coffee,24839.57
2025-01-06,Coffee,25200.0
2025-02-06,Coffee,25729.0
2025-03-06,Coffee,22945.16
2025-04-06,Coffee,24345.26
2025-05-06,Coffee,22833.55
2025-06-06,Coffee,24092.13
2025-07-06,Coffee,31692.31
2025-09-06,Coffee,25025.75
2025-10-06,Coffee,24484.05
2025-11-06,Coffee,25496.85
2025-12-06,Coffee,23853.4
2025-06-13,Coffee,24663.61
2025-06-14,Coffee,29935.48
2025-06-15,Coffee,44000.0
2025-06-16,Coffee,24566.32
2025-06-17,Coffee,22267.65
2025-06-18,Coffee,22182.22
2025-06-19,Coffee,24773.33
2025-06-20,Coffee,22155.1
2025-06-21,Coffee,21684.21
2025-06-23,Coffee,20964.1
2025-06-24,Coffee,19923.53
2025-06-25,Coffee,19882.86
2025-06-26,Coffee,19655.0
2025-06-27,Coffee,19644.03
2025-06-28,Coffee,19005.24
2025-06-30,Coffee,21100.0
2025-01-07,Coffee,19522.92
2025-02-07,Coffee,20056.52
2025-03-07,Coffee,22324.66
2025-04-07,Coffee,21761.83
2025-05-07,Coffee,19065.85
2025-06-07,Coffee,19200.0
2025-07-07,Coffee,19328.85
2025-08-07,Coffee,23977.6
2025-09-07,Coffee,27185.71
2025-10-07,Coffee,19058.33
2025-11-07,Coffee,19000.0
2025-12-07,Coffee,18500.0
2025-07-13,Coffee,18500.0
2025-07-14,Coffee,18457.95
2025-07-15,Coffee,19416.67
2025-07-16,Coffee,21662.34
2025-07-17,Coffee,18061.35
2025-07-18,Coffee,18306.64
2025-07-19,Coffee,18312.5
2025-07-21,Coffee,21366.28
2025-07-22,Coffee,30666.67
2025-07-23,Coffee,18205.41
2025-07-24,Coffee,19000.0
2025-07-25,Coffee,21281.85
2025-07-26,Coffee,22158.09
2025-07-27,Coffee,19000.0
2025-07-28,Coffee,20307.88
2025-07-29,Coffee,21495.19
2025-07-30,Coffee,19089.31
2025-07-31,Coffee,19057.42
2025-01-08,Coffee,19437.5
2025-02-08,Coffee,19663.64
2025-03-08,Coffee,19000.0
2025-04-08,Coffee,24545.45
2025-05-08,Coffee,19791.44
2025-06-08,Coffee,19832.4
2025-07-08,Coffee,20018.18
2025-08-08,Coffee,23104.5
2025-09-08,Coffee,26189.36
2025-11-08,Coffee,20294.44
2025-12-08,Coffee,20828.18
2025-08-13,Coffee,21233.7
2025-08-14,Coffee,21723.2
2025-08-15,Coffee,22000.0
2025-08-16,Coffee,22213.73
2025-08-18,Coffee,22118.31
2025-08-19,Coffee,23210.87
2025-08-20,Coffee,23607.65
2025-08-21,Coffee,23376.65
2025-08-22,Coffee,23734.58
2025-08-23,Coffee,24745.79
2025-08-25,Coffee,24012.44
2025-08-26,Coffee,23409.95
2025-08-27,Coffee,23945.5
2025-08-29,Coffee,23384.36
2025-08-30,Coffee,24721.43
2025-01-09,Coffee,24728.27
2025-02-09,Coffee,24593.75
2025-03-09,Coffee,23500.0
2025-05-09,Coffee,23000.0
2025-06-09,Coffee,23294.12
2025-08-09,Coffee,22793.33
2025-09-09,Coffee,22844.74
2025-10-09,Coffee,22993.01
2025-11-09,Coffee,25188.78
2025-12-09,Coffee,23210.81
2025-09-13,Coffee,21600.0
2025-09-15,Coffee,26351.52
2025-09-16,Coffee,23152.76
2025-09-17,Coffee,23714.13
2025-09-18,Coffee,23438.2
2025-09-19,Coffee,22904.62
2025-09-20,Coffee,22989.62
2025-09-21,Coffee,22791.67
2025-09-22,Coffee,22197.98
2025-09-23,Coffee,22120.42
2025-09-24,Coffee,22638.81
2025-09-25,Coffee,22878.95
2025-09-26,Coffee,22984.82
2025-09-27,Coffee,22741.01
2025-09-28,Coffee,22523.81
2025-09-29,Coffee,22531.1
2025-09-30,Coffee,22500.0
2025-02-10,Coffee,22785.71
2025-03-10,Coffee,22287.18
2025-04-10,Coffee,24083.24
2025-06-10,Coffee,24254.1
2025-07-10,Coffee,23811.61
2025-08-10,Coffee,23780.54
2025-09-10,Coffee,23894.2
2025-10-10,Coffee,24115.57
2025-11-10,Coffee,23416.67
2025-12-10,Coffee,23600.0
2025-10-13,Coffee,24006.55
2025-10-14,Coffee,24248.17
2025-10-15,Coffee,24526.67
2025-10-16,Coffee,24224.31
2025-10-17,Coffee,24288.16
2025-10-18,Coffee,24068.79
2025-10-20,Coffee,23600.0
2025-10-21,Coffee,23937.89
2025-10-22,Coffee,23992.82
2025-10-23,Coffee,23818.63
2025-10-24,Coffee,23698.71
2025-10-25,Coffee,23759.8
2025-10-26,Coffee,23700.0
2025-10-27,Coffee,23620.51
2025-10-28,Coffee,23415.15
2025-10-29,Coffee,23703.07
2025-10-30,Coffee,23648.81
2025-10-31,Coffee,23699.59
2025-01-11,Coffee,23536.46
2025-03-11,Coffee,23044.59
2025-04-11,Coffee,23279.82
2025-05-11,Coffee,23440.0
2025-06-11,Coffee,23317.75
2025-07-11,Coffee,23300.0
2025-09-11,Coffee,23500.0
2025-10-11,Coffee,23297.91
2025-11-11,Coffee,23155.75
2025-12-11,Coffee,23612.21
2025-11-13,Coffee,23261.41
2025-11-14,Coffee,23024.56
2025-11-15,Coffee,22917.49
2025-11-16,Coffee,22600.0
2025-11-17,Coffee,22727.71
2025-11-18,Coffee,22857.76
2025-11-19,Coffee,22478.31
2025-11-20,Coffee,22380.39
2025-11-21,Coffee,22305.08
2025-11-22,Coffee,22346.37
2025-11-23,Coffee,22300.0
2025-11-24,Coffee,22310.73
2025-11-25,Coffee,22200.0
2025-11-26,Coffee,22214.42
2025-11-27,Coffee,22526.7
2025-11-28,Coffee,22844.4
2025-11-29,Coffee,22477.99
2025-11-30,Coffee,23400.0
2025-01-12,Coffee,22721.35
2025-02-12,Coffee,22640.46
2025-03-12,Coffee,22587.85
2025-04-12,Coffee,22402.56
2025-05-12,Coffee,22566.2
2025-06-12,Coffee,22798.59
2025-07-12,Coffee,22000.0
2025-08-12,Coffee,22677.08
2025-09-12,Coffee,22232.47
2025-10-12,Coffee,21687.58
2025-11-12,Coffee,21757.67
2025-12-12,Coffee,21757.93
2025-12-15,Coffee,21872.13
2025-12-16,Coffee,22716.85
2025-12-17,Coffee,22538.17
2025-12-18,Coffee,21674.73
2025-12-19,Coffee,20051.02
2025-12-20,Coffee,21848.99
2025-12-22,Coffee,20570.59
2025-12-23,Coffee,20210.53
2025-12-24,Coffee,20400.0
2025-12-25,Coffee,21600.0
2025-12-26,Coffee,20417.31
2025-12-27,Coffee,21357.14
2025-12-28,Coffee,21600.0
2025-12-29,Coffee,20573.87
2025-12-30,Coffee,20433.65
2025-12-31,Coffee,23164.52
2026-01-02,Coffee,20900.0
2026-02-02,Coffee,22125.61
2026-03-02,Coffee,21894.92
2026-04-02,Coffee,22038.24
2026-05-02,Coffee,21608.7
2026-06-02,Coffee,21826.99
2026-07-02,Coffee,21000.0
2026-08-02,Coffee,21200.0
2026-09-02,Coffee,21225.72
2026-10-02,Coffee,21026.43
2026-11-02,Coffee,21189.87
2026-12-02,Coffee,21000.0
2026-02-13,Coffee,21012.24
2026-02-14,Coffee,21100.0
2026-02-15,Coffee,21600.0
2026-02-16,Coffee,21151.31
2026-02-17,Coffee,21109.49
2026-02-18,Coffee,20847.96
2026-02-19,Coffee,20842.86
2026-02-20,Coffee,20937.16
2026-02-21,Coffee,20843.48
2026-02-22,Coffee,21431.67
2026-02-23,Coffee,20602.58
2026-02-24,Coffee,20479.78
2026-02-25,Coffee,20731.83
2026-02-26,Coffee,20599.75
2026-02-27,Coffee,20544.77
2026-02-28,Coffee,20933.9
2026-02-03,Coffee,20532.04
2026-03-03,Coffee,20547.73
2026-04-03,Coffee,20473.84
2026-05-03,Coffee,20309.26
2026-06-03,Coffee,20171.39
2026-07-03,Coffee,20190.91
2026-08-03,Coffee,20500.0
2026-09-03,Coffee,20202.71
2026-10-03,Coffee,20485.24
2026-11-03,Coffee,20519.57
2026-12-03,Coffee,20367.44
2026-03-13,Coffee,20141.56
2026-03-14,Coffee,20100.0
2026-03-15,Coffee,21388.0
2026-03-16,Coffee,20180.75
2026-03-17,Coffee,20162.47
2026-03-18,Coffee,20215.22
2026-03-19,Coffee,20190.06
2026-03-20,Coffee,20000.0
2026-03-21,Coffee,20089.14
2026-03-22,Coffee,21538.46
2026-03-23,Coffee,20423.04
2026-03-24,Coffee,20442.9
2026-03-25,Coffee,20474.45
2026-03-26,Coffee,20518.07
2026-03-27,Coffee,20452.66
2026-03-28,Coffee,20558.41
2026-03-29,Coffee,20007.69
2026-03-30,Coffee,20297.81
2026-03-31,Coffee,20345.87
2026-01-04,Coffee,20378.84
2026-02-04,Coffee,20100.0
2026-03-04,Coffee,21300.0
2026-04-04,Coffee,20417.3
2026-05-04,Coffee,20000.0
2026-06-04,Coffee,20350.86
2026-07-04,Coffee,20353.7
2026-08-04,Coffee,20361.69
2026-09-04,Coffee,20227.64
2026-10-04,Coffee,20162.89
2026-11-04,Coffee,20101.84
2026-12-04,Coffee,20000.0
2026-04-13,Coffee,20151.62
2026-04-14,Coffee,20160.0
2026-04-15,Coffee,20100.0
2026-04-16,Coffee,20220.22
2026-04-17,Coffee,20226.51
2026-04-18,Coffee,20219.78
2026-04-19,Coffee,20506.78
2026-04-20,Coffee,20169.65
2026-04-21,Coffee,20162.68
2026-04-22,Coffee,20088.34
2026-04-23,Coffee,20191.22
2026-04-24,Coffee,20191.36
2026-04-25,Coffee,20368.77
2026-04-27,Coffee,20301.03
2026-04-28,Coffee,20301.04
2026-04-29,Coffee,20395.12
2026-04-30,Coffee,20408.5
2026-01-05,Coffee,20100.0
2026-02-05,Coffee,20192.86
2026-04-05,Coffee,20245.04
2026-05-05,Coffee,20311.52
2026-06-05,Coffee,20350.26
2026-07-05,Coffee,20311.61
2026-08-05,Coffee,20344.9
2026-09-05,Coffee,20100.0
2026-10-05,Coffee,20100.0
2026-11-05,Coffee,20248.22
2026-12-05,Coffee,20257.37
2026-05-13,Coffee,20278.06
2026-05-14,Coffee,20420.1
2026-05-15,Coffee,20340.21
2026-05-16,Coffee,20436.56
2026-05-18,Coffee,20206.1
2026-05-19,Coffee,20296.02
2026-05-20,Coffee,20207.92
2026-05-21,Coffee,20195.42
2026-05-22,Coffee,20229.71
2026-05-23,Coffee,20200.3
2026-05-25,Coffee,20285.33
2026-05-26,Coffee,20290.34
2026-05-27,Coffee,20270.47
2026-05-28,Coffee,20299.18
2026-05-29,Coffee,20290.66
2026-05-30,Coffee,20337.31
2026-05-31,Coffee,20000.0
2026-01-06,Coffee,20335.08
2026-02-06,Coffee,20249.18
2026-03-06,Coffee,20123.08
2026-04-06,Coffee,20096.12
2026-05-06,Coffee,20111.88
2026-06-06,Coffee,20099.69
2026-08-06,Coffee,20099.45
2026-09-06,Coffee,19932.98
2026-10-06,Coffee,19931.59
2026-11-06,Coffee,19899.17
2026-12-06,Coffee,19839.39
2026-06-13,Coffee,20000.0
2026-06-14,Coffee,20000.0
2026-06-15,Coffee,20062.18
2026-06-16,Coffee,20167.93
2026-06-17,Coffee,20266.94
2026-06-18,Coffee,20351.24
2026-06-19,Coffee,20307.92
2026-06-20,Coffee,20413.32
2026-06-22,Coffee,20288.67
2026-06-23,Coffee,20351.1
2026-06-24,Coffee,20488.2
2026-06-25,Coffee,20489.47
2026-06-26,Coffee,20400.0
2026-06-27,Coffee,20424.19
2026-06-28,Coffee,20800.0
2026-06-29,Coffee,20566.12
2026-06-30,Coffee,20542.37
2021-01-01,Cotton,5552.88
2021-02-01,Cotton,5544.25
2021-03-01,Cotton,5473.75
2021-04-01,Cotton,5595.69
2021-05-01,Cotton,5549.85
2021-06-01,Cotton,5666.09
2021-07-01,Cotton,5700.0
2021-08-01,Cotton,5706.76
2021-09-01,Cotton,5361.86
2021-10-01,Cotton,5231.73
2021-11-01,Cotton,5600.0
2021-12-01,Cotton,5517.76
2021-01-13,Cotton,5592.7
2021-01-14,Cotton,5612.23
2021-01-15,Cotton,5629.27
2021-01-16,Cotton,5602.56
2021-01-17,Cotton,5623.91
2021-01-18,Cotton,5590.48
2021-01-19,Cotton,5609.84
2021-01-20,Cotton,5579.36
2021-01-21,Cotton,5594.33
2021-01-22,Cotton,5642.99
2021-01-23,Cotton,5626.78
2021-01-24,Cotton,5597.1
2021-01-25,Cotton,5639.34
2021-01-26,Cotton,5584.99
2021-01-27,Cotton,5619.31
2021-01-28,Cotton,5592.47
2021-01-29,Cotton,5562.39
2021-01-30,Cotton,5610.35
2021-01-31,Cotton,5486.73
2021-01-02,Cotton,5572.56
2021-02-02,Cotton,5618.01
2021-03-02,Cotton,5641.09
2021-04-02,Cotton,5633.09
2021-05-02,Cotton,5755.81
2021-06-02,Cotton,5525.24
2021-07-02,Cotton,5754.57
2021-08-02,Cotton,5790.07
2021-09-02,Cotton,5699.22
2021-10-02,Cotton,5859.04
2021-11-02,Cotton,5801.26
2021-12-02,Cotton,5861.11
2021-02-13,Cotton,5837.18
2021-02-14,Cotton,5786.1
2021-02-15,Cotton,5798.35
2021-02-16,Cotton,5796.83
2021-02-17,Cotton,5742.95
2021-02-18,Cotton,5806.33
2021-02-19,Cotton,5775.92
2021-02-20,Cotton,5891.24
2021-02-21,Cotton,5908.45
2021-02-22,Cotton,5978.48
2021-02-23,Cotton,5912.02
2021-02-24,Cotton,5933.65
2021-02-25,Cotton,5971.13
2021-02-26,Cotton,5930.92
2021-02-27,Cotton,5898.09
2021-02-28,Cotton,5904.16
2021-01-03,Cotton,5946.23
2021-02-03,Cotton,5873.27
2021-03-03,Cotton,5932.15
2021-04-03,Cotton,5980.63
2021-05-03,Cotton,5863.27
2021-06-03,Cotton,5936.92
2021-07-03,Cotton,5981.64
2021-08-03,Cotton,5926.24
2021-09-03,Cotton,5868.77
2021-10-03,Cotton,5838.79
2021-11-03,Cotton,5881.85
2021-12-03,Cotton,5796.84
2021-03-13,Cotton,6090.12
2021-03-14,Cotton,6021.23
2021-03-15,Cotton,5618.27
2021-03-16,Cotton,6421.88
2021-03-17,Cotton,6222.55
2021-03-18,Cotton,6275.8
2021-03-19,Cotton,5855.52
2021-03-20,Cotton,5812.34
2021-03-21,Cotton,5862.09
2021-03-22,Cotton,5676.89
2021-03-23,Cotton,5601.85
2021-03-24,Cotton,5633.5
2021-03-25,Cotton,5646.14
2021-03-26,Cotton,5678.0
2021-03-27,Cotton,5709.08
2021-03-28,Cotton,6118.75
2021-03-30,Cotton,5879.92
2021-03-31,Cotton,5628.85
2021-01-04,Cotton,5572.38
2021-02-04,Cotton,5626.56
2021-03-04,Cotton,5544.85
2021-04-04,Cotton,5696.67
2021-05-04,Cotton,5720.1
2021-06-04,Cotton,5613.76
2021-07-04,Cotton,5625.08
2021-08-04,Cotton,5596.79
2021-09-04,Cotton,5854.99
2021-10-04,Cotton,6057.38
2021-11-04,Cotton,5632.35
2021-12-04,Cotton,6025.45
2021-04-13,Cotton,5946.77
2021-04-14,Cotton,5901.79
2021-04-15,Cotton,5533.58
2021-04-16,Cotton,5650.08
2021-04-17,Cotton,5330.41
2021-04-18,Cotton,6000.0
2021-04-19,Cotton,5587.81
2021-04-20,Cotton,5582.93
2021-04-21,Cotton,5917.65
2021-04-22,Cotton,5643.84
2021-04-23,Cotton,5588.78
2021-04-24,Cotton,5511.12
2021-04-25,Cotton,6000.0
2021-04-26,Cotton,5493.43
2021-04-27,Cotton,5464.76
2021-04-28,Cotton,5526.07
2021-04-29,Cotton,5447.01
2021-04-30,Cotton,5470.46
2021-01-05,Cotton,6000.0
2021-02-05,Cotton,6000.0
2021-03-05,Cotton,6103.1
2021-04-05,Cotton,6081.25
2021-05-05,Cotton,5914.71
2021-06-05,Cotton,6000.0
2021-07-05,Cotton,6033.33
2021-05-15,Cotton,5925.0
2021-05-16,Cotton,5000.0
2021-05-18,Cotton,5930.0
2021-05-21,Cotton,5900.0
2021-01-06,Cotton,5930.0
2021-05-06,Cotton,5920.0
2021-06-14,Cotton,5760.0
2021-06-17,Cotton,5825.0
2021-06-18,Cotton,5100.0
2021-10-07,Cotton,5820.0
2021-04-08,Cotton,5850.0
2021-07-08,Cotton,120.0
2021-08-13,Cotton,5850.0
2021-09-22,Cotton,5130.0
2021-09-24,Cotton,5130.0
2021-09-25,Cotton,5130.0
2021-09-26,Cotton,5120.0
2021-09-30,Cotton,5150.0
2021-01-10,Cotton,5180.0
2021-11-10,Cotton,6103.33
2021-12-10,Cotton,6177.42
2021-10-13,Cotton,6311.84
2021-10-14,Cotton,6383.54
2021-10-15,Cotton,6673.89
2021-10-16,Cotton,6486.3
2021-10-17,Cotton,6493.88
2021-10-18,Cotton,6893.86
2021-10-19,Cotton,6935.19
2021-10-20,Cotton,7007.54
2021-10-21,Cotton,7088.72
2021-10-22,Cotton,7197.7
2021-10-23,Cotton,7154.45
2021-10-24,Cotton,7534.64
2021-10-25,Cotton,7755.22
2021-10-26,Cotton,7724.58
2021-10-27,Cotton,7771.5
2021-10-28,Cotton,7919.73
2021-10-29,Cotton,8027.71
2021-10-30,Cotton,8061.8
2021-10-31,Cotton,8071.35
2021-01-11,Cotton,8254.97
2021-02-11,Cotton,8405.27
2021-03-11,Cotton,8407.72
2021-04-11,Cotton,8335.25
2021-05-11,Cotton,8049.07
2021-06-11,Cotton,8159.98
2021-07-11,Cotton,8114.1
2021-08-11,Cotton,8194.39
2021-09-11,Cotton,8171.32
2021-10-11,Cotton,8135.35
2021-11-11,Cotton,8150.79
2021-12-11,Cotton,8104.13
2021-11-13,Cotton,8119.81
2021-11-14,Cotton,8104.83
2021-11-15,Cotton,8074.6
2021-11-16,Cotton,8000.61
2021-11-17,Cotton,7851.56
2021-11-18,Cotton,7708.89
2021-11-19,Cotton,7783.78
2021-11-20,Cotton,7909.09
2021-11-21,Cotton,7988.9
2021-11-22,Cotton,8059.94
2021-11-23,Cotton,8121.84
2021-11-24,Cotton,8135.61
2021-11-25,Cotton,8214.46
2021-11-26,Cotton,8350.52
2021-11-27,Cotton,8195.76
2021-11-28,Cotton,8196.73
2021-11-29,Cotton,8157.8
2021-11-30,Cotton,8022.7
2022-01-01,Cotton,9119.44
2022-02-01,Cotton,9071.08
2022-03-01,Cotton,9381.02
2022-04-01,Cotton,9552.04
2022-05-01,Cotton,9704.45
2022-06-01,Cotton,9423.92
2022-07-01,Cotton,9481.33
2022-08-01,Cotton,9493.8
2022-09-01,Cotton,9414.17
2022-10-01,Cotton,9528.04
2022-11-01,Cotton,9401.15
2022-12-01,Cotton,9427.16
2022-01-13,Cotton,9438.74
2022-01-14,Cotton,9472.4
2022-01-15,Cotton,9559.52
2022-01-16,Cotton,9662.18
2022-01-17,Cotton,9537.41
2022-01-18,Cotton,9656.26
2022-01-19,Cotton,9708.22
2022-01-20,Cotton,9665.2
2022-01-21,Cotton,9548.29
2022-01-22,Cotton,9518.35
2022-01-23,Cotton,9476.17
2022-01-24,Cotton,9527.22
2022-01-25,Cotton,9505.38
2022-01-26,Cotton,9519.57
2022-01-27,Cotton,9538.64
2022-01-28,Cotton,9565.46
2022-01-29,Cotton,9578.62
2022-01-30,Cotton,9602.54
2022-01-31,Cotton,9642.59
2022-01-02,Cotton,9695.21
2022-02-02,Cotton,9771.17
2022-03-02,Cotton,9682.09
2022-04-02,Cotton,9761.03
2022-05-02,Cotton,9635.72
2022-06-02,Cotton,9549.77
2022-07-02,Cotton,9786.06
2022-08-02,Cotton,9563.91
2022-09-02,Cotton,9592.92
2022-10-02,Cotton,9582.82
2022-11-02,Cotton,9697.91
2022-12-02,Cotton,9640.11
2022-02-13,Cotton,9546.39
2022-02-14,Cotton,9731.01
2022-02-15,Cotton,9763.83
2022-02-16,Cotton,9687.45
2022-02-17,Cotton,9742.24
2022-02-18,Cotton,9704.93
2022-02-19,Cotton,9809.06
2022-02-20,Cotton,9452.58
2022-02-21,Cotton,9607.6
2022-02-22,Cotton,9553.79
2022-02-23,Cotton,9685.85
2022-02-24,Cotton,9586.3
2022-02-25,Cotton,9484.74
2022-02-26,Cotton,9479.7
2022-02-27,Cotton,9325.2
2022-02-28,Cotton,9400.27
2022-01-03,Cotton,9662.5
2022-02-03,Cotton,9413.79
2022-03-03,Cotton,9280.45
2022-04-03,Cotton,9345.27
2022-05-03,Cotton,9444.59
2022-06-03,Cotton,9334.98
2022-07-03,Cotton,9495.36
2022-08-03,Cotton,9346.9
2022-09-03,Cotton,9389.75
2022-10-03,Cotton,9229.35
2022-11-03,Cotton,9297.32
2022-12-03,Cotton,9477.61
2022-03-13,Cotton,9479.61
2022-03-14,Cotton,9489.57
2022-03-15,Cotton,9349.78
2022-03-16,Cotton,9418.61
2022-03-17,Cotton,9361.8
2022-03-19,Cotton,9725.5
2022-03-20,Cotton,9541.35
2022-03-21,Cotton,9936.6
2022-03-22,Cotton,9682.3
2022-03-23,Cotton,9995.07
2022-03-24,Cotton,10122.08
2022-03-25,Cotton,10285.96
2022-03-26,Cotton,10386.96
2022-03-27,Cotton,10468.33
2022-03-28,Cotton,10793.09
2022-03-29,Cotton,10814.05
2022-03-30,Cotton,10699.72
2022-03-31,Cotton,11094.36
2022-01-04,Cotton,10492.93
2022-02-04,Cotton,11447.63
2022-03-04,Cotton,10861.08
2022-04-04,Cotton,10701.63
2022-05-04,Cotton,10500.58
2022-06-04,Cotton,3434.29
2022-07-04,Cotton,10782.47
2022-08-04,Cotton,10700.63
2022-09-04,Cotton,10749.44
2022-10-04,Cotton,10404.56
2022-11-04,Cotton,10824.99
2022-12-04,Cotton,10640.47
2022-04-13,Cotton,10899.42
2022-04-14,Cotton,9765.13
2022-04-15,Cotton,10514.43
2022-04-16,Cotton,10738.17
2022-04-17,Cotton,11110.1
2022-04-18,Cotton,10926.48
2022-04-19,Cotton,10443.86
2022-04-20,Cotton,10690.25
2022-04-21,Cotton,10388.37
2022-04-22,Cotton,10345.37
2022-04-23,Cotton,10490.42
2022-04-24,Cotton,9943.76
2022-04-25,Cotton,10529.69
2022-04-26,Cotton,10075.52
2022-04-27,Cotton,10656.61
2022-04-28,Cotton,10599.39
2022-04-29,Cotton,10748.62
2022-04-30,Cotton,10620.93
2022-01-05,Cotton,10750.99
2022-02-05,Cotton,11037.5
2022-03-05,Cotton,10847.2
2022-04-05,Cotton,11483.2
2022-05-05,Cotton,10997.23
2022-06-05,Cotton,10488.25
2022-07-05,Cotton,9997.93
2022-08-05,Cotton,10341.66
2022-09-05,Cotton,11742.05
2022-10-05,Cotton,11422.46
2022-11-05,Cotton,10755.31
2022-12-05,Cotton,10404.72
2022-05-13,Cotton,10436.09
2022-05-14,Cotton,11799.5
2022-05-15,Cotton,10177.75
2022-05-16,Cotton,11403.82
2022-05-17,Cotton,12235.87
2022-05-18,Cotton,11727.21
2022-05-19,Cotton,12020.33
2022-05-20,Cotton,11894.08
2022-05-21,Cotton,11766.6
2022-05-22,Cotton,10923.71
2022-05-23,Cotton,11200.66
2022-05-24,Cotton,12280.45
2022-05-25,Cotton,11900.35
2022-05-26,Cotton,10500.0
2022-05-31,Cotton,11500.0
2022-07-06,Cotton,11400.0
2022-08-06,Cotton,7445.45
2022-09-06,Cotton,11200.0
2022-10-06,Cotton,11300.0
2022-11-06,Cotton,11200.0
2022-06-13,Cotton,11000.0
2022-06-14,Cotton,11000.0
2022-06-15,Cotton,11000.0
2022-06-16,Cotton,11000.0
2022-06-17,Cotton,11025.0
2022-06-18,Cotton,11025.0
2022-06-20,Cotton,11030.0
2022-06-21,Cotton,11150.0
2022-06-22,Cotton,11200.0
2022-06-23,Cotton,11300.0
2022-06-24,Cotton,11250.0
2022-06-25,Cotton,11300.0
2022-06-27,Cotton,11400.0
2022-06-28,Cotton,11100.0
2022-06-29,Cotton,11000.0
2022-06-30,Cotton,11000.0
2022-01-07,Cotton,11050.0
2022-04-07,Cotton,10200.0
2022-05-07,Cotton,10300.0
2022-06-07,Cotton,7883.33
2022-07-07,Cotton,10200.0
2022-08-07,Cotton,10190.0
2022-09-07,Cotton,10195.0
2022-11-07,Cotton,10180.0
2022-12-07,Cotton,10120.0
2022-07-13,Cotton,10128.0
2022-07-14,Cotton,8750.0
2022-07-15,Cotton,8770.0
2022-07-16,Cotton,8765.0
2022-07-18,Cotton,8760.0
2022-07-19,Cotton,8770.0
2022-07-20,Cotton,8750.0
2022-07-21,Cotton,8934.09
2022-07-22,Cotton,8740.0
2022-07-23,Cotton,8742.0
2022-07-25,Cotton,8730.0
2022-07-26,Cotton,8735.0
2022-07-27,Cotton,8745.0
2022-07-28,Cotton,8740.0
2022-07-29,Cotton,8730.0
2022-07-30,Cotton,8730.0
2022-10-08,Cotton,8630.0
2022-10-15,Cotton,7950.0
2022-10-20,Cotton,7545.64
2022-10-22,Cotton,7166.67
2022-10-24,Cotton,7550.0
2022-10-25,Cotton,7200.0
2022-10-26,Cotton,7500.0
2022-10-27,Cotton,7814.86
2022-10-28,Cotton,8004.36
2022-10-29,Cotton,8090.43
2022-10-31,Cotton,7812.61
2022-01-11,Cotton,7809.8
2022-02-11,Cotton,7896.09
2022-03-11,Cotton,8000.26
2022-04-11,Cotton,7935.65
2022-05-11,Cotton,8106.15
2022-06-11,Cotton,8046.3
2022-07-11,Cotton,8619.16
2022-08-11,Cotton,8626.71
2022-09-11,Cotton,8672.98
2022-10-11,Cotton,8751.52
2022-11-11,Cotton,8897.96
2022-12-11,Cotton,9088.52
2022-11-13,Cotton,8116.86
2022-11-14,Cotton,9215.92
2022-11-15,Cotton,9139.98
2022-11-16,Cotton,9185.73
2022-11-17,Cotton,9197.45
2022-11-18,Cotton,9118.82
2022-11-19,Cotton,9032.31
2022-11-20,Cotton,8783.75
2022-11-21,Cotton,8704.39
2022-11-22,Cotton,8610.91
2022-11-23,Cotton,8630.87
2022-11-24,Cotton,8645.99
2022-11-25,Cotton,8901.29
2022-11-26,Cotton,8798.53
2022-11-27,Cotton,8647.43
2022-11-28,Cotton,8880.36
2022-11-29,Cotton,8756.37
2022-11-30,Cotton,8759.83
2022-01-12,Cotton,8845.77
2022-02-12,Cotton,8858.49
2022-03-12,Cotton,8772.45
2022-04-12,Cotton,8447.68
2022-05-12,Cotton,8456.33
2022-06-12,Cotton,8415.75
2022-07-12,Cotton,8420.52
2022-08-12,Cotton,8436.89
2022-09-12,Cotton,8368.68
2022-10-12,Cotton,8303.36
2022-11-12,Cotton,8173.73
2022-12-12,Cotton,8343.27
2022-12-13,Cotton,8359.34
2022-12-14,Cotton,8412.1
2022-12-15,Cotton,8464.55
2022-12-16,Cotton,8465.28
2022-12-17,Cotton,8399.15
2022-12-18,Cotton,8223.58
2022-12-19,Cotton,8315.85
2022-12-20,Cotton,8272.07
2022-12-21,Cotton,8263.26
2022-12-22,Cotton,8272.55
2022-12-23,Cotton,8226.14
2022-12-24,Cotton,8130.38
2022-12-25,Cotton,7967.01
2022-12-26,Cotton,7640.95
2022-12-27,Cotton,7652.26
2022-12-28,Cotton,7735.1
2022-12-29,Cotton,7818.15
2022-12-30,Cotton,8020.24
2022-12-31,Cotton,8153.46
2023-01-01,Cotton,8078.96
2023-02-01,Cotton,8189.19
2023-03-01,Cotton,8282.83
2023-04-01,Cotton,8348.1
2023-05-01,Cotton,8330.89
2023-06-01,Cotton,8232.84
2023-07-01,Cotton,8553.82
2023-08-01,Cotton,8350.0
2023-09-01,Cotton,8336.9
2023-10-01,Cotton,8412.82
2023-11-01,Cotton,8291.35
2023-12-01,Cotton,8261.05
2023-01-13,Cotton,8217.69
2023-01-14,Cotton,8189.31
2023-01-15,Cotton,8029.2
2023-01-16,Cotton,8208.69
2023-01-17,Cotton,8229.65
2023-01-18,Cotton,8260.49
2023-01-19,Cotton,8150.64
2023-01-20,Cotton,8277.92
2023-01-21,Cotton,8256.94
2023-01-22,Cotton,8173.94
2023-01-23,Cotton,8135.5
2023-01-24,Cotton,8068.43
2023-01-25,Cotton,8004.7
2023-01-26,Cotton,7921.06
2023-01-27,Cotton,8077.07
2023-01-28,Cotton,8084.65
2023-01-29,Cotton,7921.54
2023-01-30,Cotton,8085.52
2023-01-31,Cotton,8057.03
2023-01-02,Cotton,8043.37
2023-02-02,Cotton,8040.16
2023-03-02,Cotton,7969.2
2023-04-02,Cotton,7926.94
2023-05-02,Cotton,7721.95
2023-06-02,Cotton,7882.27
2023-07-02,Cotton,7850.06
2023-08-02,Cotton,7941.9
2023-09-02,Cotton,7970.3
2023-10-02,Cotton,7941.04
2023-11-02,Cotton,7994.62
2023-12-02,Cotton,7888.48
2023-02-13,Cotton,8000.7
2023-02-14,Cotton,8114.55
2023-02-15,Cotton,8094.97
2023-02-16,Cotton,8056.59
2023-02-17,Cotton,8017.6
2023-02-18,Cotton,7970.66
2023-02-19,Cotton,7809.91
2023-02-20,Cotton,7943.32
2023-02-21,Cotton,7966.51
2023-02-22,Cotton,7976.65
2023-02-23,Cotton,7958.82
2023-02-24,Cotton,7914.0
2023-02-25,Cotton,7946.66
2023-02-26,Cotton,7944.9
2023-02-27,Cotton,7829.53
2023-02-28,Cotton,7788.12
2023-01-03,Cotton,7798.2
2023-02-03,Cotton,7850.0
2023-03-03,Cotton,7827.55
2023-04-03,Cotton,7850.99
2023-05-03,Cotton,7797.4
2023-06-03,Cotton,7808.5
2023-07-03,Cotton,7646.02
2023-08-03,Cotton,7754.63
2023-09-03,Cotton,7785.93
2023-10-03,Cotton,7729.86
2023-11-03,Cotton,7646.15
2023-12-03,Cotton,7408.81
2023-03-13,Cotton,7631.13
2023-03-14,Cotton,7668.94
2023-03-15,Cotton,7645.42
2023-03-16,Cotton,7586.11
2023-03-17,Cotton,7632.56
2023-03-18,Cotton,7633.35
2023-03-19,Cotton,7521.67
2023-03-20,Cotton,7678.67
2023-03-21,Cotton,7660.36
2023-03-22,Cotton,7753.25
2023-03-23,Cotton,7671.36
2023-03-24,Cotton,7628.52
2023-03-25,Cotton,7615.01
2023-03-26,Cotton,7534.74
2023-03-27,Cotton,7523.67
2023-03-28,Cotton,7558.83
2023-03-29,Cotton,7630.15
2023-03-30,Cotton,7783.39
2023-03-31,Cotton,8061.91
2023-01-04,Cotton,7821.73
2023-02-04,Cotton,7811.89
2023-03-04,Cotton,7871.91
2023-04-04,Cotton,7992.19
2023-05-04,Cotton,7887.33
2023-06-04,Cotton,7899.21
2023-07-04,Cotton,8053.03
2023-08-04,Cotton,7930.42
2023-09-04,Cotton,7848.25
2023-10-04,Cotton,7982.48
2023-11-04,Cotton,7925.06
2023-12-04,Cotton,7833.07
2023-04-13,Cotton,7787.4
2023-04-14,Cotton,7827.0
2023-04-15,Cotton,7875.22
2023-04-16,Cotton,7782.74
2023-04-17,Cotton,7874.01
2023-04-18,Cotton,7791.1
2023-04-19,Cotton,7792.78
2023-04-20,Cotton,7768.76
2023-04-21,Cotton,7654.87
2023-04-22,Cotton,7496.94
2023-04-23,Cotton,7738.91
2023-04-24,Cotton,7704.79
2023-04-25,Cotton,7698.75
2023-04-26,Cotton,7675.65
2023-04-27,Cotton,7688.43
2023-04-28,Cotton,7668.76
2023-04-29,Cotton,7746.1
2023-04-30,Cotton,7759.27
2023-01-05,Cotton,7629.15
2023-02-05,Cotton,7724.33
2023-03-05,Cotton,7761.08
2023-04-05,Cotton,7679.21
2023-05-05,Cotton,7706.86
2023-06-05,Cotton,7635.33
2023-07-05,Cotton,7657.9
2023-08-05,Cotton,7651.57
2023-09-05,Cotton,7543.77
2023-10-05,Cotton,7462.79
2023-11-05,Cotton,7448.05
2023-12-05,Cotton,7445.88
2023-05-13,Cotton,7327.03
2023-05-14,Cotton,7338.21
2023-05-15,Cotton,7393.62
2023-05-16,Cotton,7376.93
2023-05-17,Cotton,7400.49
2023-05-18,Cotton,7356.33
2023-05-19,Cotton,7282.54
2023-05-20,Cotton,7245.11
2023-05-21,Cotton,7197.75
2023-05-22,Cotton,6984.09
2023-05-23,Cotton,6933.17
2023-05-24,Cotton,6856.23
2023-05-25,Cotton,6767.63
2023-05-26,Cotton,6705.27
2023-05-27,Cotton,6682.6
2023-05-28,Cotton,6771.09
2023-05-29,Cotton,7005.7
2023-05-30,Cotton,7099.28
2023-05-31,Cotton,7128.9
2023-01-06,Cotton,7157.16
2023-02-06,Cotton,7341.12
2023-03-06,Cotton,7360.11
2023-04-06,Cotton,7297.94
2023-05-06,Cotton,7359.37
2023-06-06,Cotton,7278.89
2023-07-06,Cotton,7200.25
2023-08-06,Cotton,7184.52
2023-09-06,Cotton,7127.68
2023-10-06,Cotton,7081.81
2023-11-06,Cotton,6937.39
2023-12-06,Cotton,7075.68
2023-06-13,Cotton,7069.88
2023-06-14,Cotton,7062.8
2023-06-15,Cotton,7031.93
2023-06-16,Cotton,7024.94
2023-06-17,Cotton,7061.59
2023-06-18,Cotton,6985.25
2023-06-19,Cotton,7086.47
2023-06-20,Cotton,7113.04
2023-06-21,Cotton,7069.92
2023-06-22,Cotton,7060.08
2023-06-23,Cotton,6952.61
2023-06-24,Cotton,6876.45
2023-06-25,Cotton,6826.19
2023-06-26,Cotton,6928.0
2023-06-27,Cotton,6848.22
2023-06-28,Cotton,6869.51
2023-06-29,Cotton,6788.17
2023-06-30,Cotton,6918.33
2023-01-07,Cotton,6996.35
2023-02-07,Cotton,6798.39
2023-03-07,Cotton,6997.32
2023-04-07,Cotton,7064.54
2023-05-07,Cotton,6978.03
2023-06-07,Cotton,6948.18
2023-07-07,Cotton,6934.04
2023-08-07,Cotton,6842.95
2023-09-07,Cotton,6740.57
2023-10-07,Cotton,6954.3
2023-11-07,Cotton,6955.36
2023-12-07,Cotton,6922.01
2023-07-13,Cotton,6898.62
2023-07-14,Cotton,6919.45
2023-07-15,Cotton,6882.61
2023-07-16,Cotton,6810.19
2023-07-17,Cotton,6867.68
2023-07-18,Cotton,6857.43
2023-07-19,Cotton,6966.67
2023-07-20,Cotton,7015.42
2023-07-21,Cotton,6968.4
2023-07-22,Cotton,6978.38
2023-07-23,Cotton,6855.89
2023-07-24,Cotton,7010.67
2023-07-25,Cotton,7012.27
2023-07-26,Cotton,7021.18
2023-07-27,Cotton,7148.61
2023-07-28,Cotton,7059.35
2023-07-29,Cotton,6937.17
2023-07-30,Cotton,6896.95
2023-07-31,Cotton,7033.11
2023-01-08,Cotton,7896.58
2023-02-08,Cotton,7270.95
2023-03-08,Cotton,6990.92
2023-04-08,Cotton,7133.08
2023-05-08,Cotton,7212.12
2023-06-08,Cotton,7114.08
2023-07-08,Cotton,7334.29
2023-08-08,Cotton,7400.09
2023-09-08,Cotton,7475.1
2023-10-08,Cotton,7573.44
2023-11-08,Cotton,7464.14
2023-12-08,Cotton,7614.99
2023-08-13,Cotton,7553.18
2023-08-14,Cotton,7737.92
2023-08-16,Cotton,7431.58
2023-08-17,Cotton,7838.98
2023-08-18,Cotton,7871.36
2023-08-19,Cotton,7846.82
2023-08-20,Cotton,7750.0
2023-08-21,Cotton,7140.83
2023-08-22,Cotton,7073.84
2023-08-23,Cotton,7106.46
2023-08-24,Cotton,7364.61
2023-08-25,Cotton,7249.15
2023-08-26,Cotton,7327.79
2023-08-27,Cotton,7253.91
2023-08-28,Cotton,7205.71
2023-08-29,Cotton,7246.31
2023-08-30,Cotton,7020.0
2023-08-31,Cotton,7363.66
2023-01-09,Cotton,7470.85
2023-02-09,Cotton,7212.0
2023-03-09,Cotton,7600.0
2023-04-09,Cotton,7469.57
2023-05-09,Cotton,7371.04
2023-07-09,Cotton,7228.11
2023-08-09,Cotton,7353.15
2023-09-09,Cotton,7275.0
2023-10-09,Cotton,7420.0
2023-11-09,Cotton,7435.25
2023-12-09,Cotton,6970.0
2023-09-15,Cotton,7291.89
2023-09-16,Cotton,7251.0
2023-09-17,Cotton,7430.0
2023-09-19,Cotton,7480.0
2023-09-20,Cotton,4600.0
2023-09-21,Cotton,7470.0
2023-09-22,Cotton,7632.97
2023-09-23,Cotton,7417.86
2023-09-24,Cotton,7450.0
2023-09-25,Cotton,7500.0
2023-09-26,Cotton,7522.22
2023-09-28,Cotton,7430.0
2023-09-29,Cotton,7322.33
2023-09-30,Cotton,7300.0
2023-02-10,Cotton,7240.67
2023-03-10,Cotton,7135.21
2023-04-10,Cotton,7012.0
2023-05-10,Cotton,7370.0
2023-06-10,Cotton,6893.67
2023-07-10,Cotton,6900.0
2023-08-10,Cotton,7320.0
2023-10-10,Cotton,7280.0
2023-11-10,Cotton,7280.0
2023-12-10,Cotton,7153.33
2023-10-13,Cotton,6928.14
2023-10-14,Cotton,7130.0
2023-10-16,Cotton,6780.0
2023-10-17,Cotton,6510.0
2023-10-18,Cotton,7400.0
2023-10-19,Cotton,7008.57
2023-10-20,Cotton,6926.25
2023-10-21,Cotton,6877.05
2023-10-22,Cotton,6924.86
2023-10-23,Cotton,6786.53
2023-10-24,Cotton,6888.64
2023-10-25,Cotton,6918.66
2023-10-26,Cotton,6917.98
2023-10-27,Cotton,6960.63
2023-10-28,Cotton,7035.48
2023-10-29,Cotton,7112.83
2023-10-30,Cotton,6814.59
2023-10-31,Cotton,7101.41
2023-01-11,Cotton,7110.26
2023-02-11,Cotton,7064.52
2023-03-11,Cotton,7030.63
2023-04-11,Cotton,6702.96
2023-06-11,Cotton,7079.46
2023-07-11,Cotton,7032.69
2023-08-11,Cotton,6855.58
2023-09-11,Cotton,6964.71
2023-10-11,Cotton,6943.28
2023-11-11,Cotton,6957.66
2023-12-11,Cotton,7100.0
2023-11-13,Cotton,7097.05
2023-11-14,Cotton,7284.95
2023-11-15,Cotton,7151.38
2023-11-16,Cotton,7131.52
2023-11-17,Cotton,7136.95
2023-11-18,Cotton,7148.57
2023-11-19,Cotton,7154.75
2023-11-20,Cotton,7125.2
2023-11-21,Cotton,7134.09
2023-11-22,Cotton,7089.08
2023-11-23,Cotton,7085.71
2023-11-24,Cotton,7098.49
2023-11-25,Cotton,7077.6
2023-11-26,Cotton,6989.51
2023-11-27,Cotton,7047.45
2023-11-28,Cotton,7018.58
2023-11-29,Cotton,6981.8
2023-11-30,Cotton,7046.51
2023-01-12,Cotton,6881.55
2023-02-12,Cotton,7012.42
2023-03-12,Cotton,6999.23
2023-04-12,Cotton,6970.11
2023-05-12,Cotton,6925.1
2023-06-12,Cotton,6917.17
2023-07-12,Cotton,6927.11
2023-08-12,Cotton,6966.28
2023-09-12,Cotton,6935.43
2023-10-12,Cotton,6869.32
2023-11-12,Cotton,6932.18
2023-12-12,Cotton,6933.49
2023-12-13,Cotton,6898.04
2023-12-14,Cotton,6915.55
2023-12-15,Cotton,6838.15
2023-12-16,Cotton,6826.67
2023-12-17,Cotton,6865.13
2023-12-18,Cotton,6850.49
2023-12-19,Cotton,6718.3
2023-12-20,Cotton,6732.75
2023-12-21,Cotton,6792.38
2023-12-22,Cotton,6766.61
2023-12-23,Cotton,6721.96
2023-12-24,Cotton,6781.89
2023-12-25,Cotton,6833.15
2023-12-26,Cotton,6819.05
2023-12-27,Cotton,6835.19
2023-12-28,Cotton,6805.31
2023-12-29,Cotton,6829.68
2023-12-30,Cotton,6885.53
2023-12-31,Cotton,6845.92
2024-01-01,Cotton,6780.91
2024-02-01,Cotton,6771.82
2024-03-01,Cotton,6843.45
2024-04-01,Cotton,6808.07
2024-05-01,Cotton,6771.28
2024-06-01,Cotton,6767.93
2024-07-01,Cotton,6801.71
2024-08-01,Cotton,6755.83
2024-09-01,Cotton,6721.13
2024-10-01,Cotton,6697.23
2024-11-01,Cotton,6736.09
2024-12-01,Cotton,6782.5
2024-01-13,Cotton,6762.95
2024-01-14,Cotton,6739.47
2024-01-15,Cotton,6661.64
2024-01-16,Cotton,6766.45
2024-01-17,Cotton,6741.04
2024-01-18,Cotton,6722.43
2024-01-19,Cotton,6712.5
2024-01-20,Cotton,6686.11
2024-01-21,Cotton,6728.26
2024-01-22,Cotton,6839.99
2024-01-23,Cotton,6701.33
2024-01-24,Cotton,6721.67
2024-01-25,Cotton,6694.54
2024-01-26,Cotton,6765.65
2024-01-27,Cotton,6709.71
2024-01-28,Cotton,6680.82
2024-01-29,Cotton,6663.13
2024-01-30,Cotton,6597.68
2024-01-31,Cotton,6618.96
2024-01-02,Cotton,6519.7
2024-02-02,Cotton,6511.68
2024-03-02,Cotton,6605.06
2024-04-02,Cotton,6572.06
2024-05-02,Cotton,6623.87
2024-06-02,Cotton,6586.16
2024-07-02,Cotton,6622.1
2024-08-02,Cotton,6585.33
2024-09-02,Cotton,6683.47
2024-10-02,Cotton,6729.72
2024-11-02,Cotton,6692.74
2024-12-02,Cotton,6744.92
2024-02-13,Cotton,6656.56
2024-02-14,Cotton,6670.27
2024-02-15,Cotton,6826.99
2024-02-16,Cotton,6798.52
2024-02-17,Cotton,6835.1
2024-02-18,Cotton,6756.36
2024-02-19,Cotton,6724.73
2024-02-20,Cotton,6866.54
2024-02-21,Cotton,6877.47
2024-02-22,Cotton,6867.64
2024-02-23,Cotton,6934.19
2024-02-24,Cotton,6870.58
2024-02-25,Cotton,6739.51
2024-02-26,Cotton,7337.76
2024-02-27,Cotton,7073.37
2024-02-28,Cotton,7095.11
2024-02-29,Cotton,7077.78
2024-01-03,Cotton,7099.67
2024-02-03,Cotton,7185.92
2024-03-03,Cotton,6944.41
2024-04-03,Cotton,7076.05
2024-05-03,Cotton,7104.14
2024-06-03,Cotton,7146.24
2024-07-03,Cotton,7252.1
2024-08-03,Cotton,7308.19
2024-09-03,Cotton,7391.27
2024-10-03,Cotton,7077.73
2024-11-03,Cotton,7450.5
2024-12-03,Cotton,7512.96
2024-03-13,Cotton,7560.34
2024-03-14,Cotton,7075.66
2024-03-15,Cotton,7355.8
2024-03-16,Cotton,7352.17
2024-03-17,Cotton,7120.59
2024-03-18,Cotton,7508.47
2024-03-19,Cotton,7387.06
2024-03-20,Cotton,7359.45
2024-03-21,Cotton,7406.56
2024-03-22,Cotton,7142.79
2024-03-23,Cotton,7234.71
2024-03-24,Cotton,7000.0
2024-03-26,Cotton,7418.3
2024-03-27,Cotton,7127.35
2024-03-28,Cotton,7083.07
2024-03-29,Cotton,7184.47
2024-03-30,Cotton,7385.86
2024-03-31,Cotton,7081.08
2024-01-04,Cotton,7321.35
2024-02-04,Cotton,7306.6
2024-03-04,Cotton,7250.01
2024-04-04,Cotton,7264.51
2024-05-04,Cotton,7217.44
2024-06-04,Cotton,7215.86
2024-07-04,Cotton,7129.37
2024-08-04,Cotton,7307.05
2024-09-04,Cotton,7945.0
2024-12-04,Cotton,6934.21
2024-04-13,Cotton,7005.01
2024-04-15,Cotton,7204.43
2024-04-16,Cotton,7200.0
2024-04-17,Cotton,7300.0
2024-04-18,Cotton,7001.84
2024-04-19,Cotton,7023.14
2024-04-20,Cotton,6826.31
2024-04-21,Cotton,6800.0
2024-04-22,Cotton,6852.62
2024-04-23,Cotton,7133.7
2024-04-24,Cotton,7015.12
2024-04-25,Cotton,7216.2
2024-04-26,Cotton,7065.66
2024-04-27,Cotton,6960.71
2024-04-28,Cotton,6972.55
2024-04-29,Cotton,7151.26
2024-04-30,Cotton,7017.91
2024-01-05,Cotton,7143.64
2024-02-05,Cotton,6926.33
2024-03-05,Cotton,7005.28
2024-04-05,Cotton,6973.66
2024-05-05,Cotton,6927.01
2024-06-05,Cotton,6982.27
2024-07-05,Cotton,7032.82
2024-08-05,Cotton,7057.22
2024-09-05,Cotton,6863.98
2024-10-05,Cotton,7104.65
2024-11-05,Cotton,7075.28
2024-12-05,Cotton,6935.41
2024-05-13,Cotton,7122.63
2024-05-14,Cotton,7068.49
2024-05-15,Cotton,7006.23
2024-05-16,Cotton,6978.12
2024-05-17,Cotton,7092.51
2024-05-18,Cotton,6913.18
2024-05-19,Cotton,6968.15
2024-05-20,Cotton,7092.96
2024-05-21,Cotton,7080.07
2024-05-22,Cotton,6988.26
2024-05-23,Cotton,7108.78
2024-05-24,Cotton,7181.3
2024-05-25,Cotton,7162.61
2024-05-26,Cotton,7067.42
2024-05-27,Cotton,7138.57
2024-05-28,Cotton,7146.32
2024-05-29,Cotton,7133.78
2024-05-30,Cotton,7085.58
2024-05-31,Cotton,7101.43
2024-01-06,Cotton,7008.65
2024-02-06,Cotton,7074.76
2024-03-06,Cotton,6976.85
2024-04-06,Cotton,7010.53
2024-05-06,Cotton,7023.42
2024-06-06,Cotton,6996.92
2024-07-06,Cotton,7015.13
2024-08-06,Cotton,6954.38
2024-09-06,Cotton,6957.5
2024-10-06,Cotton,6946.03
2024-11-06,Cotton,6751.3
2024-12-06,Cotton,6725.25
2024-06-13,Cotton,6911.44
2024-06-14,Cotton,7005.48
2024-06-15,Cotton,7095.01
2024-06-16,Cotton,7150.0
2024-06-17,Cotton,7050.0
2024-06-18,Cotton,6673.23
2024-06-19,Cotton,6696.26
2024-06-20,Cotton,7168.08
2024-06-21,Cotton,6690.7
2024-06-22,Cotton,6649.7
2024-06-24,Cotton,6813.43
2024-06-25,Cotton,6762.97
2024-06-26,Cotton,6830.14
2024-06-27,Cotton,7410.68
2024-06-28,Cotton,7197.68
2024-06-29,Cotton,7337.79
2024-06-30,Cotton,7355.46
2024-01-07,Cotton,7152.66
2024-02-07,Cotton,7117.0
2024-03-07,Cotton,7635.55
2024-04-07,Cotton,7790.4
2024-05-07,Cotton,7458.8
2024-06-07,Cotton,7484.77
2024-07-07,Cotton,6965.01
2024-08-07,Cotton,7100.0
2024-09-07,Cotton,7551.25
2024-10-07,Cotton,7836.44
2024-11-07,Cotton,7238.89
2024-12-07,Cotton,7611.22
2024-07-13,Cotton,7095.07
2024-07-15,Cotton,7482.45
2024-07-16,Cotton,7315.85
2024-07-17,Cotton,7625.0
2024-07-19,Cotton,7424.69
2024-07-20,Cotton,7456.43
2024-07-21,Cotton,7250.0
2024-07-22,Cotton,7255.0
2024-07-23,Cotton,7284.75
2024-07-24,Cotton,6911.36
2024-07-25,Cotton,6817.0
2024-07-26,Cotton,7280.27
2024-07-27,Cotton,7168.92
2024-07-28,Cotton,7170.0
2024-07-29,Cotton,7071.14
2024-07-30,Cotton,6976.63
2024-07-31,Cotton,7251.39
2024-01-08,Cotton,7000.0
2024-02-08,Cotton,6580.0
2024-06-08,Cotton,7206.0
2024-07-08,Cotton,7208.0
2024-08-08,Cotton,7209.25
2024-09-08,Cotton,7126.0
2024-10-08,Cotton,7350.0
2024-11-08,Cotton,7323.0
2024-12-08,Cotton,5107.0
2024-08-13,Cotton,6680.0
2024-08-17,Cotton,7250.0
2024-08-24,Cotton,6640.0
2024-08-29,Cotton,7305.0
2024-04-09,Cotton,6640.0
2024-09-18,Cotton,7090.74
2024-09-19,Cotton,7600.0
2024-09-20,Cotton,7847.0
2024-09-21,Cotton,7271.27
2024-09-24,Cotton,7816.0
2024-09-26,Cotton,6982.0
2024-09-27,Cotton,7638.0
2024-09-28,Cotton,6168.0
2024-09-29,Cotton,6054.0
2024-04-10,Cotton,6546.0
2024-11-10,Cotton,6159.0
2024-12-10,Cotton,6408.43
2024-10-14,Cotton,6526.54
2024-10-15,Cotton,6737.59
2024-10-16,Cotton,6922.38
2024-10-17,Cotton,6764.66
2024-10-18,Cotton,6702.96
2024-10-19,Cotton,6871.99
2024-10-20,Cotton,6739.0
2024-10-21,Cotton,6763.19
2024-10-22,Cotton,6751.43
2024-10-23,Cotton,6749.37
2024-10-24,Cotton,6823.68
2024-10-25,Cotton,6903.77
2024-10-26,Cotton,6744.91
2024-10-27,Cotton,6569.69
2024-10-28,Cotton,6649.59
2024-10-29,Cotton,6575.53
2024-10-30,Cotton,6688.72
2024-10-31,Cotton,6798.61
2024-01-11,Cotton,6871.22
2024-02-11,Cotton,6722.98
2024-03-11,Cotton,6973.32
2024-04-11,Cotton,6839.61
2024-05-11,Cotton,6872.46
2024-06-11,Cotton,6909.03
2024-07-11,Cotton,6917.89
2024-08-11,Cotton,6949.27
2024-09-11,Cotton,7014.6
2024-10-11,Cotton,6985.76
2024-11-11,Cotton,7093.41
2024-12-11,Cotton,7104.56
2024-11-13,Cotton,7093.73
2024-11-14,Cotton,7071.08
2024-11-15,Cotton,7029.72
2024-11-16,Cotton,6984.66
2024-11-17,Cotton,6942.12
2024-11-18,Cotton,6971.31
2024-11-19,Cotton,6930.97
2024-11-20,Cotton,6771.35
2024-11-21,Cotton,7130.79
2024-11-22,Cotton,7205.19
2024-11-23,Cotton,7211.64
2024-11-24,Cotton,6982.88
2024-11-25,Cotton,7147.43
2024-11-26,Cotton,7197.12
2024-11-27,Cotton,7198.51
2024-11-28,Cotton,7203.78
2024-11-29,Cotton,7400.0
2024-11-30,Cotton,7042.63
2024-01-12,Cotton,7044.13
2024-02-12,Cotton,7217.9
2024-03-12,Cotton,7161.36
2024-04-12,Cotton,7181.7
2024-05-12,Cotton,7228.68
2024-06-12,Cotton,7227.29
2024-07-12,Cotton,7130.57
2024-08-12,Cotton,7065.3
2024-09-12,Cotton,7134.28
2024-10-12,Cotton,7229.83
2024-11-12,Cotton,7225.88
2024-12-12,Cotton,7178.67
2024-12-13,Cotton,7219.57
2024-12-14,Cotton,7088.87
2024-12-15,Cotton,6972.1
2024-12-16,Cotton,7238.35
2024-12-17,Cotton,7226.88
2024-12-18,Cotton,7160.01
2024-12-19,Cotton,7179.29
2024-12-20,Cotton,7209.27
2024-12-21,Cotton,6997.47
2024-12-22,Cotton,6980.87
2024-12-23,Cotton,7200.0
2024-12-24,Cotton,7179.48
2024-12-25,Cotton,7082.73
2024-12-26,Cotton,7086.67
2024-12-27,Cotton,7012.09
2024-12-28,Cotton,7022.65
2024-12-29,Cotton,6891.76
2024-12-30,Cotton,7208.51
2024-12-31,Cotton,7250.49
2025-01-01,Cotton,7210.89
2025-02-01,Cotton,7192.11
2025-03-01,Cotton,7214.16
2025-04-01,Cotton,7153.06
2025-05-01,Cotton,7087.28
2025-06-01,Cotton,7240.12
2025-07-01,Cotton,7274.46
2025-08-01,Cotton,7259.13
2025-09-01,Cotton,7217.57
2025-10-01,Cotton,7196.88
2025-11-01,Cotton,7137.85
2025-12-01,Cotton,7056.52
2025-01-13,Cotton,7214.77
2025-01-14,Cotton,7190.5
2025-01-15,Cotton,7197.22
2025-01-16,Cotton,7230.24
2025-01-17,Cotton,7190.94
2025-01-18,Cotton,7151.11
2025-01-19,Cotton,7097.5
2025-01-20,Cotton,7238.39
2025-01-21,Cotton,7244.78
2025-01-22,Cotton,7223.11
2025-01-23,Cotton,7186.67
2025-01-24,Cotton,7178.63
2025-01-25,Cotton,7091.69
2025-01-26,Cotton,7013.26
2025-01-27,Cotton,7166.73
2025-01-28,Cotton,7137.61
2025-01-29,Cotton,7126.69
2025-01-30,Cotton,7171.38
2025-01-31,Cotton,7148.62
2025-01-02,Cotton,7088.14
2025-02-02,Cotton,7001.51
2025-03-02,Cotton,7131.28
2025-04-02,Cotton,7107.55
2025-05-02,Cotton,7064.12
2025-06-02,Cotton,7041.66
2025-07-02,Cotton,7132.76
2025-08-02,Cotton,6999.15
2025-09-02,Cotton,7086.59
2025-10-02,Cotton,6948.18
2025-11-02,Cotton,6955.52
2025-12-02,Cotton,6997.86
2025-02-13,Cotton,6968.55
2025-02-14,Cotton,6975.35
2025-02-15,Cotton,7098.68
2025-02-16,Cotton,7000.56
2025-02-17,Cotton,7077.05
2025-02-18,Cotton,7067.33
2025-02-19,Cotton,6992.18
2025-02-20,Cotton,7052.54
2025-02-21,Cotton,7063.61
2025-02-22,Cotton,7081.41
2025-02-23,Cotton,6898.71
2025-02-24,Cotton,7154.72
2025-02-25,Cotton,7138.66
2025-02-26,Cotton,6962.08
2025-02-27,Cotton,7201.39
2025-02-28,Cotton,7133.39
2025-01-03,Cotton,7183.58
2025-02-03,Cotton,6921.27
2025-03-03,Cotton,7091.48
2025-04-03,Cotton,7006.1
2025-05-03,Cotton,6901.56
2025-06-03,Cotton,6903.25
2025-07-03,Cotton,7057.94
2025-08-03,Cotton,6981.99
2025-09-03,Cotton,6994.16
2025-10-03,Cotton,7072.84
2025-11-03,Cotton,7036.71
2025-12-03,Cotton,7158.06
2025-03-13,Cotton,7083.23
2025-03-14,Cotton,6669.71
2025-03-15,Cotton,7029.8
2025-03-16,Cotton,7000.94
2025-03-17,Cotton,7176.81
2025-03-18,Cotton,7183.78
2025-03-19,Cotton,7159.79
2025-03-20,Cotton,7309.87
2025-03-21,Cotton,7137.66
2025-03-22,Cotton,7159.21
2025-03-23,Cotton,7002.48
2025-03-24,Cotton,7241.06
2025-03-25,Cotton,7131.13
2025-03-26,Cotton,7220.79
2025-03-27,Cotton,7189.06
2025-03-28,Cotton,7297.36
2025-03-29,Cotton,7336.42
2025-03-30,Cotton,6855.3
2025-03-31,Cotton,7275.11
2025-01-04,Cotton,7246.81
2025-02-04,Cotton,7499.27
2025-03-04,Cotton,7510.41
2025-04-04,Cotton,7486.69
2025-05-04,Cotton,7374.95
2025-06-04,Cotton,7440.49
2025-07-04,Cotton,7406.25
2025-08-04,Cotton,7153.93
2025-09-04,Cotton,7323.05
2025-10-04,Cotton,7424.15
2025-11-04,Cotton,7463.08
2025-12-04,Cotton,7376.66
2025-04-13,Cotton,7534.57
2025-04-14,Cotton,7426.02
2025-04-15,Cotton,7515.75
2025-04-16,Cotton,7407.07
2025-04-17,Cotton,7416.7
2025-04-18,Cotton,7385.02
2025-04-19,Cotton,7493.78
2025-04-20,Cotton,7569.39
2025-04-21,Cotton,7329.63
2025-04-22,Cotton,7468.12
2025-04-23,Cotton,7324.88
2025-04-24,Cotton,7377.41
2025-04-25,Cotton,7471.03
2025-04-26,Cotton,7434.52
2025-04-27,Cotton,7505.32
2025-04-28,Cotton,7544.43
2025-04-29,Cotton,7494.15
2025-04-30,Cotton,7647.39
2025-01-05,Cotton,7511.35
2025-02-05,Cotton,7491.51
2025-03-05,Cotton,7489.76
2025-04-05,Cotton,7464.06
2025-05-05,Cotton,7424.01
2025-06-05,Cotton,7557.5
2025-07-05,Cotton,7319.93
2025-08-05,Cotton,7418.1
2025-09-05,Cotton,7438.15
2025-10-05,Cotton,7445.75
2025-11-05,Cotton,7396.29
2025-12-05,Cotton,7167.06
2025-05-13,Cotton,6949.75
2025-05-15,Cotton,7518.64
2025-05-16,Cotton,7371.53
2025-05-17,Cotton,7495.98
2025-05-18,Cotton,7447.03
2025-05-19,Cotton,7246.05
2025-05-20,Cotton,7490.0
2025-05-21,Cotton,7293.92
2025-05-22,Cotton,7435.64
2025-05-23,Cotton,7392.62
2025-05-24,Cotton,7336.8
2025-05-25,Cotton,7468.93
2025-05-26,Cotton,7443.94
2025-05-27,Cotton,7404.94
2025-05-28,Cotton,7536.32
2025-05-29,Cotton,7399.21
2025-05-30,Cotton,7410.13
2025-05-31,Cotton,7305.22
2025-01-06,Cotton,7200.0
2025-02-06,Cotton,7559.35
2025-03-06,Cotton,7529.1
2025-04-06,Cotton,7449.99
2025-05-06,Cotton,7530.33
2025-06-06,Cotton,7517.68
2025-07-06,Cotton,7471.4
2025-08-06,Cotton,7420.77
2025-09-06,Cotton,7340.86
2025-10-06,Cotton,7415.25
2025-11-06,Cotton,7289.89
2025-12-06,Cotton,7342.32
2025-06-13,Cotton,7482.24
2025-06-14,Cotton,7321.86
2025-06-15,Cotton,7487.88
2025-06-16,Cotton,7313.18
2025-06-17,Cotton,7872.73
2025-06-18,Cotton,7733.86
2025-06-19,Cotton,7487.86
2025-06-20,Cotton,7550.49
2025-06-21,Cotton,7578.16
2025-06-22,Cotton,7755.0
2025-06-23,Cotton,7576.02
2025-06-24,Cotton,7548.17
2025-06-25,Cotton,7259.04
2025-06-26,Cotton,7434.57
2025-06-27,Cotton,7346.64
2025-06-29,Cotton,7400.0
2025-06-30,Cotton,7767.13
2025-03-07,Cotton,7200.0
2025-04-07,Cotton,7500.0
2025-07-07,Cotton,7200.0
2025-08-07,Cotton,7200.0
2025-09-07,Cotton,7200.0
2025-10-07,Cotton,7200.0
2025-11-07,Cotton,7500.0
2025-09-29,Cotton,5703.0
2025-02-10,Cotton,7900.0
2025-03-10,Cotton,5496.0
2025-04-10,Cotton,5429.0
2025-06-10,Cotton,5673.34
2025-07-10,Cotton,6300.0
2025-08-10,Cotton,6600.0
2025-09-10,Cotton,6377.78
2025-11-10,Cotton,6000.0
2025-10-13,Cotton,6447.87
2025-10-14,Cotton,6300.0
2025-10-15,Cotton,6468.49
2025-10-16,Cotton,6373.83
2025-10-17,Cotton,6475.64
2025-10-18,Cotton,6512.72
2025-10-20,Cotton,6525.18
2025-10-23,Cotton,6110.0
2025-10-24,Cotton,5950.0
2025-10-25,Cotton,6800.0
2025-10-26,Cotton,7000.0
2025-10-27,Cotton,6644.83
2025-10-28,Cotton,6482.0
2025-10-29,Cotton,6764.08
2025-10-30,Cotton,6746.4
2025-10-31,Cotton,6778.43
2025-01-11,Cotton,6779.57
2025-02-11,Cotton,7147.7
2025-03-11,Cotton,6879.77
2025-04-11,Cotton,7358.6
2025-05-11,Cotton,6914.52
2025-06-11,Cotton,7292.96
2025-07-11,Cotton,6902.73
2025-08-11,Cotton,6821.6
2025-09-11,Cotton,6800.0
2025-10-11,Cotton,6661.98
2025-11-11,Cotton,6761.36
2025-12-11,Cotton,6817.08
2025-11-13,Cotton,6851.49
2025-11-14,Cotton,6946.94
2025-11-15,Cotton,6800.45
2025-11-16,Cotton,6897.62
2025-11-17,Cotton,7256.18
2025-11-18,Cotton,7107.35
2025-11-19,Cotton,7260.95
2025-11-20,Cotton,7226.05
2025-11-21,Cotton,7273.87
2025-11-22,Cotton,7119.82
2025-11-23,Cotton,6918.95
2025-11-24,Cotton,7356.52
2025-11-25,Cotton,7422.84
2025-11-26,Cotton,7507.68
2025-11-27,Cotton,7554.9
2025-11-28,Cotton,7563.88
2025-11-29,Cotton,7323.75
2025-11-30,Cotton,7014.56
2025-01-12,Cotton,7514.23
2025-02-12,Cotton,7421.26
2025-03-12,Cotton,7552.25
2025-04-12,Cotton,7464.21
2025-05-12,Cotton,7666.58
2025-06-12,Cotton,7331.68
2025-07-12,Cotton,7092.25
2025-08-12,Cotton,7531.65
2025-09-12,Cotton,7621.28
2025-10-12,Cotton,7639.11
2025-11-12,Cotton,7595.77
2025-12-12,Cotton,7472.77
2025-12-13,Cotton,7439.76
2025-12-14,Cotton,7281.65
2025-12-15,Cotton,7605.79
2025-12-16,Cotton,7583.07
2025-12-17,Cotton,7655.05
2025-12-18,Cotton,7518.27
2025-12-19,Cotton,7660.37
2025-12-20,Cotton,7484.63
2025-12-21,Cotton,7260.22
2025-12-22,Cotton,7689.05
2025-12-23,Cotton,7738.23
2025-12-24,Cotton,7697.7
2025-12-25,Cotton,7510.13
2025-12-26,Cotton,7726.92
2025-12-27,Cotton,7729.57
2025-12-28,Cotton,7223.6
2025-12-29,Cotton,7797.32
2025-12-30,Cotton,7653.55
2025-12-31,Cotton,7644.11
2026-01-01,Cotton,7702.35
2026-02-01,Cotton,7762.21
2026-03-01,Cotton,7719.27
2026-04-01,Cotton,7381.69
2026-05-01,Cotton,7757.8
2026-06-01,Cotton,7723.65
2026-07-01,Cotton,7818.93
2026-08-01,Cotton,7803.99
2026-09-01,Cotton,7847.61
2026-10-01,Cotton,7824.75
2026-11-01,Cotton,7566.51
2026-12-01,Cotton,7902.68
2026-01-13,Cotton,7932.38
2026-01-14,Cotton,7894.4
2026-01-15,Cotton,7900.34
2026-01-16,Cotton,7915.68
2026-01-17,Cotton,7872.23
2026-01-18,Cotton,7873.8
2026-01-19,Cotton,8017.92
2026-01-20,Cotton,7914.3
2026-01-21,Cotton,7905.82
2026-01-22,Cotton,7906.08
2026-01-23,Cotton,7911.41
2026-01-24,Cotton,7955.68
2026-01-25,Cotton,7677.4
2026-01-26,Cotton,7879.45
2026-01-27,Cotton,7987.25
2026-01-28,Cotton,7926.64
2026-01-29,Cotton,7906.43
2026-01-30,Cotton,7917.17
2026-01-31,Cotton,7786.94
2026-01-02,Cotton,7790.96
2026-02-02,Cotton,7712.08
2026-03-02,Cotton,7768.18
2026-04-02,Cotton,7817.08
2026-05-02,Cotton,7763.44
2026-06-02,Cotton,7803.62
2026-07-02,Cotton,7696.73
2026-08-02,Cotton,7660.59
2026-09-02,Cotton,7670.26
2026-10-02,Cotton,7678.05
2026-11-02,Cotton,7568.01
2026-12-02,Cotton,7691.31
2026-02-13,Cotton,7615.03
2026-02-14,Cotton,7577.53
2026-02-15,Cotton,7512.07
2026-02-16,Cotton,7632.51
2026-02-17,Cotton,7737.7
2026-02-18,Cotton,7545.07
2026-02-19,Cotton,7683.7
2026-02-20,Cotton,7742.3
2026-02-21,Cotton,7457.76
2026-02-22,Cotton,7483.84
2026-02-23,Cotton,7796.96
2026-02-24,Cotton,7757.21
2026-02-25,Cotton,7767.77
2026-02-26,Cotton,7704.61
2026-02-27,Cotton,7765.88
2026-02-28,Cotton,7523.64
2026-01-03,Cotton,7428.27
2026-02-03,Cotton,7477.63
2026-04-03,Cotton,7599.92
2026-05-03,Cotton,7595.38
2026-06-03,Cotton,7655.69
2026-07-03,Cotton,7643.91
2026-08-03,Cotton,7539.63
2026-09-03,Cotton,7623.76
2026-10-03,Cotton,7644.0
2026-11-03,Cotton,7696.43
2026-12-03,Cotton,7639.6
2026-03-13,Cotton,7553.06
2026-03-14,Cotton,7606.13
2026-03-15,Cotton,7403.93
2026-03-16,Cotton,7493.97
2026-03-17,Cotton,7414.94
2026-03-18,Cotton,7469.53
2026-03-19,Cotton,7500.63
2026-03-20,Cotton,7308.83
2026-03-21,Cotton,7305.36
2026-03-22,Cotton,7448.37
2026-03-23,Cotton,7458.74
2026-03-24,Cotton,7564.8
2026-03-25,Cotton,7558.24
2026-03-26,Cotton,7488.52
2026-03-27,Cotton,7673.68
2026-03-28,Cotton,7355.8
2026-03-29,Cotton,7634.84
2026-03-30,Cotton,7527.51
2026-03-31,Cotton,7496.02
2026-01-04,Cotton,7787.62
2026-02-04,Cotton,7607.23
2026-03-04,Cotton,7742.35
2026-04-04,Cotton,7567.67
2026-05-04,Cotton,7998.66
2026-06-04,Cotton,8147.55
2026-07-04,Cotton,7756.64
2026-08-04,Cotton,7646.4
2026-09-04,Cotton,7922.64
2026-10-04,Cotton,7637.21
2026-11-04,Cotton,7889.76
2026-12-04,Cotton,7777.72
2026-04-13,Cotton,7724.63
2026-04-14,Cotton,7848.23
2026-04-15,Cotton,7928.21
2026-04-16,Cotton,7690.1
2026-04-17,Cotton,7905.67
2026-04-18,Cotton,7923.26
2026-04-19,Cotton,7999.25
2026-04-20,Cotton,7858.31
2026-04-21,Cotton,7488.8
2026-04-22,Cotton,8277.59
2026-04-23,Cotton,7658.0
2026-04-24,Cotton,7878.33
2026-04-25,Cotton,7838.67
2026-04-26,Cotton,8123.83
2026-04-27,Cotton,8251.02
2026-04-28,Cotton,8019.81
2026-04-29,Cotton,7667.88
2026-04-30,Cotton,8083.3
2026-01-05,Cotton,8087.3
2026-02-05,Cotton,8373.7
2026-03-05,Cotton,8193.81
2026-04-05,Cotton,8899.22
2026-05-05,Cotton,8580.84
2026-06-05,Cotton,8563.68
2026-07-05,Cotton,8623.0
2026-08-05,Cotton,8680.79
2026-09-05,Cotton,8849.84
2026-10-05,Cotton,8487.08
2026-11-05,Cotton,9444.23
2026-12-05,Cotton,9399.14
2026-05-13,Cotton,9027.93
2026-05-14,Cotton,8886.74
2026-05-15,Cotton,8999.28
2026-05-16,Cotton,7670.66
2026-05-17,Cotton,8967.06
2026-05-18,Cotton,9550.1
2026-05-19,Cotton,9461.11
2026-05-20,Cotton,8143.81
2026-05-21,Cotton,8650.18
2026-05-22,Cotton,9053.85
2026-05-23,Cotton,8400.32
2026-05-24,Cotton,8668.26
2026-05-25,Cotton,8252.66
2026-05-26,Cotton,8614.69
2026-05-27,Cotton,8624.52
2026-05-28,Cotton,9003.38
2026-05-29,Cotton,8833.08
2026-05-30,Cotton,8107.32
2026-05-31,Cotton,8556.87
2026-01-06,Cotton,8674.74
2026-02-06,Cotton,8646.62
2026-03-06,Cotton,8528.44
2026-04-06,Cotton,8577.48
2026-05-06,Cotton,8053.36
2026-06-06,Cotton,8335.36
2026-07-06,Cotton,8416.55
2026-08-06,Cotton,8404.31
2026-09-06,Cotton,8159.92
2026-10-06,Cotton,8063.31
2026-11-06,Cotton,8358.31
2026-12-06,Cotton,8183.58
2026-06-13,Cotton,8253.25
2026-06-14,Cotton,8407.16
2026-06-15,Cotton,8300.77
2026-06-16,Cotton,8202.96
2026-06-17,Cotton,8307.97
2026-06-18,Cotton,8477.73
2026-06-19,Cotton,8481.83
2026-06-20,Cotton,8704.37
2026-06-21,Cotton,8167.76
2026-06-22,Cotton,8219.71
2026-06-23,Cotton,8034.83
2026-06-24,Cotton,8789.94
2026-06-25,Cotton,8648.77
2026-06-27,Cotton,8950.0
2026-06-29,Cotton,8875.0
2026-06-30,Cotton,8875.0
2021-01-01,Soybean,4140.76
2021-02-01,Soybean,4105.05
2021-03-01,Soybean,4222.87
2021-04-01,Soybean,4260.4
2021-05-01,Soybean,4269.38
2021-06-01,Soybean,4208.79
2021-09-01,Soybean,4073.67
2021-11-01,Soybean,4101.0
2021-12-01,Soybean,4155.43
2021-01-13,Soybean,4155.82
2021-01-14,Soybean,4130.31
2021-01-15,Soybean,4343.44
2021-01-16,Soybean,4283.23
2021-01-17,Soybean,4366.15
2021-01-18,Soybean,4252.3
2021-01-19,Soybean,4193.87
2021-01-20,Soybean,4129.38
2021-01-21,Soybean,3593.66
2021-01-22,Soybean,4192.63
2021-01-23,Soybean,4215.88
2021-01-24,Soybean,4213.79
2021-01-25,Soybean,4117.27
2021-01-26,Soybean,4089.33
2021-01-27,Soybean,4159.0
2021-01-28,Soybean,4178.5
2021-01-29,Soybean,4184.49
2021-01-30,Soybean,4276.96
2021-01-31,Soybean,4291.37
2021-01-02,Soybean,3623.88
2021-02-02,Soybean,4273.36
2021-03-02,Soybean,4322.48
2021-04-02,Soybean,4318.27
2021-05-02,Soybean,4391.66
2021-06-02,Soybean,4433.36
2021-07-02,Soybean,4475.56
2021-08-02,Soybean,4333.43
2021-09-02,Soybean,4510.72
2021-10-02,Soybean,4492.89
2021-11-02,Soybean,4317.11
2021-12-02,Soybean,4489.16
2021-02-13,Soybean,4470.14
2021-02-14,Soybean,4593.38
2021-02-15,Soybean,4490.04
2021-02-16,Soybean,4674.66
2021-02-17,Soybean,4688.71
2021-02-18,Soybean,4707.18
2021-02-19,Soybean,4595.07
2021-02-20,Soybean,4672.25
2021-02-21,Soybean,4574.1
2021-02-22,Soybean,4715.61
2021-02-23,Soybean,4807.94
2021-02-24,Soybean,4817.15
2021-02-25,Soybean,4870.7
2021-02-26,Soybean,4788.59
2021-02-27,Soybean,4857.2
2021-02-28,Soybean,4649.07
2021-01-03,Soybean,4842.85
2021-02-03,Soybean,4923.77
2021-03-03,Soybean,4973.1
2021-04-03,Soybean,4913.89
2021-05-03,Soybean,5090.33
2021-06-03,Soybean,4872.72
2021-07-03,Soybean,4948.39
2021-08-03,Soybean,4989.07
2021-09-03,Soybean,4969.97
2021-10-03,Soybean,4992.97
2021-11-03,Soybean,4778.05
2021-12-03,Soybean,5109.07
2021-03-13,Soybean,5008.83
2021-03-14,Soybean,4657.94
2021-03-15,Soybean,5118.49
2021-03-16,Soybean,5221.62
2021-03-20,Soybean,5230.59
2021-03-21,Soybean,5401.95
2021-03-22,Soybean,5246.09
2021-03-23,Soybean,5480.18
2021-03-24,Soybean,5332.49
2021-03-25,Soybean,5518.51
2021-03-26,Soybean,5417.58
2021-03-27,Soybean,5458.69
2021-03-28,Soybean,5400.0
2021-03-29,Soybean,4300.0
2021-03-30,Soybean,4970.21
2021-03-31,Soybean,5214.62
2021-01-04,Soybean,5584.39
2021-02-04,Soybean,5810.48
2021-03-04,Soybean,5915.2
2021-04-04,Soybean,6015.88
2021-05-04,Soybean,5974.7
2021-06-04,Soybean,6137.16
2021-07-04,Soybean,6264.93
2021-08-04,Soybean,6092.49
2021-09-04,Soybean,6244.65
2021-10-04,Soybean,6233.74
2021-11-04,Soybean,6393.85
2021-12-04,Soybean,6521.51
2021-04-13,Soybean,6914.39
2021-04-14,Soybean,5923.53
2021-04-15,Soybean,6770.77
2021-04-16,Soybean,6986.55
2021-04-17,Soybean,7037.2
2021-04-18,Soybean,7424.33
2021-04-19,Soybean,7039.18
2021-04-20,Soybean,7130.63
2021-04-21,Soybean,6256.25
2021-04-22,Soybean,7089.0
2021-04-23,Soybean,7222.26
2021-04-24,Soybean,7271.26
2021-04-25,Soybean,6800.0
2021-04-26,Soybean,6830.97
2021-04-27,Soybean,6447.92
2021-04-28,Soybean,6833.25
2021-04-29,Soybean,6954.58
2021-04-30,Soybean,6890.37
2021-01-05,Soybean,6092.5
2021-02-05,Soybean,6893.71
2021-03-05,Soybean,6932.11
2021-04-05,Soybean,7097.2
2021-05-05,Soybean,7022.5
2021-06-05,Soybean,7198.76
2021-07-05,Soybean,7147.54
2021-08-05,Soybean,6725.59
2021-09-05,Soybean,6700.0
2021-10-05,Soybean,6676.33
2021-11-05,Soybean,6851.44
2021-12-05,Soybean,7068.68
2021-05-13,Soybean,6990.08
2021-05-14,Soybean,6475.0
2021-05-15,Soybean,7064.84
2021-05-16,Soybean,6695.78
2021-05-17,Soybean,7343.96
2021-05-18,Soybean,7364.63
2021-05-19,Soybean,7384.52
2021-05-20,Soybean,7207.39
2021-05-21,Soybean,7011.12
2021-05-22,Soybean,6898.23
2021-05-23,Soybean,5192.29
2021-05-24,Soybean,6788.12
2021-05-25,Soybean,6837.05
2021-05-26,Soybean,6673.11
2021-05-27,Soybean,7035.35
2021-05-28,Soybean,7012.83
2021-05-29,Soybean,6933.27
2021-05-30,Soybean,7066.62
2021-05-31,Soybean,6993.19
2021-01-06,Soybean,6804.98
2021-02-06,Soybean,6885.63
2021-03-06,Soybean,6937.69
2021-04-06,Soybean,6926.61
2021-05-06,Soybean,6848.49
2021-06-06,Soybean,6813.06
2021-07-06,Soybean,6919.4
2021-08-06,Soybean,6914.87
2021-09-06,Soybean,6291.9
2021-10-06,Soybean,7033.12
2021-11-06,Soybean,6949.67
2021-12-06,Soybean,6918.48
2021-06-13,Soybean,6645.24
2021-06-14,Soybean,7041.18
2021-06-15,Soybean,6852.04
2021-06-16,Soybean,6972.58
2021-06-17,Soybean,6978.05
2021-06-18,Soybean,6752.75
2021-06-19,Soybean,7078.03
2021-06-20,Soybean,6826.35
2021-06-21,Soybean,7277.37
2021-06-22,Soybean,7337.56
2021-06-23,Soybean,7266.04
2021-06-24,Soybean,6844.15
2021-06-25,Soybean,6956.12
2021-06-26,Soybean,6957.17
2021-06-27,Soybean,7087.5
2021-06-28,Soybean,6878.45
2021-06-29,Soybean,6818.34
2021-06-30,Soybean,6943.05
2021-01-07,Soybean,6858.87
2021-02-07,Soybean,7168.45
2021-03-07,Soybean,7241.77
2021-04-07,Soybean,7158.62
2021-05-07,Soybean,7052.85
2021-06-07,Soybean,7050.7
2021-07-07,Soybean,7251.83
2021-08-07,Soybean,6969.66
2021-09-07,Soybean,6953.11
2021-10-07,Soybean,7177.56
2021-11-07,Soybean,6700.0
2021-12-07,Soybean,7161.59
2021-07-13,Soybean,7297.87
2021-07-14,Soybean,7268.15
2021-07-15,Soybean,7314.31
2021-07-16,Soybean,7133.1
2021-07-17,Soybean,7594.6
2021-07-18,Soybean,7556.31
2021-07-19,Soybean,7632.1
2021-07-20,Soybean,7382.82
2021-07-21,Soybean,7633.43
2021-07-22,Soybean,7914.84
2021-07-23,Soybean,8130.61
2021-07-24,Soybean,7864.52
2021-07-25,Soybean,8695.15
2021-07-26,Soybean,8499.63
2021-07-27,Soybean,9127.73
2021-07-28,Soybean,9280.94
2021-07-29,Soybean,9135.08
2021-07-30,Soybean,9406.04
2021-07-31,Soybean,9528.76
2021-01-08,Soybean,9540.0
2021-02-08,Soybean,9690.16
2021-03-08,Soybean,9536.33
2021-04-08,Soybean,9418.8
2021-05-08,Soybean,9389.47
2021-06-08,Soybean,9677.76
2021-07-08,Soybean,9606.48
2021-08-08,Soybean,9455.0
2021-09-08,Soybean,9160.79
2021-10-08,Soybean,8257.27
2021-11-08,Soybean,8242.27
2021-12-08,Soybean,8657.99
2021-08-13,Soybean,7753.88
2021-08-14,Soybean,8642.84
2021-08-15,Soybean,8000.0
2021-08-16,Soybean,8990.58
2021-08-17,Soybean,8379.23
2021-08-18,Soybean,8480.03
2021-08-19,Soybean,7924.32
2021-08-20,Soybean,8182.54
2021-08-21,Soybean,8677.31
2021-08-22,Soybean,7000.0
2021-08-23,Soybean,8606.46
2021-08-24,Soybean,8810.56
2021-08-25,Soybean,8665.6
2021-08-26,Soybean,8409.86
2021-08-27,Soybean,8603.4
2021-08-28,Soybean,8779.0
2021-08-29,Soybean,8443.93
2021-08-30,Soybean,7873.99
2021-08-31,Soybean,8331.03
2021-01-09,Soybean,8666.39
2021-02-09,Soybean,8758.6
2021-03-09,Soybean,8709.61
2021-04-09,Soybean,8752.02
2021-05-09,Soybean,7820.0
2021-06-09,Soybean,7552.0
2021-07-09,Soybean,7731.81
2021-08-09,Soybean,8286.97
2021-09-09,Soybean,8550.83
2021-10-09,Soybean,7646.43
2021-11-09,Soybean,8310.32
2021-12-09,Soybean,7818.67
2021-09-13,Soybean,7929.63
2021-09-14,Soybean,7607.47
2021-09-15,Soybean,7688.81
2021-09-16,Soybean,7853.91
2021-09-17,Soybean,7442.26
2021-09-18,Soybean,7385.31
2021-09-19,Soybean,7015.44
2021-09-20,Soybean,5758.26
2021-09-21,Soybean,5561.47
2021-09-22,Soybean,5938.7
2021-09-23,Soybean,6642.27
2021-09-24,Soybean,6592.41
2021-09-25,Soybean,5964.42
2021-09-26,Soybean,5710.09
2021-09-27,Soybean,5769.06
2021-09-28,Soybean,6144.15
2021-09-29,Soybean,6168.22
2021-09-30,Soybean,5801.39
2021-01-10,Soybean,5713.71
2021-02-10,Soybean,5441.38
2021-03-10,Soybean,5006.62
2021-04-10,Soybean,5014.86
2021-05-10,Soybean,5071.45
2021-06-10,Soybean,5384.06
2021-07-10,Soybean,5068.37
2021-08-10,Soybean,5127.72
2021-09-10,Soybean,5173.77
2021-10-10,Soybean,4728.13
2021-11-10,Soybean,4852.87
2021-12-10,Soybean,4764.83
2021-10-13,Soybean,4838.69
2021-10-14,Soybean,4670.86
2021-10-15,Soybean,4877.09
2021-10-16,Soybean,4784.0
2021-10-17,Soybean,4778.5
2021-10-18,Soybean,4651.54
2021-10-19,Soybean,4654.52
2021-10-20,Soybean,4710.67
2021-10-21,Soybean,4746.98
2021-10-22,Soybean,4700.78
2021-10-23,Soybean,4775.24
2021-10-24,Soybean,4693.35
2021-10-25,Soybean,4613.8
2021-10-26,Soybean,4596.13
2021-10-27,Soybean,4658.97
2021-10-28,Soybean,4764.37
2021-10-29,Soybean,4789.81
2021-10-30,Soybean,4381.6
2021-10-31,Soybean,4864.49
2021-01-11,Soybean,4866.3
2021-02-11,Soybean,4817.45
2021-03-11,Soybean,4979.33
2021-04-11,Soybean,5057.55
2021-05-11,Soybean,5060.19
2021-06-11,Soybean,5084.73
2021-07-11,Soybean,4986.43
2021-08-11,Soybean,4833.41
2021-09-11,Soybean,4944.93
2021-10-11,Soybean,4979.12
2021-11-11,Soybean,5120.8
2021-12-11,Soybean,5177.94
2021-11-13,Soybean,5212.74
2021-11-14,Soybean,5291.18
2021-11-15,Soybean,5476.18
2021-11-16,Soybean,5455.34
2021-11-17,Soybean,5611.51
2021-11-18,Soybean,5719.9
2021-11-19,Soybean,5873.35
2021-11-20,Soybean,5785.27
2021-11-21,Soybean,5923.42
2021-11-22,Soybean,6108.6
2021-11-23,Soybean,6469.52
2021-11-24,Soybean,6299.57
2021-11-25,Soybean,6318.42
2021-11-26,Soybean,6351.46
2021-11-27,Soybean,6336.55
2021-11-28,Soybean,6278.64
2021-11-29,Soybean,5976.75
2021-11-30,Soybean,5938.93
2021-01-12,Soybean,6003.09
2021-02-12,Soybean,6111.47
2021-03-12,Soybean,6184.97
2021-04-12,Soybean,6409.9
2021-05-12,Soybean,6383.96
2021-06-12,Soybean,6507.49
2021-07-12,Soybean,6341.79
2021-08-12,Soybean,6440.5
2021-09-12,Soybean,6323.87
2021-10-12,Soybean,6343.42
2021-11-12,Soybean,6346.58
2021-12-12,Soybean,6224.93
2021-12-13,Soybean,6365.31
2021-12-14,Soybean,6214.52
2021-12-15,Soybean,6099.38
2021-12-16,Soybean,6249.56
2021-12-17,Soybean,6140.89
2021-12-18,Soybean,6230.16
2021-12-19,Soybean,5993.74
2021-12-20,Soybean,5938.16
2021-12-21,Soybean,5913.2
2021-12-22,Soybean,5986.23
2021-12-23,Soybean,6057.62
2021-12-24,Soybean,6149.62
2021-12-25,Soybean,6038.72
2021-12-26,Soybean,6164.0
2021-12-27,Soybean,5946.97
2021-12-28,Soybean,6151.01
2021-12-29,Soybean,6113.42
2021-12-30,Soybean,6201.07
2021-12-31,Soybean,6090.94
2022-01-01,Soybean,6024.114148816235
2022-02-01,Soybean,5855.173501577287
2022-03-01,Soybean,6099.144225014961
2022-04-01,Soybean,6306.368681718864
2022-05-01,Soybean,6183.374204643164
2022-06-01,Soybean,6118.817838466008
2022-07-01,Soybean,6124.089325308838
2022-08-01,Soybean,6161.094819611471
2022-09-01,Soybean,6199.935483870968
2022-10-01,Soybean,6132.622300215983
2022-11-01,Soybean,6183.473065310663
2022-12-01,Soybean,6060.753025936599
2022-01-13,Soybean,6080.239931740614
2022-01-14,Soybean,5977.690605239386
2022-01-15,Soybean,6017.885869565217
2022-01-16,Soybean,6028.46943231441
2022-01-17,Soybean,6005.429662331464
2022-01-18,Soybean,5989.2689747004
2022-01-19,Soybean,6008.954065620542
2022-01-20,Soybean,6075.889026198714
2022-01-21,Soybean,6071.141825186612
2022-01-22,Soybean,6088.145802377415
2022-01-23,Soybean,6319.066598360656
2022-01-24,Soybean,6024.273044779843
2022-01-25,Soybean,6009.595431319507
2022-01-26,Soybean,5843.44262295082
2022-01-27,Soybean,5934.724581379773
2022-01-28,Soybean,5923.525546533417
2022-01-29,Soybean,5926.995973389356
2022-01-30,Soybean,5894.468468468468
2022-01-31,Soybean,5806.194805194805
2022-01-02,Soybean,5848.922858302883
2022-02-02,Soybean,6039.612084592145
2022-03-02,Soybean,5991.555525460455
2022-04-02,Soybean,6037.585066019123
2022-05-02,Soybean,6108.925934579439
2022-06-02,Soybean,6197.652733118971
2022-07-02,Soybean,6095.881578947368
2022-08-02,Soybean,6128.38301362948
2022-09-02,Soybean,6152.182412125963
2022-10-02,Soybean,6163.448531837677
2022-11-02,Soybean,6186.628777826921
2022-12-02,Soybean,6266.550301259814
2022-02-13,Soybean,6335.493264248705
2022-02-14,Soybean,6379.421005728836
2022-02-15,Soybean,6337.240336544324
2022-02-16,Soybean,6296.781197465408
2022-02-17,Soybean,6319.292555253975
2022-02-18,Soybean,6355.331428571429
2022-02-19,Soybean,6150.187096774193
2022-02-20,Soybean,6511.918128654971
2022-02-21,Soybean,6456.027964342411
2022-02-22,Soybean,6572.197798252962
2022-02-23,Soybean,6791.352124183007
2022-02-24,Soybean,7203.0774677658
2022-02-25,Soybean,6918.654518570062
2022-02-26,Soybean,6684.080639494026
2022-02-27,Soybean,6986.638504155125
2022-02-28,Soybean,6994.611559317551
2022-01-03,Soybean,6520.600760456274
2022-02-03,Soybean,7009.643386749582
2022-03-03,Soybean,7103.218872704243
2022-04-03,Soybean,7073.397615344738
2022-05-03,Soybean,7003.102362204724
2022-06-03,Soybean,7137.249258160237
2022-07-03,Soybean,7009.340934790803
2022-08-03,Soybean,7044.830618321947
2022-09-03,Soybean,7090.149349349349
2022-10-03,Soybean,7145.317486338798
2022-11-03,Soybean,7160.977436389822
2022-12-03,Soybean,7155.97588978186
2022-03-13,Soybean,7077.637181409295
2022-03-14,Soybean,7040.5494765282
2022-03-15,Soybean,7000.8442314275935
2022-03-16,Soybean,6976.204114562323
2022-03-17,Soybean,6945.270939086295
2022-03-18,Soybean,6787.921875
2022-03-19,Soybean,6836.865143699337
2022-03-20,Soybean,6640.39603960396
2022-03-21,Soybean,6910.269045064378
2022-03-22,Soybean,6925.464023984011
2022-03-23,Soybean,7067.100292331909
2022-03-24,Soybean,7117.506167588261
2022-03-25,Soybean,6995.604529616725
2022-03-26,Soybean,7158.750774679062
2022-03-27,Soybean,7276.604210526316
2022-03-28,Soybean,7079.521823097721
2022-03-29,Soybean,7269.655079181151
2022-03-30,Soybean,6978.996778350515
2022-03-31,Soybean,7197.762013729977
2022-01-04,Soybean,6882.431486880467
2022-02-04,Soybean,7221.684210526316
2022-03-04,Soybean,7151.307385229541
2022-04-04,Soybean,7107.968229368462
2022-05-04,Soybean,7108.811345939933
2022-06-04,Soybean,7163.002658742571
2022-07-04,Soybean,7186.444612286002
2022-08-04,Soybean,7158.603225315685
2022-09-04,Soybean,7192.53638472896
2022-10-04,Soybean,6928.526315789473
2022-11-04,Soybean,7181.141805377721
2022-12-04,Soybean,7182.487927977084
2022-04-13,Soybean,7104.809241046576
2022-04-14,Soybean,6697.564102564103
2022-04-15,Soybean,7349.402684563758
2022-04-16,Soybean,7065.844481605352
2022-04-17,Soybean,7060.915584415585
2022-04-18,Soybean,7168.162892822836
2022-04-19,Soybean,7143.830582645662
2022-04-20,Soybean,7132.43911554033
2022-04-21,Soybean,7134.499224806202
2022-04-22,Soybean,7046.21053611318
2022-04-23,Soybean,7064.536880033913
2022-04-24,Soybean,7114.705696202532
2022-04-25,Soybean,7097.649709864603
2022-04-26,Soybean,7119.818998716303
2022-04-27,Soybean,7017.480191863564
2022-04-28,Soybean,7024.450440018527
2022-04-29,Soybean,6006.2886645962735
2022-04-30,Soybean,6712.931690140845
2022-01-05,Soybean,6667.441860465116
2022-02-05,Soybean,6659.678687812297
2022-03-05,Soybean,6577.836734693878
2022-04-05,Soybean,6718.198485244189
2022-05-05,Soybean,6869.286393910561
2022-06-05,Soybean,6887.911270983213
2022-07-05,Soybean,6983.005689900427
2022-08-05,Soybean,6902.816618911174
2022-09-05,Soybean,6856.10761378137
2022-10-05,Soybean,6824.873318872017
2022-11-05,Soybean,6766.526647286822
2022-12-05,Soybean,6853.043193717277
2022-05-13,Soybean,6656.551849605822
2022-05-14,Soybean,6612.883874518437
2022-05-15,Soybean,6773.290780141844
2022-05-16,Soybean,6130.882716049383
2022-05-17,Soybean,6626.966233116558
2022-05-18,Soybean,6725.6096972944015
2022-05-19,Soybean,6688.871437234688
2022-05-20,Soybean,6705.321301613344
2022-05-21,Soybean,6718.922778561354
2022-05-22,Soybean,6776.2768595041325
2022-05-23,Soybean,6673.819521178637
2022-05-24,Soybean,6644.78395480226
2022-05-25,Soybean,6542.687762605042
2022-05-26,Soybean,6407.587521663778
2022-05-27,Soybean,6414.215488215488
2022-05-28,Soybean,6422.0892298948565
2022-05-29,Soybean,6412.083783783784
2022-05-30,Soybean,6413.414984059511
2022-05-31,Soybean,6292.939827307069
2022-01-06,Soybean,6377.988058003981
2022-02-06,Soybean,6558.682352941177
2022-03-06,Soybean,6069.788450860633
2022-04-06,Soybean,6389.538704062323
2022-05-06,Soybean,6370.103773584906
2022-06-06,Soybean,6169.271950334597
2022-07-06,Soybean,6363.0637680114905
2022-08-06,Soybean,6356.096859364887
2022-09-06,Soybean,6586.698302330578
2022-10-06,Soybean,6527.111772905465
2022-11-06,Soybean,6531.977468151106
2022-12-06,Soybean,6296.646341463415
2022-06-13,Soybean,6386.006162077087
2022-06-14,Soybean,6440.600319318786
2022-06-15,Soybean,6348.699163968135
2022-06-16,Soybean,6257.640564780463
2022-06-17,Soybean,6307.5568503604445
2022-06-18,Soybean,6326.793340987371
2022-06-19,Soybean,6415.2405063291135
2022-06-20,Soybean,6246.006202820528
2022-06-21,Soybean,6210.746386610174
2022-06-22,Soybean,6127.126159554731
2022-06-23,Soybean,6117.7177874471245
2022-06-24,Soybean,6048.966523348916
2022-06-25,Soybean,6019.333919678914
2022-06-26,Soybean,6158.796116504855
2022-06-27,Soybean,6077.655901436462
2022-06-28,Soybean,6084.080332061549
2022-06-29,Soybean,6216.286060543329
2022-06-30,Soybean,6283.250657571114
2022-01-07,Soybean,6201.563276382678
2022-02-07,Soybean,5950.381631103989
2022-03-07,Soybean,6077.012987012987
2022-04-07,Soybean,6151.050991858881
2022-05-07,Soybean,6112.894791473795
2022-06-07,Soybean,5919.806383583072
2022-07-07,Soybean,5900.256175380815
2022-08-07,Soybean,5977.361775172363
2022-09-07,Soybean,5992.528348641151
2022-10-07,Soybean,5786.428571428572
2022-11-07,Soybean,6076.035875520784
2022-12-07,Soybean,6065.715377899217
2022-07-13,Soybean,5982.994525547445
2022-07-14,Soybean,6003.292272158599
2022-07-15,Soybean,6034.185416666666
2022-07-16,Soybean,6010.364361702128
2022-07-17,Soybean,6075.225490196079
2022-07-18,Soybean,6026.054330285099
2022-07-19,Soybean,6040.519348321458
2022-07-20,Soybean,6033.79259295511
2022-07-21,Soybean,6025.77778948894
2022-07-22,Soybean,5961.583771008403
2022-07-23,Soybean,5852.308129619102
2022-07-24,Soybean,5989.533707865168
2022-07-25,Soybean,5959.699119827463
2022-07-26,Soybean,5947.914495354761
2022-07-27,Soybean,5860.767673738661
2022-07-28,Soybean,6013.199487398548
2022-07-29,Soybean,6113.548236986876
2022-07-30,Soybean,6036.193863075458
2022-07-31,Soybean,6054.321917808219
2022-01-08,Soybean,6063.858981421203
2022-02-08,Soybean,6061.663469921535
2022-03-08,Soybean,6050.32763546654
2022-04-08,Soybean,6039.505407124682
2022-05-08,Soybean,6022.145254872456
2022-06-08,Soybean,6012.751427483822
2022-07-08,Soybean,5903.804347826087
2022-08-08,Soybean,6041.435191400641
2022-09-08,Soybean,6027.913043478261
2022-10-08,Soybean,6089.035206258891
2022-11-08,Soybean,6047.747881355932
2022-12-08,Soybean,6132.2215275890185
2022-08-13,Soybean,6107.288077029392
2022-08-14,Soybean,6181.567164179104
2022-08-15,Soybean,5833.333333333333
2022-08-16,Soybean,6232.096306068602
2022-08-17,Soybean,5990.930883159627
2022-08-18,Soybean,5982.490470286657
2022-08-19,Soybean,5854.569494584837
2022-08-20,Soybean,5829.013530135301
2022-08-21,Soybean,5862.142857142857
2022-08-22,Soybean,5743.357436076987
2022-08-23,Soybean,5602.980332282807
2022-08-24,Soybean,5663.367443927951
2022-08-25,Soybean,5610.78585013313
2022-08-26,Soybean,5656.758620689655
2022-08-27,Soybean,5539.787394957983
2022-08-28,Soybean,5611.180124223602
2022-08-29,Soybean,5400.5267973404325
2022-08-30,Soybean,5299.559804063743
2022-08-31,Soybean,5363.433139534884
2022-01-09,Soybean,5198.833849950345
2022-02-09,Soybean,4944.679649929807
2022-03-09,Soybean,5083.097465191003
2022-04-09,Soybean,4721.220930232558
2022-05-09,Soybean,4960.884531590414
2022-06-09,Soybean,4989.59972862958
2022-07-09,Soybean,5018.464078794901
2022-08-09,Soybean,5060.7908496732025
2022-09-09,Soybean,4958.828813559322
2022-10-09,Soybean,5085.800627943485
2022-11-09,Soybean,4874.0
2022-12-09,Soybean,5097.636942675159
2022-09-13,Soybean,5055.573363431151
2022-09-14,Soybean,5164.414207650273
2022-09-15,Soybean,5163.99696816574
2022-09-16,Soybean,5035.046859421735
2022-09-17,Soybean,5160.321428571428
2022-09-18,Soybean,5276.884393063584
2022-09-19,Soybean,5049.058240217408
2022-09-20,Soybean,5082.494854202401
2022-09-21,Soybean,4930.299826689775
2022-09-22,Soybean,4981.802189210321
2022-09-23,Soybean,5044.461889964365
2022-09-24,Soybean,4932.549803407602
2022-09-25,Soybean,5785.365853658536
2022-09-26,Soybean,4668.3392489770085
2022-09-27,Soybean,4697.391041660946
2022-09-28,Soybean,4776.500891265598
2022-09-29,Soybean,4794.681970635545
2022-09-30,Soybean,4885.985034850349
2022-01-10,Soybean,4669.149729492616
2022-02-10,Soybean,5145.588235294118
2022-03-10,Soybean,4727.170460832325
2022-04-10,Soybean,4728.219713417282
2022-05-10,Soybean,4666.61216730038
2022-06-10,Soybean,4626.491356545281
2022-07-10,Soybean,4724.75133503895
2022-08-10,Soybean,4703.644552179397
2022-09-10,Soybean,4311.407407407408
2022-10-10,Soybean,4641.830925398786
2022-11-10,Soybean,4640.41329787234
2022-12-10,Soybean,4745.451782075692
2022-10-13,Soybean,4703.04183184966
2022-10-14,Soybean,4675.164197489947
2022-10-15,Soybean,4709.5593187858085
2022-10-16,Soybean,4619.44268292683
2022-10-17,Soybean,4650.753808523124
2022-10-18,Soybean,4627.161436162405
2022-10-19,Soybean,4677.281263304563
2022-10-20,Soybean,4682.367254997852
2022-10-21,Soybean,4615.005624955853
2022-10-22,Soybean,4775.578453934958
2022-10-23,Soybean,4614.140724946695
2022-10-24,Soybean,4680.653465346535
2022-10-25,Soybean,4699.872708757637
2022-10-26,Soybean,4891.07532808399
2022-10-27,Soybean,4725.932249873032
2022-10-28,Soybean,4765.58059472177
2022-10-29,Soybean,4796.509759310516
2022-10-30,Soybean,4920.272456575683
2022-10-31,Soybean,4746.645135648058
2022-01-11,Soybean,4781.911862992316
2022-02-11,Soybean,4918.349232132253
2022-03-11,Soybean,5008.558148876345
2022-04-11,Soybean,5078.134493932758
2022-05-11,Soybean,5216.339672095495
2022-06-11,Soybean,5432.147219737114
2022-07-11,Soybean,5450.942508173314
2022-08-11,Soybean,5552.908538105296
2022-09-11,Soybean,5432.049322559799
2022-10-11,Soybean,5456.534318656323
2022-11-11,Soybean,5454.625834603987
2022-12-11,Soybean,5570.33544322557
2022-11-13,Soybean,5709.527915632754
2022-11-14,Soybean,5478.018911232238
2022-11-15,Soybean,5416.139835216885
2022-11-16,Soybean,5494.007560409301
2022-11-17,Soybean,5395.492081382531
2022-11-18,Soybean,5440.212449642404
2022-11-19,Soybean,5463.73600080347
2022-11-20,Soybean,5563.482605477424
2022-11-21,Soybean,5454.04468737024
2022-11-22,Soybean,5426.978200604839
2022-11-23,Soybean,5381.620007333601
2022-11-24,Soybean,5389.001392475322
2022-11-25,Soybean,5321.37790367166
2022-11-26,Soybean,5368.519329886168
2022-11-27,Soybean,5288.865546218487
2022-11-28,Soybean,5454.171079934343
2022-11-29,Soybean,5155.748987854251
2022-11-30,Soybean,5343.7058657601965
2022-01-12,Soybean,5222.281148679945
2022-02-12,Soybean,5278.658304726697
2022-03-12,Soybean,5267.984600577478
2022-04-12,Soybean,5371.417892156863
2022-05-12,Soybean,5286.550814149355
2022-06-12,Soybean,5386.976401179941
2022-07-12,Soybean,5203.56028014007
2022-08-12,Soybean,5307.804021261844
2022-09-12,Soybean,5312.163193217944
2022-10-12,Soybean,5308.2157789453495
2022-11-12,Soybean,5444.287413280475
2022-12-12,Soybean,5319.367267190858
2022-12-13,Soybean,5280.508599663301
2022-12-14,Soybean,5309.192392293024
2022-12-15,Soybean,5268.961668290745
2022-12-16,Soybean,5301.781080101486
2022-12-17,Soybean,5269.592636756595
2022-12-18,Soybean,5272.909090909091
2022-12-19,Soybean,5288.10436498723
2022-12-20,Soybean,5182.867746615087
2022-12-21,Soybean,5255.098349834983
2022-12-22,Soybean,5139.694314748695
2022-12-23,Soybean,5205.110262412221
2022-12-24,Soybean,5274.569343065694
2022-12-25,Soybean,5177.059925093633
2022-12-26,Soybean,5161.607793613567
2022-12-27,Soybean,5147.211645838873
2022-12-28,Soybean,5219.869358669834
2022-12-29,Soybean,5265.478735868514
2022-12-30,Soybean,5192.327441975833
2022-12-31,Soybean,5258.7724135182
2023-01-01,Soybean,5409.087431693989
2023-02-01,Soybean,5430.704879938033
2023-03-01,Soybean,5381.280634920635
2023-04-01,Soybean,5337.8604778157
2023-05-01,Soybean,5360.731347020531
2023-06-01,Soybean,5305.537889225682
2023-07-01,Soybean,5300.222374847375
2023-08-01,Soybean,5040.183673469388
2023-09-01,Soybean,5373.150743099788
2023-10-01,Soybean,5280.120557890715
2023-11-01,Soybean,5274.887904468413
2023-12-01,Soybean,5289.992370210649
2023-01-13,Soybean,5252.163217493167
2023-01-14,Soybean,5304.218562154364
2023-01-15,Soybean,5130.058139534884
2023-01-16,Soybean,5137.922775382203
2023-01-17,Soybean,5283.658068160422
2023-01-18,Soybean,5025.461277831559
2023-01-19,Soybean,5242.495489690722
2023-01-20,Soybean,5196.023699215966
2023-01-21,Soybean,5093.317672967517
2023-01-22,Soybean,5236.2748433303495
2023-01-23,Soybean,5052.922578482851
2023-01-24,Soybean,5058.801349733319
2023-01-25,Soybean,5020.428741092636
2023-01-26,Soybean,5179.438202247191
2023-01-27,Soybean,5088.252201002302
2023-01-28,Soybean,5083.272697476237
2023-01-29,Soybean,5129.3922261484095
2023-01-30,Soybean,5039.081287667205
2023-01-31,Soybean,5101.182274247492
2023-01-02,Soybean,5067.028978468512
2023-02-02,Soybean,5088.52020467069
2023-03-02,Soybean,5051.1100052383445
2023-04-02,Soybean,5038.691600633914
2023-05-02,Soybean,5144.863225806452
2023-06-02,Soybean,5035.583698030635
2023-07-02,Soybean,5000.791672711446
2023-08-02,Soybean,5101.415479147601
2023-09-02,Soybean,5104.249863537118
2023-10-02,Soybean,5095.451333078198
2023-11-02,Soybean,5129.8982472467815
2023-12-02,Soybean,5265.522573363432
2023-02-13,Soybean,5193.561906468375
2023-02-14,Soybean,5177.72360375051
2023-02-15,Soybean,5159.291761859965
2023-02-16,Soybean,5142.394444444444
2023-02-17,Soybean,5145.203804677087
2023-02-18,Soybean,5110.0046403712295
2023-02-19,Soybean,5124.5424836601305
2023-02-20,Soybean,5087.645108135942
2023-02-21,Soybean,5136.515754749175
2023-02-22,Soybean,5192.578512396694
2023-02-23,Soybean,5133.520238984317
2023-02-24,Soybean,5172.312684801892
2023-02-25,Soybean,5120.13986332574
2023-02-26,Soybean,5144.225206611571
2023-02-27,Soybean,5065.037282411015
2023-02-28,Soybean,5069.836161187699
2023-01-03,Soybean,4959.15568248389
2023-02-03,Soybean,4978.165987561656
2023-03-03,Soybean,5046.690149824673
2023-04-03,Soybean,5086.334775442933
2023-05-03,Soybean,5168.790836653387
2023-06-03,Soybean,5087.114369501466
2023-07-03,Soybean,5006.265625
2023-08-03,Soybean,4997.130702389572
2023-09-03,Soybean,4983.483846542151
2023-10-03,Soybean,4995.530461427541
2023-11-03,Soybean,4844.374248223073
2023-12-03,Soybean,4890.781395348838
2023-03-13,Soybean,4933.219475878499
2023-03-14,Soybean,4947.066859476012
2023-03-15,Soybean,4995.037457912458
2023-03-16,Soybean,5007.547204399633
2023-03-17,Soybean,4997.041866330391
2023-03-18,Soybean,4971.435955622794
2023-03-19,Soybean,5113.9859437751
2023-03-20,Soybean,4955.054763521159
2023-03-21,Soybean,4908.621830209482
2023-03-22,Soybean,5098.949789191261
2023-03-23,Soybean,5003.577708333333
2023-03-24,Soybean,4939.114669254407
2023-03-25,Soybean,4885.061615844074
2023-03-26,Soybean,5013.757178014766
2023-03-27,Soybean,4963.628865979382
2023-03-28,Soybean,4983.845233907844
2023-03-29,Soybean,5020.101888449714
2023-03-30,Soybean,4991.848837209303
2023-03-31,Soybean,5049.583403895004
2023-01-04,Soybean,5181.879702048417
2023-02-04,Soybean,5195.245283018868
2023-03-04,Soybean,5148.701736420303
2023-04-04,Soybean,5425.008010680908
2023-05-04,Soybean,5139.789214381775
2023-06-04,Soybean,5087.548981123362
2023-07-04,Soybean,5247.5593003230815
2023-08-04,Soybean,5119.7722508085
2023-09-04,Soybean,5289.355172413793
2023-10-04,Soybean,5069.022837034377
2023-11-04,Soybean,5084.076288167667
2023-12-04,Soybean,4991.979771470053
2023-04-13,Soybean,5009.920738853029
2023-04-14,Soybean,5010.358213081218
2023-04-15,Soybean,5012.586772819332
2023-04-16,Soybean,5115.842676311031
2023-04-17,Soybean,4989.488683441181
2023-04-18,Soybean,4997.129908281686
2023-04-19,Soybean,4945.048885658842
2023-04-20,Soybean,4928.420387186278
2023-04-21,Soybean,4999.070545185371
2023-04-22,Soybean,4966.591183000317
2023-04-23,Soybean,5015.1757469244285
2023-04-24,Soybean,4891.163512920155
2023-04-25,Soybean,4839.306249225127
2023-04-26,Soybean,4827.271539283279
2023-04-27,Soybean,4879.759363376
2023-04-28,Soybean,4864.2580867467805
2023-04-29,Soybean,4871.37352911255
2023-04-30,Soybean,5040.545126353791
2023-01-05,Soybean,4902.702702702703
2023-02-05,Soybean,4889.195769356216
2023-03-05,Soybean,4865.75385526882
2023-04-05,Soybean,4876.35150370066
2023-05-05,Soybean,4905.404081632653
2023-06-05,Soybean,5003.018652876823
2023-07-05,Soybean,5138.563549160672
2023-08-05,Soybean,4954.05607617896
2023-09-05,Soybean,4995.832304502229
2023-10-05,Soybean,4957.574523776952
2023-11-05,Soybean,4877.498572323838
2023-12-05,Soybean,4907.888148545267
2023-05-13,Soybean,4852.295048565585
2023-05-14,Soybean,5004.024475524476
2023-05-15,Soybean,4909.207021108839
2023-05-16,Soybean,4839.229740696647
2023-05-17,Soybean,4783.633062652422
2023-05-18,Soybean,4760.9479472127605
2023-05-19,Soybean,4664.9929918661255
2023-05-20,Soybean,4831.354492581147
2023-05-21,Soybean,4845.328125
2023-05-22,Soybean,4703.173675031605
2023-05-23,Soybean,4745.786059731184
2023-05-24,Soybean,4726.517169954119
2023-05-25,Soybean,4752.613095411536
2023-05-26,Soybean,4714.723932156639
2023-05-27,Soybean,4640.03974720976
2023-05-28,Soybean,4850.283783783784
2023-05-29,Soybean,4720.461806344159
2023-05-30,Soybean,4773.026105929199
2023-05-31,Soybean,4710.215851177821
2023-01-06,Soybean,4697.417597787625
2023-02-06,Soybean,4658.670496174929
2023-03-06,Soybean,4673.749053825218
2023-04-06,Soybean,4887.138834410289
2023-05-06,Soybean,4747.270363557056
2023-06-06,Soybean,4732.729429861661
2023-07-06,Soybean,4736.593767220684
2023-08-06,Soybean,4711.539608012888
2023-09-06,Soybean,4767.963967132502
2023-10-06,Soybean,4763.435893906416
2023-11-06,Soybean,4909.965296045041
2023-12-06,Soybean,4746.999913381535
2023-06-13,Soybean,4741.53419948602
2023-06-14,Soybean,4755.128798925056
2023-06-15,Soybean,4791.115275206575
2023-06-16,Soybean,4840.954446854663
2023-06-17,Soybean,4810.138592984519
2023-06-18,Soybean,4801.020167609185
2023-06-19,Soybean,4898.649571355431
2023-06-20,Soybean,4904.833291271173
2023-06-21,Soybean,4774.304898966006
2023-06-22,Soybean,4894.309622189731
2023-06-23,Soybean,4853.273577294012
2023-06-24,Soybean,4877.8750551812
2023-06-25,Soybean,4830.179419525066
2023-06-26,Soybean,4756.1340976659385
2023-06-27,Soybean,4829.903454102384
2023-06-28,Soybean,4815.755484818239
2023-06-29,Soybean,4744.006072683145
2023-06-30,Soybean,4755.954195027879
2023-01-07,Soybean,4797.820355111989
2023-02-07,Soybean,4893.834171435177
2023-03-07,Soybean,4865.627198976796
2023-04-07,Soybean,4888.639622259107
2023-05-07,Soybean,4839.259146035396
2023-06-07,Soybean,4804.097787705145
2023-07-07,Soybean,4786.40245148712
2023-08-07,Soybean,4798.767765543204
2023-09-07,Soybean,4897.478321635828
2023-10-07,Soybean,4738.135405164737
2023-11-07,Soybean,4735.94272441891
2023-12-07,Soybean,4739.922440643508
2023-07-13,Soybean,4751.222533034584
2023-07-14,Soybean,5120.829259981448
2023-07-15,Soybean,4650.100288259482
2023-07-16,Soybean,4817.520392373584
2023-07-17,Soybean,4559.452471901605
2023-07-18,Soybean,4648.403894160148
2023-07-19,Soybean,4694.798148217848
2023-07-20,Soybean,4639.954552592469
2023-07-21,Soybean,4691.229498492089
2023-07-22,Soybean,4726.773982629749
2023-07-23,Soybean,4833.618836024711
2023-07-24,Soybean,4723.156500420401
2023-07-25,Soybean,4724.440515402301
2023-07-26,Soybean,4663.086760459194
2023-07-27,Soybean,4729.378833127832
2023-07-28,Soybean,4768.383368082226
2023-07-29,Soybean,4771.009327830855
2023-07-30,Soybean,4930.551109122291
2023-07-31,Soybean,4733.652153864302
2023-01-08,Soybean,4737.001098022717
2023-02-08,Soybean,4750.713554358836
2023-03-08,Soybean,4726.202240484147
2023-04-08,Soybean,4723.142134240864
2023-05-08,Soybean,4693.944382584734
2023-06-08,Soybean,4888.214285714285
2023-07-08,Soybean,4716.655972268201
2023-08-08,Soybean,4689.6520173500285
2023-09-08,Soybean,4744.586933243735
2023-10-08,Soybean,4668.576155468443
2023-11-08,Soybean,4706.366486139606
2023-12-08,Soybean,4749.270264378365
2023-08-13,Soybean,4914.693486590038
2023-08-14,Soybean,4710.0664428913005
2023-08-15,Soybean,4900.0
2023-08-16,Soybean,4793.857142857143
2023-08-17,Soybean,4742.660802625831
2023-08-18,Soybean,4704.430298555053
2023-08-19,Soybean,4725.727141086688
2023-08-20,Soybean,4951.21712907117
2023-08-21,Soybean,4745.039884726225
2023-08-22,Soybean,4727.922111579599
2023-08-23,Soybean,4718.1863405114245
2023-08-24,Soybean,4638.999399543259
2023-08-25,Soybean,4655.29623038037
2023-08-26,Soybean,4605.567164788502
2023-08-27,Soybean,4888.646748184704
2023-08-28,Soybean,4665.725048028345
2023-08-29,Soybean,4691.859630797467
2023-08-30,Soybean,4684.955334034293
2023-08-31,Soybean,4753.449001618997
2023-01-09,Soybean,4751.509616441368
2023-02-09,Soybean,4816.58599126965
2023-03-09,Soybean,4816.736842105263
2023-04-09,Soybean,4717.5799140452455
2023-05-09,Soybean,4659.60593220339
2023-06-09,Soybean,4745.88753584639
2023-07-09,Soybean,4771.167832167832
2023-08-09,Soybean,4692.36729033449
2023-09-09,Soybean,4706.659283479024
2023-10-09,Soybean,4875.0
2023-11-09,Soybean,4579.840599005451
2023-12-09,Soybean,4692.597624035595
2023-09-13,Soybean,4741.590057018528
2023-09-14,Soybean,4702.077151335311
2023-09-15,Soybean,4717.4338794122605
2023-09-16,Soybean,4611.548129356337
2023-09-17,Soybean,4672.340425531915
2023-09-18,Soybean,4693.601796407185
2023-09-19,Soybean,4696.94340125775
2023-09-20,Soybean,4683.7225282368
2023-09-21,Soybean,4673.558884698085
2023-09-22,Soybean,4610.897241767521
2023-09-23,Soybean,4622.790176301569
2023-09-24,Soybean,4826.771653543307
2023-09-25,Soybean,4579.17049744472
2023-09-26,Soybean,4635.245648926088
2023-09-27,Soybean,4655.554014429804
2023-09-28,Soybean,4654.971350613915
2023-09-29,Soybean,4634.760628090921
2023-09-30,Soybean,4668.067463639311
2023-01-10,Soybean,4735.148217636022
2023-02-10,Soybean,4571.79253589813
2023-03-10,Soybean,4498.298350369395
2023-04-10,Soybean,4454.532865849662
2023-05-10,Soybean,4429.301874759795
2023-06-10,Soybean,4405.767441521586
2023-07-10,Soybean,4435.950294017806
2023-08-10,Soybean,4383.069482897205
2023-09-10,Soybean,4351.472170870248
2023-10-10,Soybean,4293.14210816777
2023-11-10,Soybean,4256.605470037003
2023-12-10,Soybean,4285.271490564457
2023-10-13,Soybean,4335.023276707585
2023-10-14,Soybean,4347.297491338151
2023-10-15,Soybean,4328.438661710037
2023-10-16,Soybean,4312.914971438606
2023-10-17,Soybean,4343.653306399502
2023-10-18,Soybean,4366.746869526348
2023-10-19,Soybean,4449.97943811262
2023-10-20,Soybean,4406.636419679541
2023-10-21,Soybean,4523.332541556864
2023-10-22,Soybean,4568.460817146684
2023-10-23,Soybean,4519.697373774544
2023-10-24,Soybean,4515.6363534608845
2023-10-25,Soybean,4488.568069376181
2023-10-26,Soybean,4499.95773245281
2023-10-27,Soybean,4528.819560846601
2023-10-28,Soybean,4576.756754462926
2023-10-29,Soybean,4419.256765194756
2023-10-30,Soybean,4567.434161495307
2023-10-31,Soybean,4519.133819798582
2023-01-11,Soybean,4556.535899300154
2023-02-11,Soybean,4610.097283796543
2023-03-11,Soybean,4650.809353261244
2023-04-11,Soybean,4679.63325406948
2023-06-11,Soybean,4668.083696671762
2023-07-11,Soybean,4680.7117101825415
2023-08-11,Soybean,4725.304217158702
2023-09-11,Soybean,4654.01945208963
2023-10-11,Soybean,4703.179820955644
2023-11-11,Soybean,4744.915519593673
2023-12-11,Soybean,4586.363636363636
2023-11-13,Soybean,4831.395015754799
2023-11-14,Soybean,5093.863331210555
2023-11-15,Soybean,4957.409732685613
2023-11-16,Soybean,5109.871822274454
2023-11-17,Soybean,5079.941265841684
2023-11-18,Soybean,5033.087898704877
2023-11-19,Soybean,4995.954453325573
2023-11-20,Soybean,4912.907707125663
2023-11-21,Soybean,4965.402532867865
2023-11-22,Soybean,4998.49523364604
2023-11-23,Soybean,4992.356152963259
2023-11-24,Soybean,4965.735947292563
2023-11-25,Soybean,4915.011578547446
2023-11-26,Soybean,4836.969902135779
2023-11-27,Soybean,4969.8491451115615
2023-11-28,Soybean,4892.521807391254
2023-11-29,Soybean,4907.845542232297
2023-11-30,Soybean,4832.526940626194
2023-01-12,Soybean,4278.762564140336
2023-02-12,Soybean,4762.36925015753
2023-03-12,Soybean,4809.829268292683
2023-04-12,Soybean,4751.573391630232
2023-05-12,Soybean,4704.15327564895
2023-06-12,Soybean,4682.770451436389
2023-07-12,Soybean,4740.6031813361615
2023-08-12,Soybean,4798.645613456464
2023-09-12,Soybean,4844.434399343993
2023-10-12,Soybean,4576.753488372093
2023-11-12,Soybean,4762.406584792266
2023-12-12,Soybean,4730.345998240985
2023-12-13,Soybean,4767.652379971152
2023-12-14,Soybean,4687.73491315867
2023-12-15,Soybean,4684.294716646989
2023-12-16,Soybean,4701.636788216275
2023-12-17,Soybean,4769.653614457831
2023-12-18,Soybean,4707.530994460564
2023-12-19,Soybean,4614.997329563305
2023-12-20,Soybean,4643.476874793525
2023-12-21,Soybean,4618.304139172165
2023-12-22,Soybean,4585.290545590434
2023-12-23,Soybean,4621.244936537943
2023-12-24,Soybean,4439.382978723404
2023-12-25,Soybean,4722.533333333334
2023-12-26,Soybean,4597.4791995787255
2023-12-27,Soybean,4591.775618735938
2023-12-28,Soybean,4627.894502228826
2023-12-29,Soybean,4571.327039543997
2023-12-30,Soybean,4595.044642857143
2023-12-31,Soybean,4686.486171761281
2024-01-01,Soybean,4556.332556106092
2024-02-01,Soybean,4609.7601871709885
2024-03-01,Soybean,4557.579230769231
2024-04-01,Soybean,4539.425906296375
2024-05-01,Soybean,4577.309054268029
2024-06-01,Soybean,4545.236473783163
2024-07-01,Soybean,4580.552870090634
2024-08-01,Soybean,4541.038370612839
2024-09-01,Soybean,4508.368614210217
2024-10-01,Soybean,4539.009341535658
2024-11-01,Soybean,4527.289968198901
2024-12-01,Soybean,4583.568991724371
2024-01-13,Soybean,4557.7538403186045
2024-01-14,Soybean,4598.4838709677415
2024-01-15,Soybean,4483.072292626728
2024-01-16,Soybean,4522.496607227395
2024-01-17,Soybean,4485.590098444856
2024-01-18,Soybean,4434.854112176693
2024-01-19,Soybean,4478.0288217369225
2024-01-20,Soybean,4465.093865313653
2024-01-21,Soybean,4235.311111111111
2024-01-22,Soybean,4487.836206896552
2024-01-23,Soybean,4439.823587570621
2024-01-24,Soybean,4442.79820218864
2024-01-25,Soybean,4417.196288552012
2024-01-26,Soybean,4504.523809523809
2024-01-27,Soybean,4356.660122699386
2024-01-28,Soybean,4470.75744680851
2024-01-29,Soybean,4279.951555411536
2024-01-30,Soybean,4210.252156803391
2024-01-31,Soybean,4326.819493097053
2024-01-02,Soybean,4312.162458100559
2024-02-02,Soybean,4270.313563218391
2024-03-02,Soybean,4277.146104981612
2024-04-02,Soybean,4456.681724845996
2024-05-02,Soybean,4271.227042431919
2024-06-02,Soybean,4355.106929665196
2024-07-02,Soybean,4311.46035015448
2024-08-02,Soybean,4347.9017236943655
2024-09-02,Soybean,4282.341974949024
2024-10-02,Soybean,4353.536132140399
2024-11-02,Soybean,4465.75730994152
2024-12-02,Soybean,4312.199705882353
2024-02-13,Soybean,4297.6849907350215
2024-02-14,Soybean,4279.51768488746
2024-02-15,Soybean,4253.343342432514
2024-02-16,Soybean,4295.590562305736
2024-02-17,Soybean,4568.056513761468
2024-02-18,Soybean,4421.981132075472
2024-02-19,Soybean,4300.895104895105
2024-02-20,Soybean,4448.4594644849385
2024-02-21,Soybean,4309.482993197279
2024-02-22,Soybean,4323.199442675159
2024-02-23,Soybean,4277.389552541
2024-02-24,Soybean,4273.5861287398
2024-02-25,Soybean,4434.370689655172
2024-02-26,Soybean,4321.374285714286
2024-02-27,Soybean,4242.866206443129
2024-02-28,Soybean,4351.543064790474
2024-02-29,Soybean,4322.878307706063
2024-01-03,Soybean,4314.788343773448
2024-02-03,Soybean,4411.781761496493
2024-03-03,Soybean,4405.037439613527
2024-04-03,Soybean,4230.293054855074
2024-05-03,Soybean,4297.858846314947
2024-06-03,Soybean,4255.553597861843
2024-07-03,Soybean,4138.435862546696
2024-08-03,Soybean,4362.0465276978
2024-09-03,Soybean,4285.1595420581725
2024-10-03,Soybean,4164.358108108108
2024-11-03,Soybean,4289.455689957609
2024-12-03,Soybean,4215.354352470746
2024-03-13,Soybean,4212.485579633346
2024-03-14,Soybean,4287.062143554435
2024-03-15,Soybean,4321.414070369837
2024-03-16,Soybean,4385.510040081735
2024-03-17,Soybean,4472.489157080898
2024-03-18,Soybean,4343.480048200387
2024-03-19,Soybean,4265.410375714841
2024-03-20,Soybean,4374.604799520968
2024-03-21,Soybean,4327.235805970149
2024-03-22,Soybean,4313.315681213197
2024-03-23,Soybean,4333.478202077023
2024-03-24,Soybean,3964.705882352941
2024-03-25,Soybean,4400.710906701708
2024-03-26,Soybean,4272.999677072121
2024-03-27,Soybean,4215.393166008648
2024-03-28,Soybean,4204.492410218438
2024-03-29,Soybean,4315.97365470852
2024-03-30,Soybean,3928.0486166007913
2024-03-31,Soybean,4355.826558265582
2024-01-04,Soybean,4410.854739969809
2024-02-04,Soybean,4432.371314543459
2024-03-04,Soybean,4375.128288958057
2024-04-04,Soybean,4355.366780837352
2024-05-04,Soybean,4350.6933219296825
2024-06-04,Soybean,4375.572349722024
2024-07-04,Soybean,4554.906362181567
2024-08-04,Soybean,4419.809364841903
2024-09-04,Soybean,4607.929446349829
2024-12-04,Soybean,4572.562501753697
2024-04-13,Soybean,4462.606589625091
2024-04-14,Soybean,4350.943396226415
2024-04-15,Soybean,4438.626520078506
2024-04-16,Soybean,4517.94143892917
2024-04-17,Soybean,4500.0
2024-04-18,Soybean,4441.167668753486
2024-04-19,Soybean,4403.51089837916
2024-04-20,Soybean,4403.292731598742
2024-04-21,Soybean,4317.59002770083
2024-04-22,Soybean,4352.123096143317
2024-04-23,Soybean,4399.921441576523
2024-04-24,Soybean,4456.949698201813
2024-04-25,Soybean,4427.4393531912965
2024-04-26,Soybean,4490.421573668526
2024-04-27,Soybean,4415.970469437508
2024-04-28,Soybean,4512.333650692901
2024-04-29,Soybean,4392.202485223803
2024-04-30,Soybean,4310.172976432048
2024-01-05,Soybean,4405.181422351233
2024-02-05,Soybean,4327.161068754316
2024-03-05,Soybean,4318.1501125592185
2024-04-05,Soybean,4328.015325651329
2024-05-05,Soybean,4430.115285841894
2024-06-05,Soybean,4322.328462189133
2024-07-05,Soybean,4378.209043152388
2024-08-05,Soybean,4514.100711992699
2024-09-05,Soybean,4450.831646048874
2024-10-05,Soybean,4362.554705857222
2024-11-05,Soybean,4413.832109023901
2024-12-05,Soybean,4534.621029965906
2024-05-13,Soybean,4433.718927481976
2024-05-14,Soybean,4410.236063077409
2024-05-15,Soybean,4356.667497143649
2024-05-16,Soybean,4337.986377998908
2024-05-17,Soybean,4364.153971178103
2024-05-18,Soybean,4374.459406763468
2024-05-19,Soybean,4505.437776045726
2024-05-20,Soybean,4382.095706620617
2024-05-21,Soybean,4394.177529040789
2024-05-22,Soybean,4299.019735679951
2024-05-23,Soybean,4380.077555816687
2024-05-24,Soybean,4333.724213404814
2024-05-25,Soybean,4358.563041131681
2024-05-26,Soybean,4498.514574801252
2024-05-27,Soybean,4335.906191428261
2024-05-28,Soybean,4329.40437457818
2024-05-29,Soybean,4358.306318154333
2024-05-30,Soybean,4384.853220183171
2024-05-31,Soybean,4333.962067232052
2024-01-06,Soybean,4340.862944152374
2024-02-06,Soybean,4472.620929794843
2024-03-06,Soybean,4313.1969623867935
2024-04-06,Soybean,4342.979464449777
2024-05-06,Soybean,4355.764809411895
2024-06-06,Soybean,4311.517526247307
2024-07-06,Soybean,4346.383689634837
2024-08-06,Soybean,4366.11878638125
2024-09-06,Soybean,4426.485775059824
2024-10-06,Soybean,4351.683438358527
2024-11-06,Soybean,4342.430980500264
2024-12-06,Soybean,4273.270197505607
2024-06-13,Soybean,4320.326768496802
2024-06-14,Soybean,4316.662751932953
2024-06-15,Soybean,4328.166164149964
2024-06-16,Soybean,4304.347826086956
2024-06-17,Soybean,4311.556867974851
2024-06-18,Soybean,4273.866380116514
2024-06-19,Soybean,4310.66257695017
2024-06-20,Soybean,4279.41217032203
2024-06-21,Soybean,4353.048117178852
2024-06-22,Soybean,4376.124644662997
2024-06-23,Soybean,4591.213102409639
2024-06-24,Soybean,4351.798010693127
2024-06-25,Soybean,4376.043690018151
2024-06-26,Soybean,4367.607389141251
2024-06-27,Soybean,4365.635609187604
2024-06-28,Soybean,4427.451625704111
2024-06-29,Soybean,4403.021523956314
2024-06-30,Soybean,4420.799404170804
2024-01-07,Soybean,4285.654964223755
2024-02-07,Soybean,4280.275625060871
2024-03-07,Soybean,4343.933311168912
2024-04-07,Soybean,4301.029449577812
2024-05-07,Soybean,4232.743925896438
2024-06-07,Soybean,4314.359529268235
2024-07-07,Soybean,4452.07969924812
2024-08-07,Soybean,4287.3737927434095
2024-09-07,Soybean,4246.668761576201
2024-10-07,Soybean,4250.982423374324
2024-11-07,Soybean,4248.69521063935
2024-12-07,Soybean,4208.356054423503
2024-07-13,Soybean,4289.275518735275
2024-07-14,Soybean,4456.422243166824
2024-07-15,Soybean,4208.48943738444
2024-07-16,Soybean,4247.248956230276
2024-07-17,Soybean,4276.209705372617
2024-07-18,Soybean,4262.170309716616
2024-07-19,Soybean,4269.503246722243
2024-07-20,Soybean,4318.498340095906
2024-07-21,Soybean,4412.495238095238
2024-07-22,Soybean,4319.697612344959
2024-07-23,Soybean,4250.159872835076
2024-07-24,Soybean,4314.2481154277975
2024-07-25,Soybean,4278.527824614254
2024-07-26,Soybean,4214.71323619135
2024-07-27,Soybean,4296.214274583667
2024-07-28,Soybean,4329.157638136511
2024-07-29,Soybean,4185.971752919399
2024-07-30,Soybean,4180.647399733733
2024-07-31,Soybean,4172.888236509822
2024-01-08,Soybean,4193.721032472206
2024-02-08,Soybean,4207.690077057817
2024-03-08,Soybean,4232.060512264955
2024-04-08,Soybean,4305.637450199203
2024-05-08,Soybean,4202.383489085108
2024-06-08,Soybean,4210.859684216287
2024-07-08,Soybean,4210.133505076129
2024-08-08,Soybean,4137.518563249042
2024-09-08,Soybean,4272.9844028295565
2024-10-08,Soybean,4232.249449147168
2024-11-08,Soybean,4196.435272045028
2024-12-08,Soybean,4191.240136240088
2024-08-13,Soybean,4178.972700504228
2024-08-14,Soybean,4166.764727309817
2024-08-15,Soybean,4001.0
2024-08-16,Soybean,4201.551607001883
2024-08-17,Soybean,4084.8774643176735
2024-08-18,Soybean,4250.0
2024-08-19,Soybean,4007.624455416788
2024-08-20,Soybean,4139.158532763702
2024-08-21,Soybean,4082.592275825831
2024-08-22,Soybean,4166.526123754828
2024-08-23,Soybean,4208.6162766266125
2024-08-24,Soybean,4147.6327665834215
2024-08-25,Soybean,4387.18582046884
2024-08-26,Soybean,4231.355162124527
2024-08-27,Soybean,4285.941826457228
2024-08-28,Soybean,4269.926740350511
2024-08-29,Soybean,4300.601109371726
2024-08-30,Soybean,4350.33983756926
2024-08-31,Soybean,4464.753137099408
2024-01-09,Soybean,4451.116883116883
2024-02-09,Soybean,4396.698529411765
2024-03-09,Soybean,4581.84533763534
2024-04-09,Soybean,4490.499380256953
2024-05-09,Soybean,4420.932440472626
2024-06-09,Soybean,4440.708729705732
2024-07-09,Soybean,4355.355403619357
2024-08-09,Soybean,4353.553299492386
2024-09-09,Soybean,4354.295485334132
2024-10-09,Soybean,4334.543650417531
2024-11-09,Soybean,4376.200753775658
2024-12-09,Soybean,4479.895258578255
2024-09-13,Soybean,4493.488703914088
2024-09-14,Soybean,4625.928589615195
2024-09-15,Soybean,4439.896193771627
2024-09-16,Soybean,4509.91329695792
2024-09-17,Soybean,4409.63512099105
2024-09-18,Soybean,4520.5962868129545
2024-09-19,Soybean,4521.525027516855
2024-09-20,Soybean,4445.136322323655
2024-09-21,Soybean,4457.783402874647
2024-09-22,Soybean,4556.778565552901
2024-09-23,Soybean,4367.792569477687
2024-09-24,Soybean,4389.74349050711
2024-09-25,Soybean,4388.685463862373
2024-09-26,Soybean,4490.634064355846
2024-09-27,Soybean,4435.413014646616
2024-09-28,Soybean,4448.483323646574
2024-09-29,Soybean,4352.183347799961
2024-09-30,Soybean,4358.1458321228265
2024-01-10,Soybean,4296.5848557125255
2024-02-10,Soybean,4194.952814693146
2024-03-10,Soybean,4309.170781870935
2024-04-10,Soybean,4190.881504988316
2024-05-10,Soybean,4179.613057232316
2024-06-10,Soybean,4125.628242456326
2024-07-10,Soybean,4122.594247437036
2024-09-10,Soybean,4110.63870147218
2024-10-10,Soybean,4136.709580701143
2024-11-10,Soybean,4141.879466346433
2024-12-10,Soybean,4289.413288406866
2024-10-13,Soybean,4083.003735990037
2024-10-14,Soybean,4188.464163991703
2024-10-15,Soybean,4173.326700752682
2024-10-16,Soybean,4140.754635897563
2024-10-17,Soybean,4119.530813714806
2024-10-18,Soybean,4132.23461124031
2024-10-19,Soybean,4153.483796246598
2024-10-20,Soybean,4156.862601854454
2024-10-21,Soybean,4041.8616550852807
2024-10-22,Soybean,4075.329266059981
2024-10-23,Soybean,4102.301154996305
2024-10-24,Soybean,4106.895054671299
2024-10-25,Soybean,4111.5714505513815
2024-10-26,Soybean,4117.207733277754
2024-10-27,Soybean,4143.820808131025
2024-10-28,Soybean,4057.950496652432
2024-10-29,Soybean,3949.635848498271
2024-10-30,Soybean,4067.594224149716
2024-10-31,Soybean,4314.119764397906
2024-01-11,Soybean,4166.554921540656
2024-02-11,Soybean,4271.695845917279
2024-03-11,Soybean,4291.81522105342
2024-04-11,Soybean,4104.44035023084
2024-05-11,Soybean,4064.32515596742
2024-06-11,Soybean,4021.629120295144
2024-07-11,Soybean,4034.740135338718
2024-08-11,Soybean,4046.2213375549695
2024-09-11,Soybean,4069.70660926512
2024-10-11,Soybean,3989.293786515416
2024-11-11,Soybean,4023.850735020485
2024-12-11,Soybean,3982.431644562249
2024-11-13,Soybean,4002.455876834885
2024-11-14,Soybean,4011.501362117525
2024-11-15,Soybean,4145.206288138852
2024-11-16,Soybean,4090.183178978317
2024-11-17,Soybean,4019.4893411890735
2024-11-18,Soybean,4157.7652773171285
2024-11-19,Soybean,4149.779228383813
2024-11-20,Soybean,4056.9620253164553
2024-11-21,Soybean,4049.149813747521
2024-11-22,Soybean,4071.0435787218375
2024-11-23,Soybean,4095.335343798246
2024-11-24,Soybean,4114.104625199362
2024-11-25,Soybean,4047.11241124076
2024-11-26,Soybean,4059.01490475364
2024-11-27,Soybean,4084.574111659953
2024-11-28,Soybean,4062.090982702112
2024-11-29,Soybean,4227.247370520818
2024-11-30,Soybean,3899.251918594736
2024-01-12,Soybean,4315.484089625305
2024-02-12,Soybean,4076.106991738104
2024-03-12,Soybean,4036.6049498720818
2024-04-12,Soybean,4086.318424844532
2024-05-12,Soybean,4163.157204026476
2024-06-12,Soybean,4020.764785115139
2024-07-12,Soybean,4107.7146908275945
2024-08-12,Soybean,3868.705628803245
2024-09-12,Soybean,4043.1816401767055
2024-10-12,Soybean,3963.840655582543
2024-11-12,Soybean,3965.1109783936254
2024-12-12,Soybean,3966.869612729607
2024-12-13,Soybean,4030.615263685316
2024-12-14,Soybean,3962.5777867199295
2024-12-15,Soybean,3811.2529096081735
2024-12-16,Soybean,4057.862037332064
2024-12-17,Soybean,4035.911743727244
2024-12-18,Soybean,4011.102416417561
2024-12-19,Soybean,3986.746441867082
2024-12-20,Soybean,3997.1012075668937
2024-12-21,Soybean,3978.954130176132
2024-12-22,Soybean,3936.392704285859
2024-12-23,Soybean,3990.5799216553264
2024-12-24,Soybean,4056.933690643157
2024-12-25,Soybean,4123.8850998414455
2024-12-26,Soybean,4039.0976669731135
2024-12-27,Soybean,4057.760325371222
2024-12-28,Soybean,4078.906998117666
2024-12-29,Soybean,3964.9671669793615
2024-12-30,Soybean,4163.03386518586
2024-12-31,Soybean,4044.688039715136
2025-01-01,Soybean,4021.427880463169
2025-02-01,Soybean,4056.859747466862
2025-03-01,Soybean,4048.930319289186
2025-04-01,Soybean,3997.745517392992
2025-05-01,Soybean,3941.276745001754
2025-06-01,Soybean,4058.6933057333945
2025-07-01,Soybean,3991.7906753887632
2025-08-01,Soybean,4036.655586352848
2025-09-01,Soybean,4036.865972368423
2025-10-01,Soybean,4025.563018129829
2025-11-01,Soybean,4025.8444257425367
2025-12-01,Soybean,4188.237158790725
2025-01-13,Soybean,4048.37093231221
2025-01-14,Soybean,3981.6791569086654
2025-01-15,Soybean,3997.418377081553
2025-01-16,Soybean,4015.567803045136
2025-01-17,Soybean,4042.1569661989897
2025-01-18,Soybean,4018.9192849116416
2025-01-19,Soybean,4068.769978729869
2025-01-20,Soybean,4051.869582357268
2025-01-21,Soybean,4043.41647537283
2025-01-22,Soybean,3996.149323054277
2025-01-23,Soybean,4063.137775818736
2025-01-24,Soybean,3951.4789748897
2025-01-25,Soybean,3987.326580289764
2025-01-26,Soybean,4303.573132454489
2025-01-27,Soybean,3944.952603918904
2025-01-28,Soybean,3899.8198963371774
2025-01-29,Soybean,3936.413808254768
2025-01-30,Soybean,3961.9590447830014
2025-01-31,Soybean,3961.911393558741
2025-01-03,Soybean,3933.17636324093
2025-02-03,Soybean,3859.980066445183
2025-03-03,Soybean,3810.2291754459898
2025-04-03,Soybean,3819.252746575805
2025-05-03,Soybean,3826.843575809712
2025-06-03,Soybean,3838.210914190648
2025-07-03,Soybean,3851.365230093388
2025-08-03,Soybean,3896.796821065254
2025-09-03,Soybean,3773.565121412804
2025-10-03,Soybean,3922.914040263313
2025-11-03,Soybean,3920.435338104938
2025-12-03,Soybean,3854.392495107368
2025-03-13,Soybean,3973.836749191916
2025-03-14,Soybean,3904.282907662083
2025-03-15,Soybean,3787.3300629152186
2025-03-16,Soybean,3734.769687964339
2025-03-17,Soybean,3819.4146135272094
2025-03-18,Soybean,3839.5201333499504
2025-03-19,Soybean,3833.9767772344526
2025-03-20,Soybean,3844.9251550654726
2025-03-21,Soybean,3891.476858240605
2025-03-22,Soybean,3897.391852621653
2025-03-23,Soybean,4045.0165980613465
2025-03-24,Soybean,3941.128928576592
2025-03-25,Soybean,3948.045622727792
2025-03-26,Soybean,3947.8509346773967
2025-03-27,Soybean,4017.7848751628258
2025-03-28,Soybean,4111.729758345326
2025-03-29,Soybean,4095.527160493828
2025-03-30,Soybean,4220.428688104237
2025-03-31,Soybean,4214.874150151888
2025-01-04,Soybean,4145.875293958542
2025-02-04,Soybean,4162.100940576485
2025-03-04,Soybean,4350.089587799472
2025-04-04,Soybean,4262.726314648796
2025-05-04,Soybean,4163.885460086538
2025-06-04,Soybean,5193.5822637106185
2025-07-04,Soybean,4110.723354340332
2025-08-04,Soybean,4146.496648349408
2025-09-04,Soybean,4232.82538966182
2025-10-04,Soybean,4382.877004416247
2025-11-04,Soybean,4279.361139581177
2025-12-04,Soybean,4285.5222769885
2025-04-13,Soybean,4226.582488479262
2025-04-14,Soybean,3982.883248730964
2025-04-15,Soybean,4284.002342769392
2025-04-16,Soybean,4325.993689029307
2025-04-17,Soybean,4342.004335269104
2025-04-18,Soybean,4368.686369069983
2025-04-19,Soybean,4222.007337270036
2025-04-20,Soybean,4127.148626817448
2025-04-21,Soybean,4211.072633537071
2025-04-22,Soybean,4270.717289766822
2025-04-23,Soybean,4188.876699346744
2025-04-24,Soybean,4127.426627200133
2025-04-25,Soybean,4136.3902720603455
2025-04-26,Soybean,4174.518263669353
2025-04-27,Soybean,4190.525619604568
2025-04-28,Soybean,4161.946712885037
2025-04-29,Soybean,3990.269489127387
2025-04-30,Soybean,4202.466314270427
2025-01-05,Soybean,4172.032496307238
2025-02-05,Soybean,4118.526770618072
2025-03-05,Soybean,4100.085879154454
2025-04-05,Soybean,4180.695528211285
2025-05-05,Soybean,4216.421994927152
2025-06-05,Soybean,4076.258315533064
2025-07-05,Soybean,4150.5379534416725
2025-08-05,Soybean,4171.240754952815
2025-09-05,Soybean,4122.17791718074
2025-10-05,Soybean,4214.057006553948
2025-11-05,Soybean,4194.982603356529
2025-12-05,Soybean,4060.500960922485
2025-05-13,Soybean,4157.02648482739
2025-05-15,Soybean,4181.955060914267
2025-05-16,Soybean,4131.979166218795
2025-05-17,Soybean,4215.5825431909125
2025-05-18,Soybean,4118.402106567534
2025-05-19,Soybean,4101.804993020234
2025-05-20,Soybean,4108.957305401957
2025-05-21,Soybean,4139.3524733394215
2025-05-22,Soybean,4168.759942299818
2025-05-23,Soybean,4122.746887203638
2025-05-24,Soybean,4180.354416608594
2025-05-25,Soybean,3932.0883458646617
2025-05-26,Soybean,4059.828308769536
2025-05-27,Soybean,4150.064695191489
2025-05-28,Soybean,4398.787151118438
2025-05-29,Soybean,4208.439439932614
2025-05-30,Soybean,4015.584174894049
2025-05-31,Soybean,4122.115907201417
2025-01-06,Soybean,4008.026923076923
2025-02-06,Soybean,4096.539800935172
2025-03-06,Soybean,4104.516686991141
2025-04-06,Soybean,4094.490702026068
2025-05-06,Soybean,4160.237399972205
2025-06-06,Soybean,4083.506274702219
2025-07-06,Soybean,4014.267580036348
2025-08-06,Soybean,4169.374759152216
2025-09-06,Soybean,4108.337438033526
2025-10-06,Soybean,4111.700086334288
2025-11-06,Soybean,4150.631878236406
2025-12-06,Soybean,4146.214015160516
2025-06-13,Soybean,4114.188930708669
2025-06-14,Soybean,4158.216226097952
2025-06-15,Soybean,4016.624876604146
2025-06-16,Soybean,4241.587362171332
2025-06-17,Soybean,4238.76266505188
2025-06-18,Soybean,4257.242523610298
2025-06-19,Soybean,4138.518832686857
2025-06-20,Soybean,4181.548216009662
2025-06-21,Soybean,4236.495281028625
2025-06-22,Soybean,4074.416420713711
2025-06-23,Soybean,4139.0713155712665
2025-06-24,Soybean,4202.014485659858
2025-06-25,Soybean,4085.8644485141353
2025-06-26,Soybean,4188.598312716734
2025-06-27,Soybean,4169.748028586228
2025-06-28,Soybean,4155.437573016771
2025-06-29,Soybean,4084.4922279792745
2025-06-30,Soybean,4077.099255583126
2025-01-07,Soybean,4125.586893464245
2025-02-07,Soybean,4138.893382504713
2025-03-07,Soybean,4156.208209511367
2025-04-07,Soybean,4157.6816420102095
2025-05-07,Soybean,4181.148419325612
2025-06-07,Soybean,4080.732375085558
2025-07-07,Soybean,4142.38251892466
2025-08-07,Soybean,4160.842892754142
2025-09-07,Soybean,4155.010415095965
2025-10-07,Soybean,4137.797823218997
2025-11-07,Soybean,4108.395348295229
2025-12-07,Soybean,4108.783281113523
2025-07-13,Soybean,4125.814651368049
2025-07-14,Soybean,4099.852153822741
2025-07-15,Soybean,4139.283214268118
2025-07-16,Soybean,4123.177556682657
2025-07-17,Soybean,4168.459064679009
2025-07-18,Soybean,4192.29884432428
2025-07-19,Soybean,4257.590443132016
2025-07-20,Soybean,4061.904761904762
2025-07-21,Soybean,4096.822410956576
2025-07-22,Soybean,4189.650293202915
2025-07-23,Soybean,4170.622015001768
2025-07-24,Soybean,4153.156404879012
2025-07-25,Soybean,4327.003271001531
2025-07-26,Soybean,4047.2658349328217
2025-07-27,Soybean,4301.735807860262
2025-07-28,Soybean,4254.479318334248
2025-07-29,Soybean,4357.659486329743
2025-07-30,Soybean,4354.705890302657
2025-07-31,Soybean,4480.296443188816
2025-01-08,Soybean,4390.962838802527
2025-02-08,Soybean,4474.249398659471
2025-03-08,Soybean,4440.132196162047
2025-04-08,Soybean,4492.2022473773
2025-05-08,Soybean,4544.000473966928
2025-06-08,Soybean,4572.029561077709
2025-07-08,Soybean,4618.208186275055
2025-08-08,Soybean,4575.005183539618
2025-09-08,Soybean,4676.589285714284
2025-10-08,Soybean,4626.519774011299
2025-11-08,Soybean,4547.715998451586
2025-12-08,Soybean,4568.503272783842
2025-08-13,Soybean,4529.5197927791005
2025-08-14,Soybean,4535.083251205975
2025-08-15,Soybean,4506.0
2025-08-16,Soybean,4512.86184482521
2025-08-17,Soybean,4477.111716621254
2025-08-18,Soybean,4471.549298781967
2025-08-19,Soybean,4437.42364539419
2025-08-20,Soybean,4471.834444703458
2025-08-21,Soybean,4425.5190588623445
2025-08-22,Soybean,4335.140625000001
2025-08-23,Soybean,4508.0332911104615
2025-08-24,Soybean,4513.938218390805
2025-08-25,Soybean,4439.666460188783
2025-08-26,Soybean,4425.347539865053
2025-08-27,Soybean,4465.136890951277
2025-08-28,Soybean,4223.006664233319
2025-08-29,Soybean,4258.800704446613
2025-08-30,Soybean,4284.196484423872
2025-08-31,Soybean,4367.441860465116
2025-01-09,Soybean,4356.212139791539
2025-02-09,Soybean,4288.464638925173
2025-03-09,Soybean,4312.662430469716
2025-04-09,Soybean,4295.44465768284
2025-05-09,Soybean,4283.071507556211
2025-06-09,Soybean,4244.32116993602
2025-07-09,Soybean,4393.554921540655
2025-08-09,Soybean,4191.23784884681
2025-09-09,Soybean,4248.077833416654
2025-10-09,Soybean,4229.306187671769
2025-11-09,Soybean,3993.756225193343
2025-12-09,Soybean,4185.6763696586295
2025-09-13,Soybean,4208.224565380178
2025-09-14,Soybean,3961.4906832298143
2025-09-15,Soybean,4214.24049189871
2025-09-16,Soybean,4150.04019101952
2025-09-17,Soybean,4112.2615123700525
2025-09-18,Soybean,4190.990659837301
2025-09-19,Soybean,4172.577756811663
2025-09-20,Soybean,4152.310134175738
2025-09-21,Soybean,4039.227459016394
2025-09-22,Soybean,4118.895040464827
2025-09-23,Soybean,4098.686205121606
2025-09-24,Soybean,4135.749793251429
2025-09-25,Soybean,4109.263943051687
2025-09-26,Soybean,4165.225966593464
2025-09-27,Soybean,4087.510632835089
2025-09-28,Soybean,4150.0
2025-09-29,Soybean,4078.1487582649793
2025-09-30,Soybean,4080.6973000880735
2025-01-10,Soybean,4088.4171240395176
2025-02-10,Soybean,4205.646766169154
2025-03-10,Soybean,4023.331220660252
2025-04-10,Soybean,3966.797036559585
2025-05-10,Soybean,3922.601931525252
2025-06-10,Soybean,3929.964092844012
2025-07-10,Soybean,3833.3524820109433
2025-08-10,Soybean,3846.74172305713
2025-09-10,Soybean,3835.564255071604
2025-10-10,Soybean,3869.6263528491327
2025-11-10,Soybean,3762.976600980509
2025-12-10,Soybean,3856.6502172397154
2025-10-13,Soybean,3805.859731872138
2025-10-14,Soybean,3834.097368676092
2025-10-15,Soybean,3869.655888754616
2025-10-16,Soybean,3948.989968170848
2025-10-17,Soybean,3971.421276617736
2025-10-18,Soybean,3921.04030796056
2025-10-19,Soybean,3823.700182075662
2025-10-20,Soybean,4011.956155519608
2025-10-21,Soybean,4317.349726775956
2025-10-22,Soybean,4002.9592315760274
2025-10-23,Soybean,3949.942988770515
2025-10-24,Soybean,3965.595379151605
2025-10-25,Soybean,3836.03547381058
2025-10-26,Soybean,3880.552068275876
2025-10-27,Soybean,3819.818935350265
2025-10-28,Soybean,4043.712459659165
2025-10-29,Soybean,4084.543046008588
2025-10-30,Soybean,4097.633682327174
2025-10-31,Soybean,4131.81345697208
2025-01-11,Soybean,4115.10301450793
2025-02-11,Soybean,3776.554001554002
2025-03-11,Soybean,4163.226113163399
2025-04-11,Soybean,4264.489170767652
2025-05-11,Soybean,4294.476449593213
2025-06-11,Soybean,4142.927614753404
2025-07-11,Soybean,4365.926994477512
2025-08-11,Soybean,4728.39284400391
2025-09-11,Soybean,3620.528519099948
2025-10-11,Soybean,4711.344566856417
2025-11-11,Soybean,4701.951755055906
2025-12-11,Soybean,4675.872960651446
2025-11-13,Soybean,4938.024177920877
2025-11-14,Soybean,4454.027268140537
2025-11-15,Soybean,4460.852457374126
2025-11-16,Soybean,4017.5301429459287
2025-11-17,Soybean,4542.863290425632
2025-11-18,Soybean,4629.72166478432
2025-11-19,Soybean,4586.584828794203
2025-11-20,Soybean,4596.540285773558
2025-11-21,Soybean,4465.664723503251
2025-11-22,Soybean,4677.580478452453
2025-11-23,Soybean,4062.5574112734857
2025-11-24,Soybean,4383.286916485392
2025-11-25,Soybean,4476.9354359667095
2025-11-26,Soybean,4344.746854491534
2025-11-27,Soybean,4291.380896774637
2025-11-28,Soybean,4325.1756638209545
2025-11-29,Soybean,4537.3774008417295
2025-11-30,Soybean,4081.566490189972
2025-01-12,Soybean,4371.505239529002
2025-02-12,Soybean,4343.752119250088
2025-03-12,Soybean,4290.104226806742
2025-04-12,Soybean,4302.035045307146
2025-05-12,Soybean,4301.749033071225
2025-06-12,Soybean,4274.781337988513
2025-07-12,Soybean,3700.825046040515
2025-08-12,Soybean,4330.57123794447
2025-09-12,Soybean,4237.172257917898
2025-10-12,Soybean,4278.443401002708
2025-11-12,Soybean,4257.80936199171
2025-12-12,Soybean,4284.835109547294
2025-12-13,Soybean,4290.247992887548
2025-12-14,Soybean,4214.588867187501
2025-12-15,Soybean,4313.836241330419
2025-12-16,Soybean,4351.760042806027
2025-12-17,Soybean,4320.115158581619
2025-12-18,Soybean,4328.273467729293
2025-12-19,Soybean,4351.424043591529
2025-12-20,Soybean,4405.530117888998
2025-12-21,Soybean,4150.112385321101
2025-12-22,Soybean,4279.116634859022
2025-12-23,Soybean,4500.483654034155
2025-12-24,Soybean,4476.29693979694
2025-12-25,Soybean,4652.714302693412
2025-12-26,Soybean,4539.696503225483
2025-12-27,Soybean,4596.868003317218
2025-12-28,Soybean,4570.01476141435
2025-12-29,Soybean,4607.254922090753
2025-12-30,Soybean,4577.271312594605
2025-12-31,Soybean,4618.270078120152
2026-01-01,Soybean,4555.64
2026-02-01,Soybean,4618.89
2026-03-01,Soybean,4629.89
2026-04-01,Soybean,4794.94
2026-05-01,Soybean,4690.36
2026-06-01,Soybean,4713.86
2026-07-01,Soybean,4719.13
2026-08-01,Soybean,4732.76
2026-09-01,Soybean,4769.29
2026-10-01,Soybean,4738.81
2026-11-01,Soybean,4675.36
2026-12-01,Soybean,4824.44
2026-01-13,Soybean,4860.46
2026-01-14,Soybean,4765.97
2026-01-15,Soybean,4903.74
2026-01-16,Soybean,4946.82
2026-01-17,Soybean,4958.62
2026-01-18,Soybean,4741.52
2026-01-19,Soybean,5069.84
2026-01-20,Soybean,5195.72
2026-01-21,Soybean,5029.32
2026-01-22,Soybean,4928.28
2026-01-23,Soybean,5174.58
2026-01-24,Soybean,5040.6
2026-01-25,Soybean,4998.26
2026-01-26,Soybean,5203.86
2026-01-27,Soybean,5404.82
2026-01-28,Soybean,5426.29
2026-01-29,Soybean,5518.49
2026-01-30,Soybean,5593.78
2026-01-31,Soybean,5430.38
2026-01-02,Soybean,5300.671157684631
2026-02-02,Soybean,5530.3512642205205
2026-03-02,Soybean,5446.877016638584
2026-04-02,Soybean,5578.50471303847
2026-05-02,Soybean,5520.3316535365775
2026-06-02,Soybean,5534.281246265873
2026-07-02,Soybean,5463.989408017489
2026-08-02,Soybean,5473.796324655436
2026-09-02,Soybean,5192.868527362587
2026-10-02,Soybean,5082.829462589841
2026-11-02,Soybean,5031.849867621866
2026-12-02,Soybean,5015.1670706242085
2026-02-13,Soybean,5179.313784929627
2026-02-14,Soybean,5203.22219472401
2026-02-15,Soybean,4892.11356466877
2026-02-16,Soybean,5071.1248853220495
2026-02-17,Soybean,5101.366881957962
2026-02-18,Soybean,5162.495575873765
2026-02-19,Soybean,4985.542752701844
2026-02-20,Soybean,5126.651024952718
2026-02-21,Soybean,5043.642061119092
2026-02-22,Soybean,4541.313524590164
2026-02-23,Soybean,5017.327401910276
2026-02-24,Soybean,4990.544257706767
2026-02-25,Soybean,5022.6891646754775
2026-02-26,Soybean,4996.689284921007
2026-02-27,Soybean,5012.786660354091
2026-02-28,Soybean,4990.269498331542
2026-01-03,Soybean,4678.554301833568
2026-02-03,Soybean,5140.494274104175
2026-03-03,Soybean,5003.553299492386
2026-04-03,Soybean,5086.274573382387
2026-05-03,Soybean,5194.904883336394
2026-06-03,Soybean,5147.855642037564
2026-07-03,Soybean,5218.300738063265
2026-08-03,Soybean,5300.0
2026-09-03,Soybean,5376.006186106898
2026-10-03,Soybean,5283.776309260249
2026-11-03,Soybean,5141.606748947748
2026-12-03,Soybean,5339.952228840223
2026-03-13,Soybean,5304.259059225164
2026-03-14,Soybean,5213.640705179183
2026-03-15,Soybean,5033.784355179703
2026-03-16,Soybean,5246.308663853546
2026-03-17,Soybean,5111.057049997957
2026-03-18,Soybean,5173.121559922572
2026-03-19,Soybean,5348.347002174588
2026-03-20,Soybean,5326.682546189064
2026-03-21,Soybean,5162.5168422870975
2026-03-22,Soybean,5043.765595463138
2026-03-23,Soybean,5313.856759853517
2026-03-24,Soybean,5306.262002836793
2026-03-25,Soybean,5258.4085603596
2026-03-26,Soybean,5015.333333333333
2026-03-27,Soybean,5262.877340269774
2026-03-28,Soybean,5424.407656155481
2026-03-29,Soybean,5343.28922495274
2026-03-30,Soybean,5070.183811793516
2026-03-31,Soybean,4921.399880968126
2026-01-04,Soybean,5550.156518710408
2026-02-04,Soybean,5424.924875311722
2026-03-04,Soybean,5485.105606862341
2026-04-04,Soybean,5486.192244812869
2026-05-04,Soybean,5359.829861111111
2026-06-04,Soybean,5287.271596960543
2026-07-04,Soybean,5301.5735795217615
2026-08-04,Soybean,5409.9320552171375
2026-09-04,Soybean,5381.306553001215
2026-10-04,Soybean,5298.959202562449
2026-11-04,Soybean,5258.013503534127
2026-12-04,Soybean,5063.407407407408
2026-04-13,Soybean,5426.926811162039
2026-04-14,Soybean,5043.122432210353
2026-04-15,Soybean,5367.793389956983
2026-04-16,Soybean,5404.737267488322
2026-04-17,Soybean,5313.683322572892
2026-04-18,Soybean,5439.376862296278
2026-04-19,Soybean,5050.0
2026-04-20,Soybean,5414.074200663712
2026-04-21,Soybean,5434.22922819777
2026-04-22,Soybean,5556.112403888252
2026-04-23,Soybean,5555.757631780217
2026-04-24,Soybean,5687.924279315721
2026-04-25,Soybean,5830.884539782925
2026-04-26,Soybean,5559.617972010804
2026-04-27,Soybean,5623.936706338086
2026-04-28,Soybean,5786.893741540044
2026-04-29,Soybean,5844.468743528632
2026-04-30,Soybean,5835.140587883586
2026-01-05,Soybean,5236.8663594470045
2026-02-05,Soybean,6037.531495547406
2026-03-05,Soybean,5817.904812549853
2026-04-05,Soybean,6179.978737672296
2026-05-05,Soybean,6293.070046206389
2026-06-05,Soybean,6354.368699326609
2026-07-05,Soybean,6387.195125313762
2026-08-05,Soybean,6434.713985232736
2026-09-05,Soybean,6420.056240290004
2026-10-05,Soybean,6013.003492433061
2026-11-05,Soybean,6610.438002449229
2026-12-05,Soybean,6602.640009722897
2026-05-13,Soybean,7052.397422316385
2026-05-14,Soybean,7011.549527347252
2026-05-15,Soybean,6959.768267148591
2026-05-16,Soybean,6827.546576373212
2026-05-17,Soybean,7003.977687626773
2026-05-18,Soybean,6992.94287353974
2026-05-19,Soybean,7268.835512203565
2026-05-20,Soybean,7259.803443612721
2026-05-21,Soybean,7254.019033533943
2026-05-22,Soybean,7180.714672259699
2026-05-23,Soybean,7268.726402692328
2026-05-24,Soybean,7184.663318986131
2026-05-25,Soybean,7222.007923096382
2026-05-26,Soybean,7105.922095533835
2026-05-27,Soybean,7129.465440433787
2026-05-28,Soybean,7121.464803585553
2026-05-29,Soybean,7014.233550211678
2026-05-30,Soybean,7169.37243955653
2026-05-31,Soybean,7021.118032786884
2026-01-06,Soybean,7175.03563344332
2026-02-06,Soybean,7111.79858986739
2026-03-06,Soybean,6892.018406261464
2026-04-06,Soybean,6669.079030432474
2026-05-06,Soybean,6603.677379891243
2026-06-06,Soybean,6566.013680909447
2026-07-06,Soybean,6083.809523809524
2026-08-06,Soybean,6629.402610623174
2026-09-06,Soybean,6492.861465788407
2026-10-06,Soybean,6565.096105892607
2026-11-06,Soybean,6768.289108313211
2026-12-06,Soybean,6817.177134895808
2026-06-13,Soybean,6830.149912673136
2026-06-14,Soybean,6658.236156351792
2026-06-15,Soybean,6712.237111189465
2026-06-16,Soybean,6650.631484849419
2026-06-17,Soybean,6607.679461276119
2026-06-18,Soybean,6586.055756503201
2026-06-19,Soybean,6857.222978576158
2026-06-20,Soybean,6648.637597198981
2026-06-21,Soybean,6678.669201520914
2026-06-22,Soybean,6718.979013871319
2026-06-23,Soybean,6690.182119391252
2026-06-24,Soybean,6675.465490270117
2026-06-25,Soybean,6638.186867035041
2026-06-26,Soybean,6544.159042553191
2026-06-27,Soybean,6769.637652811735
2026-06-28,Soybean,6423.776223776224
2026-06-29,Soybean,6645.469149531452
2026-06-30,Soybean,6666.651630836604
2021-01-01,Maize,1296.750514857311
2021-02-01,Maize,1313.0051880674448
2021-03-01,Maize,1399.679012345679
2021-04-01,Maize,1285.3588879528222
2021-05-01,Maize,1303.0612629594723
2021-06-01,Maize,1312.9915254237287
2021-07-01,Maize,1679.375
2021-08-01,Maize,1225.0
2021-09-01,Maize,1349.789029535865
2021-10-01,Maize,1400.0
2021-11-01,Maize,1605.6186440677966
2021-12-01,Maize,1220.2666666666669
2021-01-13,Maize,1275.6586572438162
2021-01-14,Maize,1295.8001378359752
2021-01-15,Maize,1235.8423913043478
2021-01-16,Maize,1305.4455040871935
2021-01-17,Maize,1215.75
2021-01-18,Maize,1273.2761835130689
2021-01-19,Maize,1281.951585156058
2021-01-20,Maize,1291.8465260974767
2021-01-21,Maize,1295.551987281399
2021-01-22,Maize,1343.86573816156
2021-01-23,Maize,1334.803807106599
2021-01-24,Maize,1400.5642701525055
2021-01-25,Maize,1309.5623901581723
2021-01-26,Maize,1683.7662337662337
2021-01-27,Maize,1311.4754373687897
2021-01-28,Maize,1316.7039140445129
2021-01-29,Maize,1297.6047655068078
2021-01-30,Maize,1349.7330279050395
2021-01-31,Maize,1431.2930463576158
2021-01-02,Maize,1297.5443265599713
2021-02-02,Maize,1287.1559048428207
2021-03-02,Maize,1279.420854945448
2021-04-02,Maize,1273.6916347731
2021-05-02,Maize,1269.960011936735
2021-06-02,Maize,1284.3395707209686
2021-07-02,Maize,1245.6521739130435
2021-08-02,Maize,1276.504226173127
2021-09-02,Maize,1255.6060862214708
2021-10-02,Maize,1289.804030761071
2021-11-02,Maize,1276.932831136221
2021-12-02,Maize,1290.2420470262794
2021-02-13,Maize,1306.870731707317
2021-02-14,Maize,1244.4600938967135
2021-02-15,Maize,1310.920200462606
2021-02-16,Maize,1291.7804182509506
2021-02-17,Maize,1326.2735813603908
2021-02-18,Maize,1323.4276910435497
2021-02-19,Maize,1174.514598540146
2021-02-20,Maize,1365.6615252784918
2021-02-21,Maize,1286.0759493670887
2021-02-22,Maize,1488.5226130653266
2021-02-23,Maize,1384.12661039538
2021-02-24,Maize,1372.4561403508771
2021-02-25,Maize,1416.5222627737226
2021-02-26,Maize,1410.431793179318
2021-02-27,Maize,1408.6274678111588
2021-02-28,Maize,1340.2325581395348
2021-01-03,Maize,1421.7985581000848
2021-02-03,Maize,1401.852094901565
2021-03-03,Maize,1442.9750135795764
2021-04-03,Maize,1494.5218855218857
2021-05-03,Maize,1468.7515188335358
2021-06-03,Maize,1449.9056420233462
2021-07-03,Maize,1365.0442477876106
2021-08-03,Maize,1439.876216216216
2021-09-03,Maize,1413.436477007015
2021-10-03,Maize,1410.8478818998717
2021-11-03,Maize,1371.3057324840763
2021-12-03,Maize,1412.146570397112
2021-03-13,Maize,1631.664705882353
2021-03-14,Maize,1387.0
2021-03-15,Maize,1395.800332778702
2021-03-16,Maize,1409.4290322580646
2021-03-17,Maize,1352.162162162162
2021-03-18,Maize,1290.9638009049777
2021-03-19,Maize,1303.039660056657
2021-03-20,Maize,1394.8045325779035
2021-03-21,Maize,1360.0
2021-03-22,Maize,1411.9308681672026
2021-03-23,Maize,1349.4332688588008
2021-03-24,Maize,1454.6985294117646
2021-03-25,Maize,1387.8602305475504
2021-03-26,Maize,1352.1980676328503
2021-03-27,Maize,1493.2287390029326
2021-03-28,Maize,1425.0
2021-03-29,Maize,1457.5
2021-03-30,Maize,1388.8478260869565
2021-03-31,Maize,1345.3193277310925
2021-01-04,Maize,1343.175084175084
2021-02-04,Maize,1355.7
2021-03-04,Maize,1299.031798245614
2021-04-04,Maize,1424.5934959349593
2021-05-04,Maize,1409.6608846487425
2021-06-04,Maize,1385.3168202764978
2021-07-04,Maize,1397.9038686987103
2021-08-04,Maize,1377.3144611186904
2021-09-04,Maize,1379.6789437109103
2021-10-04,Maize,1542.5776397515529
2021-11-04,Maize,1366.0
2021-12-04,Maize,1387.8631705846897
2021-04-13,Maize,1413.8257261410788
2021-04-14,Maize,1526.057142857143
2021-04-15,Maize,1430.637101811368
2021-04-16,Maize,1436.4170681348933
2021-04-17,Maize,1480.855789473684
2021-04-18,Maize,1404.6511627906978
2021-04-19,Maize,1477.436507936508
2021-04-20,Maize,1483.0130813953488
2021-04-21,Maize,1548.6387434554974
2021-04-22,Maize,1527.068261376896
2021-04-23,Maize,1514.2426390403489
2021-04-24,Maize,1500.7434210526317
2021-04-25,Maize,1459.357142857143
2021-04-26,Maize,1504.6304464766004
2021-04-27,Maize,1445.3367346938776
2021-04-28,Maize,1466.592972181552
2021-04-29,Maize,1439.215582893966
2021-04-30,Maize,1443.7252141982865
2021-01-05,Maize,1439.1891891891892
2021-02-05,Maize,1476.457894736842
2021-03-05,Maize,1460.149299474606
2021-04-05,Maize,1454.9813602015113
2021-05-05,Maize,1453.3689862542956
2021-06-05,Maize,1449.337889557135
2021-07-05,Maize,1462.2834046600094
2021-08-05,Maize,1458.1874386653585
2021-09-05,Maize,1488.0530973451328
2021-10-05,Maize,1478.594017094017
2021-11-05,Maize,1472.2545454545457
2021-12-05,Maize,1478.1618357487923
2021-05-13,Maize,1427.4205533596837
2021-05-14,Maize,1413.252427184466
2021-05-15,Maize,1395.97703180212
2021-05-16,Maize,1460.0
2021-05-17,Maize,1447.2319801159902
2021-05-18,Maize,1477.210717529519
2021-05-19,Maize,1482.1073131955484
2021-05-20,Maize,1468.6477272727273
2021-05-21,Maize,1425.014705882353
2021-05-22,Maize,1440.2021276595744
2021-05-23,Maize,1450.0
2021-05-24,Maize,1540.027397260274
2021-05-25,Maize,1469.1699429296132
2021-05-26,Maize,1555.522480620155
2021-05-27,Maize,1509.0772303595206
2021-05-28,Maize,1494.2197802197802
2021-05-29,Maize,1518.236338797814
2021-05-30,Maize,1465.891891891892
2021-05-31,Maize,1521.7158154859967
2021-01-06,Maize,1508.7598978288634
2021-02-06,Maize,1528.0495356037152
2021-03-06,Maize,1527.007619047619
2021-04-06,Maize,1517.7808510638297
2021-05-06,Maize,1533.2820512820513
2021-06-06,Maize,1517.6470588235295
2021-07-06,Maize,1571.6789772727273
2021-08-06,Maize,1566.0345821325648
2021-09-06,Maize,1591.112121212121
2021-10-06,Maize,1604.8152424942264
2021-11-06,Maize,1607.0193905817175
2021-12-06,Maize,1710.2985074626863
2021-06-13,Maize,1645.6315789473683
2021-06-14,Maize,1584.0796963946868
2021-06-15,Maize,1665.199460916442
2021-06-16,Maize,1645.1508771929823
2021-06-17,Maize,1652.90332326284
2021-06-18,Maize,1619.958041958042
2021-06-19,Maize,1728.029197080292
2021-06-20,Maize,1682.5471698113208
2021-06-21,Maize,1643.6809210526317
2021-06-22,Maize,1754.5248756218905
2021-06-23,Maize,1754.0719602977667
2021-06-24,Maize,1810.2900943396223
2021-06-25,Maize,1793.8850174216027
2021-06-26,Maize,1811.8630952380952
2021-06-27,Maize,1700.0
2021-06-28,Maize,1793.1486068111456
2021-06-29,Maize,1798.6491228070176
2021-06-30,Maize,1757.8392857142858
2021-01-07,Maize,1764.8129496402878
2021-02-07,Maize,1829.485207100592
2021-03-07,Maize,1797.9239130434785
2021-04-07,Maize,1775.0
2021-05-07,Maize,1799.452380952381
2021-06-07,Maize,1878.9105691056911
2021-07-07,Maize,1753.2535211267605
2021-08-07,Maize,1861.512
2021-09-07,Maize,1893.657894736842
2021-10-07,Maize,1930.8867924528304
2021-12-07,Maize,1833.3522727272727
2021-07-13,Maize,1765.9583333333333
2021-07-14,Maize,1804.1206896551723
2021-07-15,Maize,1857.8
2021-07-16,Maize,1735.5454545454545
2021-07-17,Maize,1839.631067961165
2021-07-18,Maize,1897.4
2021-07-19,Maize,1828.5
2021-07-20,Maize,1795.3846153846157
2021-07-21,Maize,2085.2631578947367
2021-07-22,Maize,1873.225806451613
2021-07-23,Maize,1789.6813186813188
2021-07-24,Maize,1809.025
2021-07-25,Maize,1940.0
2021-07-26,Maize,1839.044776119403
2021-07-27,Maize,1875.637362637363
2021-07-28,Maize,1793.0310559006211
2021-07-29,Maize,1801.9276315789475
2021-07-30,Maize,1772.1323529411766
2021-07-31,Maize,1864.0
2021-01-08,Maize,1781.578947368421
2021-02-08,Maize,1801.783783783784
2021-03-08,Maize,1950.9
2021-04-08,Maize,1843.6666666666667
2021-05-08,Maize,1820.3958333333333
2021-06-08,Maize,1848.914893617021
2021-07-08,Maize,1979.4183673469388
2021-08-08,Maize,1785.9375
2021-09-08,Maize,1834.3164556962024
2021-10-08,Maize,1955.481132075472
2021-11-08,Maize,1503.5436893203882
2021-12-08,Maize,1921.1968503937007
2021-08-13,Maize,1881.65625
2021-08-14,Maize,2763.0
2021-08-16,Maize,1973.397727272728
2021-08-17,Maize,1769.428571428571
2021-08-18,Maize,1893.5
2021-08-19,Maize,1940.9722222222224
2021-08-20,Maize,1942.3030303030305
2021-08-21,Maize,1929.915254237288
2021-08-23,Maize,1894.135593220339
2021-08-24,Maize,1926.0
2021-08-25,Maize,1865.9545454545453
2021-08-26,Maize,1836.7945205479448
2021-08-27,Maize,1790.5416666666667
2021-08-28,Maize,2914.495652173913
2021-08-29,Maize,1708.3333333333333
2021-08-30,Maize,1901.692307692308
2021-08-31,Maize,1927.142857142857
2021-01-09,Maize,1732.6296296296296
2021-02-09,Maize,1956.151079136691
2021-03-09,Maize,1799.137254901961
2021-04-09,Maize,1989.6615384615384
2021-05-09,Maize,1666.6666666666667
2021-06-09,Maize,2126.904761904762
2021-07-09,Maize,1951.622641509434
2021-08-09,Maize,1899.7792207792209
2021-09-09,Maize,1842.6382978723404
2021-10-09,Maize,1760.0
2021-11-09,Maize,1763.0
2021-12-09,Maize,1750.0
2021-09-13,Maize,1616.7125
2021-09-14,Maize,1805.1447368421047
2021-09-15,Maize,1707.2626262626263
2021-09-16,Maize,1673.8878504672898
2021-09-17,Maize,1786.358208955224
2021-09-18,Maize,1575.287037037037
2021-09-20,Maize,1665.0207100591715
2021-09-21,Maize,1355.0407523510971
2021-09-22,Maize,1453.111111111111
2021-09-23,Maize,1486.8265306122448
2021-09-24,Maize,1434.2841530054643
2021-09-25,Maize,1665.6896551724135
2021-09-26,Maize,1778.3333333333333
2021-09-27,Maize,1608.1542416452442
2021-09-28,Maize,1552.960396039604
2021-09-29,Maize,1587.354838709677
2021-09-30,Maize,1584.1502590673574
2021-01-10,Maize,1503.755263157895
2021-02-10,Maize,1955.2631578947369
2021-03-10,Maize,1687.8947368421052
2021-04-10,Maize,1540.8706786171574
2021-05-10,Maize,1540.9448160535117
2021-06-10,Maize,1419.095238095238
2021-07-10,Maize,1558.5028735632184
2021-08-10,Maize,1533.2537067545304
2021-09-10,Maize,1569.2570888468808
2021-10-10,Maize,1590.6641791044776
2021-11-10,Maize,1363.9831932773109
2021-12-10,Maize,1554.0025624599616
2021-10-13,Maize,1517.641749723145
2021-10-14,Maize,1505.5061494796594
2021-10-15,Maize,1512.2259259259258
2021-10-16,Maize,1550.5986301369862
2021-10-17,Maize,1521.15
2021-10-18,Maize,1571.753711790393
2021-10-19,Maize,1566.3636363636365
2021-10-20,Maize,1571.797078931013
2021-10-21,Maize,1567.1479015918958
2021-10-22,Maize,1527.6493192133132
2021-10-23,Maize,1528.6533135509396
2021-10-24,Maize,1552.929104477612
2021-10-25,Maize,1541.1616757846243
2021-10-26,Maize,1433.9126390293225
2021-10-27,Maize,1439.6667205169629
2021-10-28,Maize,1510.4720105509964
2021-10-29,Maize,1472.9973627055538
2021-10-30,Maize,1481.5377866400795
2021-10-31,Maize,1590.3646496815286
2021-01-11,Maize,1443.88
2021-02-11,Maize,1556.132911392405
2021-03-11,Maize,1557.2469135802469
2021-04-11,Maize,1500.0
2021-05-11,Maize,1563.3063457330416
2021-06-11,Maize,1500.842105263158
2021-07-11,Maize,1413.029411764706
2021-08-11,Maize,1517.4192033070274
2021-09-11,Maize,1509.089178987103
2021-10-11,Maize,1525.816295248202
2021-11-11,Maize,1498.4226525557308
2021-12-11,Maize,1510.109554140127
2021-11-13,Maize,1512.102820932134
2021-11-14,Maize,1496.6666666666667
2021-11-15,Maize,1503.333051635257
2021-11-16,Maize,1458.6418716946423
2021-11-17,Maize,1483.6957815867802
2021-11-18,Maize,1505.8741067675494
2021-11-19,Maize,1474.8015384615385
2021-11-20,Maize,1453.643522833178
2021-11-21,Maize,1604.1019417475727
2021-11-22,Maize,1542.546263089944
2021-11-23,Maize,1527.7568306010928
2021-11-24,Maize,1539.2031156381067
2021-11-25,Maize,1547.7007255858214
2021-11-26,Maize,1580.1413257762445
2021-11-27,Maize,1595.993273542601
2021-11-28,Maize,1596.372641509434
2021-11-29,Maize,1609.7454897993591
2021-11-30,Maize,1568.6820137299771
2021-01-12,Maize,1547.8049450549452
2021-02-12,Maize,1547.326299924642
2021-03-12,Maize,1547.3116793365584
2021-04-12,Maize,1540.7339246119734
2021-05-12,Maize,1603.2750809061488
2021-06-12,Maize,1577.5052891396333
2021-07-12,Maize,1594.2819409407923
2021-08-12,Maize,1571.0219147758717
2021-09-12,Maize,1573.2681928635377
2021-10-12,Maize,1579.966587445827
2021-11-12,Maize,1560.8098558809857
2021-12-12,Maize,1510.9115913555993
2021-12-13,Maize,1598.9267690927445
2021-12-14,Maize,1573.0933758978451
2021-12-15,Maize,1575.626325316783
2021-12-16,Maize,1561.1594816525533
2021-12-17,Maize,1562.581164221486
2021-12-18,Maize,1532.290196078431
2021-12-19,Maize,1702.7287581699347
2021-12-20,Maize,1594.96600877193
2021-12-21,Maize,1587.788531278332
2021-12-22,Maize,1588.2988060164366
2021-12-23,Maize,1604.7284221173295
2021-12-24,Maize,1558.479584120983
2021-12-25,Maize,1645.1703617269543
2021-12-26,Maize,1537.2254641909817
2021-12-27,Maize,1606.355665181413
2021-12-28,Maize,1592.5062811092675
2021-12-29,Maize,1600.3721244925575
2021-12-30,Maize,1599.0015978087197
2021-12-31,Maize,1609.675468483816
2022-01-01,Maize,1617.46
2022-02-01,Maize,1582.22
2022-03-01,Maize,1618.81
2022-04-01,Maize,1613.84
2022-05-01,Maize,1619.29
2022-06-01,Maize,1628.34
2022-07-01,Maize,1641.52
2022-08-01,Maize,1629.39
2022-09-01,Maize,1667.97
2022-10-01,Maize,1644.51
2022-11-01,Maize,1655.5
2022-12-01,Maize,1657.53
2022-01-13,Maize,1708.29
2022-01-14,Maize,1699.14
2022-01-15,Maize,1796.64
2022-01-16,Maize,1641.64
2022-01-17,Maize,1757.96
2022-01-18,Maize,1737.18
2022-01-19,Maize,1773.28
2022-01-20,Maize,1881.4
2022-01-21,Maize,1804.53
2022-01-22,Maize,1788.95
2022-01-23,Maize,1812.0
2022-01-24,Maize,1810.22
2022-01-25,Maize,1823.06
2022-01-26,Maize,1730.21
2022-01-27,Maize,1867.99
2022-01-28,Maize,1866.83
2022-01-29,Maize,1883.84
2022-01-30,Maize,1800.0
2022-01-31,Maize,1884.83
2022-01-02,Maize,1841.24
2022-02-02,Maize,1835.24
2022-03-02,Maize,1827.45
2022-04-02,Maize,1822.86
2022-05-02,Maize,1803.49
2022-06-02,Maize,1774.72
2022-07-02,Maize,1819.83
2022-08-02,Maize,1788.36
2022-09-02,Maize,1808.29
2022-10-02,Maize,1825.76
2022-11-02,Maize,1819.82
2022-12-02,Maize,1496.22
2022-02-13,Maize,1794.39
2022-02-14,Maize,1861.29
2022-02-15,Maize,1847.74
2022-02-16,Maize,1882.69
2022-02-17,Maize,1881.13
2022-02-18,Maize,1894.5
2022-02-19,Maize,1883.96
2022-02-20,Maize,1790.82
2022-02-21,Maize,1904.82
2022-02-22,Maize,1861.36
2022-02-23,Maize,1888.65
2022-02-24,Maize,1908.33
2022-02-25,Maize,1903.77
2022-02-26,Maize,1974.48
2022-02-27,Maize,1917.37
2022-02-28,Maize,1977.69
2022-01-03,Maize,2003.71
2022-02-03,Maize,2025.74
2022-03-03,Maize,1998.42
2022-04-03,Maize,2018.43
2022-05-03,Maize,2066.38
2022-06-03,Maize,1848.27
2022-07-03,Maize,2065.96
2022-08-03,Maize,2048.74
2022-09-03,Maize,2166.27
2022-10-03,Maize,2134.98
2022-11-03,Maize,2133.33
2022-12-03,Maize,2178.9
2022-03-13,Maize,2096.7
2022-03-14,Maize,2201.01
2022-03-15,Maize,2099.17
2022-03-16,Maize,2141.86
2022-03-17,Maize,2135.21
2022-03-18,Maize,2099.4
2022-03-19,Maize,2109.05
2022-03-20,Maize,2002.99
2022-03-21,Maize,2089.09
2022-03-22,Maize,1956.99
2022-03-23,Maize,2044.51
2022-03-24,Maize,2058.97
2022-03-25,Maize,2005.76
2022-03-26,Maize,2047.31
2022-03-27,Maize,1802.78
2022-03-28,Maize,2022.72
2022-03-29,Maize,1998.47
2022-03-30,Maize,2040.08
2022-03-31,Maize,1979.57
2022-01-04,Maize,2101.17
2022-02-04,Maize,2164.37
2022-03-04,Maize,2063.77
2022-04-04,Maize,1975.31
2022-05-04,Maize,2024.91
2022-06-04,Maize,2111.87
2022-07-04,Maize,2130.74
2022-08-04,Maize,2191.66
2022-09-04,Maize,2087.24
2022-10-04,Maize,2195.3
2022-11-04,Maize,2194.56
2022-12-04,Maize,2188.38
2022-04-13,Maize,2253.49
2022-04-14,Maize,2288.1
2022-04-15,Maize,2246.62
2022-04-16,Maize,2249.63
2022-04-17,Maize,2159.84
2022-04-18,Maize,2273.37
2022-04-19,Maize,2242.51
2022-04-20,Maize,2236.64
2022-04-21,Maize,2173.9
2022-04-22,Maize,2165.12
2022-04-23,Maize,2177.35
2022-04-24,Maize,2086.58
2022-04-25,Maize,2172.17
2022-04-26,Maize,2133.13
2022-04-27,Maize,2186.96
2022-04-28,Maize,2175.06
2022-04-29,Maize,2130.85
2022-04-30,Maize,2145.33
2022-01-05,Maize,2193.33
2022-02-05,Maize,2123.45
2022-03-05,Maize,2184.91
2022-04-05,Maize,2116.85
2022-05-05,Maize,2143.01
2022-06-05,Maize,2173.8
2022-07-05,Maize,2131.05
2022-08-05,Maize,2034.05
2022-09-05,Maize,2134.42
2022-10-05,Maize,2156.48
2022-11-05,Maize,2146.23
2022-12-05,Maize,2151.42
2022-05-13,Maize,2209.08
2022-05-14,Maize,2201.5
2022-05-15,Maize,2173.77
2022-05-16,Maize,2040.63
2022-05-17,Maize,2128.27
2022-05-18,Maize,2116.3
2022-05-19,Maize,2150.2
2022-05-20,Maize,2115.46
2022-05-21,Maize,2149.32
2022-05-22,Maize,1937.25
2022-05-23,Maize,2114.63
2022-05-24,Maize,2111.36
2022-05-25,Maize,2103.19
2022-05-26,Maize,2078.12
2022-05-27,Maize,2041.81
2022-05-28,Maize,1976.39
2022-05-29,Maize,1989.47
2022-05-30,Maize,2006.57
2022-05-31,Maize,1990.13
2022-01-06,Maize,1982.47
2022-02-06,Maize,2026.41
2022-03-06,Maize,1989.64
2022-04-06,Maize,2003.89
2022-05-06,Maize,2092.55
2022-06-06,Maize,2044.0
2022-07-06,Maize,2129.31
2022-08-06,Maize,2227.19
2022-09-06,Maize,2227.19
2022-10-06,Maize,2237.22
2022-11-06,Maize,2209.94
2022-12-06,Maize,2177.18
2022-06-13,Maize,2199.08
2022-06-14,Maize,2143.2
2022-06-15,Maize,2201.38
2022-06-16,Maize,2269.22
2022-06-17,Maize,2163.21
2022-06-18,Maize,2156.25
2022-06-19,Maize,2245.0
2022-06-20,Maize,2248.61
2022-06-21,Maize,2215.17
2022-06-22,Maize,2256.62
2022-06-23,Maize,2265.18
2022-06-24,Maize,2220.28
2022-06-25,Maize,2337.78
2022-06-26,Maize,2400.0
2022-06-27,Maize,2280.9
2022-06-28,Maize,2335.33
2022-06-29,Maize,2260.38
2022-06-30,Maize,2259.11
2022-01-07,Maize,2289.01
2022-02-07,Maize,2388.58
2022-03-07,Maize,2488.25
2022-04-07,Maize,2306.27
2022-05-07,Maize,2337.57
2022-06-07,Maize,2311.9
2022-07-07,Maize,2382.44
2022-08-07,Maize,2370.91
2022-09-07,Maize,2351.13
2022-10-07,Maize,2375.14
2022-11-07,Maize,2364.49
2022-12-07,Maize,2340.03
2022-07-13,Maize,2298.84
2022-07-14,Maize,2398.78
2022-07-15,Maize,2339.82
2022-07-16,Maize,2240.7
2022-07-17,Maize,2392.86
2022-07-18,Maize,2393.39
2022-07-19,Maize,2555.09
2022-07-20,Maize,2471.94
2022-07-21,Maize,2172.16
2022-07-22,Maize,2871.36
2022-07-23,Maize,2358.74
2022-07-24,Maize,2409.09
2022-07-25,Maize,2459.03
2022-07-26,Maize,2561.81
2022-07-27,Maize,2310.18
2022-07-28,Maize,2415.63
2022-07-29,Maize,2606.15
2022-07-30,Maize,2347.12
2022-07-31,Maize,2400.5
2022-01-08,Maize,2430.46
2022-02-08,Maize,2224.75
2022-03-08,Maize,2494.1
2022-04-08,Maize,2443.35
2022-05-08,Maize,2286.25
2022-06-08,Maize,2085.83
2022-07-08,Maize,2339.47
2022-08-08,Maize,2229.97
2022-09-08,Maize,2473.64
2022-10-08,Maize,2390.13
2022-11-08,Maize,2459.89
2022-12-08,Maize,2476.25
2022-08-13,Maize,2438.74
2022-08-14,Maize,2375.0
2022-08-15,Maize,2400.0
2022-08-16,Maize,2695.64
2022-08-17,Maize,2432.01
2022-08-18,Maize,2479.12
2022-08-19,Maize,2369.46
2022-08-20,Maize,2660.55
2022-08-21,Maize,2482.5
2022-08-22,Maize,2521.41
2022-08-23,Maize,2591.99
2022-08-24,Maize,2543.81
2022-08-25,Maize,2376.54
2022-08-26,Maize,2540.0
2022-08-27,Maize,2361.0
2022-08-28,Maize,2400.0
2022-08-29,Maize,2433.05
2022-08-30,Maize,2463.54
2022-01-09,Maize,2130.41
2022-02-09,Maize,2242.15
2022-03-09,Maize,2427.29
2022-04-09,Maize,2456.82
2022-05-09,Maize,2662.08
2022-06-09,Maize,2335.18
2022-07-09,Maize,2570.48
2022-08-09,Maize,2478.12
2022-09-09,Maize,2318.75
2022-10-09,Maize,2281.3
2022-11-09,Maize,2400.0
2022-12-09,Maize,2654.77
2022-09-13,Maize,2769.13
2022-09-14,Maize,2110.65
2022-09-15,Maize,2570.41
2022-09-16,Maize,2850.72
2022-09-17,Maize,2681.61
2022-09-18,Maize,2350.0
2022-09-19,Maize,2675.23
2022-09-20,Maize,2227.22
2022-09-21,Maize,2103.94
2022-09-22,Maize,2304.27
2022-09-23,Maize,2345.23
2022-09-24,Maize,2084.25
2022-09-25,Maize,2400.96
2022-09-26,Maize,2090.89
2022-09-27,Maize,2019.74
2022-09-28,Maize,1760.21
2022-09-29,Maize,1982.87
2022-09-30,Maize,2164.96
2022-01-10,Maize,2092.72
2022-02-10,Maize,2097.56
2022-03-10,Maize,1931.3
2022-04-10,Maize,1978.92
2022-05-10,Maize,2000.63
2022-06-10,Maize,1942.9
2022-07-10,Maize,1835.25
2022-08-10,Maize,2018.83
2022-09-10,Maize,2057.07
2022-10-10,Maize,1904.4
2022-11-10,Maize,1879.27
2022-12-10,Maize,1920.49
2022-10-13,Maize,1800.56
2022-10-14,Maize,1914.3
2022-10-15,Maize,1875.84
2022-10-16,Maize,1938.52
2022-10-17,Maize,1893.14
2022-10-18,Maize,1899.26
2022-10-19,Maize,1816.67
2022-10-20,Maize,1810.61
2022-10-21,Maize,1862.31
2022-10-22,Maize,2054.46
2022-10-23,Maize,1807.27
2022-10-24,Maize,1934.85
2022-10-25,Maize,1974.71
2022-10-26,Maize,2005.35
2022-10-27,Maize,1834.45
2022-10-28,Maize,1899.22
2022-10-29,Maize,1923.65
2022-10-30,Maize,2003.34
2022-10-31,Maize,1875.65
2022-01-11,Maize,1774.92
2022-02-11,Maize,1832.5
2022-03-11,Maize,1858.38
2022-04-11,Maize,1831.45
2022-05-11,Maize,1900.44
2022-06-11,Maize,1894.97
2022-07-11,Maize,1951.7
2022-08-11,Maize,1921.35
2022-09-11,Maize,1936.67
2022-10-11,Maize,1925.25
2022-11-11,Maize,1878.86
2022-12-11,Maize,1928.58
2022-11-13,Maize,2037.6
2022-11-14,Maize,1953.57
2022-11-15,Maize,1969.05
2022-11-16,Maize,1926.98
2022-11-17,Maize,1962.43
2022-11-18,Maize,1958.68
2022-11-19,Maize,1885.93
2022-11-20,Maize,1909.23
2022-11-21,Maize,2014.06
2022-11-22,Maize,1984.52
2022-11-23,Maize,2012.62
2022-11-24,Maize,1994.83
2022-11-25,Maize,1996.1
2022-11-26,Maize,1957.89
2022-11-27,Maize,1736.13
2022-11-28,Maize,1965.89
2022-11-29,Maize,1993.77
2022-11-30,Maize,1962.1
2022-01-12,Maize,1995.54
2022-02-12,Maize,2005.08
2022-03-12,Maize,2000.39
2022-04-12,Maize,2035.85
2022-05-12,Maize,1999.73
2022-06-12,Maize,2064.46
2022-07-12,Maize,1998.02
2022-08-12,Maize,2036.81
2022-09-12,Maize,2011.78
2022-10-12,Maize,2005.33
2022-11-12,Maize,2094.84
2022-12-12,Maize,2026.04
2022-12-13,Maize,2001.09
2022-12-14,Maize,1994.92
2022-12-15,Maize,2020.68
2022-12-16,Maize,2045.44
2022-12-17,Maize,2059.84
2022-12-18,Maize,1869.4
2022-12-19,Maize,2064.16
2022-12-20,Maize,2100.44
2022-12-21,Maize,2085.85
2022-12-22,Maize,2097.19
2022-12-23,Maize,2115.86
2022-12-24,Maize,2077.01
2022-12-25,Maize,2083.96
2022-12-26,Maize,2121.83
2022-12-27,Maize,2056.68
2022-12-28,Maize,2087.69
2022-12-29,Maize,2093.57
2022-12-30,Maize,2095.92
2022-12-31,Maize,2077.22
2023-01-01,Maize,2029.12
2023-02-01,Maize,2125.24
2023-03-01,Maize,2111.79
2023-04-01,Maize,2130.45
2023-05-01,Maize,2109.09
2023-06-01,Maize,2130.51
2023-07-01,Maize,1474.9
2023-08-01,Maize,1825.0
2023-09-01,Maize,2140.88
2023-10-01,Maize,2071.08
2023-11-01,Maize,2174.05
2023-12-01,Maize,2111.53
2023-01-13,Maize,2109.37
2023-01-14,Maize,2081.37
2023-01-15,Maize,2104.78
2023-01-16,Maize,2132.02
2023-01-17,Maize,2103.5
2023-01-18,Maize,2117.34
2023-01-19,Maize,2183.9
2023-01-20,Maize,2253.04
2023-01-21,Maize,2153.13
2023-01-22,Maize,2067.31
2023-01-23,Maize,2107.57
2023-01-24,Maize,2100.83
2023-01-25,Maize,2079.58
2023-01-26,Maize,2050.0
2023-01-27,Maize,2109.41
2023-01-28,Maize,2140.1
2023-01-29,Maize,1987.5
2023-01-30,Maize,2089.21
2023-01-31,Maize,2081.68
2023-01-02,Maize,2038.37
2023-02-02,Maize,2101.49
2023-03-02,Maize,2070.7
2023-04-02,Maize,2086.23
2023-05-02,Maize,2007.29
2023-06-02,Maize,2109.1
2023-07-02,Maize,2098.26
2023-08-02,Maize,2097.78
2023-09-02,Maize,2089.01
2023-10-02,Maize,2114.65
2023-11-02,Maize,2111.98
2023-12-02,Maize,1980.32
2023-02-13,Maize,2131.43
2023-02-14,Maize,2078.66
2023-02-15,Maize,2051.84
2023-02-16,Maize,2079.37
2023-02-17,Maize,2102.51
2023-02-18,Maize,2398.27
2023-02-19,Maize,2086.23
2023-02-20,Maize,2089.05
2023-02-21,Maize,1694.52
2023-02-22,Maize,2083.85
2023-02-23,Maize,2091.41
2023-02-24,Maize,2061.33
2023-02-25,Maize,2070.39
2023-02-26,Maize,2005.6
2023-02-27,Maize,2057.77
2023-02-28,Maize,2027.37
2023-01-03,Maize,2055.97
2023-02-03,Maize,2052.75
2023-03-03,Maize,2010.22
2023-04-03,Maize,2042.52
2023-05-03,Maize,2053.79
2023-06-03,Maize,2134.21
2023-07-03,Maize,1816.1
2023-08-03,Maize,2147.65
2023-09-03,Maize,2036.27
2023-10-03,Maize,2049.66
2023-11-03,Maize,2069.15
2023-12-03,Maize,2173.54
2023-03-13,Maize,2087.83
2023-03-14,Maize,2049.5
2023-03-15,Maize,1996.84
2023-03-16,Maize,2005.29
2023-03-17,Maize,2049.07
2023-03-18,Maize,2044.01
2023-03-19,Maize,1940.41
2023-03-20,Maize,2200.86
2023-03-21,Maize,2002.66
2023-03-22,Maize,2021.78
2023-03-23,Maize,2021.33
2023-03-24,Maize,1994.0
2023-03-25,Maize,2084.51
2023-03-26,Maize,2044.42
2023-03-27,Maize,2065.98
2023-03-28,Maize,2043.32
2023-03-29,Maize,2054.74
2023-03-30,Maize,1974.27
2023-03-31,Maize,2046.14
2023-01-04,Maize,2055.54
2023-02-04,Maize,1993.73
2023-03-04,Maize,2010.49
2023-04-04,Maize,2154.64
2023-05-04,Maize,1989.19
2023-06-04,Maize,1892.06
2023-07-04,Maize,2144.81
2023-08-04,Maize,2063.45
2023-09-04,Maize,1972.07
2023-10-04,Maize,2187.82
2023-11-04,Maize,1992.55
2023-12-04,Maize,1949.7
2023-04-13,Maize,2017.33
2023-04-14,Maize,2193.43
2023-04-15,Maize,1982.19
2023-04-16,Maize,2027.06
2023-04-17,Maize,1864.48
2023-04-18,Maize,1894.77
2023-04-19,Maize,1893.91
2023-04-20,Maize,1926.58
2023-04-21,Maize,1944.99
2023-04-22,Maize,2006.57
2023-04-23,Maize,1925.61
2023-04-24,Maize,1848.34
2023-04-25,Maize,1807.65
2023-04-26,Maize,1744.58
2023-04-27,Maize,1743.63
2023-04-28,Maize,1886.74
2023-04-29,Maize,1813.8
2023-04-30,Maize,1769.4
2023-01-05,Maize,1807.53
2023-02-05,Maize,1726.54
2023-03-05,Maize,1947.48
2023-04-05,Maize,1800.0
2023-05-05,Maize,1808.87
2023-06-05,Maize,1743.9
2023-07-05,Maize,1702.32
2023-08-05,Maize,1706.57
2023-09-05,Maize,1712.87
2023-10-05,Maize,1677.6
2023-11-05,Maize,1737.25
2023-12-05,Maize,1652.8
2023-05-13,Maize,1669.87
2023-05-14,Maize,1756.22
2023-05-15,Maize,1696.13
2023-05-16,Maize,1702.59
2023-05-17,Maize,1725.13
2023-05-18,Maize,1775.81
2023-05-19,Maize,1661.95
2023-05-20,Maize,1686.34
2023-05-21,Maize,1721.83
2023-05-22,Maize,1717.3
2023-05-23,Maize,1715.31
2023-05-24,Maize,1772.93
2023-05-25,Maize,1709.34
2023-05-26,Maize,1693.31
2023-05-27,Maize,1698.57
2023-05-28,Maize,1838.79
2023-05-29,Maize,1734.0
2023-05-30,Maize,1696.93
2023-05-31,Maize,1728.98
2023-01-06,Maize,1717.05
2023-02-06,Maize,1698.78
2023-03-06,Maize,1807.85
2023-04-06,Maize,1646.78
2023-05-06,Maize,1820.08
2023-06-06,Maize,1808.52
2023-07-06,Maize,1765.51
2023-08-06,Maize,1805.91
2023-09-06,Maize,1796.62
2023-10-06,Maize,1795.27
2023-11-06,Maize,1826.96
2023-12-06,Maize,1927.8
2023-06-13,Maize,1870.98
2023-06-14,Maize,1990.17
2023-06-15,Maize,1823.08
2023-06-16,Maize,1882.17
2023-06-17,Maize,1878.48
2023-06-18,Maize,1869.88
2023-06-19,Maize,1960.41
2023-06-20,Maize,1982.06
2023-06-21,Maize,2045.23
2023-06-22,Maize,2014.81
2023-06-23,Maize,1885.39
2023-06-24,Maize,2013.36
2023-06-25,Maize,1891.62
2023-06-26,Maize,2212.09
2023-06-27,Maize,2159.85
2023-06-28,Maize,2288.86
2023-06-29,Maize,2014.59
2023-06-30,Maize,2283.97
2023-01-07,Maize,2083.11
2023-02-07,Maize,2046.67
2023-03-07,Maize,2336.22
2023-04-07,Maize,2203.73
2023-05-07,Maize,2247.68
2023-06-07,Maize,2067.39
2023-07-07,Maize,2171.85
2023-08-07,Maize,2371.13
2023-09-07,Maize,1854.69
2023-10-07,Maize,2105.31
2023-11-07,Maize,2342.03
2023-12-07,Maize,2046.72
2023-07-13,Maize,2467.3
2023-07-14,Maize,1968.51
2023-07-15,Maize,2176.21
2023-07-16,Maize,1830.05
2023-07-17,Maize,2011.82
2023-07-18,Maize,2322.06
2023-07-19,Maize,1965.77
2023-07-20,Maize,2034.78
2023-07-21,Maize,2178.37
2023-07-22,Maize,2522.94
2023-07-23,Maize,1778.28
2023-07-24,Maize,2063.67
2023-07-25,Maize,2677.37
2023-07-26,Maize,2406.96
2023-07-27,Maize,2375.14
2023-07-28,Maize,2645.15
2023-07-29,Maize,2765.02
2023-07-30,Maize,2137.3
2023-07-31,Maize,2333.59
2023-01-08,Maize,2390.82
2023-02-08,Maize,2124.54
2023-03-08,Maize,2675.65
2023-04-08,Maize,2141.28
2023-05-08,Maize,2807.66
2023-06-08,Maize,2123.44
2023-07-08,Maize,2598.2
2023-08-08,Maize,2230.08
2023-09-08,Maize,2499.24
2023-10-08,Maize,2162.21
2023-11-08,Maize,2227.51
2023-12-08,Maize,2520.86
2023-08-13,Maize,2233.1
2023-08-14,Maize,2199.1
2023-08-15,Maize,2170.0
2023-08-16,Maize,3574.71
2023-08-17,Maize,2742.37
2023-08-18,Maize,2197.98
2023-08-19,Maize,2107.64
2023-08-20,Maize,1882.86
2023-08-21,Maize,2210.57
2023-08-22,Maize,2569.13
2023-08-23,Maize,2739.67
2023-08-24,Maize,2293.28
2023-08-25,Maize,2343.29
2023-08-26,Maize,2307.34
2023-08-27,Maize,2051.92
2023-08-28,Maize,2379.23
2023-08-29,Maize,2638.56
2023-08-30,Maize,3630.0
2023-08-31,Maize,2123.49
2023-01-09,Maize,2503.02
2023-02-09,Maize,2197.71
2023-03-09,Maize,2131.25
2023-04-09,Maize,2721.18
2023-05-09,Maize,2774.64
2023-06-09,Maize,2986.11
2023-07-09,Maize,2070.8
2023-08-09,Maize,3190.39
2023-09-09,Maize,2876.35
2023-10-09,Maize,2147.06
2023-11-09,Maize,2847.22
2023-12-09,Maize,2436.93
2023-09-13,Maize,2595.26
2023-09-14,Maize,2249.18
2023-09-15,Maize,2557.0
2023-09-16,Maize,2435.99
2023-09-17,Maize,2155.85
2023-09-18,Maize,2159.58
2023-09-19,Maize,1964.28
2023-09-20,Maize,3265.07
2023-09-21,Maize,2352.92
2023-09-22,Maize,3035.14
2023-09-23,Maize,2933.38
2023-09-24,Maize,2186.17
2023-09-25,Maize,2069.99
2023-09-26,Maize,2934.04
2023-09-27,Maize,2880.43
2023-09-29,Maize,2070.72
2023-09-30,Maize,2064.04
2023-01-10,Maize,2045.0
2023-02-10,Maize,1994.32
2023-03-10,Maize,2249.26
2023-04-10,Maize,2352.07
2023-05-10,Maize,2084.5
2023-06-10,Maize,1916.5
2023-07-10,Maize,2209.25
2023-08-10,Maize,1936.17
2023-09-10,Maize,1965.67
2023-10-10,Maize,2104.27
2023-11-10,Maize,1915.27
2023-12-10,Maize,1977.27
2023-10-13,Maize,1817.85
2023-10-14,Maize,2882.85
2023-10-15,Maize,1806.64
2023-10-16,Maize,1847.63
2023-10-17,Maize,1779.57
2023-10-18,Maize,1725.09
2023-10-19,Maize,1806.07
2023-10-20,Maize,1792.93
2023-10-21,Maize,1931.59
2023-10-22,Maize,2036.31
2023-10-23,Maize,1972.27
2023-10-24,Maize,2210.65
2023-10-25,Maize,1966.35
2023-10-26,Maize,1977.36
2023-10-27,Maize,1982.81
2023-10-28,Maize,2191.88
2023-10-29,Maize,2062.88
2023-10-30,Maize,2019.73
2023-10-31,Maize,1959.26
2023-01-11,Maize,2064.8
2023-02-11,Maize,2033.1
2023-03-11,Maize,1996.49
2023-04-11,Maize,2073.94
2023-06-11,Maize,2104.28
2023-07-11,Maize,2054.89
2023-08-11,Maize,2098.37
2023-09-11,Maize,2074.19
2023-10-11,Maize,2222.97
2023-11-11,Maize,2060.25
2023-12-11,Maize,2000.0
2023-11-13,Maize,2118.98
2023-11-14,Maize,2147.52
2023-11-15,Maize,2120.48
2023-11-16,Maize,2085.39
2023-11-17,Maize,2161.83
2023-11-18,Maize,2170.06
2023-11-19,Maize,2095.16
2023-11-20,Maize,2131.41
2023-11-21,Maize,2153.04
2023-11-22,Maize,2115.96
2023-11-23,Maize,2098.68
2023-11-24,Maize,2120.65
2023-11-25,Maize,2120.44
2023-11-26,Maize,2118.11
2023-11-27,Maize,2186.47
2023-11-28,Maize,2193.2
2023-11-29,Maize,2123.78
2023-11-30,Maize,2112.9
2023-01-12,Maize,2106.44
2023-02-12,Maize,2224.34
2023-03-12,Maize,2192.93
2023-04-12,Maize,2139.65
2023-05-12,Maize,2142.91
2023-06-12,Maize,2161.07
2023-07-12,Maize,2115.39
2023-08-12,Maize,2184.65
2023-09-12,Maize,2106.34
2023-10-12,Maize,2054.55
2023-11-12,Maize,2157.51
2023-12-12,Maize,2138.11
2023-12-13,Maize,2108.11
2023-12-14,Maize,2110.3
2023-12-15,Maize,2147.29
2023-12-16,Maize,2113.6
2023-12-17,Maize,2067.37
2023-12-18,Maize,2078.34
2023-12-19,Maize,2107.15
2023-12-20,Maize,2082.21
2023-12-21,Maize,2082.36
2023-12-22,Maize,2149.55
2023-12-23,Maize,2048.38
2023-12-24,Maize,2029.63
2023-12-25,Maize,2051.08
2023-12-26,Maize,2079.72
2023-12-27,Maize,2069.83
2023-12-28,Maize,2116.69
2023-12-29,Maize,2109.27
2023-12-30,Maize,2089.48
2023-12-31,Maize,2079.22
2024-01-01,Maize,2107.03
2024-02-01,Maize,2092.6
2024-03-01,Maize,2115.7
2024-04-01,Maize,2098.15
2024-05-01,Maize,2136.15
2024-06-01,Maize,2106.42
2024-07-01,Maize,2057.43
2024-08-01,Maize,2141.93
2024-09-01,Maize,2117.86
2024-10-01,Maize,2130.23
2024-11-01,Maize,2159.46
2024-12-01,Maize,2163.99
2024-01-13,Maize,2168.35
2024-01-14,Maize,2142.9
2024-01-15,Maize,2245.58
2024-01-16,Maize,2342.02
2024-01-17,Maize,2240.26
2024-01-18,Maize,2263.74
2024-01-19,Maize,2258.2
2024-01-20,Maize,2227.33
2024-01-21,Maize,2100.0
2024-01-22,Maize,2175.52
2024-01-23,Maize,2235.49
2024-01-24,Maize,2256.78
2024-01-25,Maize,2138.46
2024-01-26,Maize,2141.76
2024-01-27,Maize,2177.07
2024-01-28,Maize,2044.0
2024-01-29,Maize,2172.99
2024-01-30,Maize,2146.29
2024-01-31,Maize,2158.89
2024-01-02,Maize,2171.95
2024-02-02,Maize,2164.26
2024-03-02,Maize,2198.8
2024-04-02,Maize,2170.0
2024-05-02,Maize,2206.04
2024-06-02,Maize,2180.31
2024-07-02,Maize,2202.33
2024-08-02,Maize,2179.94
2024-09-02,Maize,2165.75
2024-10-02,Maize,2227.79
2024-11-02,Maize,2135.29
2024-12-02,Maize,2211.89
2024-02-13,Maize,2177.77
2024-02-14,Maize,2170.67
2024-02-15,Maize,2183.51
2024-02-16,Maize,2175.0
2024-02-17,Maize,2145.19
2024-02-18,Maize,2100.0
2024-02-19,Maize,2179.2
2024-02-20,Maize,2128.31
2024-02-21,Maize,2181.8
2024-02-22,Maize,2139.71
2024-02-23,Maize,2133.96
2024-02-24,Maize,2120.59
2024-02-25,Maize,1981.03
2024-02-26,Maize,2355.0
2024-02-27,Maize,2218.5
2024-02-28,Maize,2216.6
2024-02-29,Maize,2145.96
2024-01-03,Maize,2135.3
2024-02-03,Maize,2128.97
2024-03-03,Maize,2029.62
2024-04-03,Maize,2194.66
2024-05-03,Maize,2137.92
2024-06-03,Maize,2147.9
2024-07-03,Maize,2212.81
2024-08-03,Maize,2095.38
2024-09-03,Maize,2090.32
2024-10-03,Maize,2038.67
2024-11-03,Maize,2184.0
2024-12-03,Maize,2255.0
2024-03-13,Maize,2164.89
2024-03-14,Maize,2267.94
2024-03-15,Maize,2205.85
2024-03-16,Maize,2193.97
2024-03-17,Maize,2077.57
2024-03-18,Maize,2125.98
2024-03-19,Maize,2140.6
2024-03-20,Maize,2224.38
2024-03-21,Maize,2132.75
2024-03-22,Maize,2112.64
2024-03-23,Maize,2084.46
2024-03-24,Maize,2136.17
2024-03-25,Maize,2083.44
2024-03-26,Maize,2140.67
2024-03-27,Maize,2136.61
2024-03-28,Maize,2100.97
2024-03-29,Maize,2079.65
2024-03-30,Maize,2208.7
2024-03-31,Maize,2112.09
2024-01-04,Maize,2061.6
2024-02-04,Maize,2186.32
2024-03-04,Maize,2091.67
2024-04-04,Maize,2068.31
2024-05-04,Maize,2005.73
2024-06-04,Maize,2141.14
2024-07-04,Maize,2010.73
2024-08-04,Maize,2064.1
2024-09-04,Maize,2116.58
2024-12-04,Maize,1972.97
2024-04-13,Maize,2046.53
2024-04-14,Maize,1941.84
2024-04-15,Maize,2177.57
2024-04-16,Maize,1952.5
2024-04-19,Maize,2058.71
2024-04-20,Maize,2167.95
2024-04-21,Maize,2108.65
2024-04-22,Maize,2133.43
2024-04-23,Maize,2087.26
2024-04-24,Maize,2128.73
2024-04-25,Maize,1979.72
2024-04-26,Maize,2085.71
2024-04-27,Maize,2158.18
2024-04-28,Maize,1968.71
2024-04-29,Maize,2142.46
2024-04-30,Maize,2084.38
2024-01-05,Maize,1970.77
2024-02-05,Maize,2094.63
2024-03-05,Maize,2085.7
2024-04-05,Maize,2160.62
2024-05-05,Maize,2043.34
2024-06-05,Maize,2118.59
2024-07-05,Maize,2127.77
2024-08-05,Maize,2088.33
2024-09-05,Maize,2169.63
2024-10-05,Maize,2296.12
2024-11-05,Maize,2169.72
2024-12-05,Maize,2000.0
2024-05-13,Maize,2252.41
2024-05-14,Maize,2107.54
2024-05-15,Maize,2133.6
2024-05-16,Maize,2127.16
2024-05-17,Maize,2150.07
2024-05-18,Maize,2163.02
2024-05-19,Maize,1965.0
2024-05-20,Maize,2119.65
2024-05-21,Maize,2212.5
2024-05-22,Maize,2240.42
2024-05-23,Maize,2300.25
2024-05-24,Maize,2182.87
2024-05-25,Maize,2195.46
2024-05-26,Maize,2108.66
2024-05-27,Maize,2228.92
2024-05-28,Maize,2350.72
2024-05-29,Maize,2338.91
2024-05-30,Maize,2236.87
2024-05-31,Maize,2250.13
2024-01-06,Maize,2290.2
2024-02-06,Maize,2084.59
2024-03-06,Maize,2298.63
2024-04-06,Maize,2313.84
2024-05-06,Maize,2432.63
2024-06-06,Maize,2304.03
2024-07-06,Maize,2369.17
2024-08-06,Maize,2193.96
2024-09-06,Maize,2155.34
2024-10-06,Maize,2275.19
2024-11-06,Maize,2307.4
2024-12-06,Maize,2261.22
2024-06-13,Maize,2301.42
2024-06-14,Maize,2302.07
2024-06-15,Maize,2331.64
2024-06-16,Maize,2138.47
2024-06-17,Maize,2418.55
2024-06-18,Maize,2305.33
2024-06-19,Maize,1997.04
2024-06-20,Maize,2279.84
2024-06-21,Maize,2305.47
2024-06-22,Maize,2425.85
2024-06-23,Maize,2210.53
2024-06-24,Maize,2970.68
2024-06-25,Maize,2950.7
2024-06-26,Maize,2754.52
2024-06-27,Maize,2262.19
2024-06-28,Maize,2634.65
2024-06-29,Maize,2721.19
2024-06-30,Maize,2247.43
2024-01-07,Maize,2617.89
2024-02-07,Maize,2388.89
2024-03-07,Maize,2366.11
2024-04-07,Maize,2278.02
2024-05-07,Maize,2345.3
2024-06-07,Maize,2849.19
2024-07-07,Maize,1943.4
2024-08-07,Maize,2451.6
2024-09-07,Maize,2749.25
2024-10-07,Maize,2946.37
2024-11-07,Maize,2347.67
2024-12-07,Maize,2902.86
2024-07-13,Maize,2531.43
2024-07-14,Maize,2450.0
2024-07-15,Maize,2791.14
2024-07-16,Maize,2814.92
2024-07-17,Maize,2610.6
2024-07-18,Maize,2889.02
2024-07-19,Maize,2322.09
2024-07-20,Maize,2365.18
2024-07-21,Maize,2500.0
2024-07-22,Maize,2845.12
2024-07-23,Maize,2677.21
2024-07-24,Maize,2518.64
2024-07-25,Maize,2524.21
2024-07-26,Maize,3009.5
2024-07-27,Maize,2390.96
2024-07-28,Maize,2550.0
2024-07-29,Maize,2732.35
2024-07-30,Maize,2800.79
2024-07-31,Maize,2683.61
2024-01-08,Maize,2423.46
2024-02-08,Maize,2828.72
2024-03-08,Maize,2332.69
2024-04-08,Maize,2500.0
2024-05-08,Maize,2974.8
2024-06-08,Maize,2443.04
2024-07-08,Maize,2987.99
2024-08-08,Maize,2752.77
2024-09-08,Maize,2508.78
2024-10-08,Maize,2560.92
2024-11-08,Maize,2590.49
2024-12-08,Maize,3186.43
2024-08-13,Maize,2298.15
2024-08-14,Maize,2497.03
2024-08-16,Maize,2528.19
2024-08-17,Maize,2517.57
2024-08-18,Maize,2505.52
2024-08-19,Maize,2708.67
2024-08-20,Maize,2477.7
2024-08-21,Maize,2477.77
2024-08-22,Maize,2631.56
2024-08-23,Maize,2548.97
2024-08-24,Maize,2276.11
2024-08-25,Maize,2590.05
2024-08-26,Maize,2623.73
2024-08-27,Maize,2540.71
2024-08-28,Maize,2458.12
2024-08-29,Maize,2663.4
2024-08-30,Maize,2469.53
2024-08-31,Maize,2566.07
2024-01-09,Maize,2593.44
2024-02-09,Maize,2644.51
2024-03-09,Maize,2512.8
2024-04-09,Maize,2334.28
2024-05-09,Maize,2679.61
2024-06-09,Maize,2626.35
2024-07-09,Maize,2527.49
2024-08-09,Maize,2548.53
2024-09-09,Maize,2364.94
2024-10-09,Maize,2441.73
2024-11-09,Maize,2401.82
2024-12-09,Maize,2551.78
2024-09-13,Maize,2352.56
2024-09-14,Maize,2250.31
2024-09-15,Maize,2556.52
2024-09-16,Maize,2131.13
2024-09-17,Maize,1951.56
2024-09-18,Maize,2154.58
2024-09-19,Maize,1918.81
2024-09-20,Maize,1720.54
2024-09-21,Maize,1928.32
2024-09-22,Maize,2523.24
2024-09-23,Maize,1695.01
2024-09-24,Maize,1533.39
2024-09-25,Maize,1469.28
2024-09-26,Maize,2236.44
2024-09-27,Maize,1856.89
2024-09-28,Maize,1852.95
2024-09-29,Maize,2205.78
2024-09-30,Maize,1894.51
2024-01-10,Maize,1820.24
2024-02-10,Maize,1983.64
2024-03-10,Maize,2210.31
2024-04-10,Maize,2140.69
2024-05-10,Maize,2168.67
2024-06-10,Maize,2092.96
2024-07-10,Maize,1685.17
2024-09-10,Maize,2034.55
2024-10-10,Maize,2066.36
2024-11-10,Maize,2086.91
2024-12-10,Maize,2283.56
2024-10-13,Maize,2168.98
2024-10-14,Maize,2204.33
2024-10-15,Maize,2092.25
2024-10-16,Maize,2019.23
2024-10-17,Maize,2070.54
2024-10-18,Maize,1906.78
2024-10-19,Maize,1942.89
2024-10-20,Maize,2188.97
2024-10-21,Maize,2018.88
2024-10-22,Maize,2024.83
2024-10-23,Maize,2102.48
2024-10-24,Maize,1984.9
2024-10-25,Maize,2071.25
2024-10-26,Maize,1965.48
2024-10-27,Maize,2107.41
2024-10-28,Maize,1998.65
2024-10-29,Maize,2076.35
2024-10-30,Maize,1926.02
2024-10-31,Maize,2221.05
2024-01-11,Maize,1967.26
2024-02-11,Maize,2154.52
2024-03-11,Maize,1822.02
2024-04-11,Maize,2018.82
2024-05-11,Maize,1958.14
2024-06-11,Maize,1931.68
2024-07-11,Maize,1982.35
2024-08-11,Maize,1946.74
2024-09-11,Maize,2015.87
2024-10-11,Maize,2087.48
2024-11-11,Maize,1997.71
2024-12-11,Maize,1987.85
2024-11-13,Maize,2012.51
2024-11-14,Maize,1988.75
2024-11-15,Maize,2096.92
2024-11-16,Maize,2077.01
2024-11-17,Maize,2044.08
2024-11-18,Maize,2056.23
2024-11-19,Maize,2030.94
2024-11-20,Maize,1900.0
2024-11-21,Maize,2123.62
2024-11-22,Maize,2112.31
2024-11-23,Maize,2046.29
2024-11-24,Maize,2090.57
2024-11-25,Maize,2108.23
2024-11-26,Maize,2098.73
2024-11-27,Maize,2143.7
2024-11-28,Maize,2113.23
2024-11-29,Maize,2246.69
2024-11-30,Maize,2157.07
2024-01-12,Maize,2155.23
2024-02-12,Maize,2117.23
2024-03-12,Maize,2119.15
2024-04-12,Maize,2085.08
2024-05-12,Maize,2131.13
2024-06-12,Maize,2085.51
2024-07-12,Maize,2124.41
2024-08-12,Maize,2105.22
2024-09-12,Maize,2126.07
2024-10-12,Maize,2147.58
2024-11-12,Maize,2140.06
2024-12-12,Maize,2130.41
2024-12-13,Maize,2145.05
2024-12-14,Maize,2112.88
2024-12-15,Maize,2147.82
2024-12-16,Maize,2148.39
2024-12-17,Maize,2156.94
2024-12-18,Maize,2166.63
2024-12-19,Maize,2149.91
2024-12-20,Maize,2180.92
2024-12-21,Maize,2208.19
2024-12-22,Maize,2152.87
2024-12-23,Maize,2182.28
2024-12-24,Maize,2196.92
2024-12-25,Maize,2210.75
2024-12-26,Maize,2195.75
2024-12-27,Maize,2203.66
2024-12-28,Maize,2192.61
2024-12-29,Maize,2054.68
2024-12-30,Maize,2228.27
2024-12-31,Maize,2219.34
2025-01-01,Maize,2260.46
2025-02-01,Maize,2256.62
2025-03-01,Maize,2278.87
2025-04-01,Maize,2276.21
2025-05-01,Maize,2176.08
2025-06-01,Maize,2293.43
2025-07-01,Maize,2316.47
2025-08-01,Maize,2343.07
2025-09-01,Maize,2288.58
2025-10-01,Maize,2282.64
2025-11-01,Maize,2292.65
2025-12-01,Maize,2251.26
2025-01-13,Maize,2289.76
2025-01-14,Maize,2389.59
2025-01-15,Maize,2355.58
2025-01-16,Maize,2298.36
2025-01-17,Maize,2287.29
2025-01-18,Maize,2289.19
2025-01-19,Maize,2162.09
2025-01-20,Maize,2252.75
2025-01-21,Maize,2271.86
2025-01-22,Maize,2251.95
2025-01-23,Maize,2271.96
2025-01-24,Maize,2224.03
2025-01-25,Maize,2253.05
2025-01-26,Maize,2202.08
2025-01-27,Maize,2212.59
2025-01-28,Maize,2201.74
2025-01-29,Maize,2222.69
2025-01-30,Maize,2209.67
2025-01-31,Maize,2220.45
2025-01-02,Maize,2178.37
2025-02-02,Maize,2107.63
2025-03-02,Maize,2210.37
2025-04-02,Maize,2188.84
2025-05-02,Maize,2181.04
2025-06-02,Maize,2148.71
2025-07-02,Maize,2106.63
2025-08-02,Maize,2102.22
2025-09-02,Maize,2158.53
2025-10-02,Maize,2151.0
2025-11-02,Maize,2127.4
2025-12-02,Maize,2158.32
2025-02-13,Maize,2187.19
2025-02-14,Maize,2147.54
2025-02-15,Maize,2153.85
2025-02-16,Maize,2059.25
2025-02-17,Maize,2190.94
2025-02-18,Maize,2162.99
2025-02-19,Maize,2078.59
2025-02-20,Maize,2226.87
2025-02-21,Maize,2109.46
2025-02-22,Maize,2181.62
2025-02-23,Maize,2113.86
2025-02-24,Maize,2180.39
2025-02-25,Maize,2162.38
2025-02-26,Maize,2118.62
2025-02-27,Maize,2178.69
2025-02-28,Maize,2152.59
2025-01-03,Maize,2233.92
2025-02-03,Maize,2090.23
2025-03-03,Maize,2219.42
2025-04-03,Maize,2182.31
2025-05-03,Maize,2232.66
2025-06-03,Maize,2185.32
2025-07-03,Maize,2241.17
2025-08-03,Maize,2167.58
2025-09-03,Maize,2134.25
2025-10-03,Maize,2281.83
2025-11-03,Maize,2261.15
2025-12-03,Maize,2145.42
2025-03-13,Maize,2419.57
2025-03-14,Maize,2160.16
2025-03-15,Maize,2148.42
2025-03-16,Maize,2073.55
2025-03-17,Maize,2158.34
2025-03-18,Maize,2180.17
2025-03-19,Maize,2105.08
2025-03-20,Maize,2204.15
2025-03-21,Maize,2296.23
2025-03-22,Maize,2112.69
2025-03-23,Maize,1991.25
2025-03-24,Maize,2141.2
2025-03-25,Maize,2141.24
2025-03-26,Maize,2175.99
2025-03-27,Maize,2192.52
2025-03-28,Maize,2091.27
2025-03-29,Maize,1989.25
2025-03-30,Maize,2220.23
2025-03-31,Maize,2114.91
2025-01-04,Maize,2101.75
2025-02-04,Maize,2204.63
2025-03-04,Maize,2147.2
2025-04-04,Maize,2115.62
2025-05-04,Maize,2104.74
2025-06-04,Maize,2074.18
2025-07-04,Maize,2101.36
2025-08-04,Maize,2108.49
2025-09-04,Maize,2113.99
2025-10-04,Maize,2564.0
2025-11-04,Maize,2040.9
2025-12-04,Maize,2050.7
2025-04-13,Maize,2124.24
2025-04-14,Maize,2206.51
2025-04-15,Maize,2097.88
2025-04-16,Maize,2184.38
2025-04-17,Maize,2108.7
2025-04-18,Maize,2086.83
2025-04-19,Maize,2088.22
2025-04-20,Maize,2049.43
2025-04-21,Maize,2087.84
2025-04-22,Maize,2144.64
2025-04-23,Maize,2075.76
2025-04-24,Maize,2077.9
2025-04-25,Maize,2202.18
2025-04-26,Maize,2059.05
2025-04-27,Maize,2117.42
2025-04-28,Maize,2147.95
2025-04-29,Maize,2085.56
2025-04-30,Maize,2191.55
2025-01-05,Maize,2095.38
2025-02-05,Maize,2142.99
2025-03-05,Maize,2071.39
2025-04-05,Maize,2114.24
2025-05-05,Maize,2105.82
2025-06-05,Maize,2149.86
2025-07-05,Maize,2065.54
2025-08-05,Maize,2073.13
2025-09-05,Maize,2107.51
2025-10-05,Maize,2058.11
2025-11-05,Maize,2100.13
2025-12-05,Maize,2227.99
2025-05-13,Maize,2046.54
2025-05-15,Maize,2020.78
2025-05-16,Maize,2037.82
2025-05-17,Maize,2037.69
2025-05-18,Maize,2043.32
2025-05-19,Maize,2006.49
2025-05-20,Maize,2003.5
2025-05-21,Maize,1956.66
2025-05-22,Maize,2013.46
2025-05-23,Maize,1995.81
2025-05-24,Maize,2051.59
2025-05-25,Maize,1858.29
2025-05-26,Maize,2028.34
2025-05-27,Maize,2054.8
2025-05-28,Maize,2069.99
2025-05-29,Maize,2034.69
2025-05-30,Maize,2013.98
2025-05-31,Maize,1982.53
2025-01-06,Maize,1740.25
2025-02-06,Maize,2052.54
2025-03-06,Maize,2039.18
2025-04-06,Maize,2108.77
2025-05-06,Maize,2050.14
2025-06-06,Maize,2036.8
2025-07-06,Maize,2196.26
2025-08-06,Maize,2075.44
2025-09-06,Maize,2037.96
2025-10-06,Maize,2081.69
2025-11-06,Maize,2090.14
2025-12-06,Maize,2102.03
2025-06-13,Maize,2108.8
2025-06-14,Maize,2231.51
2025-06-15,Maize,2138.97
2025-06-16,Maize,2109.56
2025-06-17,Maize,2136.33
2025-06-18,Maize,2150.09
2025-06-19,Maize,2214.39
2025-06-20,Maize,2168.74
2025-06-21,Maize,2145.17
2025-06-22,Maize,2156.82
2025-06-23,Maize,2120.14
2025-06-24,Maize,2185.91
2025-06-25,Maize,2151.14
2025-06-26,Maize,2128.23
2025-06-27,Maize,2280.51
2025-06-28,Maize,2195.25
2025-06-29,Maize,2199.45
2025-06-30,Maize,2218.52
2025-01-07,Maize,2281.72
2025-02-07,Maize,2144.61
2025-03-07,Maize,2240.31
2025-04-07,Maize,2293.23
2025-05-07,Maize,2221.86
2025-06-07,Maize,2146.07
2025-07-07,Maize,2203.54
2025-08-07,Maize,2323.83
2025-09-07,Maize,2470.57
2025-10-07,Maize,2489.39
2025-11-07,Maize,2266.96
2025-12-07,Maize,2406.5
2025-07-13,Maize,2230.64
2025-07-14,Maize,2211.58
2025-07-15,Maize,2340.03
2025-07-16,Maize,2477.05
2025-07-17,Maize,2386.75
2025-07-18,Maize,2169.68
2025-07-19,Maize,2427.02
2025-07-20,Maize,2211.11
2025-07-21,Maize,2361.0
2025-07-22,Maize,2512.58
2025-07-23,Maize,2338.03
2025-07-24,Maize,2266.18
2025-07-25,Maize,2244.76
2025-07-26,Maize,3101.42
2025-07-27,Maize,2213.23
2025-07-28,Maize,2194.3
2025-07-29,Maize,2738.33
2025-07-30,Maize,2447.81
2025-07-31,Maize,2376.03
2025-01-08,Maize,2533.26
2025-02-08,Maize,2327.03
2025-03-08,Maize,2150.0
2025-04-08,Maize,2386.33
2025-05-08,Maize,2540.89
2025-06-08,Maize,2264.59
2025-07-08,Maize,2312.98
2025-08-08,Maize,2548.91
2025-09-08,Maize,2250.0
2025-10-08,Maize,2312.29
2025-11-08,Maize,2385.98
2025-12-08,Maize,2460.29
2025-08-13,Maize,2300.91
2025-08-14,Maize,2391.86
2025-08-15,Maize,2119.57
2025-08-16,Maize,2199.29
2025-08-17,Maize,2270.65
2025-08-18,Maize,2674.57
2025-08-19,Maize,2347.1
2025-08-20,Maize,2147.81
2025-08-21,Maize,2556.28
2025-08-22,Maize,2172.3
2025-08-23,Maize,2718.22
2025-08-24,Maize,2248.7
2025-08-25,Maize,2252.9
2025-08-26,Maize,2211.44
2025-08-27,Maize,2202.15
2025-08-28,Maize,2670.42
2025-08-29,Maize,2633.28
2025-08-30,Maize,2335.03
2025-08-31,Maize,2395.49
2025-01-09,Maize,2302.1
2025-02-09,Maize,1880.16
2025-03-09,Maize,2182.05
2025-04-09,Maize,1915.79
2025-05-09,Maize,2898.02
2025-06-09,Maize,2347.69
2025-07-09,Maize,2188.0
2025-08-09,Maize,2087.28
2025-09-09,Maize,2046.37
2025-10-09,Maize,1848.72
2025-11-09,Maize,1778.05
2025-12-09,Maize,1706.3
2025-09-13,Maize,2210.67
2025-09-14,Maize,2428.99
2025-09-15,Maize,1950.26
2025-09-16,Maize,2218.58
2025-09-17,Maize,1968.13
2025-09-18,Maize,2015.53
2025-09-19,Maize,1968.69
2025-09-20,Maize,2063.5
2025-09-21,Maize,2106.29
2025-09-22,Maize,1632.45
2025-09-23,Maize,1935.6
2025-09-24,Maize,1728.77
2025-09-25,Maize,1668.32
2025-09-26,Maize,1926.26
2025-09-27,Maize,1819.46
2025-09-28,Maize,2158.33
2025-09-29,Maize,2009.32
2025-09-30,Maize,1796.2
2025-01-10,Maize,1954.51
2025-02-10,Maize,1532.68
2025-03-10,Maize,1853.55
2025-04-10,Maize,1630.89
2025-05-10,Maize,2101.23
2025-06-10,Maize,1791.72
2025-07-10,Maize,1667.76
2025-08-10,Maize,1698.94
2025-09-10,Maize,1774.17
2025-10-10,Maize,1849.16
2025-11-10,Maize,2147.48
2025-12-10,Maize,2113.58
2025-10-13,Maize,1755.48
2025-10-14,Maize,1734.49
2025-10-15,Maize,1850.93
2025-10-16,Maize,1664.93
2025-10-17,Maize,1590.79
2025-10-18,Maize,1599.38
2025-10-19,Maize,1642.96
2025-10-20,Maize,1716.99
2025-10-22,Maize,2003.84
2025-10-23,Maize,1791.04
2025-10-24,Maize,1853.78
2025-10-25,Maize,1950.21
2025-10-26,Maize,1702.28
2025-10-27,Maize,1668.08
2025-10-28,Maize,1649.46
2025-10-29,Maize,1717.82
2025-10-30,Maize,1619.11
2025-10-31,Maize,1718.68
2025-01-11,Maize,1674.18
2025-02-11,Maize,1692.1
2025-03-11,Maize,1607.18
2025-04-11,Maize,1742.61
2025-05-11,Maize,1720.46
2025-06-11,Maize,1494.89
2025-07-11,Maize,1573.03
2025-08-11,Maize,1460.63
2025-09-11,Maize,1614.17
2025-10-11,Maize,1645.1
2025-11-11,Maize,1610.26
2025-12-11,Maize,1565.47
2025-11-13,Maize,1560.25
2025-11-14,Maize,1589.17
2025-11-15,Maize,1560.88
2025-11-16,Maize,1476.33
2025-11-17,Maize,1630.47
2025-11-18,Maize,1526.86
2025-11-19,Maize,1482.43
2025-11-20,Maize,1472.63
2025-11-21,Maize,1536.72
2025-11-22,Maize,1516.96
2025-11-23,Maize,1366.71
2025-11-24,Maize,1556.89
2025-11-25,Maize,1536.17
2025-11-26,Maize,1477.84
2025-11-27,Maize,1482.24
2025-11-28,Maize,1540.95
2025-11-29,Maize,1601.17
2025-11-30,Maize,1636.75
2025-01-12,Maize,1557.7
2025-02-12,Maize,1597.24
2025-03-12,Maize,1599.29
2025-04-12,Maize,1562.82
2025-05-12,Maize,1674.85
2025-06-12,Maize,1579.98
2025-07-12,Maize,1492.99
2025-08-12,Maize,1668.94
2025-09-12,Maize,1649.75
2025-10-12,Maize,1693.91
2025-11-12,Maize,1646.76
2025-12-12,Maize,1706.48
2025-12-13,Maize,1649.84
2025-12-14,Maize,1533.49
2025-12-15,Maize,1691.4
2025-12-16,Maize,1685.68
2025-12-17,Maize,1668.43
2025-12-18,Maize,1705.29
2025-12-19,Maize,1723.82
2025-12-20,Maize,1651.99
2025-12-21,Maize,1577.43
2025-12-22,Maize,1679.02
2025-12-23,Maize,1687.0
2025-12-24,Maize,1709.95
2025-12-25,Maize,1657.47
2025-12-26,Maize,1725.35
2025-12-27,Maize,1663.56
2025-12-28,Maize,1597.87
2025-12-29,Maize,1667.0
2025-12-30,Maize,1652.73
2025-12-31,Maize,1697.8
2026-01-01,Maize,1677.08
2026-02-01,Maize,1694.9
2026-03-01,Maize,1748.57
2026-04-01,Maize,1646.98
2026-05-01,Maize,1685.36
2026-06-01,Maize,1693.22
2026-07-01,Maize,1720.7
2026-08-01,Maize,1720.52
2026-09-01,Maize,1740.81
2026-10-01,Maize,1654.79
2026-11-01,Maize,1577.55
2026-12-01,Maize,1687.68
2026-01-13,Maize,1672.08
2026-01-14,Maize,1781.58
2026-01-15,Maize,1633.76
2026-01-16,Maize,1709.34
2026-01-17,Maize,1727.35
2026-01-18,Maize,1709.87
2026-01-19,Maize,1720.62
2026-01-20,Maize,1702.52
2026-01-21,Maize,1628.0
2026-01-22,Maize,1663.92
2026-01-23,Maize,1680.04
2026-01-24,Maize,1654.45
2026-01-25,Maize,1614.89
2026-01-26,Maize,1700.0
2026-01-27,Maize,1641.1
2026-01-28,Maize,1698.54
2026-01-29,Maize,1590.74
2026-01-30,Maize,1653.71
2026-01-31,Maize,1623.03
2026-01-02,Maize,1500.34
2026-02-02,Maize,1687.75
2026-03-02,Maize,1629.76
2026-04-02,Maize,1682.36
2026-05-02,Maize,1599.2
2026-06-02,Maize,1661.94
2026-07-02,Maize,1617.58
2026-08-02,Maize,1676.61
2026-09-02,Maize,1617.56
2026-10-02,Maize,1606.88
2026-11-02,Maize,1632.58
2026-12-02,Maize,1579.21
2026-02-13,Maize,1624.72
2026-02-14,Maize,1546.68
2026-02-15,Maize,1500.27
2026-02-16,Maize,1607.77
2026-02-17,Maize,1543.55
2026-02-18,Maize,1594.43
2026-02-19,Maize,1603.82
2026-02-20,Maize,1602.49
2026-02-21,Maize,1555.52
2026-02-22,Maize,1452.15
2026-02-23,Maize,1566.41
2026-02-24,Maize,1559.44
2026-02-25,Maize,1541.08
2026-02-26,Maize,1564.99
2026-02-27,Maize,1615.7
2026-02-28,Maize,1551.27
2026-01-03,Maize,1390.43
2026-02-03,Maize,1770.83
2026-03-03,Maize,1547.93
2026-04-03,Maize,1607.36
2026-05-03,Maize,1586.78
2026-06-03,Maize,1562.14
2026-07-03,Maize,1620.42
2026-08-03,Maize,1469.31
2026-09-03,Maize,1651.53
2026-10-03,Maize,1642.65
2026-11-03,Maize,1629.42
2026-12-03,Maize,1627.0
2026-03-13,Maize,1639.99
2026-03-14,Maize,1637.86
2026-03-15,Maize,1429.8
2026-03-16,Maize,1628.37
2026-03-17,Maize,1584.43
2026-03-18,Maize,1585.85
2026-03-19,Maize,1681.84
2026-03-20,Maize,1662.05
2026-03-21,Maize,2296.74
2026-03-22,Maize,1473.54
2026-03-23,Maize,1648.62
2026-03-24,Maize,1609.91
2026-03-25,Maize,1642.64
2026-03-26,Maize,1967.58
2026-03-27,Maize,1641.15
2026-03-28,Maize,1736.23
2026-03-29,Maize,1427.58
2026-03-30,Maize,1705.18
2026-03-31,Maize,2147.46
2026-01-04,Maize,1581.5
2026-02-04,Maize,1750.4
2026-03-04,Maize,1762.34
2026-04-04,Maize,1780.59
2026-05-04,Maize,1588.74
2026-06-04,Maize,1698.55
2026-07-04,Maize,1695.26
2026-08-04,Maize,1730.41
2026-09-04,Maize,1748.07
2026-10-04,Maize,1666.62
2026-11-04,Maize,1677.67
2026-12-04,Maize,1735.45
2026-04-13,Maize,1708.88
2026-04-14,Maize,1695.57
2026-04-15,Maize,1690.51
2026-04-16,Maize,1666.77
2026-04-17,Maize,1715.64
2026-04-18,Maize,1671.09
2026-04-19,Maize,1799.61
2026-04-20,Maize,1748.99
2026-04-21,Maize,1682.13
2026-04-22,Maize,1705.88
2026-04-23,Maize,1744.11
2026-04-24,Maize,1745.75
2026-04-25,Maize,1693.22
2026-04-26,Maize,1818.46
2026-04-27,Maize,1806.25
2026-04-28,Maize,1846.91
2026-04-29,Maize,1838.27
2026-04-30,Maize,1893.05
2026-01-05,Maize,1797.29
2026-02-05,Maize,1855.62
2026-03-05,Maize,1605.57
2026-04-05,Maize,1919.55
2026-05-05,Maize,1879.96
2026-06-05,Maize,1878.17
2026-07-05,Maize,1895.9
2026-08-05,Maize,1896.31
2026-09-05,Maize,1756.76
2026-10-05,Maize,1973.16
2026-11-05,Maize,1843.37
2026-12-05,Maize,1865.78
2026-05-13,Maize,1851.18
2026-05-14,Maize,1844.25
2026-05-15,Maize,1881.13
2026-05-16,Maize,1870.96
2026-05-17,Maize,1672.78
2026-05-18,Maize,1908.13
2026-05-19,Maize,1885.69
2026-05-20,Maize,1904.42
2026-05-21,Maize,1899.64
2026-05-22,Maize,1934.37
2026-05-23,Maize,1909.62
2026-05-24,Maize,1719.79
2026-05-25,Maize,1957.21
2026-05-26,Maize,1947.16
2026-05-27,Maize,1993.64
2026-05-28,Maize,2009.72
2026-05-29,Maize,2013.11
2026-05-30,Maize,1940.06
2026-05-31,Maize,1806.79
2026-01-06,Maize,2019.54
2026-02-06,Maize,2004.79
2026-03-06,Maize,2050.12
2026-04-06,Maize,2120.74
2026-05-06,Maize,2120.01
2026-06-06,Maize,2145.61
2026-07-06,Maize,2093.68
2026-08-06,Maize,2098.5
2026-09-06,Maize,2072.38
2026-10-06,Maize,2084.21
2026-11-06,Maize,2087.02
2026-12-06,Maize,1975.34
2026-06-13,Maize,2040.96
2026-06-14,Maize,1925.2
2026-06-15,Maize,2081.97
2026-06-16,Maize,2071.22
2026-06-17,Maize,2069.96
2026-06-18,Maize,2047.8
2026-06-19,Maize,2051.28
2026-06-20,Maize,2145.12
2026-06-21,Maize,1986.79
2026-06-22,Maize,2215.1
2026-06-23,Maize,2229.94
2026-06-24,Maize,2228.74
2026-06-25,Maize,2225.46
2026-06-26,Maize,2301.29
2026-06-27,Maize,2286.01
2026-06-28,Maize,2164.84
2026-06-29,Maize,2306.27
2026-06-30,Maize,2120.88
2021-01-01,Onion,2172.17
2021-02-01,Onion,3046.76
2021-03-01,Onion,2293.75
2021-04-01,Onion,896.13
2021-05-01,Onion,755.43
2021-06-01,Onion,1597.04
2021-07-01,Onion,1605.06
2021-08-01,Onion,1358.03
2021-09-01,Onion,1402.22
2021-10-01,Onion,2243.98
2021-11-01,Onion,1947.9
2021-12-01,Onion,1542.31
2021-01-02,Onion,2263.7
2021-02-02,Onion,3013.14
2021-03-02,Onion,2303.12
2021-04-02,Onion,843.65
2021-05-02,Onion,879.77
2021-06-02,Onion,1636.23
2021-07-02,Onion,1558.56
2021-08-02,Onion,1511.71
2021-09-02,Onion,1454.43
2021-10-02,Onion,2165.91
2021-11-02,Onion,1984.13
2021-12-02,Onion,1868.87
2021-01-03,Onion,2137.84
2021-02-03,Onion,3088.32
2021-03-03,Onion,2178.37
2021-04-03,Onion,860.85
2021-05-03,Onion,1040.35
2021-06-03,Onion,1640.28
2021-07-03,Onion,1638.65
2021-08-03,Onion,1450.94
2021-09-03,Onion,1306.23
2021-10-03,Onion,2225.27
2021-11-03,Onion,2071.29
2021-12-03,Onion,2074.36
2021-01-04,Onion,2352.14
2021-02-04,Onion,2896.02
2021-03-04,Onion,1873.31
2021-04-04,Onion,837.06
2021-05-04,Onion,984.6
2021-06-04,Onion,1650.42
2021-07-04,Onion,1506.75
2021-08-04,Onion,1510.49
2021-09-04,Onion,1385.69
2021-10-04,Onion,2940.39
2021-11-04,Onion,1997.92
2021-12-04,Onion,2099.56
2021-01-05,Onion,2197.32
2021-02-05,Onion,2844.01
2021-03-05,Onion,1676.45
2021-04-05,Onion,812.28
2021-05-05,Onion,972.39
2021-06-05,Onion,1546.23
2021-07-05,Onion,1654.82
2021-08-05,Onion,1540.49
2021-09-05,Onion,1265.36
2021-10-05,Onion,2796.71
2021-11-05,Onion,2120.64
2021-12-05,Onion,1827.41
2021-01-06,Onion,2412.54
2021-02-06,Onion,2715.95
2021-03-06,Onion,1782.29
2021-04-06,Onion,785.75
2021-05-06,Onion,1006.34
2021-06-06,Onion,1544.4
2021-07-06,Onion,1589.8
2021-08-06,Onion,1446.21
2021-09-06,Onion,1379.05
2021-10-06,Onion,2718.05
2021-11-06,Onion,2296.84
2021-12-06,Onion,1771.85
2021-02-07,Onion,2612.76
2021-03-07,Onion,1613.06
2021-04-07,Onion,763.1
2021-05-07,Onion,1011.45
2021-06-07,Onion,1597.01
2021-07-07,Onion,1623.15
2021-08-07,Onion,1498.95
2021-09-07,Onion,1374.03
2021-10-07,Onion,2835.2
2021-11-07,Onion,2098.44
2021-12-07,Onion,1845.28
2021-02-08,Onion,3144.55
2021-03-08,Onion,1422.99
2021-04-08,Onion,780.05
2021-05-08,Onion,1054.96
2021-06-08,Onion,1587.41
2021-07-08,Onion,1625.39
2021-08-08,Onion,1250.58
2021-09-08,Onion,1456.34
2021-10-08,Onion,2787.2
2021-11-08,Onion,2500.5
2021-12-08,Onion,1964.17
2021-01-09,Onion,2853.75
2021-02-09,Onion,3040.02
2021-03-09,Onion,1197.52
2021-04-09,Onion,803.35
2021-05-09,Onion,1021.93
2021-06-09,Onion,1657.34
2021-07-09,Onion,1501.64
2021-08-09,Onion,1510.57
2021-09-09,Onion,1439.07
2021-10-09,Onion,2886.54
2021-11-09,Onion,2599.22
2021-12-09,Onion,1980.85
2021-01-10,Onion,2438.77
2021-02-10,Onion,3232.27
2021-03-10,Onion,1125.84
2021-04-10,Onion,900.04
2021-05-10,Onion,1044.59
2021-06-10,Onion,1650.74
2021-07-10,Onion,1584.85
2021-08-10,Onion,1464.58
2021-09-10,Onion,1229.91
2021-10-10,Onion,2947.53
2021-11-10,Onion,2658.21
2021-12-10,Onion,2143.65
2021-01-11,Onion,3039.77
2021-02-11,Onion,3382.98
2021-03-11,Onion,1250.51
2021-04-11,Onion,999.6
2021-05-11,Onion,1057.68
2021-06-11,Onion,1644.04
2021-07-11,Onion,1382.5
2021-08-11,Onion,1545.34
2021-09-11,Onion,1394.14
2021-10-11,Onion,1982.89
2021-11-11,Onion,2481.71
2021-12-11,Onion,2083.54
2021-01-12,Onion,2547.18
2021-02-12,Onion,3258.56
2021-03-12,Onion,1201.66
2021-04-12,Onion,793.95
2021-05-12,Onion,1108.54
2021-06-12,Onion,1687.83
2021-07-12,Onion,1566.68
2021-08-12,Onion,1552.0
2021-09-12,Onion,1207.02
2021-10-12,Onion,3267.5
2021-11-12,Onion,2261.93
2021-12-12,Onion,1965.31
2022-01-01,Onion,1988.52
2022-02-01,Onion,1877.19
2022-03-01,Onion,1636.8
2022-04-01,Onion,863.67
2022-05-01,Onion,814.19
2022-06-01,Onion,985.53
2022-07-01,Onion,1147.64
2022-08-01,Onion,1098.59
2022-09-01,Onion,1102.1
2022-10-01,Onion,1318.25
2022-11-01,Onion,2379.16
2022-12-01,Onion,1360.1
2022-01-02,Onion,1972.5
2022-02-02,Onion,1760.77
2022-03-02,Onion,1542.11
2022-04-02,Onion,874.4
2022-05-02,Onion,847.88
2022-06-02,Onion,1039.29
2022-07-02,Onion,1230.67
2022-08-02,Onion,1061.92
2022-09-02,Onion,1053.32
2022-10-02,Onion,1472.41
2022-11-02,Onion,2306.15
2022-12-02,Onion,1245.47
2022-01-03,Onion,2019.26
2022-02-03,Onion,1861.41
2022-03-03,Onion,1508.2
2022-04-03,Onion,979.51
2022-05-03,Onion,765.85
2022-06-03,Onion,984.33
2022-07-03,Onion,1093.62
2022-08-03,Onion,1104.3
2022-09-03,Onion,1077.12
2022-10-03,Onion,1258.27
2022-11-03,Onion,2376.28
2022-12-03,Onion,1526.64
2022-01-04,Onion,2026.73
2022-02-04,Onion,1834.1
2022-03-04,Onion,1386.17
2022-04-04,Onion,837.35
2022-05-04,Onion,812.97
2022-06-04,Onion,947.24
2022-07-04,Onion,1164.92
2022-08-04,Onion,1118.73
2022-09-04,Onion,1124.01
2022-10-04,Onion,1364.58
2022-11-04,Onion,2217.68
2022-12-04,Onion,1098.19
2022-01-05,Onion,2083.05
2022-02-05,Onion,1937.83
2022-03-05,Onion,1495.86
2022-04-05,Onion,850.79
2022-05-05,Onion,830.86
2022-06-05,Onion,981.3
2022-07-05,Onion,1199.04
2022-08-05,Onion,1047.1
2022-09-05,Onion,1078.37
2022-10-05,Onion,1337.43
2022-11-05,Onion,2286.79
2022-12-05,Onion,1203.98
2022-01-06,Onion,2189.18
2022-02-06,Onion,1902.43
2022-03-06,Onion,1326.0
2022-04-06,Onion,865.24
2022-05-06,Onion,807.81
2022-06-06,Onion,983.42
2022-07-06,Onion,1222.76
2022-08-06,Onion,1066.43
2022-09-06,Onion,1040.58
2022-10-06,Onion,1475.09
2022-11-06,Onion,2221.23
2022-12-06,Onion,1176.48
2022-01-07,Onion,2002.24
2022-02-07,Onion,2058.42
2022-03-07,Onion,1316.6
2022-04-07,Onion,836.94
2022-05-07,Onion,843.3
2022-06-07,Onion,969.26
2022-07-07,Onion,1231.41
2022-08-07,Onion,1066.32
2022-09-07,Onion,1044.72
2022-10-07,Onion,1598.7
2022-11-07,Onion,2095.38
2022-12-07,Onion,1701.0
2022-01-08,Onion,2055.37
2022-02-08,Onion,2034.9
2022-03-08,Onion,1244.08
2022-04-08,Onion,718.5
2022-05-08,Onion,703.88
2022-06-08,Onion,990.85
2022-07-08,Onion,1197.88
2022-08-08,Onion,1075.46
2022-09-08,Onion,1031.06
2022-10-08,Onion,1750.12
2022-11-08,Onion,1921.63
2022-12-08,Onion,1140.82
2022-01-09,Onion,1927.15
2022-02-09,Onion,2171.85
2022-03-09,Onion,1292.7
2022-04-09,Onion,760.45
2022-05-09,Onion,831.83
2022-06-09,Onion,1035.85
2022-07-09,Onion,1184.5
2022-08-09,Onion,1044.44
2022-09-09,Onion,1082.6
2022-10-09,Onion,1840.79
2022-11-09,Onion,1819.49
2022-12-09,Onion,1135.36
2022-01-10,Onion,2111.92
2022-02-10,Onion,2230.23
2022-03-10,Onion,1264.98
2022-04-10,Onion,729.2
2022-05-10,Onion,806.84
2022-06-10,Onion,1088.68
2022-07-10,Onion,1281.55
2022-08-10,Onion,1074.81
2022-09-10,Onion,990.13
2022-10-10,Onion,1824.5
2022-11-10,Onion,1852.99
2022-12-10,Onion,1429.69
2022-01-11,Onion,1906.2
2022-02-11,Onion,2335.9
2022-03-11,Onion,1195.65
2022-04-11,Onion,718.19
2022-05-11,Onion,812.91
2022-06-11,Onion,1101.41
2022-07-11,Onion,1198.57
2022-08-11,Onion,1023.3
2022-09-11,Onion,1277.5
2022-10-11,Onion,1836.21
2022-11-11,Onion,1844.2
2022-12-11,Onion,1043.45
2022-01-12,Onion,1866.65
2022-02-12,Onion,2332.48
2022-03-12,Onion,1210.24
2022-04-12,Onion,761.7
2022-05-12,Onion,833.7
2022-06-12,Onion,1305.71
2022-07-12,Onion,1150.95
2022-08-12,Onion,1034.93
2022-09-12,Onion,1138.35
2022-10-12,Onion,1743.13
2022-11-12,Onion,1846.98
2022-12-12,Onion,1107.69
2023-01-01,Onion,1369.7
2023-02-01,Onion,1025.4
2023-03-01,Onion,703.5
2023-04-01,Onion,637.5
2023-05-01,Onion,706.09
2023-06-01,Onion,736.15
2023-07-01,Onion,1268.58
2023-08-01,Onion,1275.48
2023-09-01,Onion,1903.02
2023-10-01,Onion,1852.24
2023-11-01,Onion,3778.61
2023-01-02,Onion,1374.22
2023-02-02,Onion,1044.97
2023-03-02,Onion,708.45
2023-04-02,Onion,655.0
2023-05-02,Onion,651.12
2023-06-02,Onion,747.69
2023-07-02,Onion,1330.84
2023-08-02,Onion,1305.42
2023-09-02,Onion,1876.9
2023-10-02,Onion,2001.29
2023-11-02,Onion,3823.32
2023-12-02,Onion,3576.53
2023-01-03,Onion,1321.98
2023-02-03,Onion,1031.1
2023-03-03,Onion,736.77
2023-04-03,Onion,701.85
2023-05-03,Onion,687.18
2023-06-03,Onion,768.51
2023-07-03,Onion,1272.64
2023-08-03,Onion,1344.91
2023-09-03,Onion,1856.44
2023-10-03,Onion,1994.1
2023-11-03,Onion,3403.57
2023-12-03,Onion,3266.9
2023-01-04,Onion,1416.77
2023-02-04,Onion,1007.06
2023-03-04,Onion,735.05
2023-04-04,Onion,761.61
2023-05-04,Onion,715.69
2023-06-04,Onion,838.89
2023-07-04,Onion,1297.49
2023-08-04,Onion,1576.85
2023-09-04,Onion,1861.14
2023-10-04,Onion,1996.8
2023-11-04,Onion,3287.7
2023-12-04,Onion,3430.2
2023-01-05,Onion,1262.29
2023-02-05,Onion,1037.4
2023-03-05,Onion,903.56
2023-04-05,Onion,681.37
2023-05-05,Onion,731.07
2023-06-05,Onion,841.25
2023-07-05,Onion,1290.74
2023-08-05,Onion,1411.95
2023-09-05,Onion,1952.86
2023-10-05,Onion,1978.96
2023-12-05,Onion,3302.25
2023-01-06,Onion,1223.45
2023-02-06,Onion,1021.72
2023-03-06,Onion,743.47
2023-04-06,Onion,622.27
2023-05-06,Onion,697.03
2023-06-06,Onion,854.75
2023-07-06,Onion,1258.08
2023-08-06,Onion,1428.27
2023-09-06,Onion,1922.75
2023-10-06,Onion,1956.38
2023-11-06,Onion,3271.02
2023-12-06,Onion,3466.1
2023-01-07,Onion,1384.56
2023-02-07,Onion,1018.63
2023-03-07,Onion,941.95
2023-04-07,Onion,624.65
2023-05-07,Onion,707.1
2023-06-07,Onion,850.34
2023-07-07,Onion,1245.0
2023-08-07,Onion,1625.24
2023-09-07,Onion,1901.15
2023-10-07,Onion,2062.07
2023-11-07,Onion,3323.88
2023-12-07,Onion,3216.93
2023-01-08,Onion,1267.92
2023-02-08,Onion,990.7
2023-03-08,Onion,787.33
2023-04-08,Onion,634.77
2023-05-08,Onion,691.4
2023-06-08,Onion,835.43
2023-07-08,Onion,1208.68
2023-08-08,Onion,1660.22
2023-09-08,Onion,1779.12
2023-10-08,Onion,1992.96
2023-11-08,Onion,3459.71
2023-12-08,Onion,2511.22
2023-01-09,Onion,1200.0
2023-02-09,Onion,950.98
2023-03-09,Onion,784.79
2023-04-09,Onion,705.94
2023-05-09,Onion,687.02
2023-06-09,Onion,853.54
2023-07-09,Onion,1200.92
2023-08-09,Onion,1613.09
2023-09-09,Onion,1925.76
2023-10-09,Onion,2193.63
2023-11-09,Onion,3499.47
2023-12-09,Onion,2647.16
2023-01-10,Onion,1301.95
2023-02-10,Onion,920.0
2023-03-10,Onion,789.35
2023-04-10,Onion,629.65
2023-05-10,Onion,670.92
2023-06-10,Onion,842.04
2023-07-10,Onion,1146.31
2023-08-10,Onion,1744.25
2023-09-10,Onion,1730.21
2023-10-10,Onion,2204.25
2023-11-10,Onion,3495.39
2023-12-10,Onion,2833.61
2023-01-11,Onion,1279.12
2023-02-11,Onion,922.9
2023-03-11,Onion,770.35
2023-04-11,Onion,618.81
2023-05-11,Onion,669.54
2023-06-11,Onion,907.93
2023-07-11,Onion,1161.73
2023-08-11,Onion,2016.22
2023-09-11,Onion,1847.65
2023-10-11,Onion,2177.24
2023-11-11,Onion,3544.18
2023-12-11,Onion,2429.13
2023-01-12,Onion,1316.47
2023-02-12,Onion,935.08
2023-03-12,Onion,809.78
2023-04-12,Onion,631.04
2023-05-12,Onion,665.51
2023-06-12,Onion,841.55
2023-07-12,Onion,1193.1
2023-08-12,Onion,1967.1
2023-09-12,Onion,1838.66
2023-10-12,Onion,2227.76
2023-11-12,Onion,3792.89
2023-12-12,Onion,2334.4
2024-01-01,Onion,1731.88
2024-02-01,Onion,1198.45
2024-03-01,Onion,1401.27
2024-04-01,Onion,1241.95
2024-05-01,Onion,1125.79
2024-06-01,Onion,1767.02
2024-07-01,Onion,2813.96
2024-08-01,Onion,2494.0
2024-09-01,Onion,3376.01
2024-10-01,Onion,3499.03
2024-11-01,Onion,3316.4
2024-12-01,Onion,3328.81
2024-01-02,Onion,1840.14
2024-02-02,Onion,1184.37
2024-03-02,Onion,1468.0
2024-04-02,Onion,1244.32
2024-05-02,Onion,1187.88
2024-06-02,Onion,1775.45
2024-07-02,Onion,2740.34
2024-08-02,Onion,2402.08
2024-09-02,Onion,3608.88
2024-10-02,Onion,3496.82
2024-11-02,Onion,3145.7
2024-12-02,Onion,3479.73
2024-01-03,Onion,1845.54
2024-02-03,Onion,1140.17
2024-03-03,Onion,1491.13
2024-04-03,Onion,1270.12
2024-05-03,Onion,1320.78
2024-06-03,Onion,1817.0
2024-07-03,Onion,2702.67
2024-08-03,Onion,2488.34
2024-09-03,Onion,3969.7
2024-10-03,Onion,3722.8
2024-11-03,Onion,2747.34
2024-12-03,Onion,3490.55
2024-01-04,Onion,1699.2
2024-02-04,Onion,1193.43
2024-03-04,Onion,1504.95
2024-04-04,Onion,1242.5
2024-05-04,Onion,1603.82
2024-06-04,Onion,1893.0
2024-07-04,Onion,2721.38
2024-08-04,Onion,2409.82
2024-09-04,Onion,3733.9
2024-10-04,Onion,3713.15
2024-11-04,Onion,3700.71
2024-12-04,Onion,3540.4
2024-01-05,Onion,1663.2
2024-02-05,Onion,1120.17
2024-03-05,Onion,1493.98
2024-04-05,Onion,1210.99
2024-05-05,Onion,1607.81
2024-06-05,Onion,1953.99
2024-07-05,Onion,2568.35
2024-08-05,Onion,2551.65
2024-09-05,Onion,3758.37
2024-10-05,Onion,3659.68
2024-11-05,Onion,3690.31
2024-12-05,Onion,3217.97
2024-01-06,Onion,1596.06
2024-02-06,Onion,1109.51
2024-03-06,Onion,1560.43
2024-04-06,Onion,1186.26
2024-05-06,Onion,1600.74
2024-06-06,Onion,2114.74
2024-07-06,Onion,2626.31
2024-08-06,Onion,2584.24
2024-09-06,Onion,3575.47
2024-10-06,Onion,3744.78
2024-11-06,Onion,3873.5
2024-12-06,Onion,3624.37
2024-01-07,Onion,1657.45
2024-02-07,Onion,1087.28
2024-03-07,Onion,1603.22
2024-04-07,Onion,1199.63
2024-05-07,Onion,1528.97
2024-06-07,Onion,2213.95
2024-07-07,Onion,2452.53
2024-08-07,Onion,2785.49
2024-09-07,Onion,3513.49
2024-10-07,Onion,3191.97
2024-11-07,Onion,3936.98
2024-12-07,Onion,3682.88
2024-01-08,Onion,1560.01
2024-02-08,Onion,1102.58
2024-03-08,Onion,1317.97
2024-04-08,Onion,1112.9
2024-05-08,Onion,1360.24
2024-06-08,Onion,2396.58
2024-07-08,Onion,2639.27
2024-08-08,Onion,2790.32
2024-09-08,Onion,3700.55
2024-11-08,Onion,3997.66
2024-12-08,Onion,4058.05
2024-01-09,Onion,1610.38
2024-02-09,Onion,1061.55
2024-03-09,Onion,1525.77
2024-04-09,Onion,1252.45
2024-05-09,Onion,1136.62
2024-06-09,Onion,2264.21
2024-07-09,Onion,2562.31
2024-08-09,Onion,2740.9
2024-09-09,Onion,3628.45
2024-10-09,Onion,3400.96
2024-11-09,Onion,3787.29
2024-12-09,Onion,3798.1
2024-01-10,Onion,1694.53
2024-02-10,Onion,1027.38
2024-03-10,Onion,1373.63
2024-05-10,Onion,1368.42
2024-06-10,Onion,2395.85
2024-07-10,Onion,2647.54
2024-08-10,Onion,2994.8
2024-09-10,Onion,3762.76
2024-10-10,Onion,3361.6
2024-11-10,Onion,4522.47
2024-12-10,Onion,3771.88
2024-01-11,Onion,1661.65
2024-02-11,Onion,1173.3
2024-03-11,Onion,1470.67
2024-05-11,Onion,1323.7
2024-06-11,Onion,2314.93
2024-07-11,Onion,2620.47
2024-08-11,Onion,3009.87
2024-09-11,Onion,3686.94
2024-10-11,Onion,3207.94
2024-11-11,Onion,3754.38
2024-12-11,Onion,3655.41
2024-01-12,Onion,1588.66
2024-02-12,Onion,1028.7
2024-03-12,Onion,1418.07
2024-04-12,Onion,1288.89
2024-05-12,Onion,1334.37
2024-06-12,Onion,2233.01
2024-07-12,Onion,2511.04
2024-08-12,Onion,3156.7
2024-09-12,Onion,3749.02
2024-10-12,Onion,3070.63
2024-11-12,Onion,3703.25
2024-12-12,Onion,3417.11
2025-01-01,Onion,2313.11
2025-02-01,Onion,1891.19
2025-03-01,Onion,1996.39
2025-04-01,Onion,1286.62
2025-05-01,Onion,994.13
2025-06-01,Onion,1033.77
2025-07-01,Onion,1362.46
2025-08-01,Onion,1163.77
2025-09-01,Onion,1151.18
2025-10-01,Onion,1115.13
2025-11-01,Onion,1187.16
2025-12-01,Onion,1079.03
2025-01-02,Onion,2282.13
2025-02-02,Onion,2050.48
2025-03-02,Onion,2082.25
2025-04-02,Onion,1215.93
2025-05-02,Onion,980.05
2025-06-02,Onion,1124.67
2025-07-02,Onion,1342.21
2025-08-02,Onion,1184.1
2025-09-02,Onion,1202.15
2025-10-02,Onion,1121.44
2025-11-02,Onion,1406.68
2025-12-02,Onion,1087.58
2025-01-03,Onion,2188.59
2025-02-03,Onion,1949.34
2025-03-03,Onion,1961.93
2025-04-03,Onion,1184.11
2025-05-03,Onion,972.59
2025-06-03,Onion,1193.52
2025-07-03,Onion,1314.77
2025-08-03,Onion,1182.53
2025-09-03,Onion,1185.77
2025-10-03,Onion,1096.67
2025-11-03,Onion,1383.51
2025-12-03,Onion,1157.81
2025-01-04,Onion,2307.89
2025-02-04,Onion,1974.72
2025-03-04,Onion,2033.19
2025-04-04,Onion,1190.14
2025-05-04,Onion,974.49
2025-06-04,Onion,1217.47
2025-07-04,Onion,1314.07
2025-08-04,Onion,1138.56
2025-09-04,Onion,1169.48
2025-10-04,Onion,1078.04
2025-11-04,Onion,1370.87
2025-12-04,Onion,1119.75
2025-01-05,Onion,2502.83
2025-02-05,Onion,2066.01
2025-03-05,Onion,1975.21
2025-04-05,Onion,1193.69
2025-05-05,Onion,968.98
2025-06-05,Onion,1219.52
2025-07-05,Onion,1311.42
2025-08-05,Onion,1166.68
2025-09-05,Onion,1172.82
2025-10-05,Onion,1161.39
2025-11-05,Onion,1347.36
2025-12-05,Onion,1198.79
2025-01-06,Onion,2228.37
2025-02-06,Onion,2022.88
2025-03-06,Onion,1843.89
2025-04-06,Onion,1206.97
2025-05-06,Onion,1007.32
2025-06-06,Onion,1308.11
2025-07-06,Onion,1435.14
2025-08-06,Onion,1154.44
2025-09-06,Onion,1041.38
2025-10-06,Onion,1106.78
2025-11-06,Onion,1485.41
2025-12-06,Onion,1129.44
2025-01-07,Onion,2208.09
2025-02-07,Onion,2100.11
2025-03-07,Onion,1858.29
2025-04-07,Onion,1162.7
2025-05-07,Onion,1002.58
2025-06-07,Onion,1381.96
2025-07-07,Onion,1306.45
2025-08-07,Onion,1169.78
2025-09-07,Onion,1345.87
2025-10-07,Onion,1129.27
2025-11-07,Onion,1333.98
2025-12-07,Onion,1193.79
2025-01-08,Onion,2126.03
2025-02-08,Onion,2212.14
2025-03-08,Onion,1615.33
2025-04-08,Onion,1114.11
2025-05-08,Onion,992.01
2025-06-08,Onion,1270.35
2025-07-08,Onion,1332.86
2025-08-08,Onion,1206.17
2025-09-08,Onion,1163.84
2025-10-08,Onion,1065.81
2025-11-08,Onion,1248.45
2025-12-08,Onion,1418.37
2025-01-09,Onion,1989.63
2025-02-09,Onion,2068.19
2025-03-09,Onion,1567.25
2025-04-09,Onion,1106.8
2025-05-09,Onion,1001.49
2025-06-09,Onion,1406.52
2025-07-09,Onion,1305.11
2025-08-09,Onion,957.0
2025-09-09,Onion,1135.58
2025-10-09,Onion,1034.34
2025-11-09,Onion,1289.47
2025-12-09,Onion,1352.63
2025-01-10,Onion,1787.32
2025-02-10,Onion,2302.62
2025-03-10,Onion,1360.9
2025-04-10,Onion,1066.22
2025-05-10,Onion,974.67
2025-06-10,Onion,1420.73
2025-07-10,Onion,1278.2
2025-08-10,Onion,1218.64
2025-09-10,Onion,1069.61
2025-10-10,Onion,1140.91
2025-11-10,Onion,1253.0
2025-12-10,Onion,1478.41
2025-01-11,Onion,1631.76
2025-02-11,Onion,2291.87
2025-03-11,Onion,1295.87
2025-04-11,Onion,1039.26
2025-05-11,Onion,1027.82
2025-06-11,Onion,1459.5
2025-07-11,Onion,1291.25
2025-08-11,Onion,1182.84
2025-09-11,Onion,1042.56
2025-10-11,Onion,841.01
2025-11-11,Onion,1281.23
2025-12-11,Onion,1636.46
2025-01-12,Onion,1802.65
2025-02-12,Onion,2434.09
2025-03-12,Onion,1287.53
2025-04-12,Onion,924.82
2025-05-12,Onion,1044.92
2025-06-12,Onion,1433.06
2025-07-12,Onion,1212.48
2025-08-12,Onion,1308.94
2025-09-12,Onion,1006.07
2025-10-12,Onion,1127.33
2025-11-12,Onion,1304.49
2025-12-12,Onion,1746.33
2026-01-01,Onion,1519.15
2026-02-01,Onion,1131.06
2026-03-01,Onion,862.25
2026-04-01,Onion,824.95
2026-05-01,Onion,752.89
2026-06-01,Onion,1237.41
2026-07-01,Onion,1952.18
2026-01-02,Onion,1461.11
2026-02-02,Onion,988.07
2026-03-02,Onion,764.05
2026-04-02,Onion,881.27
2026-05-02,Onion,1008.83
2026-06-02,Onion,1292.02
2026-07-02,Onion,1841.81
2026-01-03,Onion,1384.81
2026-02-03,Onion,1008.0
2026-03-03,Onion,912.27
2026-04-03,Onion,923.4
2026-05-03,Onion,960.33
2026-06-03,Onion,1294.97
2026-07-03,Onion,1891.05
2026-01-04,Onion,1440.53
2026-02-04,Onion,1029.61
2026-03-04,Onion,788.94
2026-04-04,Onion,959.99
2026-05-04,Onion,987.98
2026-06-04,Onion,1248.11
2026-07-04,Onion,1832.32
2026-01-05,Onion,1239.89
2026-02-05,Onion,1026.92
2026-03-05,Onion,833.88
2026-04-05,Onion,931.77
2026-05-05,Onion,1038.86
2026-06-05,Onion,1287.69
2026-07-05,Onion,1997.6
2026-01-06,Onion,1311.52
2026-02-06,Onion,1024.19
2026-03-06,Onion,841.55
2026-04-06,Onion,958.88
2026-05-06,Onion,1001.91
2026-06-06,Onion,1266.04
2026-07-06,Onion,2076.49
2021-01-01,Turmeric,5552.85
2021-02-01,Turmeric,6906.67
2021-03-01,Turmeric,5200.0
2021-04-01,Turmeric,5614.35
2021-05-01,Turmeric,6250.83
2021-06-01,Turmeric,6019.56
2021-07-01,Turmeric,5510.0
2021-08-01,Turmeric,5798.24
2021-12-01,Turmeric,5950.0
2021-01-13,Turmeric,5853.98
2021-01-14,Turmeric,6345.0
2021-01-15,Turmeric,7416.67
2021-01-16,Turmeric,10000.0
2021-01-18,Turmeric,6202.03
2021-01-19,Turmeric,6594.51
2021-01-20,Turmeric,6055.3
2021-01-21,Turmeric,6389.84
2021-01-22,Turmeric,6181.33
2021-01-23,Turmeric,6614.55
2021-01-25,Turmeric,6525.89
2021-01-27,Turmeric,6411.48
2021-01-28,Turmeric,10000.0
2021-01-29,Turmeric,7453.29
2021-01-30,Turmeric,8993.83
2021-01-02,Turmeric,7571.84
2021-02-02,Turmeric,7960.77
2021-03-02,Turmeric,7184.03
2021-04-02,Turmeric,7274.14
2021-05-02,Turmeric,7540.19
2021-06-02,Turmeric,9398.23
2021-08-02,Turmeric,7542.08
2021-09-02,Turmeric,9194.98
2021-10-02,Turmeric,8853.77
2021-11-02,Turmeric,7790.91
2021-12-02,Turmeric,9862.63
2021-02-13,Turmeric,10971.48
2021-02-15,Turmeric,10063.53
2021-02-16,Turmeric,11101.47
2021-02-17,Turmeric,10523.11
2021-02-18,Turmeric,9689.68
2021-02-20,Turmeric,10648.99
2021-02-22,Turmeric,9349.54
2021-02-23,Turmeric,13797.74
2021-02-24,Turmeric,15191.84
2021-02-25,Turmeric,15897.24
2021-02-26,Turmeric,13049.71
2021-02-27,Turmeric,13683.02
2021-01-03,Turmeric,14086.01
2021-02-03,Turmeric,18604.72
2021-03-03,Turmeric,16350.22
2021-04-03,Turmeric,12574.13
2021-05-03,Turmeric,12601.57
2021-06-03,Turmeric,13049.81
2021-08-03,Turmeric,15290.89
2021-09-03,Turmeric,12515.52
2021-10-03,Turmeric,14167.26
2021-12-03,Turmeric,12230.16
2021-03-13,Turmeric,12283.57
2021-03-15,Turmeric,16564.71
2021-03-16,Turmeric,14299.61
2021-03-17,Turmeric,8400.0
2021-03-18,Turmeric,8525.9
2021-03-20,Turmeric,12580.65
2021-03-22,Turmeric,9370.66
2021-03-23,Turmeric,11877.89
2021-03-24,Turmeric,10698.81
2021-03-25,Turmeric,10475.29
2021-03-26,Turmeric,10109.31
2021-03-27,Turmeric,10135.0
2021-03-30,Turmeric,6092.0
2021-03-31,Turmeric,12670.17
2021-01-04,Turmeric,11350.0
2021-02-04,Turmeric,11960.35
2021-03-04,Turmeric,9374.28
2021-05-04,Turmeric,7720.06
2021-06-04,Turmeric,10540.37
2021-07-04,Turmeric,10455.37
2021-08-04,Turmeric,10938.85
2021-09-04,Turmeric,9710.96
2021-10-04,Turmeric,13000.0
2021-12-04,Turmeric,7754.55
2021-04-13,Turmeric,8053.66
2021-04-14,Turmeric,6630.0
2021-04-15,Turmeric,10706.33
2021-04-16,Turmeric,9645.56
2021-04-17,Turmeric,9376.79
2021-04-19,Turmeric,7100.03
2021-04-20,Turmeric,10335.92
2021-04-21,Turmeric,6878.42
2021-04-22,Turmeric,9761.08
2021-04-23,Turmeric,10153.48
2021-04-24,Turmeric,7200.0
2021-04-26,Turmeric,9062.0
2021-04-27,Turmeric,8649.17
2021-04-28,Turmeric,7721.92
2021-04-29,Turmeric,9200.46
2021-04-30,Turmeric,8811.48
2021-01-05,Turmeric,6700.0
2021-02-05,Turmeric,6800.0
2021-03-05,Turmeric,6966.9
2021-04-05,Turmeric,6889.21
2021-05-05,Turmeric,7038.77
2021-06-05,Turmeric,6888.86
2021-07-05,Turmeric,7072.05
2021-08-05,Turmeric,6941.06
2021-09-05,Turmeric,6800.0
2021-10-05,Turmeric,6818.52
2021-11-05,Turmeric,6900.73
2021-12-05,Turmeric,7000.74
2021-05-13,Turmeric,7079.51
2021-05-14,Turmeric,6691.67
2021-05-15,Turmeric,13000.0
2021-05-16,Turmeric,6780.95
2021-05-17,Turmeric,7048.85
2021-05-18,Turmeric,7259.81
2021-05-19,Turmeric,6982.88
2021-05-20,Turmeric,7097.76
2021-05-21,Turmeric,6949.54
2021-05-22,Turmeric,6650.0
2021-05-23,Turmeric,6800.0
2021-05-24,Turmeric,7041.12
2021-05-25,Turmeric,7121.81
2021-05-26,Turmeric,7344.02
2021-05-27,Turmeric,7188.14
2021-05-28,Turmeric,6914.54
2021-05-29,Turmeric,7314.46
2021-05-30,Turmeric,6700.0
2021-05-31,Turmeric,7175.39
2021-01-06,Turmeric,6889.33
2021-02-06,Turmeric,6785.43
2021-03-06,Turmeric,7979.21
2021-04-06,Turmeric,8020.2
2021-05-06,Turmeric,5876.74
2021-06-06,Turmeric,6416.67
2021-07-06,Turmeric,8195.53
2021-08-06,Turmeric,7759.78
2021-09-06,Turmeric,8168.85
2021-10-06,Turmeric,8362.8
2021-11-06,Turmeric,7694.08
2021-12-06,Turmeric,10312.31
2021-06-13,Turmeric,5946.15
2021-06-14,Turmeric,7585.24
2021-06-15,Turmeric,8332.65
2021-06-16,Turmeric,6726.05
2021-06-17,Turmeric,6335.56
2021-06-18,Turmeric,6823.54
2021-06-19,Turmeric,6585.66
2021-06-20,Turmeric,6400.0
2021-06-21,Turmeric,8805.55
2021-06-22,Turmeric,7317.15
2021-06-23,Turmeric,8415.12
2021-06-24,Turmeric,7803.24
2021-06-25,Turmeric,7333.91
2021-06-26,Turmeric,6298.89
2021-06-28,Turmeric,7113.21
2021-06-29,Turmeric,7269.39
2021-06-30,Turmeric,7773.47
2021-01-07,Turmeric,7041.07
2021-02-07,Turmeric,7369.8
2021-03-07,Turmeric,8316.67
2021-05-07,Turmeric,6816.42
2021-06-07,Turmeric,7756.4
2021-07-07,Turmeric,6943.55
2021-08-07,Turmeric,6990.89
2021-09-07,Turmeric,9705.0
2021-12-07,Turmeric,6563.65
2021-07-13,Turmeric,7040.69
2021-07-14,Turmeric,7129.6
2021-07-15,Turmeric,6629.19
2021-07-16,Turmeric,8701.16
2021-07-17,Turmeric,8625.0
2021-07-18,Turmeric,6250.0
2021-07-19,Turmeric,6469.13
2021-07-20,Turmeric,6282.21
2021-07-21,Turmeric,6250.0
2021-07-22,Turmeric,6586.94
2021-07-23,Turmeric,6579.41
2021-07-24,Turmeric,6676.44
2021-07-25,Turmeric,6250.0
2021-07-26,Turmeric,6404.65
2021-07-27,Turmeric,7092.19
2021-07-28,Turmeric,6578.83
2021-07-29,Turmeric,6606.97
2021-07-30,Turmeric,6529.79
2021-07-31,Turmeric,6440.0
2021-01-08,Turmeric,6100.0
2021-02-08,Turmeric,6421.98
2021-03-08,Turmeric,6488.53
2021-04-08,Turmeric,6705.5
2021-05-08,Turmeric,6387.08
2021-06-08,Turmeric,6794.43
2021-07-08,Turmeric,8192.26
2021-08-08,Turmeric,6087.5
2021-09-08,Turmeric,6583.83
2021-10-08,Turmeric,7691.48
2021-11-08,Turmeric,6787.22
2021-12-08,Turmeric,6236.91
2021-08-13,Turmeric,6846.55
2021-08-14,Turmeric,7278.52
2021-08-16,Turmeric,7072.55
2021-08-17,Turmeric,7102.12
2021-08-18,Turmeric,7108.27
2021-08-19,Turmeric,6849.24
2021-08-20,Turmeric,7215.75
2021-08-21,Turmeric,7562.82
2021-08-22,Turmeric,6750.0
2021-08-23,Turmeric,6895.81
2021-08-24,Turmeric,6827.14
2021-08-25,Turmeric,6998.59
2021-08-26,Turmeric,7107.54
2021-08-27,Turmeric,6926.23
2021-08-28,Turmeric,7694.44
2021-08-30,Turmeric,6757.97
2021-08-31,Turmeric,6845.64
2021-01-09,Turmeric,7641.12
2021-02-09,Turmeric,6520.92
2021-03-09,Turmeric,6903.79
2021-04-09,Turmeric,6816.74
2021-07-09,Turmeric,7168.75
2021-08-09,Turmeric,6911.44
2021-09-09,Turmeric,6553.7
2021-10-09,Turmeric,6700.0
2021-11-09,Turmeric,6423.16
2021-12-09,Turmeric,6700.0
2021-09-14,Turmeric,7808.82
2021-09-15,Turmeric,6626.86
2021-09-16,Turmeric,6089.61
2021-09-17,Turmeric,6013.22
2021-09-18,Turmeric,9600.0
2021-09-20,Turmeric,6416.59
2021-09-21,Turmeric,6897.0
2021-09-22,Turmeric,6271.87
2021-09-23,Turmeric,6205.31
2021-09-24,Turmeric,6341.73
2021-09-25,Turmeric,6000.0
2021-09-27,Turmeric,6499.77
2021-09-28,Turmeric,11724.88
2021-09-29,Turmeric,6635.38
2021-09-30,Turmeric,6240.61
2021-01-10,Turmeric,6149.41
2021-02-10,Turmeric,5486.77
2021-04-10,Turmeric,6252.44
2021-05-10,Turmeric,6452.73
2021-06-10,Turmeric,6317.38
2021-07-10,Turmeric,6138.17
2021-08-10,Turmeric,6524.11
2021-09-10,Turmeric,7988.75
2021-12-10,Turmeric,6299.47
2021-10-13,Turmeric,6608.87
2021-10-14,Turmeric,6082.44
2021-10-15,Turmeric,6143.71
2021-10-16,Turmeric,6232.0
2021-10-18,Turmeric,6425.13
2021-10-19,Turmeric,10383.42
2021-10-20,Turmeric,6426.81
2021-10-21,Turmeric,6236.69
2021-10-22,Turmeric,6364.15
2021-10-23,Turmeric,6010.29
2021-10-25,Turmeric,6148.24
2021-10-26,Turmeric,6270.06
2021-10-27,Turmeric,6313.62
2021-10-28,Turmeric,6330.43
2021-10-29,Turmeric,6280.11
2021-10-30,Turmeric,8123.08
2021-01-11,Turmeric,6890.72
2021-02-11,Turmeric,10316.25
2021-03-11,Turmeric,8923.08
2021-04-11,Turmeric,12000.0
2021-05-11,Turmeric,6786.64
2021-06-11,Turmeric,6755.75
2021-07-11,Turmeric,6650.0
2021-08-11,Turmeric,6382.0
2021-09-11,Turmeric,6632.51
2021-10-11,Turmeric,6698.5
2021-11-11,Turmeric,6212.01
2021-12-11,Turmeric,6719.86
2021-11-13,Turmeric,6024.59
2021-11-15,Turmeric,6630.06
2021-11-16,Turmeric,6794.51
2021-11-17,Turmeric,6690.01
2021-11-18,Turmeric,6921.55
2021-11-19,Turmeric,6827.41
2021-11-20,Turmeric,7417.79
2021-11-22,Turmeric,7349.57
2021-11-23,Turmeric,7430.45
2021-11-24,Turmeric,7357.58
2021-11-25,Turmeric,7087.74
2021-11-26,Turmeric,7164.21
2021-11-27,Turmeric,6995.66
2021-11-29,Turmeric,7319.92
2021-11-30,Turmeric,7485.37
2021-01-12,Turmeric,7638.85
2021-02-12,Turmeric,7374.84
2021-03-12,Turmeric,7478.34
2021-04-12,Turmeric,7558.37
2021-06-12,Turmeric,7457.49
2021-07-12,Turmeric,7428.6
2021-08-12,Turmeric,7842.14
2021-09-12,Turmeric,7691.62
2021-10-12,Turmeric,7652.32
2021-11-12,Turmeric,8000.61
2021-12-13,Turmeric,7507.71
2021-12-14,Turmeric,7687.24
2021-12-15,Turmeric,7606.42
2021-12-16,Turmeric,8135.28
2021-12-17,Turmeric,7916.32
2021-12-18,Turmeric,7611.46
2021-12-20,Turmeric,7858.78
2021-12-21,Turmeric,8005.65
2021-12-22,Turmeric,7903.18
2021-12-23,Turmeric,7900.08
2021-12-24,Turmeric,8029.51
2021-12-25,Turmeric,8485.71
2021-12-27,Turmeric,7966.5
2021-12-28,Turmeric,7976.42
2021-12-29,Turmeric,7729.78
2021-12-30,Turmeric,7814.13
2021-12-31,Turmeric,8628.31
2022-01-01,Turmeric,7910.15
2022-03-01,Turmeric,8394.01
2022-04-01,Turmeric,12000.0
2022-05-01,Turmeric,10290.6
2022-06-01,Turmeric,8351.0
2022-07-01,Turmeric,8747.95
2022-08-01,Turmeric,8733.82
2022-10-01,Turmeric,8802.4
2022-11-01,Turmeric,9965.22
2022-12-01,Turmeric,8835.38
2022-01-13,Turmeric,8261.79
2022-01-14,Turmeric,9368.89
2022-01-15,Turmeric,12000.0
2022-01-17,Turmeric,8728.84
2022-01-18,Turmeric,8811.51
2022-01-19,Turmeric,8845.31
2022-01-20,Turmeric,8435.77
2022-01-21,Turmeric,8690.01
2022-01-22,Turmeric,12000.0
2022-01-24,Turmeric,8357.4
2022-01-25,Turmeric,8597.8
2022-01-27,Turmeric,8107.15
2022-01-28,Turmeric,9655.36
2022-01-29,Turmeric,7050.0
2022-01-31,Turmeric,8533.63
2022-01-02,Turmeric,12000.0
2022-02-02,Turmeric,8343.74
2022-03-02,Turmeric,7936.95
2022-04-02,Turmeric,8205.37
2022-05-02,Turmeric,14025.86
2022-08-02,Turmeric,9826.76
2022-09-02,Turmeric,9863.97
2022-10-02,Turmeric,9826.32
2022-11-02,Turmeric,10352.81
2022-12-02,Turmeric,10590.23
2022-02-14,Turmeric,9769.31
2022-02-15,Turmeric,10606.18
2022-02-16,Turmeric,11844.27
2022-02-17,Turmeric,10972.76
2022-02-18,Turmeric,11414.07
2022-02-21,Turmeric,12137.52
2022-02-22,Turmeric,13394.44
2022-02-23,Turmeric,12223.15
2022-02-24,Turmeric,18869.33
2022-02-25,Turmeric,16085.55
2022-02-26,Turmeric,19532.78
2022-02-28,Turmeric,18965.33
2022-02-03,Turmeric,7659.0
2022-03-03,Turmeric,13371.4
2022-04-03,Turmeric,12135.58
2022-05-03,Turmeric,11116.68
2022-07-03,Turmeric,10755.27
2022-08-03,Turmeric,11538.75
2022-09-03,Turmeric,10340.73
2022-10-03,Turmeric,11364.77
2022-11-03,Turmeric,12164.48
2022-12-03,Turmeric,11784.16
2022-03-14,Turmeric,10187.65
2022-03-15,Turmeric,10928.4
2022-03-16,Turmeric,10431.02
2022-03-17,Turmeric,10103.3
2022-03-19,Turmeric,10388.93
2022-03-21,Turmeric,9754.58
2022-03-22,Turmeric,7894.89
2022-03-23,Turmeric,13769.94
2022-03-24,Turmeric,11546.0
2022-03-25,Turmeric,10069.17
2022-03-26,Turmeric,11471.75
2022-03-28,Turmeric,13476.01
2022-03-29,Turmeric,7959.56
2022-03-30,Turmeric,7232.8
2022-03-31,Turmeric,7477.35
2022-01-04,Turmeric,9000.0
2022-02-04,Turmeric,8262.15
2022-04-04,Turmeric,10816.41
2022-05-04,Turmeric,18198.54
2022-06-04,Turmeric,11029.87
2022-07-04,Turmeric,10616.59
2022-08-04,Turmeric,10691.99
2022-09-04,Turmeric,10248.79
2022-11-04,Turmeric,9216.68
2022-12-04,Turmeric,10294.45
2022-04-13,Turmeric,9541.11
2022-04-14,Turmeric,9000.0
2022-04-15,Turmeric,6733.3
2022-04-16,Turmeric,9290.65
2022-04-18,Turmeric,10128.22
2022-04-19,Turmeric,8878.86
2022-04-20,Turmeric,8210.89
2022-04-21,Turmeric,7647.71
2022-04-22,Turmeric,9145.15
2022-04-23,Turmeric,8971.37
2022-04-24,Turmeric,7250.0
2022-04-25,Turmeric,8283.18
2022-04-26,Turmeric,7064.93
2022-04-27,Turmeric,7034.91
2022-04-28,Turmeric,6746.27
2022-04-29,Turmeric,7588.62
2022-04-30,Turmeric,6631.44
2022-02-05,Turmeric,6932.42
2022-03-05,Turmeric,7092.0
2022-04-05,Turmeric,7822.56
2022-05-05,Turmeric,8651.25
2022-06-05,Turmeric,7540.01
2022-07-05,Turmeric,7083.2
2022-09-05,Turmeric,7280.0
2022-10-05,Turmeric,7551.58
2022-11-05,Turmeric,7013.01
2022-12-05,Turmeric,7396.38
2022-05-13,Turmeric,6548.58
2022-05-14,Turmeric,6362.66
2022-05-15,Turmeric,6400.0
2022-05-16,Turmeric,6593.7
2022-05-17,Turmeric,7287.48
2022-05-18,Turmeric,7621.93
2022-05-19,Turmeric,7059.24
2022-05-20,Turmeric,6282.94
2022-05-21,Turmeric,6294.29
2022-05-23,Turmeric,7284.05
2022-05-24,Turmeric,7402.31
2022-05-25,Turmeric,7964.96
2022-05-26,Turmeric,6223.09
2022-05-27,Turmeric,6974.04
2022-05-28,Turmeric,10173.4
2022-05-30,Turmeric,5802.58
2022-05-31,Turmeric,7261.51
2022-01-06,Turmeric,6866.32
2022-02-06,Turmeric,6626.61
2022-03-06,Turmeric,6603.36
2022-04-06,Turmeric,8636.86
2022-06-06,Turmeric,7533.97
2022-07-06,Turmeric,7129.99
2022-08-06,Turmeric,7443.55
2022-09-06,Turmeric,7232.0
2022-10-06,Turmeric,7004.94
2022-11-06,Turmeric,8630.09
2022-06-13,Turmeric,7126.7
2022-06-14,Turmeric,7459.41
2022-06-15,Turmeric,6800.09
2022-06-16,Turmeric,7649.09
2022-06-17,Turmeric,7052.59
2022-06-18,Turmeric,6772.0
2022-06-20,Turmeric,6832.24
2022-06-21,Turmeric,7404.77
2022-06-22,Turmeric,6704.14
2022-06-23,Turmeric,6428.82
2022-06-24,Turmeric,6827.76
2022-06-25,Turmeric,10081.93
2022-06-26,Turmeric,6200.0
2022-06-27,Turmeric,6871.43
2022-06-28,Turmeric,6829.71
2022-06-29,Turmeric,6663.29
2022-06-30,Turmeric,6183.5
2022-01-07,Turmeric,6573.82
2022-02-07,Turmeric,10150.07
2022-03-07,Turmeric,6200.0
2022-04-07,Turmeric,6774.67
2022-05-07,Turmeric,8825.2
2022-06-07,Turmeric,6797.35
2022-07-07,Turmeric,6353.3
2022-08-07,Turmeric,6696.45
2022-09-07,Turmeric,6549.24
2022-10-07,Turmeric,5400.0
2022-11-07,Turmeric,6644.62
2022-12-07,Turmeric,8120.0
2022-07-13,Turmeric,7344.8
2022-07-14,Turmeric,6497.58
2022-07-15,Turmeric,6566.29
2022-07-16,Turmeric,8176.18
2022-07-17,Turmeric,5400.0
2022-07-18,Turmeric,6884.61
2022-07-19,Turmeric,6897.12
2022-07-20,Turmeric,6579.05
2022-07-21,Turmeric,6466.24
2022-07-22,Turmeric,6732.36
2022-07-23,Turmeric,9661.54
2022-07-24,Turmeric,4400.0
2022-07-25,Turmeric,6539.62
2022-07-26,Turmeric,6735.98
2022-07-27,Turmeric,6698.11
2022-07-28,Turmeric,6648.27
2022-07-29,Turmeric,6732.52
2022-07-30,Turmeric,5363.75
2022-01-08,Turmeric,6910.14
2022-02-08,Turmeric,6881.99
2022-03-08,Turmeric,6658.77
2022-04-08,Turmeric,6457.8
2022-05-08,Turmeric,6273.43
2022-06-08,Turmeric,6945.4
2022-08-08,Turmeric,6523.26
2022-09-08,Turmeric,8905.56
2022-10-08,Turmeric,6906.39
2022-11-08,Turmeric,6722.18
2022-12-08,Turmeric,5909.56
2022-08-13,Turmeric,7590.48
2022-08-16,Turmeric,6656.0
2022-08-17,Turmeric,11363.53
2022-08-18,Turmeric,6445.34
2022-08-19,Turmeric,6084.43
2022-08-20,Turmeric,8004.51
2022-08-22,Turmeric,6339.63
2022-08-23,Turmeric,9444.44
2022-08-24,Turmeric,6247.4
2022-08-25,Turmeric,6753.81
2022-08-26,Turmeric,8654.55
2022-08-27,Turmeric,5187.0
2022-08-28,Turmeric,6300.0
2022-08-29,Turmeric,6364.29
2022-08-30,Turmeric,14000.0
2022-01-09,Turmeric,5915.07
2022-02-09,Turmeric,6147.09
2022-03-09,Turmeric,5939.68
2022-04-09,Turmeric,6450.0
2022-05-09,Turmeric,6029.14
2022-06-09,Turmeric,6176.92
2022-07-09,Turmeric,6791.06
2022-08-09,Turmeric,5017.86
2022-10-09,Turmeric,8500.0
2022-12-09,Turmeric,6023.21
2022-09-13,Turmeric,6852.21
2022-09-14,Turmeric,6239.29
2022-09-15,Turmeric,6507.45
2022-09-16,Turmeric,6337.8
2022-09-19,Turmeric,6578.83
2022-09-20,Turmeric,6431.65
2022-09-21,Turmeric,5273.14
2022-09-22,Turmeric,6267.56
2022-09-23,Turmeric,6291.08
2022-09-24,Turmeric,6571.44
2022-09-26,Turmeric,5241.22
2022-09-27,Turmeric,6027.35
2022-09-28,Turmeric,6035.69
2022-09-29,Turmeric,6165.47
2022-09-30,Turmeric,6132.67
2022-01-10,Turmeric,6009.34
2022-03-10,Turmeric,6723.7
2022-04-10,Turmeric,6307.52
2022-05-10,Turmeric,5780.0
2022-06-10,Turmeric,6906.15
2022-07-10,Turmeric,6391.65
2022-08-10,Turmeric,6002.07
2022-10-10,Turmeric,6192.77
2022-11-10,Turmeric,5994.62
2022-12-10,Turmeric,5969.4
2022-10-13,Turmeric,6390.65
2022-10-14,Turmeric,6382.41
2022-10-15,Turmeric,5525.96
2022-10-17,Turmeric,6292.66
2022-10-18,Turmeric,6814.61
2022-10-19,Turmeric,6230.85
2022-10-20,Turmeric,6011.72
2022-10-21,Turmeric,6623.97
2022-10-22,Turmeric,8500.0
2022-10-24,Turmeric,8500.0
2022-10-25,Turmeric,8500.0
2022-10-26,Turmeric,6202.96
2022-10-27,Turmeric,6569.43
2022-10-28,Turmeric,1068.47
2022-10-29,Turmeric,6318.55
2022-10-31,Turmeric,6518.08
2022-01-11,Turmeric,7441.86
2022-02-11,Turmeric,6422.37
2022-03-11,Turmeric,6479.45
2022-04-11,Turmeric,6651.25
2022-05-11,Turmeric,5994.7
2022-07-11,Turmeric,6429.85
2022-08-11,Turmeric,6666.79
2022-09-11,Turmeric,6649.0
2022-10-11,Turmeric,5672.29
2022-11-11,Turmeric,6761.78
2022-12-11,Turmeric,6667.33
2022-11-14,Turmeric,6865.2
2022-11-15,Turmeric,6542.34
2022-11-16,Turmeric,6911.54
2022-11-17,Turmeric,7071.65
2022-11-18,Turmeric,6817.48
2022-11-19,Turmeric,6728.0
2022-11-21,Turmeric,7000.0
2022-11-22,Turmeric,7821.43
2022-11-23,Turmeric,6686.38
2022-11-24,Turmeric,6508.49
2022-11-25,Turmeric,5700.0
2022-11-26,Turmeric,6652.0
2022-11-28,Turmeric,6868.06
2022-11-30,Turmeric,6567.22
2022-02-12,Turmeric,6888.63
2022-03-12,Turmeric,5500.0
2022-05-12,Turmeric,7186.97
2022-07-12,Turmeric,8000.0
2022-08-12,Turmeric,6396.21
2022-09-12,Turmeric,6434.42
2022-10-12,Turmeric,7156.67
2022-12-12,Turmeric,6820.35
2022-12-13,Turmeric,7841.18
2022-12-14,Turmeric,6390.89
2022-12-15,Turmeric,6548.77
2022-12-16,Turmeric,7217.65
2022-12-17,Turmeric,6551.94
2022-12-19,Turmeric,6690.21
2022-12-20,Turmeric,8000.0
2022-12-21,Turmeric,7730.7
2022-12-22,Turmeric,6116.67
2022-12-23,Turmeric,7142.86
2022-12-26,Turmeric,6326.21
2022-12-27,Turmeric,6918.0
2022-12-28,Turmeric,6969.9
2022-12-29,Turmeric,6685.1
2022-12-30,Turmeric,6783.28
2022-12-31,Turmeric,6502.04
2023-02-01,Turmeric,6962.2
2023-03-01,Turmeric,11000.0
2023-04-01,Turmeric,6584.46
2023-05-01,Turmeric,6287.0
2023-06-01,Turmeric,6425.0
2023-07-01,Turmeric,6055.0
2023-09-01,Turmeric,6960.0
2023-10-01,Turmeric,6634.17
2023-11-01,Turmeric,6785.68
2023-12-01,Turmeric,6746.91
2023-01-13,Turmeric,4236.67
2023-01-14,Turmeric,6410.3
2023-01-16,Turmeric,6782.0
2023-01-17,Turmeric,11000.0
2023-01-18,Turmeric,6651.54
2023-01-19,Turmeric,6400.0
2023-01-20,Turmeric,6599.35
2023-01-21,Turmeric,7250.0
2023-01-23,Turmeric,6668.18
2023-01-24,Turmeric,7189.91
2023-01-25,Turmeric,6784.93
2023-01-27,Turmeric,6430.19
2023-01-28,Turmeric,6659.79
2023-01-30,Turmeric,6388.05
2023-01-31,Turmeric,7418.59
2023-01-02,Turmeric,6756.31
2023-02-02,Turmeric,6129.24
2023-03-02,Turmeric,6634.0
2023-04-02,Turmeric,6088.11
2023-06-02,Turmeric,6174.67
2023-07-02,Turmeric,7882.68
2023-08-02,Turmeric,6424.4
2023-09-02,Turmeric,6357.93
2023-10-02,Turmeric,6293.67
2023-11-02,Turmeric,9928.57
2023-02-13,Turmeric,6090.31
2023-02-14,Turmeric,7521.74
2023-02-15,Turmeric,9150.83
2023-02-16,Turmeric,10193.22
2023-02-17,Turmeric,9396.59
2023-02-20,Turmeric,11000.0
2023-02-21,Turmeric,9993.36
2023-02-22,Turmeric,10419.57
2023-02-23,Turmeric,10468.56
2023-02-24,Turmeric,11479.35
2023-02-25,Turmeric,8728.12
2023-02-27,Turmeric,6308.69
2023-02-28,Turmeric,11181.26
2023-01-03,Turmeric,9284.48
2023-02-03,Turmeric,9936.33
2023-03-03,Turmeric,10474.88
2023-04-03,Turmeric,9859.96
2023-06-03,Turmeric,10629.08
2023-08-03,Turmeric,6210.13
2023-09-03,Turmeric,6450.6
2023-10-03,Turmeric,8019.17
2023-11-03,Turmeric,10459.24
2023-03-13,Turmeric,6551.49
2023-03-14,Turmeric,9952.37
2023-03-15,Turmeric,10774.87
2023-03-16,Turmeric,6063.21
2023-03-17,Turmeric,8729.8
2023-03-18,Turmeric,12253.78
2023-03-20,Turmeric,9604.8
2023-03-21,Turmeric,13408.8
2023-03-22,Turmeric,6234.55
2023-03-23,Turmeric,8339.18
2023-03-24,Turmeric,10768.49
2023-03-25,Turmeric,9433.4
2023-03-27,Turmeric,8844.55
2023-03-28,Turmeric,10797.44
2023-03-29,Turmeric,13280.43
2023-03-30,Turmeric,12910.22
2023-03-31,Turmeric,11013.91
2023-01-04,Turmeric,9409.45
2023-03-04,Turmeric,8787.93
2023-04-04,Turmeric,11205.16
2023-05-04,Turmeric,8777.66
2023-06-04,Turmeric,8955.82
2023-07-04,Turmeric,6219.59
2023-08-04,Turmeric,8914.32
2023-10-04,Turmeric,8654.9
2023-11-04,Turmeric,8784.95
2023-12-04,Turmeric,8285.63
2023-04-13,Turmeric,8353.34
2023-04-14,Turmeric,6594.01
2023-04-15,Turmeric,8890.34
2023-04-17,Turmeric,8163.83
2023-04-18,Turmeric,8153.01
2023-04-19,Turmeric,8217.98
2023-04-20,Turmeric,5934.67
2023-04-21,Turmeric,7960.85
2023-04-22,Turmeric,8493.33
2023-04-24,Turmeric,7494.28
2023-04-25,Turmeric,5757.84
2023-04-26,Turmeric,5792.04
2023-04-27,Turmeric,7570.3
2023-04-28,Turmeric,5168.12
2023-04-29,Turmeric,6014.78
2023-02-05,Turmeric,6876.27
2023-03-05,Turmeric,7728.05
2023-04-05,Turmeric,7873.11
2023-05-05,Turmeric,6090.17
2023-06-05,Turmeric,8625.84
2023-08-05,Turmeric,6604.72
2023-09-05,Turmeric,7932.84
2023-10-05,Turmeric,8477.67
2023-11-05,Turmeric,7590.34
2023-12-05,Turmeric,7850.12
2023-05-13,Turmeric,7610.65
2023-05-15,Turmeric,7693.51
2023-05-16,Turmeric,8421.97
2023-05-17,Turmeric,6978.51
2023-05-18,Turmeric,7633.92
2023-05-19,Turmeric,5918.51
2023-05-20,Turmeric,7790.22
2023-05-21,Turmeric,5800.0
2023-05-22,Turmeric,8352.41
2023-05-23,Turmeric,6875.22
2023-05-24,Turmeric,7886.59
2023-05-25,Turmeric,7339.18
2023-05-26,Turmeric,7259.56
2023-05-27,Turmeric,7087.18
2023-05-29,Turmeric,7874.81
2023-05-30,Turmeric,7042.62
2023-05-31,Turmeric,6784.15
2023-01-06,Turmeric,7731.54
2023-02-06,Turmeric,6780.28
2023-03-06,Turmeric,5783.14
2023-05-06,Turmeric,7153.4
2023-06-06,Turmeric,7168.85
2023-07-06,Turmeric,6804.95
2023-08-06,Turmeric,6375.13
2023-09-06,Turmeric,6724.04
2023-10-06,Turmeric,5979.87
2023-12-06,Turmeric,6630.08
2023-06-13,Turmeric,6139.9
2023-06-14,Turmeric,6488.98
2023-06-15,Turmeric,6469.43
2023-06-16,Turmeric,6797.71
2023-06-17,Turmeric,6863.83
2023-06-19,Turmeric,7773.73
2023-06-20,Turmeric,7288.9
2023-06-21,Turmeric,7495.56
2023-06-22,Turmeric,7507.33
2023-06-23,Turmeric,7721.41
2023-06-24,Turmeric,6836.88
2023-06-26,Turmeric,7620.84
2023-06-27,Turmeric,7506.75
2023-06-28,Turmeric,7412.17
2023-06-29,Turmeric,6183.0
2023-06-30,Turmeric,7068.36
2023-01-07,Turmeric,7071.49
2023-02-07,Turmeric,7300.0
2023-03-07,Turmeric,8446.19
2023-04-07,Turmeric,8355.03
2023-05-07,Turmeric,8321.76
2023-06-07,Turmeric,7952.71
2023-07-07,Turmeric,8829.99
2023-08-07,Turmeric,7870.97
2023-10-07,Turmeric,8628.46
2023-11-07,Turmeric,9262.76
2023-12-07,Turmeric,9637.7
2023-07-13,Turmeric,9390.45
2023-07-14,Turmeric,9344.91
2023-07-15,Turmeric,10066.49
2023-07-17,Turmeric,11653.95
2023-07-18,Turmeric,10737.66
2023-07-19,Turmeric,11532.48
2023-07-20,Turmeric,12956.6
2023-07-21,Turmeric,11738.06
2023-07-22,Turmeric,12325.52
2023-07-23,Turmeric,12500.0
2023-07-24,Turmeric,11840.08
2023-07-25,Turmeric,12790.04
2023-07-26,Turmeric,14611.45
2023-07-27,Turmeric,12410.32
2023-07-28,Turmeric,12019.93
2023-07-29,Turmeric,13339.9
2023-07-30,Turmeric,11800.0
2023-07-31,Turmeric,14056.02
2023-01-08,Turmeric,15221.01
2023-02-08,Turmeric,14200.74
2023-03-08,Turmeric,14209.62
2023-04-08,Turmeric,14795.63
2023-05-08,Turmeric,14047.77
2023-07-08,Turmeric,13474.09
2023-08-08,Turmeric,17687.73
2023-09-08,Turmeric,18058.38
2023-10-08,Turmeric,14240.5
2023-11-08,Turmeric,14409.95
2023-12-08,Turmeric,11748.47
2023-08-14,Turmeric,12926.42
2023-08-16,Turmeric,15000.0
2023-08-17,Turmeric,13737.89
2023-08-18,Turmeric,13588.27
2023-08-19,Turmeric,13551.34
2023-08-21,Turmeric,12641.3
2023-08-22,Turmeric,13272.15
2023-08-23,Turmeric,12240.78
2023-08-24,Turmeric,12670.65
2023-08-25,Turmeric,14584.46
2023-08-26,Turmeric,14261.09
2023-08-28,Turmeric,12513.52
2023-08-29,Turmeric,13934.77
2023-08-30,Turmeric,10621.32
2023-08-31,Turmeric,12458.08
2023-01-09,Turmeric,12165.21
2023-02-09,Turmeric,19500.0
2023-04-09,Turmeric,11300.0
2023-05-09,Turmeric,13174.73
2023-06-09,Turmeric,13177.24
2023-07-09,Turmeric,11864.0
2023-08-09,Turmeric,12132.5
2023-09-09,Turmeric,14258.0
2023-11-09,Turmeric,11468.76
2023-12-09,Turmeric,11995.11
2023-09-13,Turmeric,11734.27
2023-09-14,Turmeric,19500.0
2023-09-15,Turmeric,12712.14
2023-09-16,Turmeric,10980.34
2023-09-18,Turmeric,12196.31
2023-09-23,Turmeric,11000.0
2023-09-25,Turmeric,11967.5
2023-09-26,Turmeric,10870.2
2023-09-27,Turmeric,12683.93
2023-09-29,Turmeric,11979.28
2023-09-30,Turmeric,10000.0
2023-03-10,Turmeric,11686.4
2023-04-10,Turmeric,11920.15
2023-05-10,Turmeric,11995.03
2023-06-10,Turmeric,11730.48
2023-07-10,Turmeric,19500.0
2023-09-10,Turmeric,10890.82
2023-10-10,Turmeric,11825.8
2023-11-10,Turmeric,14127.34
2023-12-10,Turmeric,11056.64
2023-10-13,Turmeric,12086.02
2023-10-14,Turmeric,19500.0
2023-10-16,Turmeric,11829.35
2023-10-17,Turmeric,10988.62
2023-10-18,Turmeric,10934.07
2023-10-19,Turmeric,10868.86
2023-10-20,Turmeric,12109.38
2023-10-21,Turmeric,20000.0
2023-10-23,Turmeric,20000.0
2023-10-25,Turmeric,11915.55
2023-10-26,Turmeric,18366.67
2023-10-27,Turmeric,11121.48
2023-10-28,Turmeric,20000.0
2023-10-30,Turmeric,11250.0
2023-10-31,Turmeric,14000.0
2023-01-11,Turmeric,11198.12
2023-02-11,Turmeric,9871.75
2023-03-11,Turmeric,11504.03
2023-06-11,Turmeric,11130.76
2023-07-11,Turmeric,14233.33
2023-08-11,Turmeric,11950.16
2023-09-11,Turmeric,15970.59
2023-10-11,Turmeric,17500.0
2023-11-11,Turmeric,17500.0
2023-11-13,Turmeric,17500.0
2023-11-16,Turmeric,11511.76
2023-11-17,Turmeric,11058.03
2023-11-21,Turmeric,10735.0
2023-11-22,Turmeric,12206.36
2023-11-23,Turmeric,10150.0
2023-11-24,Turmeric,11519.17
2023-11-27,Turmeric,17500.0
2023-11-28,Turmeric,13466.67
2023-11-29,Turmeric,12190.0
2023-11-30,Turmeric,7500.0
2023-02-12,Turmeric,17500.0
2023-04-12,Turmeric,11263.47
2023-05-12,Turmeric,17500.0
2023-06-12,Turmeric,11745.12
2023-07-12,Turmeric,12015.62
2023-08-12,Turmeric,11285.7
2023-09-12,Turmeric,17500.0
2023-11-12,Turmeric,12200.0
2023-12-12,Turmeric,17500.0
2023-12-13,Turmeric,11650.0
2023-12-14,Turmeric,11924.63
2023-12-15,Turmeric,12018.91
2023-12-16,Turmeric,17500.0
2023-12-18,Turmeric,12302.44
2023-12-19,Turmeric,13525.64
2023-12-20,Turmeric,12258.43
2023-12-21,Turmeric,11354.9
2023-12-22,Turmeric,11514.34
2023-12-26,Turmeric,11574.07
2023-12-27,Turmeric,11718.63
2023-12-28,Turmeric,11861.26
2023-12-29,Turmeric,11589.57
2023-12-30,Turmeric,15250.0
2024-01-01,Turmeric,11280.42
2024-02-01,Turmeric,12983.12
2024-03-01,Turmeric,11095.59
2024-04-01,Turmeric,12052.63
2024-05-01,Turmeric,11439.44
2024-06-01,Turmeric,17500.0
2024-08-01,Turmeric,11303.28
2024-09-01,Turmeric,17500.0
2024-10-01,Turmeric,11612.36
2024-11-01,Turmeric,11683.0
2024-12-01,Turmeric,11342.33
2024-01-13,Turmeric,17500.0
2024-01-15,Turmeric,10428.27
2024-01-16,Turmeric,17500.0
2024-01-17,Turmeric,11106.25
2024-01-18,Turmeric,11706.09
2024-01-19,Turmeric,10402.8
2024-01-23,Turmeric,11752.0
2024-01-24,Turmeric,12876.1
2024-01-25,Turmeric,12919.0
2024-01-29,Turmeric,12125.26
2024-01-30,Turmeric,17500.0
2024-01-31,Turmeric,12980.77
2024-01-02,Turmeric,12282.75
2024-02-02,Turmeric,13011.58
2024-03-02,Turmeric,17500.0
2024-05-02,Turmeric,13215.0
2024-06-02,Turmeric,17500.0
2024-07-02,Turmeric,12979.09
2024-08-02,Turmeric,12663.64
2024-09-02,Turmeric,14375.0
2024-10-02,Turmeric,17500.0
2024-12-02,Turmeric,12240.93
2024-02-13,Turmeric,12733.33
2024-02-14,Turmeric,13055.56
2024-02-15,Turmeric,12177.67
2024-02-16,Turmeric,13353.51
2024-02-17,Turmeric,18900.0
2024-02-20,Turmeric,11752.0
2024-02-21,Turmeric,13400.69
2024-02-22,Turmeric,12344.29
2024-02-23,Turmeric,12472.83
2024-02-24,Turmeric,17500.0
2024-02-26,Turmeric,17500.0
2024-02-27,Turmeric,14086.86
2024-02-28,Turmeric,12319.0
2024-02-29,Turmeric,21951.75
2024-01-03,Turmeric,18629.66
2024-02-03,Turmeric,23216.93
2024-04-03,Turmeric,19549.88
2024-05-03,Turmeric,15013.02
2024-06-03,Turmeric,23917.7
2024-07-03,Turmeric,20636.42
2024-09-03,Turmeric,15250.0
2024-11-03,Turmeric,32488.91
2024-12-03,Turmeric,20803.03
2024-03-13,Turmeric,20101.48
2024-03-14,Turmeric,24345.5
2024-03-15,Turmeric,19520.21
2024-03-16,Turmeric,18461.92
2024-03-18,Turmeric,19265.41
2024-03-19,Turmeric,18872.41
2024-03-20,Turmeric,35482.14
2024-03-21,Turmeric,14850.1
2024-03-22,Turmeric,19012.98
2024-03-23,Turmeric,18806.17
2024-03-26,Turmeric,41094.56
2024-03-27,Turmeric,15720.1
2024-03-28,Turmeric,16910.53
2024-03-30,Turmeric,14468.76
2024-01-04,Turmeric,14069.39
2024-02-04,Turmeric,14989.21
2024-03-04,Turmeric,15267.56
2024-04-04,Turmeric,15220.56
2024-05-04,Turmeric,14611.95
2024-06-04,Turmeric,17619.53
2024-08-04,Turmeric,15435.0
2024-09-04,Turmeric,14500.0
2024-12-04,Turmeric,13198.65
2024-04-13,Turmeric,14765.87
2024-04-15,Turmeric,16949.13
2024-04-16,Turmeric,14280.0
2024-04-17,Turmeric,14328.45
2024-04-18,Turmeric,14819.09
2024-04-19,Turmeric,17835.9
2024-04-20,Turmeric,14917.0
2024-04-22,Turmeric,17696.0
2024-04-23,Turmeric,15729.02
2024-04-24,Turmeric,17768.24
2024-04-25,Turmeric,16800.18
2024-04-26,Turmeric,18045.34
2024-04-27,Turmeric,15663.74
2024-04-29,Turmeric,16294.76
2024-04-30,Turmeric,17920.38
2024-01-05,Turmeric,15552.48
2024-02-05,Turmeric,15634.29
2024-03-05,Turmeric,15867.42
2024-04-05,Turmeric,15920.95
2024-06-05,Turmeric,15209.69
2024-07-05,Turmeric,15093.88
2024-08-05,Turmeric,15418.33
2024-09-05,Turmeric,16409.21
2024-10-05,Turmeric,15404.68
2024-11-05,Turmeric,17289.75
2024-12-05,Turmeric,15000.0
2024-05-13,Turmeric,15947.61
2024-05-14,Turmeric,16478.69
2024-05-15,Turmeric,15566.4
2024-05-16,Turmeric,17637.23
2024-05-17,Turmeric,16549.83
2024-05-18,Turmeric,16269.51
2024-05-19,Turmeric,14000.0
2024-05-20,Turmeric,15876.23
2024-05-21,Turmeric,18210.22
2024-05-22,Turmeric,16158.61
2024-05-23,Turmeric,15752.37
2024-05-24,Turmeric,15289.52
2024-05-25,Turmeric,16931.6
2024-05-27,Turmeric,15966.99
2024-05-28,Turmeric,17328.62
2024-05-29,Turmeric,15650.19
2024-05-30,Turmeric,15375.5
2024-05-31,Turmeric,15478.62
2024-01-06,Turmeric,14971.23
2024-02-06,Turmeric,14000.0
2024-03-06,Turmeric,15811.79
2024-04-06,Turmeric,15287.55
2024-05-06,Turmeric,15414.95
2024-06-06,Turmeric,15522.44
2024-07-06,Turmeric,14286.0
2024-08-06,Turmeric,15074.56
2024-09-06,Turmeric,14000.0
2024-10-06,Turmeric,14732.91
2024-11-06,Turmeric,13068.18
2024-12-06,Turmeric,14449.03
2024-06-13,Turmeric,15135.11
2024-06-14,Turmeric,15125.14
2024-06-15,Turmeric,14573.15
2024-06-17,Turmeric,14994.91
2024-06-18,Turmeric,14992.55
2024-06-19,Turmeric,14799.5
2024-06-20,Turmeric,15027.82
2024-06-21,Turmeric,15469.25
2024-06-22,Turmeric,14678.0
2024-06-24,Turmeric,14194.77
2024-06-25,Turmeric,14516.48
2024-06-26,Turmeric,14677.7
2024-06-27,Turmeric,13877.94
2024-06-28,Turmeric,14600.72
2024-06-29,Turmeric,15518.25
2024-06-30,Turmeric,14000.0
2024-01-07,Turmeric,14240.95
2024-02-07,Turmeric,14642.12
2024-03-07,Turmeric,14323.38
2024-04-07,Turmeric,14074.28
2024-05-07,Turmeric,13436.71
2024-06-07,Turmeric,18605.84
2024-08-07,Turmeric,13478.47
2024-09-07,Turmeric,14193.9
2024-10-07,Turmeric,14199.89
2024-11-07,Turmeric,14391.5
2024-12-07,Turmeric,13693.48
2024-07-13,Turmeric,14600.0
2024-07-15,Turmeric,14097.95
2024-07-16,Turmeric,14793.9
2024-07-17,Turmeric,14690.81
2024-07-18,Turmeric,15026.79
2024-07-19,Turmeric,14405.03
2024-07-20,Turmeric,14655.9
2024-07-22,Turmeric,14350.01
2024-07-23,Turmeric,19000.0
2024-07-24,Turmeric,13800.57
2024-07-25,Turmeric,14644.03
2024-07-26,Turmeric,13129.16
2024-07-27,Turmeric,14072.0
2024-07-29,Turmeric,13704.83
2024-07-30,Turmeric,13942.08
2024-07-31,Turmeric,13957.77
2024-01-08,Turmeric,11044.04
2024-02-08,Turmeric,13261.08
2024-03-08,Turmeric,9304.26
2024-05-08,Turmeric,13580.77
2024-06-08,Turmeric,13149.82
2024-07-08,Turmeric,13676.82
2024-08-08,Turmeric,14198.32
2024-09-08,Turmeric,13351.07
2024-10-08,Turmeric,8989.61
2024-08-13,Turmeric,13343.57
2024-08-14,Turmeric,13379.87
2024-08-15,Turmeric,14410.0
2024-08-16,Turmeric,13310.74
2024-08-17,Turmeric,13185.27
2024-08-19,Turmeric,9906.96
2024-08-20,Turmeric,13023.19
2024-08-21,Turmeric,12143.64
2024-08-22,Turmeric,13161.27
2024-08-23,Turmeric,12453.35
2024-08-24,Turmeric,14485.2
2024-08-26,Turmeric,13250.36
2024-08-27,Turmeric,12862.47
2024-08-28,Turmeric,12218.64
2024-08-29,Turmeric,12663.61
2024-08-30,Turmeric,12537.23
2024-08-31,Turmeric,16500.0
2024-02-09,Turmeric,16500.0
2024-03-09,Turmeric,14859.53
2024-04-09,Turmeric,13367.55
2024-05-09,Turmeric,13325.33
2024-06-09,Turmeric,13340.8
2024-07-09,Turmeric,12480.0
2024-09-09,Turmeric,13778.63
2024-10-09,Turmeric,13032.36
2024-11-09,Turmeric,16500.0
2024-12-09,Turmeric,13035.37
2024-09-13,Turmeric,13025.51
2024-09-14,Turmeric,13648.21
2024-09-16,Turmeric,12608.74
2024-09-18,Turmeric,13239.49
2024-09-19,Turmeric,13389.77
2024-09-20,Turmeric,13401.56
2024-09-21,Turmeric,13104.36
2024-09-23,Turmeric,12911.47
2024-09-24,Turmeric,13265.32
2024-09-25,Turmeric,13454.67
2024-09-26,Turmeric,12936.89
2024-09-27,Turmeric,13319.82
2024-09-28,Turmeric,13327.38
2024-09-30,Turmeric,12164.69
2024-01-10,Turmeric,15520.53
2024-02-10,Turmeric,12151.15
2024-03-10,Turmeric,12941.2
2024-04-10,Turmeric,13060.81
2024-05-10,Turmeric,12489.0
2024-09-10,Turmeric,12635.0
2024-10-10,Turmeric,12263.26
2024-11-10,Turmeric,12377.75
2024-10-14,Turmeric,12500.9
2024-10-15,Turmeric,13407.96
2024-10-16,Turmeric,13711.88
2024-10-17,Turmeric,12619.28
2024-10-18,Turmeric,12463.28
2024-10-19,Turmeric,13419.02
2024-10-21,Turmeric,12079.58
2024-10-22,Turmeric,12096.19
2024-10-23,Turmeric,11047.96
2024-10-24,Turmeric,12526.25
2024-10-25,Turmeric,12231.23
2024-10-26,Turmeric,10121.72
2024-10-28,Turmeric,12375.7
2024-10-29,Turmeric,16276.54
2024-10-30,Turmeric,17000.0
2024-02-11,Turmeric,12621.45
2024-04-11,Turmeric,12168.17
2024-05-11,Turmeric,12447.46
2024-06-11,Turmeric,12650.0
2024-07-11,Turmeric,12524.99
2024-08-11,Turmeric,12796.47
2024-09-11,Turmeric,16319.25
2024-11-11,Turmeric,12595.79
2024-12-11,Turmeric,13674.91
2024-11-13,Turmeric,12964.05
2024-11-14,Turmeric,17000.0
2024-11-15,Turmeric,13401.42
2024-11-16,Turmeric,17000.0
2024-11-18,Turmeric,13609.38
2024-11-19,Turmeric,17000.0
2024-11-21,Turmeric,13315.55
2024-11-22,Turmeric,13328.75
2024-11-23,Turmeric,14860.43
2024-11-25,Turmeric,12690.57
2024-11-26,Turmeric,12744.95
2024-11-27,Turmeric,13065.38
2024-11-28,Turmeric,13300.0
2024-11-29,Turmeric,13234.22
2024-11-30,Turmeric,9642.76
2024-02-12,Turmeric,12564.36
2024-03-12,Turmeric,13039.52
2024-04-12,Turmeric,12421.16
2024-05-12,Turmeric,12606.3
2024-06-12,Turmeric,13044.18
2024-07-12,Turmeric,16590.91
2024-09-12,Turmeric,12680.44
2024-10-12,Turmeric,13073.61
2024-11-12,Turmeric,12845.34
2024-12-12,Turmeric,12713.26
2024-12-13,Turmeric,12809.93
2024-12-14,Turmeric,17000.0
2024-12-16,Turmeric,12550.0
2024-12-17,Turmeric,12661.14
2024-12-18,Turmeric,12578.77
2024-12-19,Turmeric,12614.43
2024-12-20,Turmeric,10631.83
2024-12-21,Turmeric,12524.46
2024-12-23,Turmeric,12486.35
2024-12-24,Turmeric,10805.18
2024-12-25,Turmeric,12230.0
2024-12-26,Turmeric,12479.38
2024-12-27,Turmeric,12169.03
2024-12-28,Turmeric,13441.73
2024-12-30,Turmeric,7938.0
2024-12-31,Turmeric,13187.52
2025-01-01,Turmeric,13260.15
2025-02-01,Turmeric,13278.48
2025-03-01,Turmeric,13312.1
2025-04-01,Turmeric,14041.48
2025-06-01,Turmeric,13388.38
2025-07-01,Turmeric,13757.01
2025-08-01,Turmeric,14048.74
2025-09-01,Turmeric,13520.69
2025-10-01,Turmeric,13574.12
2025-11-01,Turmeric,17500.0
2025-01-13,Turmeric,12652.47
2025-01-14,Turmeric,14819.4
2025-01-15,Turmeric,16532.2
2025-01-16,Turmeric,13261.51
2025-01-17,Turmeric,13096.8
2025-01-18,Turmeric,17190.51
2025-01-20,Turmeric,12549.76
2025-01-21,Turmeric,13870.52
2025-01-22,Turmeric,13838.86
2025-01-23,Turmeric,12815.47
2025-01-24,Turmeric,13599.5
2025-01-25,Turmeric,19371.06
2025-01-27,Turmeric,12575.93
2025-01-28,Turmeric,16648.44
2025-01-29,Turmeric,12673.37
2025-01-30,Turmeric,12169.05
2025-01-31,Turmeric,13843.94
2025-01-02,Turmeric,18547.44
2025-03-02,Turmeric,12396.22
2025-04-02,Turmeric,13544.87
2025-05-02,Turmeric,12129.52
2025-06-02,Turmeric,12809.37
2025-07-02,Turmeric,12674.81
2025-02-13,Turmeric,15564.87
2025-02-14,Turmeric,14758.97
2025-02-15,Turmeric,16299.96
2025-02-17,Turmeric,15086.23
2025-02-18,Turmeric,19429.37
2025-02-19,Turmeric,6863.0
2025-02-20,Turmeric,17138.27
2025-02-21,Turmeric,12342.56
2025-02-22,Turmeric,16491.23
2025-02-24,Turmeric,17107.85
2025-02-25,Turmeric,18064.13
2025-02-28,Turmeric,16770.88
2025-01-03,Turmeric,17000.0
2025-03-03,Turmeric,13240.93
2025-04-03,Turmeric,14916.67
2025-05-03,Turmeric,14385.43
2025-06-03,Turmeric,14920.56
2025-07-03,Turmeric,14938.57
2025-08-03,Turmeric,15275.56
2025-10-03,Turmeric,14533.24
2025-11-03,Turmeric,14956.81
2025-12-03,Turmeric,14780.46
2025-03-13,Turmeric,15378.72
2025-03-15,Turmeric,15389.24
2025-03-17,Turmeric,15025.09
2025-03-18,Turmeric,15707.43
2025-03-19,Turmeric,12841.44
2025-03-20,Turmeric,12496.69
2025-03-21,Turmeric,15651.26
2025-03-22,Turmeric,13923.42
2025-03-24,Turmeric,19612.87
2025-03-25,Turmeric,15900.36
2025-03-26,Turmeric,17036.82
2025-03-27,Turmeric,13385.38
2025-03-28,Turmeric,14801.56
2025-03-29,Turmeric,12154.59
2025-03-31,Turmeric,21000.0
2025-01-04,Turmeric,14137.83
2025-02-04,Turmeric,14879.97
2025-03-04,Turmeric,14315.26
2025-04-04,Turmeric,13948.58
2025-05-04,Turmeric,14726.65
2025-07-04,Turmeric,13277.17
2025-08-04,Turmeric,15201.61
2025-09-04,Turmeric,14870.73
2025-10-04,Turmeric,14568.81
2025-11-04,Turmeric,14653.55
2025-12-04,Turmeric,13322.8
2025-04-14,Turmeric,13820.69
2025-04-15,Turmeric,15086.74
2025-04-16,Turmeric,13608.11
2025-04-17,Turmeric,14829.59
2025-04-18,Turmeric,14387.73
2025-04-19,Turmeric,15335.8
2025-04-21,Turmeric,13025.29
2025-04-22,Turmeric,13528.58
2025-04-23,Turmeric,15089.37
2025-04-24,Turmeric,13497.49
2025-04-25,Turmeric,13274.9
2025-04-26,Turmeric,13695.85
2025-04-27,Turmeric,12937.0
2025-04-28,Turmeric,14295.7
2025-04-29,Turmeric,12604.01
2025-04-30,Turmeric,12624.55
2025-01-05,Turmeric,12995.62
2025-02-05,Turmeric,14377.66
2025-03-05,Turmeric,13042.72
2025-05-05,Turmeric,14336.2
2025-06-05,Turmeric,13806.14
2025-07-05,Turmeric,13400.54
2025-08-05,Turmeric,12196.73
2025-09-05,Turmeric,12082.71
2025-10-05,Turmeric,12193.48
2025-12-05,Turmeric,12949.18
2025-05-13,Turmeric,11888.89
2025-05-15,Turmeric,13659.21
2025-05-16,Turmeric,13635.52
2025-05-17,Turmeric,12655.25
2025-05-19,Turmeric,13250.75
2025-05-20,Turmeric,13339.38
2025-05-21,Turmeric,12787.04
2025-05-22,Turmeric,12975.56
2025-05-23,Turmeric,12533.01
2025-05-24,Turmeric,12209.26
2025-05-26,Turmeric,12369.91
2025-05-27,Turmeric,12018.19
2025-05-28,Turmeric,12076.0
2025-05-29,Turmeric,12823.79
2025-05-30,Turmeric,11916.65
2025-05-31,Turmeric,12295.43
2025-02-06,Turmeric,12907.51
2025-03-06,Turmeric,12241.53
2025-04-06,Turmeric,15458.54
2025-05-06,Turmeric,12154.3
2025-06-06,Turmeric,12214.13
2025-07-06,Turmeric,10659.39
2025-09-06,Turmeric,12359.05
2025-10-06,Turmeric,12435.09
2025-11-06,Turmeric,12215.57
2025-12-06,Turmeric,12007.42
2025-06-13,Turmeric,12306.04
2025-06-14,Turmeric,15885.34
2025-06-16,Turmeric,12061.99
2025-06-17,Turmeric,11758.34
2025-06-18,Turmeric,12162.86
2025-06-19,Turmeric,12030.18
2025-06-20,Turmeric,11582.06
2025-06-21,Turmeric,10762.16
2025-06-23,Turmeric,11954.18
2025-06-24,Turmeric,11863.58
2025-06-25,Turmeric,12362.87
2025-06-26,Turmeric,11569.27
2025-06-27,Turmeric,11798.39
2025-06-28,Turmeric,11553.43
2025-06-30,Turmeric,11531.07
2025-01-07,Turmeric,11700.06
2025-02-07,Turmeric,11390.37
2025-03-07,Turmeric,11421.15
2025-04-07,Turmeric,11605.73
2025-05-07,Turmeric,7234.97
2025-07-07,Turmeric,11568.08
2025-08-07,Turmeric,11747.81
2025-09-07,Turmeric,12299.26
2025-10-07,Turmeric,11355.93
2025-11-07,Turmeric,10862.83
2025-12-07,Turmeric,9407.21
2025-07-14,Turmeric,11653.23
2025-07-15,Turmeric,11020.34
2025-07-16,Turmeric,11419.08
2025-07-17,Turmeric,11618.96
2025-07-18,Turmeric,11092.56
2025-07-19,Turmeric,9809.39
2025-07-21,Turmeric,11179.12
2025-07-22,Turmeric,12062.59
2025-07-23,Turmeric,11829.76
2025-07-24,Turmeric,8524.3
2025-07-25,Turmeric,11772.52
2025-07-26,Turmeric,16060.19
2025-07-28,Turmeric,10968.42
2025-07-29,Turmeric,13083.77
2025-07-30,Turmeric,11605.47
2025-07-31,Turmeric,11014.12
2025-01-08,Turmeric,9450.03
2025-02-08,Turmeric,10585.14
2025-04-08,Turmeric,11334.67
2025-05-08,Turmeric,11256.99
2025-06-08,Turmeric,11402.76
2025-07-08,Turmeric,10820.41
2025-08-08,Turmeric,10911.86
2025-09-08,Turmeric,6500.0
2025-11-08,Turmeric,11004.06
2025-12-08,Turmeric,11134.73
2025-08-13,Turmeric,11193.71
2025-08-14,Turmeric,10792.34
2025-08-16,Turmeric,10900.0
2025-08-18,Turmeric,11154.33
2025-08-19,Turmeric,11063.2
2025-08-20,Turmeric,11650.58
2025-08-21,Turmeric,11462.7
2025-08-22,Turmeric,22000.0
2025-08-23,Turmeric,6899.0
2025-08-25,Turmeric,7796.87
2025-08-28,Turmeric,6247.0
2025-08-29,Turmeric,8031.99
2025-08-30,Turmeric,7629.57
2025-02-09,Turmeric,10671.06
2025-03-09,Turmeric,10823.39
2025-04-09,Turmeric,10825.94
2025-05-09,Turmeric,10697.52
2025-06-09,Turmeric,6762.0
2025-08-09,Turmeric,11021.59
2025-09-09,Turmeric,10935.43
2025-10-09,Turmeric,10840.52
2025-11-09,Turmeric,11271.49
2025-12-09,Turmeric,10573.72
2025-09-13,Turmeric,10718.7
2025-09-15,Turmeric,11118.33
2025-09-16,Turmeric,10744.25
2025-09-17,Turmeric,10329.11
2025-09-18,Turmeric,11109.14
2025-09-19,Turmeric,10428.91
2025-09-20,Turmeric,10563.53
2025-09-22,Turmeric,11498.04
2025-09-23,Turmeric,10979.37
2025-09-24,Turmeric,10961.97
2025-09-25,Turmeric,10857.09
2025-09-26,Turmeric,10725.53
2025-09-27,Turmeric,15654.75
2025-09-29,Turmeric,11231.85
2025-09-30,Turmeric,11393.48
2025-01-10,Turmeric,14687.5
2025-03-10,Turmeric,10796.02
2025-04-10,Turmeric,10750.0
2025-06-10,Turmeric,11275.75
2025-07-10,Turmeric,11387.17
2025-08-10,Turmeric,12102.92
2025-09-10,Turmeric,11987.12
2025-10-10,Turmeric,6658.0
2025-11-10,Turmeric,20500.0
2025-10-13,Turmeric,12046.77
2025-10-14,Turmeric,12802.13
2025-10-15,Turmeric,12146.62
2025-10-16,Turmeric,12655.97
2025-10-17,Turmeric,17970.27
2025-10-18,Turmeric,13000.0
2025-10-22,Turmeric,10000.0
2025-10-23,Turmeric,13765.72
2025-10-25,Turmeric,20500.0
2025-10-27,Turmeric,12783.56
2025-10-28,Turmeric,13271.47
2025-10-29,Turmeric,13552.29
2025-10-30,Turmeric,12981.61
2025-10-31,Turmeric,12689.41
2025-01-11,Turmeric,17149.17
2025-03-11,Turmeric,12704.7
2025-04-11,Turmeric,14548.2
2025-05-11,Turmeric,13200.0
2025-06-11,Turmeric,12742.41
2025-07-11,Turmeric,13103.39
2025-08-11,Turmeric,13050.0
2025-10-11,Turmeric,13835.26
2025-11-11,Turmeric,14194.61
2025-12-11,Turmeric,14457.86
2025-11-13,Turmeric,13928.48
2025-11-14,Turmeric,14160.5
2025-11-17,Turmeric,13996.58
2025-11-18,Turmeric,13709.15
2025-11-19,Turmeric,13429.53
2025-11-20,Turmeric,20750.0
2025-11-21,Turmeric,14032.04
2025-11-24,Turmeric,13199.38
2025-11-25,Turmeric,13432.3
2025-11-26,Turmeric,14183.37
2025-11-27,Turmeric,20750.0
2025-11-28,Turmeric,14036.71
2025-01-12,Turmeric,13967.76
2025-02-12,Turmeric,20750.0
2025-03-12,Turmeric,14219.29
2025-04-12,Turmeric,13575.83
2025-05-12,Turmeric,13449.67
2025-08-12,Turmeric,13723.07
2025-09-12,Turmeric,14122.54
2025-10-12,Turmeric,14231.45
2025-11-12,Turmeric,13774.08
2025-12-12,Turmeric,13908.48
2025-12-15,Turmeric,14221.76
2025-12-16,Turmeric,15625.53
2025-12-17,Turmeric,14850.82
2025-12-18,Turmeric,14330.4
2025-12-19,Turmeric,20750.0
2025-12-22,Turmeric,14694.43
2025-12-23,Turmeric,14946.57
2025-12-24,Turmeric,15406.27
2025-12-25,Turmeric,15084.05
2025-12-26,Turmeric,15425.35
2025-12-29,Turmeric,16004.56
2025-12-30,Turmeric,16163.7
2025-12-31,Turmeric,16307.95
2026-01-01,Turmeric,15441.56
2026-02-01,Turmeric,15883.38
2026-05-01,Turmeric,16666.56
2026-06-01,Turmeric,16768.36
2026-07-01,Turmeric,16375.89
2026-08-01,Turmeric,15648.91
2026-09-01,Turmeric,14937.5
2026-12-01,Turmeric,15285.94
2026-01-13,Turmeric,15921.33
2026-01-14,Turmeric,20750.0
2026-01-16,Turmeric,13700.0
2026-01-17,Turmeric,12000.0
2026-01-19,Turmeric,20750.0
2026-01-20,Turmeric,15350.0
2026-01-21,Turmeric,15112.82
2026-01-22,Turmeric,15608.91
2026-01-23,Turmeric,15412.85
2026-01-27,Turmeric,14776.83
2026-01-28,Turmeric,15767.41
2026-01-29,Turmeric,15317.93
2026-01-30,Turmeric,15118.95
2026-01-31,Turmeric,12601.0
2026-02-02,Turmeric,15164.64
2026-03-02,Turmeric,14700.5
2026-04-02,Turmeric,15147.16
2026-05-02,Turmeric,15395.78
2026-06-02,Turmeric,15329.78
2026-09-02,Turmeric,16066.77
2026-10-02,Turmeric,16410.83
2026-11-02,Turmeric,15825.37
2026-12-02,Turmeric,15580.36
2026-02-13,Turmeric,14355.18
2026-02-16,Turmeric,15319.17
2026-02-17,Turmeric,20750.0
2026-02-18,Turmeric,15895.12
2026-02-20,Turmeric,16678.18
2026-02-21,Turmeric,15500.0
2026-02-23,Turmeric,16685.44
2026-02-24,Turmeric,17830.66
2026-02-25,Turmeric,14835.09
2026-02-26,Turmeric,17548.66
2026-02-27,Turmeric,17168.86
2026-02-28,Turmeric,17300.0
2026-02-03,Turmeric,17017.34
2026-04-03,Turmeric,17393.33
2026-05-03,Turmeric,15976.67
2026-06-03,Turmeric,16213.77
2026-07-03,Turmeric,16900.0
2026-09-03,Turmeric,16033.02
2026-10-03,Turmeric,16399.72
2026-11-03,Turmeric,15599.74
2026-12-03,Turmeric,15648.96
2026-03-13,Turmeric,15223.43
2026-03-14,Turmeric,15800.0
2026-03-16,Turmeric,15124.39
2026-03-17,Turmeric,15440.61
2026-03-18,Turmeric,22165.76
2026-03-19,Turmeric,13835.27
2026-03-20,Turmeric,16082.54
2026-03-21,Turmeric,11991.13
2026-03-23,Turmeric,14720.29
2026-03-24,Turmeric,14485.92
2026-03-25,Turmeric,15123.02
2026-03-26,Turmeric,14621.08
2026-03-27,Turmeric,13879.98
2026-03-28,Turmeric,19625.65
2026-03-30,Turmeric,12436.55
2026-03-31,Turmeric,14687.97
2026-01-04,Turmeric,14134.6
2026-02-04,Turmeric,13667.78
2026-03-04,Turmeric,13961.62
2026-04-04,Turmeric,15134.01
2026-06-04,Turmeric,13555.01
2026-07-04,Turmeric,15363.38
2026-08-04,Turmeric,15906.79
2026-09-04,Turmeric,14728.63
2026-10-04,Turmeric,14004.53
2026-11-04,Turmeric,14060.17
2026-04-13,Turmeric,13410.16
2026-04-14,Turmeric,15883.85
2026-04-15,Turmeric,14577.1
2026-04-16,Turmeric,13951.56
2026-04-17,Turmeric,12920.11
2026-04-18,Turmeric,14573.3
2026-04-19,Turmeric,13200.0
2026-04-20,Turmeric,12919.04
2026-04-21,Turmeric,14011.15
2026-04-22,Turmeric,13230.17
2026-04-23,Turmeric,13835.0
2026-04-24,Turmeric,13874.24
2026-04-25,Turmeric,14376.93
2026-04-26,Turmeric,13067.0
2026-04-27,Turmeric,13299.66
2026-04-28,Turmeric,13629.39
2026-04-29,Turmeric,13173.42
2026-04-30,Turmeric,13008.54
2026-01-05,Turmeric,12800.19
2026-02-05,Turmeric,12724.57
2026-04-05,Turmeric,12869.98
2026-05-05,Turmeric,12978.13
2026-06-05,Turmeric,13049.22
2026-07-05,Turmeric,13144.82
2026-08-05,Turmeric,13766.71
2026-09-05,Turmeric,12931.15
2026-11-05,Turmeric,14418.52
2026-12-05,Turmeric,13489.4
2026-05-13,Turmeric,12756.5
2026-05-14,Turmeric,12597.38
2026-05-15,Turmeric,12373.32
2026-05-16,Turmeric,12541.42
2026-05-18,Turmeric,13077.25
2026-05-19,Turmeric,13249.72
2026-05-20,Turmeric,12703.13
2026-05-21,Turmeric,12418.91
2026-05-22,Turmeric,12929.32
2026-05-23,Turmeric,13248.02
2026-05-25,Turmeric,15449.3
2026-05-26,Turmeric,16410.65
2026-05-27,Turmeric,14164.87
2026-05-28,Turmeric,13169.17
2026-05-29,Turmeric,12367.51
2026-05-30,Turmeric,12849.73
2026-01-06,Turmeric,12911.71
2026-02-06,Turmeric,12461.56
2026-03-06,Turmeric,12695.4
2026-04-06,Turmeric,12446.47
2026-05-06,Turmeric,12371.34
2026-06-06,Turmeric,12586.35
2026-08-06,Turmeric,12403.19
2026-09-06,Turmeric,12337.5
2026-10-06,Turmeric,13126.44
2026-11-06,Turmeric,12477.69
2026-12-06,Turmeric,12394.75
2026-06-13,Turmeric,12914.87
2026-06-15,Turmeric,12962.34
2026-06-16,Turmeric,13580.87
2026-06-17,Turmeric,14020.29
2026-06-18,Turmeric,13480.25
2026-06-19,Turmeric,13598.16
2026-06-20,Turmeric,13855.37
2026-06-22,Turmeric,14576.68
2026-06-23,Turmeric,14116.02
2026-06-24,Turmeric,13129.61
2026-06-25,Turmeric,13116.67
2026-06-26,Turmeric,13802.8
2026-06-27,Turmeric,13297.67
2026-06-29,Turmeric,13617.78
2026-06-30,Turmeric,13551.09
