Date,Year,Month,Commodity,Weighted_Min_Price,Weighted_Max_Price,Weighted_Modal_Price,Total_Arrivals_MT,Markets_Reported
2021-01-01,2021,January,Turmeric,4872.48,6078.4,5552.85,216.0,5
2021-01-02,2021,January,Turmeric,5920.0,8016.67,6906.67,12.0,2
2021-01-03,2021,January,Turmeric,5000.0,5300.0,5200.0,4.0,1
2021-01-04,2021,January,Turmeric,5024.76,6209.44,5614.35,265.0,5
2021-01-05,2021,January,Turmeric,5656.52,6643.48,6250.83,23.0,3
2021-01-06,2021,January,Turmeric,5473.57,6769.78,6019.56,227.0,3
2021-01-07,2021,January,Turmeric,4800.0,5870.0,5510.0,14.0,1
2021-01-08,2021,January,Turmeric,5247.71,6826.67,5798.24,153.0,3
2021-01-12,2021,January,Turmeric,4750.0,6600.0,5950.0,68.0,1
2021-01-13,2021,January,Turmeric,5455.72,6617.83,5853.98,141.0,2
2021-01-14,2021,January,Turmeric,4900.0,7495.0,6345.0,111.0,1
2021-01-15,2021,January,Turmeric,6527.78,9102.78,7416.67,18.0,2
2021-01-16,2021,January,Turmeric,8000.0,13000.0,10000.0,8.0,1
2021-01-18,2021,January,Turmeric,5260.91,7491.51,6202.03,320.0,5
2021-01-19,2021,January,Turmeric,5175.32,7625.26,6594.51,77.0,3
2021-01-20,2021,January,Turmeric,4990.86,7262.36,6055.3,500.0,5
2021-01-21,2021,January,Turmeric,4710.05,6988.01,6389.84,93.0,2
2021-01-22,2021,January,Turmeric,5557.13,7157.33,6181.33,484.0,4
2021-01-23,2021,January,Turmeric,5772.73,7520.91,6614.55,55.0,2
2021-01-25,2021,January,Turmeric,5243.28,7735.01,6525.89,387.0,4
2021-01-27,2021,January,Turmeric,5429.96,7101.12,6411.48,277.0,4
2021-01-28,2021,January,Turmeric,8000.0,13000.0,10000.0,7.0,1
2021-01-29,2021,January,Turmeric,5676.61,9215.53,7453.29,295.0,4
2021-01-30,2021,January,Turmeric,5269.14,12765.43,8993.83,81.0,3
2021-02-01,2021,February,Turmeric,5819.87,9643.58,7571.84,395.0,5
2021-02-02,2021,February,Turmeric,5190.42,10624.31,7960.77,320.0,5
2021-02-03,2021,February,Turmeric,5756.12,8460.61,7184.03,313.0,6
2021-02-04,2021,February,Turmeric,5367.24,9091.38,7274.14,87.0,3
2021-02-05,2021,February,Turmeric,6213.32,9166.44,7540.19,184.0,5
2021-02-06,2021,February,Turmeric,5067.07,13729.39,9398.23,99.0,2
2021-02-08,2021,February,Turmeric,5775.35,10018.61,7542.08,226.0,3
2021-02-09,2021,February,Turmeric,6024.17,11854.28,9194.98,258.0,4
2021-02-10,2021,February,Turmeric,6566.47,11303.27,8853.77,405.0,7
2021-02-11,2021,February,Turmeric,5968.03,10011.74,7790.91,66.0,4
2021-02-12,2021,February,Turmeric,6624.14,12919.17,9862.63,569.0,5
2021-02-13,2021,February,Turmeric,6542.78,15428.7,10971.48,561.0,2
2021-02-15,2021,February,Turmeric,6416.48,13576.9,10063.53,751.0,6
2021-02-16,2021,February,Turmeric,6500.91,15707.13,11101.47,890.0,5
2021-02-17,2021,February,Turmeric,6535.82,14469.9,10523.11,810.0,6
2021-02-18,2021,February,Turmeric,6542.85,12912.05,9689.68,473.0,6
2021-02-20,2021,February,Turmeric,6520.26,14787.94,10648.99,543.0,3
2021-02-22,2021,February,Turmeric,6569.94,12129.89,9349.54,832.0,6
2021-02-23,2021,February,Turmeric,6987.1,20567.73,13797.74,4110.0,4
2021-02-24,2021,February,Turmeric,7048.26,23284.9,15191.84,1694.0,5
2021-02-25,2021,February,Turmeric,7447.68,24333.15,15897.24,1605.0,4
2021-02-26,2021,February,Turmeric,7508.71,18579.09,13049.71,1033.0,2
2021-02-27,2021,February,Turmeric,7489.39,19886.92,13683.02,2485.0,4
2021-03-01,2021,March,Turmeric,7472.7,20651.01,14086.01,1784.0,4
2021-03-02,2021,March,Turmeric,7510.14,29675.94,18604.72,5521.0,3
2021-03-03,2021,March,Turmeric,7982.81,24698.32,16350.22,3782.0,4
2021-03-04,2021,March,Turmeric,7998.03,17137.76,12574.13,4685.0,6
2021-03-05,2021,March,Turmeric,7991.44,17174.62,12601.57,2964.0,5
2021-03-06,2021,March,Turmeric,8003.8,18088.21,13049.81,4995.0,2
2021-03-08,2021,March,Turmeric,7655.88,22957.84,15290.89,3253.0,5
2021-03-09,2021,March,Turmeric,7661.41,17339.69,12515.52,5128.0,7
2021-03-10,2021,March,Turmeric,7772.43,20521.94,14167.26,3793.0,5
2021-03-12,2021,March,Turmeric,7595.83,16863.11,12230.16,5802.0,4
2021-03-13,2021,March,Turmeric,8741.55,14157.92,12283.57,60.0,3
2021-03-15,2021,March,Turmeric,7998.93,25128.84,16564.71,4377.0,5
2021-03-16,2021,March,Turmeric,7806.31,20757.72,14299.61,6173.0,3
2021-03-17,2021,March,Turmeric,7225.0,8900.0,8400.0,52.0,1
2021-03-18,2021,March,Turmeric,6536.3,9613.0,8525.9,50.0,2
2021-03-20,2021,March,Turmeric,8806.45,14496.77,12580.65,31.0,2
2021-03-22,2021,March,Turmeric,7047.74,11711.0,9370.66,3909.0,6
2021-03-23,2021,March,Turmeric,6953.63,16760.43,11877.89,3468.0,8
2021-03-24,2021,March,Turmeric,7021.02,14368.27,10698.81,5217.0,7
2021-03-25,2021,March,Turmeric,7014.13,13929.65,10475.29,3556.0,4
2021-03-26,2021,March,Turmeric,7027.16,13189.14,10109.31,5640.0,5
2021-03-27,2021,March,Turmeric,7885.07,11719.93,10135.0,70.0,3
2021-03-30,2021,March,Turmeric,5007.0,7177.0,6092.0,1.0,1
2021-03-31,2021,March,Turmeric,8881.94,14569.56,12670.17,18.0,2
2021-04-01,2021,April,Turmeric,8325.0,12875.0,11350.0,12.0,2
2021-04-02,2021,April,Turmeric,8336.55,13884.15,11960.35,20.0,2
2021-04-03,2021,April,Turmeric,7070.72,11603.26,9374.28,724.0,3
2021-04-05,2021,April,Turmeric,7238.2,8271.43,7720.06,507.0,8
2021-04-06,2021,April,Turmeric,7018.73,14042.35,10540.37,2815.0,7
2021-04-07,2021,April,Turmeric,7008.57,13877.13,10455.37,4465.0,9
2021-04-08,2021,April,Turmeric,6943.64,14876.73,10938.85,2348.0,8
2021-04-09,2021,April,Turmeric,7053.06,12349.84,9710.96,2861.0,8
2021-04-10,2021,April,Turmeric,9000.0,15000.0,13000.0,30.0,1
2021-04-12,2021,April,Turmeric,7137.14,8222.08,7754.55,770.0,7
2021-04-13,2021,April,Turmeric,6917.37,8974.05,8053.66,380.0,5
2021-04-14,2021,April,Turmeric,5500.0,7825.0,6630.0,15.0,3
2021-04-15,2021,April,Turmeric,6976.1,14393.91,10706.33,3191.0,9
2021-04-16,2021,April,Turmeric,7012.6,12313.9,9645.56,5014.0,9
2021-04-17,2021,April,Turmeric,7383.93,10600.0,9376.79,56.0,4
2021-04-19,2021,April,Turmeric,6488.62,8015.98,7100.03,353.0,6
2021-04-20,2021,April,Turmeric,6979.89,13675.33,10335.92,1440.0,5
2021-04-21,2021,April,Turmeric,6125.58,7904.65,6878.42,43.0,3
2021-04-22,2021,April,Turmeric,6981.92,12536.14,9761.08,1944.0,3
2021-04-23,2021,April,Turmeric,6949.87,13351.99,10153.48,785.0,3
2021-04-24,2021,April,Turmeric,6500.0,7500.0,7200.0,4.0,1
2021-04-26,2021,April,Turmeric,6900.0,11224.0,9062.0,850.0,2
2021-04-27,2021,April,Turmeric,6504.41,10784.53,8649.17,2723.0,4
2021-04-28,2021,April,Turmeric,6083.17,9358.5,7721.92,462.0,4
2021-04-29,2021,April,Turmeric,5975.48,12422.02,9200.46,1754.0,3
2021-04-30,2021,April,Turmeric,5991.5,11604.69,8811.48,671.0,3
2021-05-01,2021,May,Turmeric,6300.0,7900.0,6700.0,88.0,1
2021-05-02,2021,May,Turmeric,6700.0,6900.0,6800.0,24.0,1
2021-05-03,2021,May,Turmeric,6535.45,7585.07,6966.9,536.0,8
2021-05-04,2021,May,Turmeric,6300.05,7351.43,6889.21,330.0,4
2021-05-05,2021,May,Turmeric,6537.65,7580.15,7038.77,486.0,6
2021-05-06,2021,May,Turmeric,6355.45,7706.88,6888.86,211.0,5
2021-05-07,2021,May,Turmeric,6703.05,7465.31,7072.05,610.0,6
2021-05-08,2021,May,Turmeric,6486.0,7758.3,6941.06,175.0,5
2021-05-09,2021,May,Turmeric,6700.0,6900.0,6800.0,9.0,1
2021-05-10,2021,May,Turmeric,6195.11,7232.58,6818.52,696.0,7
2021-05-11,2021,May,Turmeric,6072.0,7624.36,6900.73,275.0,6
2021-05-12,2021,May,Turmeric,6215.03,7785.24,7000.74,680.0,8
2021-05-13,2021,May,Turmeric,5982.66,7407.35,7079.51,530.0,7
2021-05-14,2021,May,Turmeric,5783.33,7591.67,6691.67,12.0,3
2021-05-15,2021,May,Turmeric,9000.0,15000.0,13000.0,2.0,1
2021-05-16,2021,May,Turmeric,6623.81,6938.1,6780.95,21.0,2
2021-05-17,2021,May,Turmeric,6354.43,7641.28,7048.85,1133.0,11
2021-05-18,2021,May,Turmeric,6556.66,7731.46,7259.81,767.0,8
2021-05-19,2021,May,Turmeric,6063.27,7895.63,6982.88,733.0,9
2021-05-20,2021,May,Turmeric,5854.74,8220.03,7097.76,437.0,7
2021-05-21,2021,May,Turmeric,6161.48,7643.04,6949.54,1028.0,8
2021-05-22,2021,May,Turmeric,6193.55,7106.45,6650.0,31.0,2
2021-05-23,2021,May,Turmeric,6700.0,6900.0,6800.0,26.0,1
2021-05-24,2021,May,Turmeric,5896.11,7692.31,7041.12,836.0,9
2021-05-25,2021,May,Turmeric,5714.29,7668.34,7121.81,259.0,7
2021-05-26,2021,May,Turmeric,6531.91,8068.03,7344.02,188.0,4
2021-05-27,2021,May,Turmeric,5190.68,7859.94,7188.14,650.0,6
2021-05-28,2021,May,Turmeric,6029.16,7899.82,6914.54,895.0,8
2021-05-29,2021,May,Turmeric,6455.42,8013.01,7314.46,83.0,3
2021-05-30,2021,May,Turmeric,6600.0,6800.0,6700.0,12.0,1
2021-05-31,2021,May,Turmeric,6665.8,7637.42,7175.39,747.0,7
2021-06-01,2021,June,Turmeric,5505.35,7722.59,6889.33,407.0,7
2021-06-02,2021,June,Turmeric,6344.57,7489.71,6785.43,521.0,9
2021-06-03,2021,June,Turmeric,6156.43,9793.24,7979.21,1713.0,8
2021-06-04,2021,June,Turmeric,6030.2,9987.12,8020.2,3212.0,7
2021-06-05,2021,June,Turmeric,4953.49,6744.19,5876.74,43.0,4
2021-06-06,2021,June,Turmeric,6275.0,6641.67,6416.67,24.0,2
2021-06-07,2021,June,Turmeric,6057.89,10321.98,8195.53,2878.0,9
2021-06-08,2021,June,Turmeric,5967.38,9522.96,7759.78,1228.0,9
2021-06-09,2021,June,Turmeric,6079.52,10206.27,8168.85,1608.0,11
2021-06-10,2021,June,Turmeric,7050.0,9046.65,8362.8,20.0,4
2021-06-11,2021,June,Turmeric,5969.93,9446.2,7694.08,1670.0,10
2021-06-12,2021,June,Turmeric,7769.23,11650.77,10312.31,39.0,7
2021-06-13,2021,June,Turmeric,5846.15,6046.15,5946.15,13.0,2
2021-06-14,2021,June,Turmeric,5692.82,9403.83,7585.24,2675.0,8
2021-06-15,2021,June,Turmeric,5844.44,10820.31,8332.65,1497.0,11
2021-06-16,2021,June,Turmeric,6236.16,7330.56,6726.05,215.0,10
2021-06-17,2021,June,Turmeric,5994.88,6603.76,6335.56,25.0,5
2021-06-18,2021,June,Turmeric,5525.09,7375.76,6823.54,189.0,9
2021-06-19,2021,June,Turmeric,6099.36,7250.28,6585.66,53.0,7
2021-06-20,2021,June,Turmeric,5800.0,6700.0,6400.0,6.0,1
2021-06-21,2021,June,Turmeric,5541.3,12029.94,8805.55,4743.0,11
2021-06-22,2021,June,Turmeric,5554.85,9042.9,7317.15,1051.0,8
2021-06-23,2021,June,Turmeric,5679.13,11131.48,8415.12,2448.0,11
2021-06-24,2021,June,Turmeric,5807.97,9812.71,7803.24,1331.0,9
2021-06-25,2021,June,Turmeric,6644.12,7840.5,7333.91,554.0,10
2021-06-26,2021,June,Turmeric,5907.78,6465.56,6298.89,18.0,5
2021-06-28,2021,June,Turmeric,5387.57,8855.25,7113.21,1350.0,9
2021-06-29,2021,June,Turmeric,5472.39,8877.93,7269.39,843.0,13
2021-06-30,2021,June,Turmeric,5584.49,10136.66,7773.47,1601.0,10
2021-07-01,2021,July,Turmeric,5794.64,8342.59,7041.07,1961.0,6
2021-07-02,2021,July,Turmeric,5606.56,9232.81,7369.8,1053.0,10
2021-07-03,2021,July,Turmeric,6777.78,9200.0,8316.67,9.0,4
2021-07-05,2021,July,Turmeric,5618.88,8082.6,6816.42,1016.0,6
2021-07-06,2021,July,Turmeric,5522.5,9966.9,7756.4,480.0,7
2021-07-07,2021,July,Turmeric,5393.94,8427.74,6943.55,758.0,7
2021-07-08,2021,July,Turmeric,5476.0,8496.08,6990.89,847.0,6
2021-07-09,2021,July,Turmeric,7300.0,10860.0,9705.0,2.0,2
2021-07-12,2021,July,Turmeric,5573.07,7514.01,6563.65,810.0,10
2021-07-13,2021,July,Turmeric,5292.09,8861.14,7040.69,682.0,4
2021-07-14,2021,July,Turmeric,5553.59,8619.7,7129.6,608.0,5
2021-07-15,2021,July,Turmeric,5262.32,7958.89,6629.19,629.0,3
2021-07-16,2021,July,Turmeric,6594.84,9644.32,8701.16,19.0,4
2021-07-17,2021,July,Turmeric,6700.0,9335.0,8625.0,6.0,3
2021-07-18,2021,July,Turmeric,6000.0,6500.0,6250.0,12.0,1
2021-07-19,2021,July,Turmeric,5266.06,7724.17,6469.13,1268.0,11
2021-07-20,2021,July,Turmeric,5888.68,7299.06,6282.21,53.0,4
2021-07-21,2021,July,Turmeric,5500.0,6650.0,6250.0,5.0,1
2021-07-22,2021,July,Turmeric,5856.67,7481.61,6586.94,90.0,4
2021-07-23,2021,July,Turmeric,5242.23,7887.15,6579.41,1321.0,10
2021-07-24,2021,July,Turmeric,6245.56,7321.11,6676.44,45.0,5
2021-07-25,2021,July,Turmeric,6000.0,6500.0,6250.0,24.0,1
2021-07-26,2021,July,Turmeric,5793.11,7046.56,6404.65,592.0,9
2021-07-27,2021,July,Turmeric,5515.13,8393.58,7092.19,433.0,9
2021-07-28,2021,July,Turmeric,5992.89,7325.94,6578.83,495.0,11
2021-07-29,2021,July,Turmeric,5644.05,7808.64,6606.97,625.0,7
2021-07-30,2021,July,Turmeric,5496.17,7487.52,6529.79,466.0,9
2021-07-31,2021,July,Turmeric,6000.0,6700.0,6440.0,5.0,2
2021-08-01,2021,August,Turmeric,6000.0,6200.0,6100.0,10.0,1
2021-08-02,2021,August,Turmeric,5569.51,7269.21,6421.98,592.0,8
2021-08-03,2021,August,Turmeric,5149.34,7890.88,6488.53,577.0,10
2021-08-04,2021,August,Turmeric,5378.89,8021.22,6705.5,606.0,9
2021-08-05,2021,August,Turmeric,5835.01,6986.61,6387.08,352.0,4
2021-08-06,2021,August,Turmeric,5602.6,7829.31,6794.43,346.0,10
2021-08-07,2021,August,Turmeric,6704.35,9200.0,8192.26,23.0,4
2021-08-08,2021,August,Turmeric,5950.0,6225.0,6087.5,12.0,2
2021-08-09,2021,August,Turmeric,5670.02,7391.32,6583.83,613.0,9
2021-08-10,2021,August,Turmeric,6127.34,8650.0,7691.48,139.0,6
2021-08-11,2021,August,Turmeric,5709.49,7722.83,6787.22,326.0,9
2021-08-12,2021,August,Turmeric,5448.53,6872.44,6236.91,545.0,7
2021-08-13,2021,August,Turmeric,5786.33,8090.42,6846.55,695.0,6
2021-08-14,2021,August,Turmeric,6317.24,8754.78,7278.52,87.0,5
2021-08-16,2021,August,Turmeric,6441.21,8212.19,7072.55,455.0,5
2021-08-17,2021,August,Turmeric,5503.11,8298.0,7102.12,617.0,8
2021-08-18,2021,August,Turmeric,5952.65,8096.42,7108.27,946.0,10
2021-08-19,2021,August,Turmeric,5508.47,7924.89,6849.24,436.0,3
2021-08-20,2021,August,Turmeric,6158.58,8295.81,7215.75,544.0,9
2021-08-21,2021,August,Turmeric,6145.28,8542.21,7562.82,593.0,6
2021-08-22,2021,August,Turmeric,6500.0,7000.0,6750.0,15.0,1
2021-08-23,2021,August,Turmeric,5987.2,7839.97,6895.81,985.0,11
2021-08-24,2021,August,Turmeric,6030.42,7984.46,6827.14,221.0,5
2021-08-25,2021,August,Turmeric,5891.31,8293.92,6998.59,1124.0,10
2021-08-26,2021,August,Turmeric,6159.05,7956.24,7107.54,902.0,7
2021-08-27,2021,August,Turmeric,6156.33,7924.6,6926.23,593.0,9
2021-08-28,2021,August,Turmeric,6571.17,9072.56,7694.44,18.0,4
2021-08-30,2021,August,Turmeric,5795.67,7520.2,6757.97,1061.0,10
2021-08-31,2021,August,Turmeric,6004.98,7839.03,6845.64,467.0,5
2021-09-01,2021,September,Turmeric,6162.39,9263.41,7641.12,1311.0,14
2021-09-02,2021,September,Turmeric,6044.29,7189.11,6520.92,692.0,9
2021-09-03,2021,September,Turmeric,5860.1,8057.3,6903.79,437.0,9
2021-09-04,2021,September,Turmeric,6273.08,7329.86,6816.74,221.0,5
2021-09-07,2021,September,Turmeric,5151.67,9196.67,7168.75,120.0,2
2021-09-08,2021,September,Turmeric,5768.38,8411.92,6911.44,530.0,9
2021-09-09,2021,September,Turmeric,5789.24,7260.62,6553.7,488.0,6
2021-09-10,2021,September,Turmeric,5895.0,8500.0,6700.0,241.0,1
2021-09-11,2021,September,Turmeric,4076.84,7133.68,6423.16,95.0,3
2021-09-12,2021,September,Turmeric,6500.0,6800.0,6700.0,11.0,1
2021-09-14,2021,September,Turmeric,6317.65,9260.29,7808.82,68.0,6
2021-09-15,2021,September,Turmeric,5717.7,8322.87,6626.86,537.0,7
2021-09-16,2021,September,Turmeric,5537.53,6631.47,6089.61,298.0,4
2021-09-17,2021,September,Turmeric,5043.27,6947.12,6013.22,208.0,5
2021-09-18,2021,September,Turmeric,6964.4,11510.0,9600.0,10.0,2
2021-09-20,2021,September,Turmeric,5320.84,7279.37,6416.59,525.0,7
2021-09-21,2021,September,Turmeric,5859.0,8025.0,6897.0,110.0,2
2021-09-22,2021,September,Turmeric,5177.34,6904.09,6271.87,449.0,9
2021-09-23,2021,September,Turmeric,5723.61,6520.09,6205.31,411.0,4
2021-09-24,2021,September,Turmeric,5332.93,7461.64,6341.73,486.0,9
2021-09-25,2021,September,Turmeric,4505.0,6350.0,6000.0,3.0,1
2021-09-27,2021,September,Turmeric,5712.79,7271.69,6499.77,219.0,3
2021-09-28,2021,September,Turmeric,8841.67,14604.17,11724.88,24.0,2
2021-09-29,2021,September,Turmeric,5503.68,7830.54,6635.38,386.0,8
2021-09-30,2021,September,Turmeric,5649.04,7083.76,6240.61,548.0,5
2021-10-01,2021,October,Turmeric,5326.75,6972.51,6149.41,380.0,5
2021-10-02,2021,October,Turmeric,4958.44,6190.37,5486.77,52.0,2
2021-10-04,2021,October,Turmeric,5725.1,6845.67,6252.44,259.0,5
2021-10-05,2021,October,Turmeric,5662.83,8006.26,6452.73,99.0,4
2021-10-06,2021,October,Turmeric,5788.08,7172.8,6317.38,125.0,4
2021-10-07,2021,October,Turmeric,5557.04,6629.74,6138.17,135.0,5
2021-10-08,2021,October,Turmeric,5998.21,7056.25,6524.11,112.0,4
2021-10-09,2021,October,Turmeric,6213.75,9431.75,7988.75,8.0,3
2021-10-12,2021,October,Turmeric,5326.23,7015.64,6299.47,179.0,5
2021-10-13,2021,October,Turmeric,6030.16,7193.65,6608.87,124.0,6
2021-10-14,2021,October,Turmeric,5594.19,6596.3,6082.44,215.0,3
2021-10-15,2021,October,Turmeric,4997.06,6684.31,6143.71,102.0,2
2021-10-16,2021,October,Turmeric,5534.15,6697.56,6232.0,41.0,3
2021-10-18,2021,October,Turmeric,5290.04,7392.32,6425.13,231.0,5
2021-10-19,2021,October,Turmeric,8120.92,12704.25,10383.42,12.0,3
2021-10-20,2021,October,Turmeric,5455.21,7090.67,6426.81,193.0,5
2021-10-21,2021,October,Turmeric,5360.72,6767.07,6236.69,565.0,5
2021-10-22,2021,October,Turmeric,5773.55,7316.43,6364.15,341.0,7
2021-10-23,2021,October,Turmeric,5229.43,7441.71,6010.29,7.0,2
2021-10-25,2021,October,Turmeric,5594.73,6669.81,6148.24,389.0,6
2021-10-26,2021,October,Turmeric,5140.09,6924.64,6270.06,110.0,5
2021-10-27,2021,October,Turmeric,5083.91,7121.67,6313.62,174.0,5
2021-10-28,2021,October,Turmeric,5288.07,7085.22,6330.43,161.0,4
2021-10-29,2021,October,Turmeric,4795.59,7112.83,6280.11,152.0,6
2021-10-30,2021,October,Turmeric,6723.08,9710.77,8123.08,13.0,2
2021-11-01,2021,November,Turmeric,5971.15,8443.66,6890.72,138.0,6
2021-11-02,2021,November,Turmeric,7800.0,12600.0,10316.25,4.0,2
2021-11-03,2021,November,Turmeric,7205.13,10641.03,8923.08,39.0,2
2021-11-04,2021,November,Turmeric,9000.0,15000.0,12000.0,1.0,1
2021-11-05,2021,November,Turmeric,5494.86,7536.13,6786.64,292.0,2
2021-11-06,2021,November,Turmeric,5551.71,8229.31,6755.75,518.0,3
2021-11-07,2021,November,Turmeric,6500.0,6800.0,6650.0,54.0,1
2021-11-08,2021,November,Turmeric,5229.8,7196.01,6382.0,350.0,6
2021-11-09,2021,November,Turmeric,5096.28,7484.68,6632.51,367.0,5
2021-11-10,2021,November,Turmeric,5668.96,7721.6,6698.5,333.0,7
2021-11-11,2021,November,Turmeric,5084.83,7484.23,6212.01,360.0,5
2021-11-12,2021,November,Turmeric,5499.66,7843.41,6719.86,253.0,5
2021-11-13,2021,November,Turmeric,5587.06,6723.98,6024.59,118.0,3
2021-11-15,2021,November,Turmeric,5426.86,7456.37,6630.06,481.0,6
2021-11-16,2021,November,Turmeric,5438.2,8046.14,6794.51,202.0,3
2021-11-17,2021,November,Turmeric,5632.08,7645.31,6690.01,343.0,7
2021-11-18,2021,November,Turmeric,6265.52,7882.31,6921.55,120.0,3
2021-11-19,2021,November,Turmeric,5501.74,7573.07,6827.41,230.0,5
2021-11-20,2021,November,Turmeric,6078.86,8554.95,7417.79,95.0,4
2021-11-22,2021,November,Turmeric,6052.33,8478.03,7349.57,493.0,6
2021-11-23,2021,November,Turmeric,5942.34,8781.26,7430.45,310.0,3
2021-11-24,2021,November,Turmeric,5789.72,8399.19,7357.58,535.0,7
2021-11-25,2021,November,Turmeric,6019.23,8157.21,7087.74,208.0,3
2021-11-26,2021,November,Turmeric,6149.24,8324.07,7164.21,369.0,7
2021-11-27,2021,November,Turmeric,5939.81,8567.8,6995.66,158.0,3
2021-11-29,2021,November,Turmeric,5682.44,8276.13,7319.92,366.0,4
2021-11-30,2021,November,Turmeric,6481.91,9113.72,7485.37,376.0,4
2021-12-01,2021,December,Turmeric,5667.61,9677.29,7638.85,744.0,5
2021-12-02,2021,December,Turmeric,5653.03,8390.34,7374.84,282.0,5
2021-12-03,2021,December,Turmeric,5840.81,9107.83,7478.34,554.0,6
2021-12-04,2021,December,Turmeric,6338.57,8612.57,7558.37,140.0,2
2021-12-06,2021,December,Turmeric,6390.17,8711.23,7457.49,662.0,6
2021-12-07,2021,December,Turmeric,6508.6,8577.63,7428.6,325.0,3
2021-12-08,2021,December,Turmeric,6614.25,9080.1,7842.14,585.0,7
2021-12-09,2021,December,Turmeric,7017.91,8555.19,7691.62,474.0,4
2021-12-10,2021,December,Turmeric,6380.69,8867.84,7652.32,490.0,6
2021-12-11,2021,December,Turmeric,6885.16,9437.4,8000.61,123.0,3
2021-12-13,2021,December,Turmeric,6388.15,8358.27,7507.71,515.0,8
2021-12-14,2021,December,Turmeric,6008.48,8859.4,7687.24,283.0,4
2021-12-15,2021,December,Turmeric,6767.11,8546.97,7606.42,526.0,6
2021-12-16,2021,December,Turmeric,6757.67,9969.82,8135.28,372.0,4
2021-12-17,2021,December,Turmeric,6845.13,9430.35,7916.32,576.0,6
2021-12-18,2021,December,Turmeric,6745.41,8974.78,7611.46,229.0,4
2021-12-20,2021,December,Turmeric,6955.39,9008.04,7858.78,569.0,5
2021-12-21,2021,December,Turmeric,6937.77,9097.88,8005.65,391.0,5
2021-12-22,2021,December,Turmeric,6783.16,9228.99,7903.18,387.0,6
2021-12-23,2021,December,Turmeric,6799.64,10417.33,7900.08,277.0,4
2021-12-24,2021,December,Turmeric,6957.3,9393.65,8029.51,401.0,7
2021-12-25,2021,December,Turmeric,6908.16,9812.24,8485.71,98.0,2
2021-12-27,2021,December,Turmeric,7083.34,9031.75,7966.5,501.0,7
2021-12-28,2021,December,Turmeric,6927.0,9390.39,7976.42,308.0,4
2021-12-29,2021,December,Turmeric,6638.55,8568.75,7729.78,392.0,6
2021-12-30,2021,December,Turmeric,6999.22,8618.58,7814.13,352.0,4
2021-12-31,2021,December,Turmeric,7299.99,9430.59,8628.31,309.0,7
2022-01-01,2022,January,Turmeric,7412.95,8668.93,7910.15,300.0,3
2022-01-03,2022,January,Turmeric,6695.85,10074.45,8394.01,217.0,3
2022-01-04,2022,January,Turmeric,9000.0,15000.0,12000.0,14.0,1
2022-01-05,2022,January,Turmeric,8487.18,12094.02,10290.6,117.0,3
2022-01-06,2022,January,Turmeric,7400.0,9205.0,8351.0,211.0,1
2022-01-07,2022,January,Turmeric,7484.82,10165.6,8747.95,257.0,4
2022-01-08,2022,January,Turmeric,6879.41,10245.59,8733.82,170.0,3
2022-01-10,2022,January,Turmeric,7775.97,10080.96,8802.4,362.0,5
2022-01-11,2022,January,Turmeric,8434.78,11382.61,9965.22,23.0,2
2022-01-12,2022,January,Turmeric,8369.81,9286.79,8835.38,106.0,2
2022-01-13,2022,January,Turmeric,7376.83,8999.19,8261.79,123.0,2
2022-01-14,2022,January,Turmeric,6533.33,12204.44,9368.89,45.0,2
2022-01-15,2022,January,Turmeric,9000.0,15000.0,12000.0,8.0,1
2022-01-17,2022,January,Turmeric,7044.06,9709.69,8728.84,286.0,6
2022-01-18,2022,January,Turmeric,6693.26,9674.69,8811.51,519.0,3
2022-01-19,2022,January,Turmeric,7588.75,9836.62,8845.31,465.0,7
2022-01-20,2022,January,Turmeric,7096.83,9430.96,8435.77,583.0,4
2022-01-21,2022,January,Turmeric,7284.12,9548.44,8690.01,368.0,5
2022-01-22,2022,January,Turmeric,9000.0,15000.0,12000.0,15.0,1
2022-01-24,2022,January,Turmeric,7343.56,9819.49,8357.4,509.0,5
2022-01-25,2022,January,Turmeric,7015.38,9376.92,8597.8,91.0,2
2022-01-27,2022,January,Turmeric,7175.91,8907.39,8107.15,437.0,3
2022-01-28,2022,January,Turmeric,7553.57,11714.64,9655.36,28.0,5
2022-01-29,2022,January,Turmeric,6850.0,7387.5,7050.0,24.0,2
2022-01-31,2022,January,Turmeric,6456.25,9884.47,8533.63,176.0,5
2022-02-01,2022,February,Turmeric,9000.0,15000.0,12000.0,27.0,1
2022-02-02,2022,February,Turmeric,7191.34,9468.81,8343.74,333.0,7
2022-02-03,2022,February,Turmeric,7184.39,9015.32,7936.95,262.0,4
2022-02-04,2022,February,Turmeric,7252.64,9130.66,8205.37,347.0,6
2022-02-05,2022,February,Turmeric,7379.31,20672.41,14025.86,58.0,2
2022-02-08,2022,February,Turmeric,7144.81,12907.39,9826.76,622.0,5
2022-02-09,2022,February,Turmeric,7223.5,12454.08,9863.97,565.0,6
2022-02-10,2022,February,Turmeric,6966.73,12763.48,9826.32,667.0,5
2022-02-11,2022,February,Turmeric,7101.1,13600.02,10352.81,621.0,5
2022-02-12,2022,February,Turmeric,7051.13,14135.34,10590.23,399.0,3
2022-02-14,2022,February,Turmeric,7076.55,12437.45,9769.31,808.0,5
2022-02-15,2022,February,Turmeric,7049.14,14205.63,10606.18,698.0,3
2022-02-16,2022,February,Turmeric,7029.88,16774.3,11844.27,736.0,6
2022-02-17,2022,February,Turmeric,6922.76,14981.79,10972.76,906.0,4
2022-02-18,2022,February,Turmeric,7022.41,15794.19,11414.07,1400.0,4
2022-02-21,2022,February,Turmeric,6951.59,17254.33,12137.52,2007.0,5
2022-02-22,2022,February,Turmeric,7000.88,19753.04,13394.44,2213.0,5
2022-02-23,2022,February,Turmeric,7022.08,17435.04,12223.15,2431.0,5
2022-02-24,2022,February,Turmeric,7004.48,30730.79,18869.33,2387.0,4
2022-02-25,2022,February,Turmeric,7026.91,25204.92,16085.55,1531.0,4
2022-02-26,2022,February,Turmeric,7003.92,32061.64,19532.78,7800.0,3
2022-02-28,2022,February,Turmeric,6986.01,30925.52,18965.33,7866.0,5
2022-03-02,2022,March,Turmeric,6111.0,8649.0,7659.0,115.0,1
2022-03-03,2022,March,Turmeric,6996.24,19740.11,13371.4,7404.0,7
2022-03-04,2022,March,Turmeric,6996.67,17284.26,12135.58,4610.0,6
2022-03-05,2022,March,Turmeric,7015.99,15217.37,11116.68,3071.0,5
2022-03-07,2022,March,Turmeric,6970.66,14552.87,10755.27,5167.0,5
2022-03-08,2022,March,Turmeric,8759.83,14317.75,11538.75,24.0,2
2022-03-09,2022,March,Turmeric,6973.93,13700.3,10340.73,3736.0,5
2022-03-10,2022,March,Turmeric,6983.93,15749.1,11364.77,4607.0,7
2022-03-11,2022,March,Turmeric,6985.65,17345.62,12164.48,3253.0,7
2022-03-12,2022,March,Turmeric,7001.56,16563.74,11784.16,4822.0,5
2022-03-14,2022,March,Turmeric,6981.78,13437.42,10187.65,4906.0,7
2022-03-15,2022,March,Turmeric,6978.36,14873.5,10928.4,4172.0,4
2022-03-16,2022,March,Turmeric,6961.84,13873.72,10431.02,4309.0,6
2022-03-17,2022,March,Turmeric,7004.98,13201.62,10103.3,4083.0,3
2022-03-19,2022,March,Turmeric,6996.84,13781.02,10388.93,2268.0,2
2022-03-21,2022,March,Turmeric,6949.13,12558.67,9754.58,3463.0,5
2022-03-22,2022,March,Turmeric,6655.73,9293.56,7894.89,213.0,3
2022-03-23,2022,March,Turmeric,6967.19,20589.17,13769.94,5403.0,5
2022-03-24,2022,March,Turmeric,6924.63,16157.16,11546.0,4225.0,8
2022-03-25,2022,March,Turmeric,6969.22,13174.83,10069.17,4798.0,5
2022-03-26,2022,March,Turmeric,6999.38,15944.67,11471.75,2227.0,5
2022-03-28,2022,March,Turmeric,6993.74,19958.28,13476.01,3196.0,2
2022-03-29,2022,March,Turmeric,6484.11,9549.62,7959.56,208.0,3
2022-03-30,2022,March,Turmeric,5598.63,8808.9,7232.8,169.0,3
2022-03-31,2022,March,Turmeric,5976.22,8905.95,7477.35,164.0,3
2022-04-01,2022,April,Turmeric,6000.0,12000.0,9000.0,7.0,1
2022-04-02,2022,April,Turmeric,7029.05,10453.99,8262.15,417.0,6
2022-04-04,2022,April,Turmeric,6967.49,14683.05,10816.41,5980.0,7
2022-04-05,2022,April,Turmeric,17588.48,18835.15,18198.54,3560.0,5
2022-04-06,2022,April,Turmeric,6973.78,15092.71,11029.87,2590.0,7
2022-04-07,2022,April,Turmeric,7074.11,14168.66,10616.59,7810.0,7
2022-04-08,2022,April,Turmeric,6984.36,14345.63,10691.99,2932.0,6
2022-04-09,2022,April,Turmeric,6963.41,13525.32,10248.79,5331.0,6
2022-04-11,2022,April,Turmeric,6847.78,11600.21,9216.68,4717.0,9
2022-04-12,2022,April,Turmeric,6972.25,13606.47,10294.45,6054.0,9
2022-04-13,2022,April,Turmeric,6915.58,12115.36,9541.11,2608.0,8
2022-04-14,2022,April,Turmeric,6000.0,12000.0,9000.0,12.0,1
2022-04-15,2022,April,Turmeric,5810.52,7450.03,6733.3,33.0,2
2022-04-16,2022,April,Turmeric,6985.79,11626.63,9290.65,1586.0,4
2022-04-18,2022,April,Turmeric,6936.26,13291.42,10128.22,4312.0,9
2022-04-19,2022,April,Turmeric,6930.95,10794.89,8878.86,3777.0,5
2022-04-20,2022,April,Turmeric,6023.78,10272.33,8210.89,3133.0,11
2022-04-21,2022,April,Turmeric,6490.55,8820.89,7647.71,2142.0,7
2022-04-22,2022,April,Turmeric,6128.69,12164.72,9145.15,2248.0,7
2022-04-23,2022,April,Turmeric,5984.48,12341.77,8971.37,2578.0,8
2022-04-24,2022,April,Turmeric,7000.0,7400.0,7250.0,22.0,1
2022-04-25,2022,April,Turmeric,6152.26,10390.41,8283.18,2003.0,6
2022-04-26,2022,April,Turmeric,6395.94,7706.45,7064.93,509.0,7
2022-04-27,2022,April,Turmeric,5979.38,8360.52,7034.91,635.0,7
2022-04-28,2022,April,Turmeric,6142.7,7149.43,6746.27,918.0,7
2022-04-29,2022,April,Turmeric,6206.07,8934.82,7588.62,1774.0,10
2022-04-30,2022,April,Turmeric,5855.9,14468.12,6631.44,229.0,3
2022-05-02,2022,May,Turmeric,6091.3,7556.18,6932.42,684.0,6
2022-05-03,2022,May,Turmeric,4960.0,9644.48,7092.0,25.0,3
2022-05-04,2022,May,Turmeric,6195.86,9666.41,7822.56,1918.0,8
2022-05-05,2022,May,Turmeric,6044.42,11297.22,8651.25,1477.0,6
2022-05-06,2022,May,Turmeric,5985.6,9114.13,7540.01,998.0,7
2022-05-07,2022,May,Turmeric,5893.81,13920.25,7083.2,530.0,4
2022-05-09,2022,May,Turmeric,5998.75,8558.02,7280.0,1695.0,8
2022-05-10,2022,May,Turmeric,6221.68,8925.2,7551.58,847.0,6
2022-05-11,2022,May,Turmeric,6363.03,7761.22,7013.01,661.0,6
2022-05-12,2022,May,Turmeric,6038.41,9113.35,7396.38,1288.0,5
2022-05-13,2022,May,Turmeric,6049.86,7128.49,6548.58,724.0,7
2022-05-14,2022,May,Turmeric,5509.47,8856.8,6362.66,839.0,6
2022-05-15,2022,May,Turmeric,6200.0,6600.0,6400.0,14.0,1
2022-05-16,2022,May,Turmeric,5668.4,7301.82,6593.7,260.0,4
2022-05-17,2022,May,Turmeric,6078.6,8622.48,7287.48,1444.0,7
2022-05-18,2022,May,Turmeric,6144.55,9234.01,7621.93,1155.0,8
2022-05-19,2022,May,Turmeric,5625.36,8282.29,7059.24,1394.0,10
2022-05-20,2022,May,Turmeric,5778.65,6826.08,6282.94,979.0,10
2022-05-21,2022,May,Turmeric,5796.8,9436.96,6294.29,686.0,7
2022-05-23,2022,May,Turmeric,5968.98,8582.61,7284.05,1205.0,10
2022-05-24,2022,May,Turmeric,6035.56,8625.56,7402.31,487.0,7
2022-05-25,2022,May,Turmeric,5995.79,9927.23,7964.96,713.0,6
2022-05-26,2022,May,Turmeric,5256.22,7190.96,6223.09,806.0,7
2022-05-27,2022,May,Turmeric,5678.57,8273.47,6974.04,854.0,9
2022-05-28,2022,May,Turmeric,5685.39,12378.51,10173.4,356.0,5
2022-05-30,2022,May,Turmeric,5203.79,6219.11,5802.58,62.0,5
2022-05-31,2022,May,Turmeric,5721.6,8716.12,7261.51,438.0,8
2022-06-01,2022,June,Turmeric,5635.89,8465.35,6866.32,666.0,9
2022-06-02,2022,June,Turmeric,5718.15,7659.26,6626.61,705.0,7
2022-06-03,2022,June,Turmeric,5541.77,8143.36,6603.36,535.0,6
2022-06-04,2022,June,Turmeric,5530.83,11383.91,8636.86,234.0,3
2022-06-06,2022,June,Turmeric,5957.23,9119.51,7533.97,273.0,5
2022-06-07,2022,June,Turmeric,5504.23,8657.77,7129.99,331.0,7
2022-06-08,2022,June,Turmeric,5650.17,9036.33,7443.55,471.0,8
2022-06-09,2022,June,Turmeric,5749.81,8531.09,7232.0,129.0,7
2022-06-10,2022,June,Turmeric,5859.37,8277.48,7004.94,774.0,13
2022-06-11,2022,June,Turmeric,5640.81,11334.9,8630.09,272.0,5
2022-06-13,2022,June,Turmeric,6086.53,8146.69,7126.7,431.0,8
2022-06-14,2022,June,Turmeric,5828.18,9068.86,7459.41,110.0,5
2022-06-15,2022,June,Turmeric,6120.42,7618.89,6800.09,419.0,9
2022-06-16,2022,June,Turmeric,5941.82,9414.55,7649.09,220.0,3
2022-06-17,2022,June,Turmeric,6088.26,7984.98,7052.59,324.0,7
2022-06-18,2022,June,Turmeric,5877.91,7618.36,6772.0,11.0,3
2022-06-20,2022,June,Turmeric,5884.27,7724.65,6832.24,412.0,8
2022-06-21,2022,June,Turmeric,6036.38,8770.67,7404.77,646.0,5
2022-06-22,2022,June,Turmeric,6027.88,7372.15,6704.14,284.0,10
2022-06-23,2022,June,Turmeric,5595.42,7324.97,6428.82,651.0,10
2022-06-24,2022,June,Turmeric,6032.21,7690.91,6827.76,326.0,11
2022-06-25,2022,June,Turmeric,6042.31,11458.86,10081.93,169.0,3
2022-06-26,2022,June,Turmeric,6000.0,6400.0,6200.0,8.0,1
2022-06-27,2022,June,Turmeric,6150.85,7449.65,6871.43,324.0,6
2022-06-28,2022,June,Turmeric,6072.14,7373.0,6829.71,14.0,4
2022-06-29,2022,June,Turmeric,6071.07,7476.22,6663.29,220.0,5
2022-06-30,2022,June,Turmeric,5391.83,6366.83,6183.5,12.0,3
2022-07-01,2022,July,Turmeric,6020.06,7133.01,6573.82,324.0,6
2022-07-02,2022,July,Turmeric,8513.33,11620.0,10150.07,15.0,3
2022-07-03,2022,July,Turmeric,6000.0,6300.0,6200.0,5.0,1
2022-07-04,2022,July,Turmeric,6160.35,7406.23,6774.67,517.0,9
2022-07-05,2022,July,Turmeric,7605.5,10167.15,8825.2,40.0,5
2022-07-06,2022,July,Turmeric,6026.86,7546.06,6797.35,494.0,9
2022-07-07,2022,July,Turmeric,5586.88,7071.83,6353.3,666.0,7
2022-07-08,2022,July,Turmeric,5959.54,7432.66,6696.45,447.0,8
2022-07-09,2022,July,Turmeric,5992.42,7090.91,6549.24,66.0,3
2022-07-10,2022,July,Turmeric,5300.0,5500.0,5400.0,1.0,1
2022-07-11,2022,July,Turmeric,6064.37,7220.89,6644.62,337.0,9
2022-07-12,2022,July,Turmeric,6560.0,9560.0,8120.0,5.0,2
2022-07-13,2022,July,Turmeric,6160.0,8543.47,7344.8,30.0,4
2022-07-14,2022,July,Turmeric,5793.66,7192.59,6497.58,607.0,4
2022-07-15,2022,July,Turmeric,5908.49,7201.51,6566.29,567.0,8
2022-07-16,2022,July,Turmeric,7053.57,8882.14,8176.18,28.0,4
2022-07-17,2022,July,Turmeric,5300.0,5500.0,5400.0,1.0,1
2022-07-18,2022,July,Turmeric,6075.66,7719.27,6884.61,419.0,5
2022-07-19,2022,July,Turmeric,5837.31,8014.15,6897.12,236.0,5
2022-07-20,2022,July,Turmeric,5679.53,7319.99,6579.05,671.0,10
2022-07-21,2022,July,Turmeric,5896.61,7427.4,6466.24,708.0,5
2022-07-22,2022,July,Turmeric,6117.9,7464.1,6732.36,896.0,12
2022-07-23,2022,July,Turmeric,7353.85,12038.46,9661.54,13.0,2
2022-07-24,2022,July,Turmeric,4300.0,4500.0,4400.0,1.0,1
2022-07-25,2022,July,Turmeric,5839.38,7156.45,6539.62,371.0,8
2022-07-26,2022,July,Turmeric,6119.44,7465.89,6735.98,266.0,4
2022-07-27,2022,July,Turmeric,5382.57,7633.1,6698.11,413.0,8
2022-07-28,2022,July,Turmeric,6000.0,7296.54,6648.27,231.0,2
2022-07-29,2022,July,Turmeric,5871.53,7611.37,6732.52,828.0,8
2022-07-30,2022,July,Turmeric,4805.0,6428.3,5363.75,20.0,4
2022-08-01,2022,August,Turmeric,5432.93,7708.37,6910.14,133.0,5
2022-08-02,2022,August,Turmeric,5868.77,7608.91,6881.99,519.0,6
2022-08-03,2022,August,Turmeric,5388.03,7320.45,6658.77,362.0,9
2022-08-04,2022,August,Turmeric,5551.67,7105.59,6457.8,448.0,5
2022-08-05,2022,August,Turmeric,5680.6,6854.55,6273.43,299.0,8
2022-08-06,2022,August,Turmeric,5783.05,9182.83,6945.4,348.0,4
2022-08-08,2022,August,Turmeric,5808.1,7267.12,6523.26,295.0,5
2022-08-09,2022,August,Turmeric,7061.11,10816.67,8905.56,18.0,3
2022-08-10,2022,August,Turmeric,6177.51,7641.12,6906.39,209.0,5
2022-08-11,2022,August,Turmeric,5864.84,7387.85,6722.18,233.0,3
2022-08-12,2022,August,Turmeric,5382.22,6466.22,5909.56,45.0,4
2022-08-13,2022,August,Turmeric,5140.4,9630.01,7590.48,160.0,5
2022-08-16,2022,August,Turmeric,5611.0,7225.0,6656.0,248.0,1
2022-08-17,2022,August,Turmeric,8345.85,14399.51,11363.53,53.0,5
2022-08-18,2022,August,Turmeric,5528.6,7176.84,6445.34,346.0,4
2022-08-19,2022,August,Turmeric,3454.92,6792.01,6084.43,122.0,4
2022-08-20,2022,August,Turmeric,5554.14,9024.31,8004.51,157.0,4
2022-08-22,2022,August,Turmeric,5530.04,6907.7,6339.63,351.0,7
2022-08-23,2022,August,Turmeric,7222.22,11333.33,9444.44,9.0,2
2022-08-24,2022,August,Turmeric,4711.0,7022.46,6247.4,125.0,7
2022-08-25,2022,August,Turmeric,5982.06,7522.8,6753.81,218.0,4
2022-08-26,2022,August,Turmeric,6363.64,10945.45,8654.55,11.0,2
2022-08-27,2022,August,Turmeric,4959.0,5415.0,5187.0,1.0,1
2022-08-28,2022,August,Turmeric,6200.0,6500.0,6300.0,6.0,1
2022-08-29,2022,August,Turmeric,4882.14,7707.0,6364.29,28.0,3
2022-08-30,2022,August,Turmeric,10000.0,18000.0,14000.0,28.0,1
2022-09-01,2022,September,Turmeric,5359.54,6486.14,5915.07,345.0,3
2022-09-02,2022,September,Turmeric,5620.87,6692.23,6147.09,206.0,7
2022-09-03,2022,September,Turmeric,5396.83,7138.1,5939.68,126.0,3
2022-09-04,2022,September,Turmeric,6400.0,6500.0,6450.0,8.0,1
2022-09-05,2022,September,Turmeric,1872.25,6390.12,6029.14,739.0,4
2022-09-06,2022,September,Turmeric,5169.23,6895.38,6176.92,13.0,2
2022-09-07,2022,September,Turmeric,6104.26,7479.15,6791.06,235.0,5
2022-09-08,2022,September,Turmeric,4714.29,6446.43,5017.86,21.0,2
2022-09-10,2022,September,Turmeric,8000.0,9000.0,8500.0,3.0,1
2022-09-12,2022,September,Turmeric,5928.57,6186.43,6023.21,14.0,2
2022-09-13,2022,September,Turmeric,6339.73,7410.53,6852.21,349.0,6
2022-09-14,2022,September,Turmeric,5793.74,6738.4,6239.29,280.0,6
2022-09-15,2022,September,Turmeric,5482.88,7129.25,6507.45,435.0,4
2022-09-16,2022,September,Turmeric,4719.62,7118.12,6337.8,276.0,6
2022-09-19,2022,September,Turmeric,5711.82,7447.03,6578.83,311.0,3
2022-09-20,2022,September,Turmeric,5751.38,7111.31,6431.65,327.0,5
2022-09-21,2022,September,Turmeric,4544.57,5858.0,5273.14,14.0,2
2022-09-22,2022,September,Turmeric,5750.04,6783.79,6267.56,1025.0,5
2022-09-23,2022,September,Turmeric,5779.28,6805.33,6291.08,587.0,8
2022-09-24,2022,September,Turmeric,5546.41,7244.85,6571.44,306.0,5
2022-09-26,2022,September,Turmeric,4362.89,5677.0,5241.22,9.0,3
2022-09-27,2022,September,Turmeric,5546.01,6441.36,6027.35,142.0,3
2022-09-28,2022,September,Turmeric,5440.39,6604.79,6035.69,255.0,6
2022-09-29,2022,September,Turmeric,5766.93,6554.26,6165.47,548.0,6
2022-09-30,2022,September,Turmeric,5613.17,6648.68,6132.67,275.0,6
2022-10-01,2022,October,Turmeric,5383.7,6424.48,6009.34,125.0,4
2022-10-03,2022,October,Turmeric,6256.3,7198.24,6723.7,398.0,6
2022-10-04,2022,October,Turmeric,5600.11,7037.15,6307.52,54.0,4
2022-10-05,2022,October,Turmeric,5201.0,6261.0,5780.0,22.0,1
2022-10-06,2022,October,Turmeric,5843.44,7949.27,6906.15,244.0,5
2022-10-07,2022,October,Turmeric,5498.18,7252.63,6391.65,406.0,7
2022-10-08,2022,October,Turmeric,5533.54,6427.56,6002.07,164.0,3
2022-10-10,2022,October,Turmeric,5165.48,6810.57,6192.77,453.0,5
2022-10-11,2022,October,Turmeric,4416.69,6986.21,5994.62,145.0,2
2022-10-12,2022,October,Turmeric,5478.2,6656.97,5969.4,183.0,6
2022-10-13,2022,October,Turmeric,4661.83,7119.55,6390.65,110.0,5
2022-10-14,2022,October,Turmeric,5344.73,7100.39,6382.41,387.0,6
2022-10-15,2022,October,Turmeric,5067.09,5846.71,5525.96,313.0,5
2022-10-17,2022,October,Turmeric,5359.93,6982.72,6292.66,413.0,6
2022-10-18,2022,October,Turmeric,4912.18,7451.37,6814.61,111.0,4
2022-10-19,2022,October,Turmeric,5403.74,7045.11,6230.85,321.0,5
2022-10-20,2022,October,Turmeric,5217.91,6760.02,6011.72,64.0,5
2022-10-21,2022,October,Turmeric,5905.29,7351.1,6623.97,127.0,3
2022-10-22,2022,October,Turmeric,8000.0,9000.0,8500.0,41.0,1
2022-10-24,2022,October,Turmeric,8000.0,9000.0,8500.0,4.0,1
2022-10-25,2022,October,Turmeric,8000.0,9000.0,8500.0,2.0,1
2022-10-26,2022,October,Turmeric,5530.7,7142.71,6202.96,304.0,4
2022-10-27,2022,October,Turmeric,6034.97,8231.71,6569.43,381.0,5
2022-10-28,2022,October,Turmeric,927.14,6798.82,1068.47,1451.0,8
2022-10-29,2022,October,Turmeric,5586.81,6895.75,6318.55,75.0,4
2022-10-31,2022,October,Turmeric,5850.24,7183.66,6518.08,282.0,6
2022-11-01,2022,November,Turmeric,6801.16,8118.84,7441.86,86.0,3
2022-11-02,2022,November,Turmeric,5864.41,6980.86,6422.37,229.0,4
2022-11-03,2022,November,Turmeric,5233.77,7073.83,6479.45,227.0,5
2022-11-04,2022,November,Turmeric,5897.35,7354.95,6651.25,279.0,5
2022-11-05,2022,November,Turmeric,5746.36,6988.08,5994.7,151.0,2
2022-11-07,2022,November,Turmeric,5724.51,7183.73,6429.85,458.0,3
2022-11-08,2022,November,Turmeric,5780.61,7490.82,6666.79,98.0,2
2022-11-09,2022,November,Turmeric,5998.47,7274.79,6649.0,330.0,5
2022-11-10,2022,November,Turmeric,5095.14,6515.14,5672.29,7.0,2
2022-11-11,2022,November,Turmeric,6022.56,7507.38,6761.78,480.0,6
2022-11-12,2022,November,Turmeric,5630.68,7755.62,6667.33,339.0,3
2022-11-14,2022,November,Turmeric,6094.26,7866.81,6865.2,427.0,2
2022-11-15,2022,November,Turmeric,5543.1,8017.24,6542.34,116.0,2
2022-11-16,2022,November,Turmeric,5573.45,7691.52,6911.54,316.0,4
2022-11-17,2022,November,Turmeric,6292.68,7850.17,7071.65,287.0,3
2022-11-18,2022,November,Turmeric,6089.53,7510.47,6817.48,296.0,4
2022-11-19,2022,November,Turmeric,6070.0,7710.0,6728.0,118.0,1
2022-11-21,2022,November,Turmeric,6300.0,7700.0,7000.0,269.0,1
2022-11-22,2022,November,Turmeric,7100.0,8228.57,7821.43,14.0,3
2022-11-23,2022,November,Turmeric,5516.95,7500.24,6686.38,295.0,2
2022-11-24,2022,November,Turmeric,5788.06,7229.53,6508.49,624.0,5
2022-11-25,2022,November,Turmeric,5700.0,5700.0,5700.0,1.0,1
2022-11-26,2022,November,Turmeric,6080.0,7505.0,6652.0,64.0,1
2022-11-28,2022,November,Turmeric,6112.21,7630.7,6868.06,299.0,3
2022-11-30,2022,November,Turmeric,6012.61,7140.6,6567.22,234.0,3
2022-12-02,2022,December,Turmeric,5645.83,8131.42,6888.63,211.0,3
2022-12-03,2022,December,Turmeric,5000.0,6200.0,5500.0,3.0,1
2022-12-05,2022,December,Turmeric,6180.85,8194.06,7186.97,202.0,2
2022-12-07,2022,December,Turmeric,7250.0,8750.0,8000.0,16.0,2
2022-12-08,2022,December,Turmeric,5867.53,6928.65,6396.21,519.0,4
2022-12-09,2022,December,Turmeric,5800.0,7040.26,6434.42,77.0,4
2022-12-10,2022,December,Turmeric,6313.33,8002.13,7156.67,15.0,3
2022-12-12,2022,December,Turmeric,6158.94,7489.61,6820.35,368.0,5
2022-12-13,2022,December,Turmeric,7464.71,8217.65,7841.18,17.0,2
2022-12-14,2022,December,Turmeric,5772.97,7009.73,6390.89,148.0,2
2022-12-15,2022,December,Turmeric,5981.33,7284.08,6548.77,305.0,4
2022-12-16,2022,December,Turmeric,6644.71,7790.59,7217.65,170.0,3
2022-12-17,2022,December,Turmeric,5863.41,7254.96,6551.94,116.0,3
2022-12-19,2022,December,Turmeric,6109.27,7271.61,6690.21,355.0,4
2022-12-20,2022,December,Turmeric,6000.0,10000.0,8000.0,26.0,1
2022-12-21,2022,December,Turmeric,5757.87,9739.13,7730.7,23.0,3
2022-12-22,2022,December,Turmeric,5783.33,6591.83,6116.67,18.0,2
2022-12-23,2022,December,Turmeric,5357.14,8371.43,7142.86,7.0,2
2022-12-26,2022,December,Turmeric,5773.74,7086.22,6326.21,278.0,5
2022-12-27,2022,December,Turmeric,6161.0,7676.0,6918.0,154.0,1
2022-12-28,2022,December,Turmeric,6246.35,7621.09,6969.9,192.0,6
2022-12-29,2022,December,Turmeric,6184.73,7239.91,6685.1,554.0,4
2022-12-30,2022,December,Turmeric,6012.21,7539.55,6783.28,172.0,3
2022-12-31,2022,December,Turmeric,5647.24,7891.08,6502.04,203.0,4
2023-01-02,2023,January,Turmeric,5807.05,8118.06,6962.2,227.0,2
2023-01-03,2023,January,Turmeric,9000.0,13000.0,11000.0,5.0,1
2023-01-04,2023,January,Turmeric,5945.45,7223.43,6584.46,143.0,3
2023-01-05,2023,January,Turmeric,5950.0,6625.0,6287.0,250.0,1
2023-01-06,2023,January,Turmeric,5000.0,7850.0,6425.0,6.0,1
2023-01-07,2023,January,Turmeric,5650.0,7301.0,6055.0,60.0,1
2023-01-09,2023,January,Turmeric,4980.0,8900.0,6960.0,5.0,2
2023-01-10,2023,January,Turmeric,5972.86,8048.57,6634.17,70.0,2
2023-01-11,2023,January,Turmeric,6046.35,7525.91,6785.68,192.0,3
2023-01-12,2023,January,Turmeric,6139.93,7344.53,6746.91,397.0,4
2023-01-13,2023,January,Turmeric,3433.33,5203.33,4236.67,3.0,2
2023-01-14,2023,January,Turmeric,5674.73,7067.6,6410.3,182.0,3
2023-01-16,2023,January,Turmeric,6039.0,7525.0,6782.0,259.0,1
2023-01-17,2023,January,Turmeric,9000.0,13000.0,11000.0,6.0,1
2023-01-18,2023,January,Turmeric,6081.98,7218.28,6651.54,212.0,2
2023-01-19,2023,January,Turmeric,5000.0,7400.0,6400.0,82.0,1
2023-01-20,2023,January,Turmeric,5826.94,7432.79,6599.35,310.0,3
2023-01-21,2023,January,Turmeric,6208.33,8250.83,7250.0,72.0,2
2023-01-23,2023,January,Turmeric,5957.78,7429.84,6668.18,559.0,6
2023-01-24,2023,January,Turmeric,6351.62,8052.94,7189.91,34.0,2
2023-01-25,2023,January,Turmeric,6000.43,7377.54,6784.93,481.0,5
2023-01-27,2023,January,Turmeric,5799.64,6982.87,6430.19,413.0,5
2023-01-28,2023,January,Turmeric,6077.97,7263.14,6659.79,97.0,4
2023-01-30,2023,January,Turmeric,5641.19,7028.97,6388.05,420.0,4
2023-01-31,2023,January,Turmeric,5210.26,9617.95,7418.59,117.0,3
2023-02-01,2023,February,Turmeric,5989.0,7537.16,6756.31,503.0,6
2023-02-02,2023,February,Turmeric,5545.09,6415.74,6129.24,224.0,3
2023-02-03,2023,February,Turmeric,5912.02,7302.6,6634.0,497.0,6
2023-02-04,2023,February,Turmeric,5308.29,6903.86,6088.11,140.0,4
2023-02-06,2023,February,Turmeric,5328.47,6733.56,6174.67,219.0,2
2023-02-07,2023,February,Turmeric,5386.08,10471.42,7882.68,237.0,3
2023-02-08,2023,February,Turmeric,5694.41,7151.8,6424.4,670.0,5
2023-02-09,2023,February,Turmeric,5778.74,7096.24,6357.93,174.0,4
2023-02-10,2023,February,Turmeric,5735.53,6900.68,6293.67,519.0,5
2023-02-11,2023,February,Turmeric,8442.86,11542.86,9928.57,7.0,2
2023-02-13,2023,February,Turmeric,5440.12,6796.11,6090.31,552.0,5
2023-02-14,2023,February,Turmeric,5452.17,8474.78,7521.74,69.0,2
2023-02-15,2023,February,Turmeric,6051.03,12250.29,9150.83,1411.0,4
2023-02-16,2023,February,Turmeric,5984.89,14414.77,10193.22,1533.0,4
2023-02-17,2023,February,Turmeric,5920.87,12843.8,9396.59,1797.0,4
2023-02-20,2023,February,Turmeric,9000.0,13000.0,11000.0,1.0,1
2023-02-21,2023,February,Turmeric,5921.69,14004.84,9993.36,1814.0,4
2023-02-22,2023,February,Turmeric,6001.53,14833.58,10419.57,1574.0,5
2023-02-23,2023,February,Turmeric,5961.28,14971.98,10468.56,1818.0,4
2023-02-24,2023,February,Turmeric,5995.58,17031.74,11479.35,2821.0,5
2023-02-25,2023,February,Turmeric,6027.79,11424.54,8728.12,2087.0,4
2023-02-27,2023,February,Turmeric,5291.4,6858.29,6308.69,593.0,3
2023-02-28,2023,February,Turmeric,6007.06,16355.47,11181.26,2805.0,3
2023-03-01,2023,March,Turmeric,6009.89,12565.83,9284.48,3417.0,6
2023-03-02,2023,March,Turmeric,5955.96,13938.21,9936.33,2625.0,5
2023-03-03,2023,March,Turmeric,5975.66,14972.69,10474.88,3066.0,6
2023-03-04,2023,March,Turmeric,5995.4,13729.93,9859.96,1964.0,4
2023-03-06,2023,March,Turmeric,5989.6,15267.59,10629.08,2307.0,3
2023-03-08,2023,March,Turmeric,5684.66,6727.32,6210.13,307.0,5
2023-03-09,2023,March,Turmeric,4826.32,7974.67,6450.6,57.0,3
2023-03-10,2023,March,Turmeric,5893.4,10088.78,8019.17,883.0,6
2023-03-11,2023,March,Turmeric,5994.69,14923.61,10459.24,2560.0,3
2023-03-13,2023,March,Turmeric,5869.29,7152.99,6551.49,469.0,5
2023-03-14,2023,March,Turmeric,6021.94,13847.67,9952.37,2511.0,5
2023-03-15,2023,March,Turmeric,5967.23,15570.78,10774.87,2763.0,5
2023-03-16,2023,March,Turmeric,5234.47,6653.36,6063.21,162.0,4
2023-03-17,2023,March,Turmeric,6000.41,11460.75,8729.8,2840.0,6
2023-03-18,2023,March,Turmeric,6027.12,18480.44,12253.78,2476.0,3
2023-03-20,2023,March,Turmeric,5891.54,13275.74,9604.8,2709.0,6
2023-03-21,2023,March,Turmeric,9706.99,17150.67,13408.8,75.0,3
2023-03-22,2023,March,Turmeric,4868.58,7737.68,6234.55,1114.0,3
2023-03-23,2023,March,Turmeric,5876.55,10784.21,8339.18,2728.0,5
2023-03-24,2023,March,Turmeric,5962.5,15590.37,10768.49,4277.0,5
2023-03-25,2023,March,Turmeric,7232.94,11370.7,9433.4,63.0,4
2023-03-27,2023,March,Turmeric,5873.55,11778.01,8844.55,3142.0,6
2023-03-28,2023,March,Turmeric,7999.84,13595.04,10797.44,25.0,2
2023-03-29,2023,March,Turmeric,9605.71,16955.14,13280.43,35.0,2
2023-03-30,2023,March,Turmeric,9394.78,16425.65,12910.22,23.0,2
2023-03-31,2023,March,Turmeric,8260.87,13766.96,11013.91,23.0,2
2023-04-01,2023,April,Turmeric,7451.09,11367.82,9409.45,11.0,2
2023-04-03,2023,April,Turmeric,5902.26,11673.12,8787.93,4352.97,8
2023-04-04,2023,April,Turmeric,8329.68,14080.65,11205.16,31.0,2
2023-04-05,2023,April,Turmeric,5828.92,11627.14,8777.66,2922.8,8
2023-04-06,2023,April,Turmeric,6045.1,11879.2,8955.82,1856.94,4
2023-04-07,2023,April,Turmeric,5485.58,6716.64,6219.59,314.16,5
2023-04-08,2023,April,Turmeric,6003.4,11830.14,8914.32,2050.65,6
2023-04-10,2023,April,Turmeric,5738.19,11497.95,8654.9,3508.32,10
2023-04-11,2023,April,Turmeric,5902.16,11638.25,8784.95,3647.85,8
2023-04-12,2023,April,Turmeric,5847.52,10666.72,8285.63,3264.0,6
2023-04-13,2023,April,Turmeric,5840.97,10834.1,8353.34,3237.03,8
2023-04-14,2023,April,Turmeric,5960.94,7268.25,6594.01,59.95,3
2023-04-15,2023,April,Turmeric,5850.13,11912.11,8890.34,3466.13,8
2023-04-17,2023,April,Turmeric,5777.53,10563.24,8163.83,4172.27,7
2023-04-18,2023,April,Turmeric,5801.32,10521.12,8153.01,3689.0,6
2023-04-19,2023,April,Turmeric,5846.39,10636.4,8217.98,5101.26,9
2023-04-20,2023,April,Turmeric,5355.45,6512.22,5934.67,740.66,6
2023-04-21,2023,April,Turmeric,5766.7,10161.08,7960.85,3808.04,9
2023-04-22,2023,April,Turmeric,5866.67,11133.33,8493.33,15.0,2
2023-04-24,2023,April,Turmeric,5614.53,9401.48,7494.28,3221.31,8
2023-04-25,2023,April,Turmeric,4979.52,6687.3,5757.84,849.92,6
2023-04-26,2023,April,Turmeric,4999.27,6562.27,5792.04,778.46,8
2023-04-27,2023,April,Turmeric,5665.33,9442.12,7570.3,2330.03,9
2023-04-28,2023,April,Turmeric,5071.54,5320.96,5168.12,117.85,3
2023-04-29,2023,April,Turmeric,5028.08,6853.29,6014.78,557.13,4
2023-05-02,2023,May,Turmeric,5302.99,8308.12,6876.27,2416.41,10
2023-05-03,2023,May,Turmeric,5668.19,9801.35,7728.05,2938.75,11
2023-05-04,2023,May,Turmeric,5656.09,10124.65,7873.11,2830.19,10
2023-05-05,2023,May,Turmeric,5431.04,7224.82,6090.17,371.6,5
2023-05-06,2023,May,Turmeric,5680.73,11447.88,8625.84,1466.28,8
2023-05-08,2023,May,Turmeric,5853.06,7328.0,6604.72,1369.61,7
2023-05-09,2023,May,Turmeric,5899.36,10159.14,7932.84,2404.92,10
2023-05-10,2023,May,Turmeric,5663.18,11313.75,8477.67,2267.92,11
2023-05-11,2023,May,Turmeric,5631.97,9521.16,7590.34,2925.99,11
2023-05-12,2023,May,Turmeric,5755.56,9859.29,7850.12,2606.36,11
2023-05-13,2023,May,Turmeric,5806.65,9469.35,7610.65,1488.17,9
2023-05-15,2023,May,Turmeric,6006.34,9374.83,7693.51,2827.26,10
2023-05-16,2023,May,Turmeric,5843.05,10999.11,8421.97,3623.2,10
2023-05-17,2023,May,Turmeric,5809.61,8039.63,6978.51,1938.08,12
2023-05-18,2023,May,Turmeric,5915.21,9278.26,7633.92,1474.48,8
2023-05-19,2023,May,Turmeric,5480.18,6499.38,5918.51,312.08,5
2023-05-20,2023,May,Turmeric,5625.46,9898.19,7790.22,1488.0,9
2023-05-21,2023,May,Turmeric,5500.0,6700.0,5800.0,300.0,1
2023-05-22,2023,May,Turmeric,5750.08,10893.64,8352.41,2269.0,9
2023-05-23,2023,May,Turmeric,5768.24,7970.17,6875.22,1054.25,8
2023-05-24,2023,May,Turmeric,5736.21,9958.41,7886.59,1809.44,9
2023-05-25,2023,May,Turmeric,5545.96,8927.58,7339.18,2055.08,10
2023-05-26,2023,May,Turmeric,5781.54,8692.36,7259.56,1617.59,12
2023-05-27,2023,May,Turmeric,5398.59,8615.63,7087.18,1247.32,10
2023-05-29,2023,May,Turmeric,5611.29,10115.29,7874.81,630.0,9
2023-05-30,2023,May,Turmeric,5878.79,8265.19,7042.62,1841.49,9
2023-05-31,2023,May,Turmeric,5712.01,7759.25,6784.15,1364.43,9
2023-06-01,2023,June,Turmeric,5841.36,9450.25,7731.54,986.0,8
2023-06-02,2023,June,Turmeric,5878.01,7662.31,6780.28,1482.0,9
2023-06-03,2023,June,Turmeric,4619.88,6689.49,5783.14,93.0,7
2023-06-05,2023,June,Turmeric,5601.53,8585.46,7153.4,1118.28,8
2023-06-06,2023,June,Turmeric,5372.42,8935.69,7168.85,968.0,8
2023-06-07,2023,June,Turmeric,5412.48,8211.82,6804.95,889.02,9
2023-06-08,2023,June,Turmeric,5417.98,7391.87,6375.13,1079.02,10
2023-06-09,2023,June,Turmeric,5482.75,7965.0,6724.04,1429.76,10
2023-06-10,2023,June,Turmeric,4823.71,6656.18,5979.87,76.0,7
2023-06-12,2023,June,Turmeric,5440.01,7910.42,6630.08,1200.0,11
2023-06-13,2023,June,Turmeric,5091.22,7030.29,6139.9,750.12,10
2023-06-14,2023,June,Turmeric,5470.71,7386.62,6488.98,734.53,11
2023-06-15,2023,June,Turmeric,5411.27,7575.63,6469.43,943.04,10
2023-06-16,2023,June,Turmeric,5509.11,8128.71,6797.71,1472.0,10
2023-06-17,2023,June,Turmeric,5027.6,7645.31,6863.83,579.0,6
2023-06-19,2023,June,Turmeric,5552.32,9931.83,7773.73,937.75,8
2023-06-20,2023,June,Turmeric,5980.38,8529.94,7288.9,889.0,6
2023-06-21,2023,June,Turmeric,5744.48,9128.98,7495.56,1425.0,11
2023-06-22,2023,June,Turmeric,6851.74,8231.07,7507.33,1877.04,10
2023-06-23,2023,June,Turmeric,6327.62,8934.91,7721.41,980.66,12
2023-06-24,2023,June,Turmeric,5577.65,8240.55,6836.88,844.55,8
2023-06-26,2023,June,Turmeric,6114.4,8890.08,7620.84,1194.78,10
2023-06-27,2023,June,Turmeric,6662.42,8628.74,7506.75,757.0,6
2023-06-28,2023,June,Turmeric,5655.84,8966.84,7412.17,683.0,9
2023-06-29,2023,June,Turmeric,5800.0,6800.0,6183.0,5.47,1
2023-06-30,2023,June,Turmeric,5788.91,8428.81,7068.36,612.44,10
2023-07-01,2023,July,Turmeric,5338.16,8160.81,7071.49,182.79,10
2023-07-02,2023,July,Turmeric,6900.0,7600.0,7300.0,34.0,1
2023-07-03,2023,July,Turmeric,7001.61,9527.07,8446.19,923.56,10
2023-07-04,2023,July,Turmeric,7258.59,9668.82,8355.03,1325.96,9
2023-07-05,2023,July,Turmeric,6910.53,9738.14,8321.76,615.12,9
2023-07-06,2023,July,Turmeric,6667.66,8934.16,7952.71,1646.12,8
2023-07-07,2023,July,Turmeric,7178.65,10497.15,8829.99,1002.78,11
2023-07-08,2023,July,Turmeric,6858.95,9253.43,7870.97,658.46,9
2023-07-10,2023,July,Turmeric,6699.84,10471.17,8628.46,1188.59,11
2023-07-11,2023,July,Turmeric,7760.67,11820.88,9262.76,794.13,10
2023-07-12,2023,July,Turmeric,7543.24,11390.0,9637.7,1406.05,12
2023-07-13,2023,July,Turmeric,7435.46,11933.24,9390.45,1962.55,9
2023-07-14,2023,July,Turmeric,7723.26,11757.99,9344.91,1334.61,13
2023-07-15,2023,July,Turmeric,7849.96,12439.61,10066.49,440.63,9
2023-07-17,2023,July,Turmeric,9912.74,13224.21,11653.95,500.07,5
2023-07-18,2023,July,Turmeric,8802.14,12894.42,10737.66,541.49,8
2023-07-19,2023,July,Turmeric,8492.21,14629.08,11532.48,965.18,9
2023-07-20,2023,July,Turmeric,10175.13,15599.36,12956.6,1451.58,13
2023-07-21,2023,July,Turmeric,9566.24,14992.03,11738.06,905.96,14
2023-07-22,2023,July,Turmeric,10467.81,14208.22,12325.52,218.63,5
2023-07-23,2023,July,Turmeric,11500.0,13000.0,12500.0,15.0,1
2023-07-24,2023,July,Turmeric,8901.17,14316.82,11840.08,1036.44,10
2023-07-25,2023,July,Turmeric,10402.95,17214.24,12790.04,310.18,8
2023-07-26,2023,July,Turmeric,9458.03,19209.28,14611.45,1039.44,11
2023-07-27,2023,July,Turmeric,9852.15,15622.01,12410.32,1096.26,10
2023-07-28,2023,July,Turmeric,10116.24,15858.43,12019.93,1403.09,13
2023-07-29,2023,July,Turmeric,9553.11,19972.44,13339.9,251.67,5
2023-07-30,2023,July,Turmeric,11500.0,12000.0,11800.0,16.0,1
2023-07-31,2023,July,Turmeric,12164.77,15936.74,14056.02,458.98,10
2023-08-01,2023,August,Turmeric,11116.07,19264.25,15221.01,395.19,4
2023-08-02,2023,August,Turmeric,10900.09,18144.42,14200.74,562.76,12
2023-08-03,2023,August,Turmeric,11027.96,17496.72,14209.62,666.77,9
2023-08-04,2023,August,Turmeric,10895.9,20437.68,14795.63,1102.52,10
2023-08-05,2023,August,Turmeric,10801.48,22241.45,14047.77,134.53,5
2023-08-07,2023,August,Turmeric,10689.81,15818.67,13474.09,867.07,10
2023-08-08,2023,August,Turmeric,11816.55,23254.47,17687.73,644.79,7
2023-08-09,2023,August,Turmeric,10673.0,25162.18,18058.38,847.49,10
2023-08-10,2023,August,Turmeric,11686.28,17535.51,14240.5,611.48,8
2023-08-11,2023,August,Turmeric,10212.39,18350.95,14409.95,637.7,9
2023-08-12,2023,August,Turmeric,7371.79,16177.64,11748.47,295.64,5
2023-08-14,2023,August,Turmeric,10703.29,15088.05,12926.42,536.61,8
2023-08-16,2023,August,Turmeric,14000.0,16000.0,15000.0,12.0,1
2023-08-17,2023,August,Turmeric,11221.95,15168.61,13737.89,395.94,6
2023-08-18,2023,August,Turmeric,11747.13,15027.3,13588.27,454.58,8
2023-08-19,2023,August,Turmeric,12882.62,14100.89,13551.34,162.01,5
2023-08-21,2023,August,Turmeric,8532.61,16923.91,12641.3,46.0,3
2023-08-22,2023,August,Turmeric,11951.55,15120.5,13272.15,8.05,3
2023-08-23,2023,August,Turmeric,7542.99,16959.2,12240.78,53.38,7
2023-08-24,2023,August,Turmeric,10452.24,14213.46,12670.65,627.47,5
2023-08-25,2023,August,Turmeric,12224.08,16880.42,14584.46,346.44,7
2023-08-26,2023,August,Turmeric,13644.57,14771.69,14261.09,67.18,3
2023-08-28,2023,August,Turmeric,10784.46,13699.96,12513.52,224.74,5
2023-08-29,2023,August,Turmeric,12404.34,15430.38,13934.77,393.04,4
2023-08-30,2023,August,Turmeric,9448.53,12569.85,10621.32,5.44,2
2023-08-31,2023,August,Turmeric,11059.17,13889.74,12458.08,387.0,5
2023-09-01,2023,September,Turmeric,10722.11,14077.4,12165.21,421.71,7
2023-09-02,2023,September,Turmeric,14000.0,25000.0,19500.0,4.0,1
2023-09-04,2023,September,Turmeric,9266.67,12533.33,11300.0,3.0,2
2023-09-05,2023,September,Turmeric,12248.39,14101.08,13174.73,186.0,2
2023-09-06,2023,September,Turmeric,12058.76,14204.24,13177.24,98.39,4
2023-09-07,2023,September,Turmeric,11500.0,12000.0,11864.0,1.09,1
2023-09-08,2023,September,Turmeric,10583.68,14078.18,12132.5,390.53,8
2023-09-09,2023,September,Turmeric,10016.43,16449.89,14258.0,8.98,2
2023-09-11,2023,September,Turmeric,9838.32,13096.94,11468.76,426.76,6
2023-09-12,2023,September,Turmeric,10886.57,13117.8,11995.11,117.57,3
2023-09-13,2023,September,Turmeric,10310.49,13208.08,11734.27,136.87,5
2023-09-14,2023,September,Turmeric,14000.0,25000.0,19500.0,4.0,1
2023-09-15,2023,September,Turmeric,8943.26,14565.98,12712.14,62.14,4
2023-09-16,2023,September,Turmeric,7952.29,11934.64,10980.34,10.71,3
2023-09-18,2023,September,Turmeric,11230.5,13230.14,12196.31,282.0,4
2023-09-23,2023,September,Turmeric,11000.0,11000.0,11000.0,0.02,1
2023-09-25,2023,September,Turmeric,11170.0,12790.0,11967.5,160.0,2
2023-09-26,2023,September,Turmeric,8915.41,12091.37,10870.2,154.98,4
2023-09-27,2023,September,Turmeric,9651.31,13302.16,12683.93,114.21,4
2023-09-29,2023,September,Turmeric,8870.81,12715.8,11979.28,116.89,3
2023-09-30,2023,September,Turmeric,10000.0,10000.0,10000.0,0.04,1
2023-10-03,2023,October,Turmeric,10508.77,12953.68,11686.4,228.0,3
2023-10-04,2023,October,Turmeric,10591.81,13269.66,11920.15,165.07,5
2023-10-05,2023,October,Turmeric,11009.93,12980.13,11995.03,151.0,2
2023-10-06,2023,October,Turmeric,9630.67,13736.46,11730.48,277.0,4
2023-10-07,2023,October,Turmeric,14000.0,25000.0,19500.0,13.0,1
2023-10-09,2023,October,Turmeric,9515.0,12231.33,10890.82,249.0,4
2023-10-10,2023,October,Turmeric,10577.11,13152.27,11825.8,161.32,5
2023-10-11,2023,October,Turmeric,11843.75,16410.94,14127.34,96.0,2
2023-10-12,2023,October,Turmeric,9401.46,12711.42,11056.64,137.0,3
2023-10-13,2023,October,Turmeric,11064.52,13098.6,12086.02,93.0,3
2023-10-14,2023,October,Turmeric,14000.0,25000.0,19500.0,1.0,1
2023-10-16,2023,October,Turmeric,10161.67,13516.67,11829.35,138.0,5
2023-10-17,2023,October,Turmeric,10086.2,11963.31,10988.62,105.22,4
2023-10-18,2023,October,Turmeric,9940.74,11943.35,10934.07,81.0,2
2023-10-19,2023,October,Turmeric,10120.39,11617.24,10868.86,197.32,4
2023-10-20,2023,October,Turmeric,10281.25,13937.5,12109.38,128.0,4
2023-10-21,2023,October,Turmeric,14000.0,26000.0,20000.0,4.0,1
2023-10-23,2023,October,Turmeric,14000.0,26000.0,20000.0,2.0,1
2023-10-25,2023,October,Turmeric,8286.64,15537.6,11915.55,262.0,3
2023-10-26,2023,October,Turmeric,13016.83,23420.83,18366.67,6.0,2
2023-10-27,2023,October,Turmeric,9295.3,12997.99,11121.48,149.0,3
2023-10-28,2023,October,Turmeric,14000.0,26000.0,20000.0,2.0,1
2023-10-30,2023,October,Turmeric,10500.0,12000.0,11250.0,45.0,1
2023-10-31,2023,October,Turmeric,11000.0,17540.0,14000.0,10.0,2
2023-11-01,2023,November,Turmeric,10266.95,12145.75,11198.12,71.04,3
2023-11-02,2023,November,Turmeric,8820.78,10918.75,9871.75,256.0,2
2023-11-03,2023,November,Turmeric,9541.64,13746.27,11504.03,134.0,4
2023-11-06,2023,November,Turmeric,9215.08,12750.16,11130.76,126.0,4
2023-11-07,2023,November,Turmeric,11266.67,16080.0,14233.33,15.0,2
2023-11-08,2023,November,Turmeric,10826.26,13075.0,11950.16,99.0,3
2023-11-09,2023,November,Turmeric,13588.24,18129.41,15970.59,17.0,2
2023-11-10,2023,November,Turmeric,15000.0,20000.0,17500.0,4.0,1
2023-11-11,2023,November,Turmeric,15000.0,20000.0,17500.0,3.0,1
2023-11-13,2023,November,Turmeric,15000.0,20000.0,17500.0,2.0,1
2023-11-16,2023,November,Turmeric,9932.77,12691.6,11511.76,119.0,2
2023-11-17,2023,November,Turmeric,8643.43,12835.05,11058.03,99.0,3
2023-11-21,2023,November,Turmeric,7900.0,13570.0,10735.0,51.0,1
2023-11-22,2023,November,Turmeric,10972.33,13345.06,12206.36,330.0,3
2023-11-23,2023,November,Turmeric,8800.0,11500.0,10150.0,57.0,1
2023-11-24,2023,November,Turmeric,9950.13,13087.87,11519.17,373.0,4
2023-11-27,2023,November,Turmeric,15000.0,20000.0,17500.0,3.0,1
2023-11-28,2023,November,Turmeric,9380.0,14829.0,13466.67,60.0,2
2023-11-29,2023,November,Turmeric,11000.0,13380.0,12190.0,110.0,1
2023-11-30,2023,November,Turmeric,7500.0,7500.0,7500.0,0.04,1
2023-12-02,2023,December,Turmeric,14000.0,21000.0,17500.0,5.0,1
2023-12-04,2023,December,Turmeric,9755.67,12771.81,11263.47,149.0,2
2023-12-05,2023,December,Turmeric,14000.0,21000.0,17500.0,9.0,1
2023-12-06,2023,December,Turmeric,10765.85,12724.39,11745.12,82.0,2
2023-12-07,2023,December,Turmeric,9190.62,14410.31,12015.62,32.0,2
2023-12-08,2023,December,Turmeric,9538.97,13090.26,11285.7,136.0,4
2023-12-09,2023,December,Turmeric,14000.0,21000.0,17500.0,2.0,1
2023-12-11,2023,December,Turmeric,11100.0,13300.0,12200.0,81.0,1
2023-12-12,2023,December,Turmeric,14000.0,21000.0,17500.0,15.0,1
2023-12-13,2023,December,Turmeric,10500.0,12800.0,11650.0,74.0,1
2023-12-14,2023,December,Turmeric,9930.9,13916.42,11924.63,201.0,3
2023-12-15,2023,December,Turmeric,10852.94,13042.02,12018.91,119.0,4
2023-12-16,2023,December,Turmeric,14000.0,21000.0,17500.0,5.0,1
2023-12-18,2023,December,Turmeric,11243.9,13339.02,12302.44,82.0,2
2023-12-19,2023,December,Turmeric,10730.77,16192.31,13525.64,39.0,2
2023-12-20,2023,December,Turmeric,10832.53,13660.36,12258.43,83.0,5
2023-12-21,2023,December,Turmeric,9566.18,13046.57,11354.9,102.0,3
2023-12-22,2023,December,Turmeric,9928.03,13067.86,11514.34,346.0,5
2023-12-26,2023,December,Turmeric,7837.04,15311.11,11574.07,135.0,2
2023-12-27,2023,December,Turmeric,10381.59,13004.74,11718.63,311.0,4
2023-12-28,2023,December,Turmeric,11037.56,12617.25,11861.26,178.0,3
2023-12-29,2023,December,Turmeric,9357.21,13816.26,11589.57,289.0,4
2023-12-30,2023,December,Turmeric,12125.0,18450.0,15250.0,4.0,2
2024-01-01,2024,January,Turmeric,9252.75,13407.89,11280.42,173.0,3
2024-01-02,2024,January,Turmeric,9875.0,14400.0,12983.12,40.0,2
2024-01-03,2024,January,Turmeric,10116.54,12075.59,11095.59,127.0,2
2024-01-04,2024,January,Turmeric,8680.83,15271.43,12052.63,133.0,3
2024-01-05,2024,January,Turmeric,10241.61,12643.79,11439.44,161.0,5
2024-01-06,2024,January,Turmeric,14000.0,21000.0,17500.0,4.0,1
2024-01-08,2024,January,Turmeric,10163.93,12442.62,11303.28,61.0,2
2024-01-09,2024,January,Turmeric,14000.0,21000.0,17500.0,16.0,1
2024-01-10,2024,January,Turmeric,10404.49,12820.22,11612.36,89.0,2
2024-01-11,2024,January,Turmeric,10458.0,12908.0,11683.0,120.0,2
2024-01-12,2024,January,Turmeric,10079.17,12466.07,11342.33,150.0,3
2024-01-13,2024,January,Turmeric,14000.0,21000.0,17500.0,1.0,1
2024-01-15,2024,January,Turmeric,7355.72,13438.87,10428.27,111.0,2
2024-01-16,2024,January,Turmeric,14000.0,21000.0,17500.0,17.0,1
2024-01-17,2024,January,Turmeric,10051.56,12170.39,11106.25,128.0,3
2024-01-18,2024,January,Turmeric,10047.12,13284.2,11706.09,307.0,4
2024-01-19,2024,January,Turmeric,9217.43,11588.16,10402.8,304.0,4
2024-01-23,2024,January,Turmeric,8505.0,15000.0,11752.0,61.0,1
2024-01-24,2024,January,Turmeric,11218.12,14534.84,12876.1,287.0,4
2024-01-25,2024,January,Turmeric,11898.0,13940.0,12919.0,87.0,1
2024-01-29,2024,January,Turmeric,10480.16,13770.37,12125.26,378.0,3
2024-01-30,2024,January,Turmeric,14000.0,21000.0,17500.0,26.0,1
2024-01-31,2024,January,Turmeric,11596.15,14365.38,12980.77,104.0,2
2024-02-01,2024,February,Turmeric,10047.02,14545.29,12282.75,255.0,4
2024-02-02,2024,February,Turmeric,10488.71,15211.85,13011.58,310.0,6
2024-02-03,2024,February,Turmeric,14000.0,21000.0,17500.0,17.0,1
2024-02-05,2024,February,Turmeric,12300.0,14130.0,13215.0,80.0,1
2024-02-06,2024,February,Turmeric,14000.0,21000.0,17500.0,10.0,1
2024-02-07,2024,February,Turmeric,11675.33,14220.3,12979.09,197.0,3
2024-02-08,2024,February,Turmeric,11581.82,13659.09,12663.64,110.0,2
2024-02-09,2024,February,Turmeric,12125.0,17125.0,14375.0,36.0,2
2024-02-10,2024,February,Turmeric,14000.0,21000.0,17500.0,10.0,1
2024-02-12,2024,February,Turmeric,9159.34,13832.83,12240.93,364.0,4
2024-02-13,2024,February,Turmeric,10320.0,14366.67,12733.33,90.0,2
2024-02-14,2024,February,Turmeric,11759.26,14351.85,13055.56,108.0,2
2024-02-15,2024,February,Turmeric,9568.56,13543.59,12177.67,174.0,3
2024-02-16,2024,February,Turmeric,11986.6,14716.96,13353.51,275.0,3
2024-02-17,2024,February,Turmeric,12000.0,25800.0,18900.0,208.0,1
2024-02-20,2024,February,Turmeric,8505.0,15000.0,11752.0,113.0,1
2024-02-21,2024,February,Turmeric,11467.04,14887.81,13400.69,260.0,4
2024-02-22,2024,February,Turmeric,10273.62,14279.68,12344.29,127.0,3
2024-02-23,2024,February,Turmeric,10828.77,14116.89,12472.83,219.0,3
2024-02-24,2024,February,Turmeric,15000.0,20000.0,17500.0,21.0,1
2024-02-26,2024,February,Turmeric,15000.0,20000.0,17500.0,2.0,1
2024-02-27,2024,February,Turmeric,12126.6,15957.82,14086.86,94.0,2
2024-02-28,2024,February,Turmeric,8567.2,15452.22,12319.0,192.7,3
2024-02-29,2024,February,Turmeric,13946.97,29956.52,21951.75,1727.3,3
2024-03-01,2024,March,Turmeric,13953.01,23306.32,18629.66,1547.1,3
2024-03-02,2024,March,Turmeric,14697.99,31736.09,23216.93,1380.2,4
2024-03-04,2024,March,Turmeric,13351.56,25691.63,19549.88,1473.3,5
2024-03-05,2024,March,Turmeric,11397.16,17055.55,15013.02,92.9,2
2024-03-06,2024,March,Turmeric,13249.72,34585.69,23917.7,1325.1,2
2024-03-07,2024,March,Turmeric,13508.04,27766.77,20636.42,2170.3,6
2024-03-09,2024,March,Turmeric,12900.0,17600.0,15250.0,144.0,1
2024-03-11,2024,March,Turmeric,17146.21,47833.97,32488.91,2333.3,4
2024-03-12,2024,March,Turmeric,15377.34,26168.61,20803.03,2028.9,5
2024-03-13,2024,March,Turmeric,15164.48,25038.61,20101.48,2275.4,4
2024-03-14,2024,March,Turmeric,14980.77,33707.18,24345.5,2146.9,5
2024-03-15,2024,March,Turmeric,14580.83,24471.24,19520.21,2523.6,8
2024-03-16,2024,March,Turmeric,15073.71,21839.25,18461.92,1897.5,4
2024-03-18,2024,March,Turmeric,14971.4,23471.26,19265.41,2107.4,4
2024-03-19,2024,March,Turmeric,13845.76,23893.81,18872.41,838.8,5
2024-03-20,2024,March,Turmeric,15731.82,55113.56,35482.14,2090.4,5
2024-03-21,2024,March,Turmeric,8355.21,17173.19,14850.1,77.34,3
2024-03-22,2024,March,Turmeric,14343.51,23472.62,19012.98,1154.8,6
2024-03-23,2024,March,Turmeric,15467.63,22164.94,18806.17,2318.7,3
2024-03-26,2024,March,Turmeric,16273.4,65995.01,41094.56,2310.4,6
2024-03-27,2024,March,Turmeric,12322.46,19136.71,15720.1,84.6,3
2024-03-28,2024,March,Turmeric,14368.53,19463.16,16910.53,5.7,2
2024-03-30,2024,March,Turmeric,12598.66,15790.67,14468.76,116.2,3
2024-04-01,2024,April,Turmeric,13661.52,14891.18,14069.39,33.68,3
2024-04-02,2024,April,Turmeric,8032.34,17139.55,14989.21,271.95,5
2024-04-03,2024,April,Turmeric,13975.17,16953.14,15267.56,602.8,8
2024-04-04,2024,April,Turmeric,11843.86,17833.6,15220.56,334.32,4
2024-04-05,2024,April,Turmeric,12601.49,16904.29,14611.95,931.54,9
2024-04-06,2024,April,Turmeric,13527.76,21787.31,17619.53,1684.73,6
2024-04-08,2024,April,Turmeric,13500.0,17885.0,15435.0,64.36,1
2024-04-09,2024,April,Turmeric,13800.0,14810.0,14500.0,5.3,1
2024-04-12,2024,April,Turmeric,12557.4,16594.89,13198.65,62.35,2
2024-04-13,2024,April,Turmeric,12519.77,15943.71,14765.87,58.9,3
2024-04-15,2024,April,Turmeric,14285.35,19605.8,16949.13,1917.33,6
2024-04-16,2024,April,Turmeric,12000.0,17500.0,14280.0,45.54,1
2024-04-17,2024,April,Turmeric,13218.78,15917.25,14328.45,70.67,2
2024-04-18,2024,April,Turmeric,12872.6,16592.53,14819.09,162.43,2
2024-04-19,2024,April,Turmeric,14738.52,21094.67,17835.9,2135.55,8
2024-04-20,2024,April,Turmeric,13549.56,16299.13,14917.0,34.44,2
2024-04-22,2024,April,Turmeric,13949.55,21449.42,17696.0,1237.71,5
2024-04-23,2024,April,Turmeric,13935.39,17000.0,15729.02,103.28,2
2024-04-24,2024,April,Turmeric,14099.88,21338.11,17768.24,1501.99,8
2024-04-25,2024,April,Turmeric,13768.0,19503.74,16800.18,914.09,7
2024-04-26,2024,April,Turmeric,14498.94,21580.57,18045.34,518.7,3
2024-04-27,2024,April,Turmeric,13915.77,17775.85,15663.74,143.11,6
2024-04-29,2024,April,Turmeric,13806.36,18799.93,16294.76,2023.05,10
2024-04-30,2024,April,Turmeric,14781.25,21161.14,17920.38,689.99,6
2024-05-01,2024,May,Turmeric,14493.72,17217.14,15552.48,74.07,3
2024-05-02,2024,May,Turmeric,14777.76,17548.28,15634.29,53.6,5
2024-05-03,2024,May,Turmeric,14128.22,17320.21,15867.42,924.26,10
2024-05-04,2024,May,Turmeric,13748.07,17321.31,15920.95,747.29,10
2024-05-06,2024,May,Turmeric,13698.1,16464.26,15209.69,1153.18,9
2024-05-07,2024,May,Turmeric,13680.65,16636.77,15093.88,511.25,7
2024-05-08,2024,May,Turmeric,14590.09,16205.55,15418.33,167.03,6
2024-05-09,2024,May,Turmeric,14391.8,18401.85,16409.21,1060.52,10
2024-05-10,2024,May,Turmeric,13406.67,17229.75,15404.68,217.71,5
2024-05-11,2024,May,Turmeric,14507.72,20053.17,17289.75,885.88,5
2024-05-12,2024,May,Turmeric,12000.0,17000.0,15000.0,4.0,1
2024-05-13,2024,May,Turmeric,14247.73,17675.03,15947.61,1384.89,9
2024-05-14,2024,May,Turmeric,14012.63,18859.45,16478.69,685.47,7
2024-05-15,2024,May,Turmeric,13776.38,17573.59,15566.4,462.82,7
2024-05-16,2024,May,Turmeric,14485.2,20755.7,17637.23,571.44,6
2024-05-17,2024,May,Turmeric,14006.55,19024.42,16549.83,409.63,10
2024-05-18,2024,May,Turmeric,14138.14,18931.44,16269.51,700.51,6
2024-05-19,2024,May,Turmeric,9000.0,17000.0,14000.0,2.2,1
2024-05-20,2024,May,Turmeric,14202.18,17421.1,15876.23,826.57,9
2024-05-21,2024,May,Turmeric,15336.39,21137.84,18210.22,485.26,4
2024-05-22,2024,May,Turmeric,14546.67,17909.24,16158.61,555.88,10
2024-05-23,2024,May,Turmeric,14656.15,17878.87,15752.37,48.03,2
2024-05-24,2024,May,Turmeric,14120.74,16525.73,15289.52,1178.14,10
2024-05-25,2024,May,Turmeric,14906.18,19196.18,16931.6,722.71,7
2024-05-27,2024,May,Turmeric,14904.51,17037.32,15966.99,626.3,10
2024-05-28,2024,May,Turmeric,15029.29,19443.52,17328.62,72.65,6
2024-05-29,2024,May,Turmeric,14401.63,16852.07,15650.19,355.63,10
2024-05-30,2024,May,Turmeric,14449.07,16265.31,15375.5,753.53,8
2024-05-31,2024,May,Turmeric,14205.91,16462.52,15478.62,722.61,11
2024-06-01,2024,June,Turmeric,13860.79,16282.16,14971.23,107.68,6
2024-06-02,2024,June,Turmeric,13000.0,15000.0,14000.0,56.0,1
2024-06-03,2024,June,Turmeric,14345.42,16437.06,15811.79,44.63,3
2024-06-04,2024,June,Turmeric,14513.52,16063.1,15287.55,91.63,2
2024-06-05,2024,June,Turmeric,13504.4,17046.01,15414.95,199.8,8
2024-06-06,2024,June,Turmeric,15035.54,15974.67,15522.44,482.11,5
2024-06-07,2024,June,Turmeric,12962.43,15635.41,14286.0,311.0,9
2024-06-08,2024,June,Turmeric,13812.07,15884.82,15074.56,496.97,6
2024-06-09,2024,June,Turmeric,13000.0,15000.0,14000.0,36.0,1
2024-06-10,2024,June,Turmeric,13295.03,16191.29,14732.91,758.68,9
2024-06-11,2024,June,Turmeric,12219.62,13641.01,13068.18,34.46,3
2024-06-12,2024,June,Turmeric,13279.65,15951.52,14449.03,229.29,7
2024-06-13,2024,June,Turmeric,14184.23,15857.92,15135.11,32.84,2
2024-06-14,2024,June,Turmeric,13928.76,16352.62,15125.14,275.28,5
2024-06-15,2024,June,Turmeric,12030.31,15694.14,14573.15,19.96,4
2024-06-17,2024,June,Turmeric,13731.05,15870.76,14994.91,14.91,3
2024-06-18,2024,June,Turmeric,14016.51,15520.75,14992.55,23.62,3
2024-06-19,2024,June,Turmeric,13501.51,16049.88,14799.5,154.58,3
2024-06-20,2024,June,Turmeric,13484.13,15600.0,15027.82,10.08,2
2024-06-21,2024,June,Turmeric,13926.73,16864.73,15469.25,463.78,6
2024-06-22,2024,June,Turmeric,14000.0,15050.0,14678.0,9.3,1
2024-06-24,2024,June,Turmeric,13027.36,15294.1,14194.77,228.76,4
2024-06-25,2024,June,Turmeric,13054.95,16008.24,14516.48,18.2,3
2024-06-26,2024,June,Turmeric,13084.61,16201.04,14677.7,258.26,6
2024-06-27,2024,June,Turmeric,11228.66,16516.23,13877.94,109.27,3
2024-06-28,2024,June,Turmeric,12704.03,15884.09,14600.72,169.57,8
2024-06-29,2024,June,Turmeric,13301.32,16347.47,15518.25,78.77,4
2024-06-30,2024,June,Turmeric,13000.0,15000.0,14000.0,25.0,1
2024-07-01,2024,July,Turmeric,12787.63,15650.34,14240.95,226.12,5
2024-07-02,2024,July,Turmeric,12018.39,16291.68,14642.12,143.4,4
2024-07-03,2024,July,Turmeric,12462.48,15521.51,14323.38,187.89,6
2024-07-04,2024,July,Turmeric,13223.15,14773.56,14074.28,417.44,5
2024-07-05,2024,July,Turmeric,12785.8,14776.72,13436.71,336.16,5
2024-07-06,2024,July,Turmeric,13483.21,23211.77,18605.84,13.7,2
2024-07-08,2024,July,Turmeric,12208.95,14703.39,13478.47,177.15,5
2024-07-09,2024,July,Turmeric,12120.6,15138.59,14193.9,100.87,4
2024-07-10,2024,July,Turmeric,12544.25,15533.2,14199.89,295.25,7
2024-07-11,2024,July,Turmeric,12315.92,15156.73,14391.5,16.27,3
2024-07-12,2024,July,Turmeric,12646.91,15345.91,13693.48,400.72,7
2024-07-13,2024,July,Turmeric,13600.0,15600.0,14600.0,17.9,1
2024-07-15,2024,July,Turmeric,12662.49,15529.01,14097.95,243.26,5
2024-07-16,2024,July,Turmeric,13350.7,15293.9,14793.9,127.9,2
2024-07-17,2024,July,Turmeric,12594.08,15642.51,14690.81,24.98,2
2024-07-18,2024,July,Turmeric,13482.86,15772.18,15026.79,202.42,4
2024-07-19,2024,July,Turmeric,13393.03,15479.79,14405.03,318.44,6
2024-07-20,2024,July,Turmeric,13432.18,15694.79,14655.9,25.36,2
2024-07-22,2024,July,Turmeric,12855.47,15518.83,14350.01,556.64,6
2024-07-23,2024,July,Turmeric,14000.0,24000.0,19000.0,0.6,1
2024-07-24,2024,July,Turmeric,12705.76,14871.0,13800.57,332.48,6
2024-07-25,2024,July,Turmeric,12492.72,16789.28,14644.03,105.71,2
2024-07-26,2024,July,Turmeric,12509.7,15006.61,13129.16,346.36,5
2024-07-27,2024,July,Turmeric,13000.0,14500.0,14072.0,10.94,1
2024-07-29,2024,July,Turmeric,12213.93,14704.09,13704.83,29.08,4
2024-07-30,2024,July,Turmeric,12099.6,15764.88,13942.08,92.42,2
2024-07-31,2024,July,Turmeric,12237.27,14681.22,13957.77,97.6,6
2024-08-01,2024,August,Turmeric,10253.51,11970.92,11044.04,27.06,3
2024-08-02,2024,August,Turmeric,11621.69,15212.58,13261.08,450.17,9
2024-08-03,2024,August,Turmeric,8623.23,9778.07,9304.26,22.44,2
2024-08-05,2024,August,Turmeric,12391.32,14581.81,13580.77,732.37,9
2024-08-06,2024,August,Turmeric,8995.42,15072.49,13149.82,127.81,5
2024-08-07,2024,August,Turmeric,11876.41,14635.77,13676.82,325.5,8
2024-08-08,2024,August,Turmeric,13433.36,14867.07,14198.32,386.1,3
2024-08-09,2024,August,Turmeric,12214.75,14438.46,13351.07,126.74,4
2024-08-10,2024,August,Turmeric,8645.57,9454.43,8989.61,14.33,2
2024-08-13,2024,August,Turmeric,12169.08,14509.83,13343.57,304.68,3
2024-08-14,2024,August,Turmeric,12210.06,14539.28,13379.87,308.49,5
2024-08-15,2024,August,Turmeric,13500.0,15800.0,14410.0,0.56,1
2024-08-16,2024,August,Turmeric,11959.52,14097.02,13310.74,423.22,5
2024-08-17,2024,August,Turmeric,11415.9,13971.63,13185.27,306.79,2
2024-08-19,2024,August,Turmeric,9388.76,10586.69,9906.96,3.38,2
2024-08-20,2024,August,Turmeric,11597.63,14455.62,13023.19,294.13,4
2024-08-21,2024,August,Turmeric,10886.24,13428.18,12143.64,292.37,4
2024-08-22,2024,August,Turmeric,12296.69,14052.77,13161.27,716.14,6
2024-08-23,2024,August,Turmeric,11279.48,13676.25,12453.35,516.11,8
2024-08-24,2024,August,Turmeric,13189.79,15911.95,14485.2,28.11,4
2024-08-26,2024,August,Turmeric,12273.65,14076.24,13250.36,38.78,3
2024-08-27,2024,August,Turmeric,12177.92,13564.33,12862.47,49.46,3
2024-08-28,2024,August,Turmeric,10249.09,13520.21,12218.64,356.22,11
2024-08-29,2024,August,Turmeric,11698.76,13394.79,12663.61,668.9,5
2024-08-30,2024,August,Turmeric,11317.71,13750.15,12537.23,568.07,7
2024-08-31,2024,August,Turmeric,14000.0,19000.0,16500.0,0.8,1
2024-09-02,2024,September,Turmeric,14000.0,19000.0,16500.0,1.0,1
2024-09-03,2024,September,Turmeric,13300.0,16385.29,14859.53,5.61,2
2024-09-04,2024,September,Turmeric,11783.62,14806.97,13367.55,219.3,7
2024-09-05,2024,September,Turmeric,12234.21,14183.39,13325.33,498.86,6
2024-09-06,2024,September,Turmeric,12398.11,14285.85,13340.8,440.8,7
2024-09-07,2024,September,Turmeric,11100.0,12600.0,12480.0,6.05,1
2024-09-09,2024,September,Turmeric,12583.89,14653.05,13778.63,573.4,6
2024-09-10,2024,September,Turmeric,12003.98,14060.89,13032.36,161.0,3
2024-09-11,2024,September,Turmeric,14000.0,19000.0,16500.0,3.3,1
2024-09-12,2024,September,Turmeric,11877.81,14193.89,13035.37,62.2,2
2024-09-13,2024,September,Turmeric,11760.5,14077.16,13025.51,248.48,5
2024-09-14,2024,September,Turmeric,11675.54,14636.33,13648.21,180.14,5
2024-09-16,2024,September,Turmeric,11169.57,13256.52,12608.74,4.6,2
2024-09-18,2024,September,Turmeric,11311.37,14524.07,13239.49,240.58,5
2024-09-19,2024,September,Turmeric,12688.04,14089.72,13389.77,582.8,5
2024-09-20,2024,September,Turmeric,12138.25,14374.36,13401.56,337.26,8
2024-09-21,2024,September,Turmeric,12213.02,14205.39,13104.36,328.98,5
2024-09-23,2024,September,Turmeric,11962.07,13807.99,12911.47,444.1,5
2024-09-24,2024,September,Turmeric,12117.3,14255.83,13265.32,300.89,3
2024-09-25,2024,September,Turmeric,11624.94,14494.41,13454.67,248.07,6
2024-09-26,2024,September,Turmeric,11497.64,13847.06,12936.89,560.74,6
2024-09-27,2024,September,Turmeric,12007.37,14507.16,13319.82,506.22,7
2024-09-28,2024,September,Turmeric,12464.79,14165.87,13327.38,199.32,4
2024-09-30,2024,September,Turmeric,10926.89,12731.49,12164.69,220.48,8
2024-10-01,2024,October,Turmeric,13457.8,17650.49,15520.53,26.78,2
2024-10-02,2024,October,Turmeric,10378.66,13227.95,12151.15,9.23,2
2024-10-03,2024,October,Turmeric,12217.94,13479.86,12941.2,5.91,3
2024-10-04,2024,October,Turmeric,10740.5,15377.81,13060.81,114.72,5
2024-10-05,2024,October,Turmeric,1200.0,12850.0,12489.0,13.94,1
2024-10-09,2024,October,Turmeric,11648.54,13616.85,12635.0,121.03,6
2024-10-10,2024,October,Turmeric,11355.5,13159.62,12263.26,378.58,5
2024-10-11,2024,October,Turmeric,11295.46,13460.03,12377.75,68.3,4
2024-10-14,2024,October,Turmeric,11249.47,13438.22,12500.9,182.79,7
2024-10-15,2024,October,Turmeric,10952.74,14533.9,13407.96,58.29,3
2024-10-16,2024,October,Turmeric,12332.28,15035.45,13711.88,230.33,6
2024-10-17,2024,October,Turmeric,11067.98,13539.62,12619.28,170.49,4
2024-10-18,2024,October,Turmeric,11301.45,13399.47,12463.28,213.96,4
2024-10-19,2024,October,Turmeric,12410.22,14296.67,13419.02,29.74,2
2024-10-21,2024,October,Turmeric,10424.51,13440.76,12079.58,356.22,5
2024-10-22,2024,October,Turmeric,10978.25,13155.97,12096.19,212.38,4
2024-10-23,2024,October,Turmeric,10855.29,12941.21,11047.96,198.09,3
2024-10-24,2024,October,Turmeric,11761.91,13223.78,12526.25,554.99,5
2024-10-25,2024,October,Turmeric,10920.49,13480.86,12231.23,426.84,8
2024-10-26,2024,October,Turmeric,9270.0,10970.0,10121.72,5.0,2
2024-10-28,2024,October,Turmeric,11060.75,13159.13,12375.7,35.87,4
2024-10-29,2024,October,Turmeric,13704.64,18802.17,16276.54,19.38,2
2024-10-30,2024,October,Turmeric,14000.0,20000.0,17000.0,4.5,1
2024-11-02,2024,November,Turmeric,10591.6,13716.77,12621.45,162.5,2
2024-11-04,2024,November,Turmeric,11102.51,13235.3,12168.17,82.04,4
2024-11-05,2024,November,Turmeric,10072.32,13853.5,12447.46,157.59,5
2024-11-06,2024,November,Turmeric,11500.0,13800.0,12650.0,60.0,1
2024-11-07,2024,November,Turmeric,10715.07,13758.29,12524.99,267.7,4
2024-11-08,2024,November,Turmeric,10990.38,14159.88,12796.47,329.9,5
2024-11-09,2024,November,Turmeric,13528.85,18963.46,16319.25,16.64,2
2024-11-11,2024,November,Turmeric,10141.03,13931.57,12595.79,280.58,4
2024-11-12,2024,November,Turmeric,11966.92,15308.42,13674.91,156.37,4
2024-11-13,2024,November,Turmeric,11599.16,14230.07,12964.05,173.81,4
2024-11-14,2024,November,Turmeric,14000.0,20000.0,17000.0,1.2,1
2024-11-15,2024,November,Turmeric,11083.33,15041.67,13401.42,2.64,2
2024-11-16,2024,November,Turmeric,14000.0,20000.0,17000.0,2.2,1
2024-11-18,2024,November,Turmeric,11578.12,15156.25,13609.38,96.0,2
2024-11-19,2024,November,Turmeric,14000.0,20000.0,17000.0,1.9,1
2024-11-21,2024,November,Turmeric,11519.1,15112.55,13315.55,153.9,3
2024-11-22,2024,November,Turmeric,12529.35,13975.61,13328.75,245.79,4
2024-11-23,2024,November,Turmeric,13440.52,16171.98,14860.43,11.92,2
2024-11-25,2024,November,Turmeric,10791.08,14568.41,12690.57,316.75,5
2024-11-26,2024,November,Turmeric,11223.28,14263.4,12744.95,285.5,4
2024-11-27,2024,November,Turmeric,11626.66,14523.85,13065.38,230.85,4
2024-11-28,2024,November,Turmeric,12100.0,14500.0,13300.0,136.2,1
2024-11-29,2024,November,Turmeric,11447.14,14985.42,13234.22,108.69,2
2024-11-30,2024,November,Turmeric,8697.76,11364.93,9642.76,5.36,2
2024-12-02,2024,December,Turmeric,11370.22,13613.14,12564.36,208.36,4
2024-12-03,2024,December,Turmeric,11826.28,14238.85,13039.52,264.28,5
2024-12-04,2024,December,Turmeric,11533.11,13674.31,12421.16,214.37,4
2024-12-05,2024,December,Turmeric,11719.41,13521.66,12606.3,333.4,4
2024-12-06,2024,December,Turmeric,11859.23,14087.45,13044.18,164.1,3
2024-12-07,2024,December,Turmeric,13410.89,19347.77,16590.91,12.12,2
2024-12-09,2024,December,Turmeric,10931.76,14596.01,12680.44,422.06,5
2024-12-10,2024,December,Turmeric,10263.48,15884.68,13073.61,105.1,2
2024-12-11,2024,December,Turmeric,11656.6,14034.08,12845.34,135.7,2
2024-12-12,2024,December,Turmeric,11972.89,13449.42,12713.26,350.23,4
2024-12-13,2024,December,Turmeric,11389.0,14141.0,12809.93,357.36,6
2024-12-14,2024,December,Turmeric,14000.0,20000.0,17000.0,0.1,1
2024-12-16,2024,December,Turmeric,11500.07,13599.93,12550.0,150.01,2
2024-12-17,2024,December,Turmeric,11481.08,13865.33,12661.14,305.78,5
2024-12-18,2024,December,Turmeric,11605.7,13640.27,12578.77,237.67,3
2024-12-19,2024,December,Turmeric,11668.13,13549.4,12614.43,420.1,5
2024-12-20,2024,December,Turmeric,9627.71,11527.46,10631.83,259.95,6
2024-12-21,2024,December,Turmeric,11438.07,13424.31,12524.46,17.44,2
2024-12-23,2024,December,Turmeric,11207.47,13788.45,12486.35,284.77,4
2024-12-24,2024,December,Turmeric,9919.12,11617.17,10805.18,318.89,5
2024-12-25,2024,December,Turmeric,11100.0,13360.0,12230.0,130.0,1
2024-12-26,2024,December,Turmeric,11695.41,13321.85,12479.38,370.18,5
2024-12-27,2024,December,Turmeric,11208.39,13178.68,12169.03,232.52,5
2024-12-28,2024,December,Turmeric,12224.01,14395.14,13441.73,13.16,2
2024-12-30,2024,December,Turmeric,7000.0,8700.0,7938.0,4.33,1
2024-12-31,2024,December,Turmeric,11960.41,14518.66,13187.52,253.68,5
2025-01-01,2025,January,Turmeric,12148.77,14324.94,13260.15,226.4,4
2025-01-02,2025,January,Turmeric,12633.57,14014.29,13278.48,114.52,4
2025-01-03,2025,January,Turmeric,11848.27,14982.25,13312.1,175.37,6
2025-01-04,2025,January,Turmeric,13114.0,15880.0,14041.48,10.0,2
2025-01-06,2025,January,Turmeric,11285.26,15471.13,13388.38,250.71,5
2025-01-07,2025,January,Turmeric,12709.31,14675.33,13757.01,177.86,4
2025-01-08,2025,January,Turmeric,12963.47,15169.55,14048.74,137.2,3
2025-01-09,2025,January,Turmeric,12447.97,14468.35,13520.69,229.04,5
2025-01-10,2025,January,Turmeric,11842.86,15010.27,13574.12,174.74,6
2025-01-11,2025,January,Turmeric,16000.0,19000.0,17500.0,2.5,1
2025-01-13,2025,January,Turmeric,10459.19,14846.27,12652.47,197.1,3
2025-01-14,2025,January,Turmeric,13349.48,15821.39,14819.4,36.8,2
2025-01-15,2025,January,Turmeric,14650.85,18413.56,16532.2,5.9,2
2025-01-16,2025,January,Turmeric,11716.01,14645.74,13261.51,377.43,6
2025-01-17,2025,January,Turmeric,11481.5,14338.72,13096.8,165.46,5
2025-01-18,2025,January,Turmeric,15175.18,19861.31,17190.51,13.7,2
2025-01-20,2025,January,Turmeric,10913.38,14093.85,12549.76,282.1,4
2025-01-21,2025,January,Turmeric,11965.82,15025.83,13870.52,146.72,4
2025-01-22,2025,January,Turmeric,12436.04,15098.17,13838.86,145.1,4
2025-01-23,2025,January,Turmeric,11648.6,13688.92,12815.47,230.6,4
2025-01-24,2025,January,Turmeric,11770.0,14943.86,13599.5,120.0,5
2025-01-25,2025,January,Turmeric,16616.6,22154.88,19371.06,31.17,2
2025-01-27,2025,January,Turmeric,10718.04,14328.85,12575.93,316.67,5
2025-01-28,2025,January,Turmeric,14237.5,18883.33,16648.44,16.32,2
2025-01-29,2025,January,Turmeric,11252.03,14058.72,12673.37,7.63,2
2025-01-30,2025,January,Turmeric,10658.65,13524.41,12169.05,333.3,4
2025-01-31,2025,January,Turmeric,11931.75,15506.6,13843.94,171.49,6
2025-02-01,2025,February,Turmeric,15689.12,21269.64,18547.44,22.79,2
2025-02-03,2025,February,Turmeric,10951.24,13740.86,12396.22,349.0,4
2025-02-04,2025,February,Turmeric,12035.84,14923.12,13544.87,143.4,4
2025-02-05,2025,February,Turmeric,10105.97,13824.65,12129.52,165.7,4
2025-02-06,2025,February,Turmeric,11809.29,13573.58,12809.37,176.3,4
2025-02-07,2025,February,Turmeric,10800.37,13746.21,12674.81,169.34,6
2025-02-13,2025,February,Turmeric,12214.61,18915.31,15564.87,775.6,4
2025-02-14,2025,February,Turmeric,12156.4,17224.63,14758.97,449.8,5
2025-02-15,2025,February,Turmeric,12885.92,19677.04,16299.96,194.6,3
2025-02-17,2025,February,Turmeric,12307.09,17687.79,15086.23,313.0,3
2025-02-18,2025,February,Turmeric,14051.82,24806.92,19429.37,457.12,3
2025-02-19,2025,February,Turmeric,6400.0,7000.0,6863.0,4.02,1
2025-02-20,2025,February,Turmeric,12996.61,21184.28,17138.27,151.7,3
2025-02-21,2025,February,Turmeric,11096.06,13299.45,12342.56,130.8,4
2025-02-22,2025,February,Turmeric,12232.58,20753.15,16491.23,642.93,4
2025-02-24,2025,February,Turmeric,12819.59,21303.65,17107.85,635.53,4
2025-02-25,2025,February,Turmeric,13456.11,22626.42,18064.13,837.3,3
2025-02-28,2025,February,Turmeric,12698.67,20645.21,16770.88,217.8,3
2025-03-01,2025,March,Turmeric,16000.0,18000.0,17000.0,10.3,1
2025-03-03,2025,March,Turmeric,4309.87,14656.02,13240.93,137.8,4
2025-03-04,2025,March,Turmeric,13758.84,16295.45,14916.67,39.6,2
2025-03-05,2025,March,Turmeric,12644.52,15376.02,14385.43,94.6,4
2025-03-06,2025,March,Turmeric,12727.22,22098.73,14920.56,522.2,3
2025-03-07,2025,March,Turmeric,12766.97,19647.93,14938.57,1686.4,7
2025-03-08,2025,March,Turmeric,13036.57,19528.02,15275.56,1852.7,5
2025-03-10,2025,March,Turmeric,12364.2,21137.53,14533.24,2316.0,5
2025-03-11,2025,March,Turmeric,12854.99,22427.8,14956.81,1539.0,5
2025-03-12,2025,March,Turmeric,12747.37,20678.71,14780.46,2131.7,7
2025-03-13,2025,March,Turmeric,13142.22,22467.85,15378.72,1381.2,3
2025-03-15,2025,March,Turmeric,13087.35,23002.92,15389.24,1028.0,4
2025-03-17,2025,March,Turmeric,12739.76,21842.58,15025.09,1550.7,5
2025-03-18,2025,March,Turmeric,13210.92,22040.47,15707.43,1346.3,5
2025-03-19,2025,March,Turmeric,11506.39,14045.23,12841.44,383.4,5
2025-03-20,2025,March,Turmeric,11383.17,13565.06,12496.69,275.9,3
2025-03-21,2025,March,Turmeric,13263.47,25240.65,15651.26,1550.0,6
2025-03-22,2025,March,Turmeric,12327.11,15412.63,13923.42,190.0,4
2025-03-24,2025,March,Turmeric,13179.95,25918.98,19612.87,1074.6,6
2025-03-25,2025,March,Turmeric,13511.95,20481.42,15900.36,1744.8,7
2025-03-26,2025,March,Turmeric,13546.2,20525.77,17036.82,1644.7,5
2025-03-27,2025,March,Turmeric,11900.89,14428.94,13385.38,262.54,5
2025-03-28,2025,March,Turmeric,13012.84,16068.24,14801.56,154.14,3
2025-03-29,2025,March,Turmeric,10921.23,12615.75,12154.59,12.06,2
2025-03-31,2025,March,Turmeric,18000.0,24000.0,21000.0,5.2,1
2025-04-01,2025,April,Turmeric,12531.27,15363.44,14137.83,337.82,6
2025-04-02,2025,April,Turmeric,13176.37,16463.53,14879.97,422.79,6
2025-04-03,2025,April,Turmeric,12162.62,15926.43,14315.26,627.26,8
2025-04-04,2025,April,Turmeric,12253.73,15262.15,13948.58,860.81,11
2025-04-05,2025,April,Turmeric,12548.36,15943.14,14726.65,281.86,3
2025-04-07,2025,April,Turmeric,11685.33,14418.95,13277.17,442.67,7
2025-04-08,2025,April,Turmeric,13377.62,23147.87,15201.61,2194.14,7
2025-04-09,2025,April,Turmeric,13221.97,18026.1,14870.73,1683.3,10
2025-04-10,2025,April,Turmeric,13244.74,15310.41,14568.81,198.88,5
2025-04-11,2025,April,Turmeric,13146.75,19654.44,14653.55,2446.83,9
2025-04-12,2025,April,Turmeric,12153.68,14920.97,13322.8,59.28,2
2025-04-14,2025,April,Turmeric,12741.9,15073.13,13820.69,66.35,3
2025-04-15,2025,April,Turmeric,13448.72,20854.4,15086.74,2386.07,7
2025-04-16,2025,April,Turmeric,12263.13,14815.87,13608.11,768.55,10
2025-04-17,2025,April,Turmeric,13087.31,21404.57,14829.59,1869.72,7
2025-04-18,2025,April,Turmeric,12930.98,15731.64,14387.73,439.31,8
2025-04-19,2025,April,Turmeric,13401.85,22246.85,15335.8,1898.48,7
2025-04-21,2025,April,Turmeric,12129.21,14192.9,13025.29,1674.37,13
2025-04-22,2025,April,Turmeric,12347.67,14580.95,13528.58,804.13,9
2025-04-23,2025,April,Turmeric,13204.84,19445.68,15089.37,2125.25,11
2025-04-24,2025,April,Turmeric,12515.39,14581.03,13497.49,517.96,5
2025-04-25,2025,April,Turmeric,12389.41,14272.24,13274.9,443.13,11
2025-04-26,2025,April,Turmeric,12524.06,14647.08,13695.85,304.39,6
2025-04-27,2025,April,Turmeric,11500.0,14375.0,12937.0,171.4,1
2025-04-28,2025,April,Turmeric,12778.07,16375.58,14295.7,2264.64,7
2025-04-29,2025,April,Turmeric,11625.14,13356.21,12604.01,782.06,6
2025-04-30,2025,April,Turmeric,11345.54,13774.17,12624.55,295.74,5
2025-05-01,2025,May,Turmeric,12315.32,14961.69,12995.62,90.32,2
2025-05-02,2025,May,Turmeric,11781.15,18009.45,14377.66,5939.11,12
2025-05-03,2025,May,Turmeric,12171.15,13964.45,13042.72,318.13,6
2025-05-05,2025,May,Turmeric,12686.44,17721.83,14336.2,1123.87,7
2025-05-06,2025,May,Turmeric,12281.8,16192.66,13806.14,1412.76,11
2025-05-07,2025,May,Turmeric,11697.17,15926.8,13400.54,1382.79,11
2025-05-08,2025,May,Turmeric,11186.1,13025.02,12196.73,436.9,9
2025-05-09,2025,May,Turmeric,10974.37,12994.14,12082.71,760.85,12
2025-05-10,2025,May,Turmeric,11447.97,13001.72,12193.48,220.56,8
2025-05-12,2025,May,Turmeric,11254.22,13641.05,12949.18,161.86,5
2025-05-13,2025,May,Turmeric,10763.11,13790.09,11888.89,225.0,3
2025-05-15,2025,May,Turmeric,12026.83,16993.72,13659.21,1401.9,6
2025-05-16,2025,May,Turmeric,12015.45,16476.44,13635.52,1181.59,8
2025-05-17,2025,May,Turmeric,11824.44,13425.18,12655.25,81.91,4
2025-05-19,2025,May,Turmeric,11824.67,15311.08,13250.75,1975.48,9
2025-05-20,2025,May,Turmeric,11761.22,16589.53,13339.38,990.73,7
2025-05-21,2025,May,Turmeric,11441.55,14866.28,12787.04,709.96,9
2025-05-22,2025,May,Turmeric,11615.17,14478.69,12975.56,508.19,8
2025-05-23,2025,May,Turmeric,11029.3,13758.36,12533.01,515.63,10
2025-05-24,2025,May,Turmeric,11147.3,13286.24,12209.26,316.68,6
2025-05-26,2025,May,Turmeric,11048.43,13662.03,12369.91,171.82,3
2025-05-27,2025,May,Turmeric,11069.44,13076.56,12018.19,348.57,5
2025-05-28,2025,May,Turmeric,10568.47,14209.49,12076.0,318.97,6
2025-05-29,2025,May,Turmeric,10590.05,14594.72,12823.79,316.88,6
2025-05-30,2025,May,Turmeric,10714.29,13122.96,11916.65,1308.06,10
2025-05-31,2025,May,Turmeric,10715.12,13137.51,12295.43,192.8,3
2025-06-02,2025,June,Turmeric,11451.41,15931.85,12907.51,1005.35,8
2025-06-03,2025,June,Turmeric,10765.41,13282.51,12241.53,352.2,6
2025-06-04,2025,June,Turmeric,13626.92,17072.85,15458.54,65.2,4
2025-06-05,2025,June,Turmeric,10779.29,13393.86,12154.3,432.02,5
2025-06-06,2025,June,Turmeric,10570.7,13937.76,12214.13,958.71,12
2025-06-07,2025,June,Turmeric,9873.87,11788.47,10659.39,20.37,5
2025-06-09,2025,June,Turmeric,10913.21,13899.33,12359.05,760.36,7
2025-06-10,2025,June,Turmeric,10492.62,13760.56,12435.09,590.25,7
2025-06-11,2025,June,Turmeric,11006.28,14151.94,12215.57,548.32,8
2025-06-12,2025,June,Turmeric,11017.18,13038.25,12007.42,206.15,3
2025-06-13,2025,June,Turmeric,10666.84,14115.54,12306.04,704.94,9
2025-06-14,2025,June,Turmeric,13574.39,17765.86,15885.34,34.68,2
2025-06-16,2025,June,Turmeric,10583.84,13541.21,12061.99,531.1,9
2025-06-17,2025,June,Turmeric,10031.53,13153.54,11758.34,536.66,6
2025-06-18,2025,June,Turmeric,10391.26,13868.24,12162.86,470.85,9
2025-06-19,2025,June,Turmeric,10427.8,12933.58,12030.18,288.7,5
2025-06-20,2025,June,Turmeric,10248.81,13057.42,11582.06,834.93,10
2025-06-21,2025,June,Turmeric,6551.55,11932.46,10762.16,131.67,6
2025-06-23,2025,June,Turmeric,10610.98,12830.47,11954.18,321.53,9
2025-06-24,2025,June,Turmeric,10349.12,12818.85,11863.58,336.85,5
2025-06-25,2025,June,Turmeric,11450.74,13946.4,12362.87,13.96,4
2025-06-26,2025,June,Turmeric,10126.69,12570.24,11569.27,278.12,4
2025-06-27,2025,June,Turmeric,10656.97,13084.39,11798.39,701.63,10
2025-06-28,2025,June,Turmeric,10970.61,13646.5,11553.43,60.97,4
2025-06-30,2025,June,Turmeric,10181.1,12643.58,11531.07,572.3,9
2025-07-01,2025,July,Turmeric,10542.22,12832.97,11700.06,243.78,3
2025-07-02,2025,July,Turmeric,10194.11,12366.59,11390.37,372.74,5
2025-07-03,2025,July,Turmeric,10000.51,12292.4,11421.15,391.58,6
2025-07-04,2025,July,Turmeric,10169.08,12641.71,11605.73,994.01,7
2025-07-05,2025,July,Turmeric,5161.14,7989.74,7234.97,12.67,2
2025-07-07,2025,July,Turmeric,10515.57,12519.36,11568.08,495.74,8
2025-07-08,2025,July,Turmeric,10299.45,12769.78,11747.81,396.4,4
2025-07-09,2025,July,Turmeric,11150.67,13423.37,12299.26,225.44,6
2025-07-10,2025,July,Turmeric,10144.38,12325.19,11355.93,417.12,6
2025-07-11,2025,July,Turmeric,10186.16,11983.75,10862.83,1101.88,10
2025-07-12,2025,July,Turmeric,8159.63,10099.6,9407.21,60.64,3
2025-07-14,2025,July,Turmeric,10662.62,12642.06,11653.23,776.34,10
2025-07-15,2025,July,Turmeric,9727.78,12607.87,11020.34,294.43,6
2025-07-16,2025,July,Turmeric,9893.03,12904.4,11419.08,297.6,9
2025-07-17,2025,July,Turmeric,10534.15,12714.86,11618.96,195.48,3
2025-07-18,2025,July,Turmeric,10081.62,12689.94,11092.56,618.88,6
2025-07-19,2025,July,Turmeric,9102.38,10346.31,9809.39,38.65,5
2025-07-21,2025,July,Turmeric,9938.8,12165.11,11179.12,401.01,7
2025-07-22,2025,July,Turmeric,10874.74,12937.54,12062.59,333.86,5
2025-07-23,2025,July,Turmeric,10596.77,12957.65,11829.76,349.5,6
2025-07-24,2025,July,Turmeric,7677.42,9132.62,8524.3,27.9,3
2025-07-25,2025,July,Turmeric,9747.33,14729.77,11772.52,39.3,4
2025-07-26,2025,July,Turmeric,14066.15,18029.95,16060.19,32.05,2
2025-07-28,2025,July,Turmeric,10089.13,11834.88,10968.42,481.4,6
2025-07-29,2025,July,Turmeric,11030.19,15137.36,13083.77,15.9,2
2025-07-30,2025,July,Turmeric,10431.21,12791.64,11605.47,317.45,7
2025-07-31,2025,July,Turmeric,10159.92,11855.59,11014.12,513.49,3
2025-08-01,2025,August,Turmeric,8724.46,12799.17,9450.03,48.51,4
2025-08-02,2025,August,Turmeric,9630.53,11513.89,10585.14,159.82,4
2025-08-04,2025,August,Turmeric,10188.84,12405.76,11334.67,507.85,8
2025-08-05,2025,August,Turmeric,10088.32,12276.3,11256.99,379.66,6
2025-08-06,2025,August,Turmeric,10130.99,12674.19,11402.76,381.01,8
2025-08-07,2025,August,Turmeric,9677.72,12155.98,10820.41,335.05,3
2025-08-08,2025,August,Turmeric,9785.75,12439.55,10911.86,566.4,5
2025-08-09,2025,August,Turmeric,6500.0,6500.0,6500.0,0.85,1
2025-08-11,2025,August,Turmeric,10070.68,11907.11,11004.06,518.51,8
2025-08-12,2025,August,Turmeric,9907.77,12142.98,11134.73,467.77,6
2025-08-13,2025,August,Turmeric,9851.36,12417.19,11193.71,427.69,7
2025-08-14,2025,August,Turmeric,9641.15,12181.82,10792.34,522.5,3
2025-08-16,2025,August,Turmeric,9800.0,11500.0,10900.0,2.78,1
2025-08-18,2025,August,Turmeric,10200.82,12185.78,11154.33,235.7,4
2025-08-19,2025,August,Turmeric,9991.83,11973.46,11063.2,271.04,4
2025-08-20,2025,August,Turmeric,10526.11,12862.36,11650.58,226.38,4
2025-08-21,2025,August,Turmeric,10429.28,12503.06,11462.7,191.13,4
2025-08-22,2025,August,Turmeric,19000.0,25000.0,22000.0,0.7,1
2025-08-23,2025,August,Turmeric,6700.0,7100.0,6899.0,3.82,1
2025-08-25,2025,August,Turmeric,7182.82,8281.26,7796.87,41.77,4
2025-08-28,2025,August,Turmeric,6100.0,7100.0,6247.0,10.0,1
2025-08-29,2025,August,Turmeric,6971.17,8442.32,8031.99,13.99,2
2025-08-30,2025,August,Turmeric,6798.58,8251.46,7629.57,22.54,2
2025-09-02,2025,September,Turmeric,9518.18,11823.95,10671.06,140.3,2
2025-09-03,2025,September,Turmeric,9684.55,12886.33,10823.39,326.04,7
2025-09-04,2025,September,Turmeric,9768.33,11875.66,10825.94,212.8,3
2025-09-05,2025,September,Turmeric,9693.39,12106.25,10697.52,496.13,5
2025-09-06,2025,September,Turmeric,6500.0,7350.0,6762.0,8.43,1
2025-09-08,2025,September,Turmeric,9942.06,11918.07,11021.59,678.94,7
2025-09-09,2025,September,Turmeric,9692.25,11837.92,10935.43,388.21,4
2025-09-10,2025,September,Turmeric,9890.28,12040.36,10840.52,303.11,6
2025-09-11,2025,September,Turmeric,10283.43,12144.1,11271.49,864.54,6
2025-09-12,2025,September,Turmeric,9658.04,11805.59,10573.72,639.01,7
2025-09-13,2025,September,Turmeric,9811.96,11603.89,10718.7,210.7,5
2025-09-15,2025,September,Turmeric,9794.69,11996.02,11118.33,639.8,7
2025-09-16,2025,September,Turmeric,9711.33,11784.53,10744.25,217.2,3
2025-09-17,2025,September,Turmeric,9133.12,11012.36,10329.11,64.91,5
2025-09-18,2025,September,Turmeric,10125.26,12026.36,11109.14,593.4,7
2025-09-19,2025,September,Turmeric,9421.29,11571.35,10428.91,677.73,7
2025-09-20,2025,September,Turmeric,9546.81,11404.87,10563.53,59.6,3
2025-09-22,2025,September,Turmeric,9982.69,11944.41,11498.04,87.7,2
2025-09-23,2025,September,Turmeric,9563.8,11980.33,10979.37,518.99,6
2025-09-24,2025,September,Turmeric,9869.37,11808.07,10961.97,289.21,5
2025-09-25,2025,September,Turmeric,9986.47,11729.04,10857.09,685.86,5
2025-09-26,2025,September,Turmeric,9423.56,12012.2,10725.53,342.71,3
2025-09-27,2025,September,Turmeric,13890.24,17219.84,15654.75,24.19,3
2025-09-29,2025,September,Turmeric,10079.45,12370.31,11231.85,453.57,6
2025-09-30,2025,September,Turmeric,10068.74,12502.26,11393.48,297.18,5
2025-10-01,2025,October,Turmeric,12914.06,19730.47,14687.5,25.6,2
2025-10-03,2025,October,Turmeric,9660.34,12027.45,10796.02,347.52,8
2025-10-04,2025,October,Turmeric,10200.0,11300.0,10750.0,3.0,1
2025-10-06,2025,October,Turmeric,10021.54,12483.05,11275.75,321.8,6
2025-10-07,2025,October,Turmeric,10324.77,12502.45,11387.17,261.45,4
2025-10-08,2025,October,Turmeric,10843.17,13128.71,12102.92,247.4,5
2025-10-09,2025,October,Turmeric,10687.2,13278.59,11987.12,155.21,3
2025-10-10,2025,October,Turmeric,6000.0,7000.0,6658.0,1.8,1
2025-10-11,2025,October,Turmeric,18000.0,23000.0,20500.0,17.2,1
2025-10-13,2025,October,Turmeric,10056.45,13034.95,12046.77,708.54,7
2025-10-14,2025,October,Turmeric,11228.19,14268.96,12802.13,350.11,5
2025-10-15,2025,October,Turmeric,10618.26,13908.48,12146.62,274.68,6
2025-10-16,2025,October,Turmeric,10649.52,14447.0,12655.97,329.3,4
2025-10-17,2025,October,Turmeric,16032.43,20048.65,17970.27,18.5,2
2025-10-18,2025,October,Turmeric,13000.0,13000.0,13000.0,4.1,1
2025-10-22,2025,October,Turmeric,9000.0,12331.0,10000.0,1.6,1
2025-10-23,2025,October,Turmeric,12003.66,15527.61,13765.72,256.8,2
2025-10-25,2025,October,Turmeric,18000.0,23000.0,20500.0,10.0,1
2025-10-27,2025,October,Turmeric,11272.83,13718.69,12783.56,525.93,6
2025-10-28,2025,October,Turmeric,10909.31,14178.17,13271.47,249.2,3
2025-10-29,2025,October,Turmeric,11396.54,15015.58,13552.29,288.8,5
2025-10-30,2025,October,Turmeric,11280.03,14008.79,12981.61,432.1,5
2025-10-31,2025,October,Turmeric,11177.87,13911.47,12689.41,344.89,5
2025-11-01,2025,November,Turmeric,15160.26,19026.4,17149.17,13.01,3
2025-11-03,2025,November,Turmeric,10871.95,13548.71,12704.7,74.11,3
2025-11-04,2025,November,Turmeric,12975.76,16120.65,14548.2,175.3,2
2025-11-05,2025,November,Turmeric,11900.0,14500.0,13200.0,100.0,1
2025-11-06,2025,November,Turmeric,10712.22,14279.31,12742.41,121.1,2
2025-11-07,2025,November,Turmeric,11574.12,14353.51,13103.39,286.7,4
2025-11-08,2025,November,Turmeric,11900.0,14200.0,13050.0,130.0,1
2025-11-10,2025,November,Turmeric,12477.46,15186.13,13835.26,173.0,3
2025-11-11,2025,November,Turmeric,13158.57,15230.65,14194.61,197.7,2
2025-11-12,2025,November,Turmeric,13126.21,15789.51,14457.86,206.0,3
2025-11-13,2025,November,Turmeric,12657.15,15199.8,13928.48,148.9,2
2025-11-14,2025,November,Turmeric,12594.85,15787.27,14160.5,188.5,3
2025-11-17,2025,November,Turmeric,12738.71,15236.56,13996.58,204.6,3
2025-11-18,2025,November,Turmeric,11883.03,14701.75,13709.15,188.13,4
2025-11-19,2025,November,Turmeric,12352.04,14400.53,13429.53,132.2,3
2025-11-20,2025,November,Turmeric,18500.0,23000.0,20750.0,2.0,1
2025-11-21,2025,November,Turmeric,12876.6,15282.41,14032.04,200.23,4
2025-11-24,2025,November,Turmeric,11190.4,14066.43,13199.38,212.19,5
2025-11-25,2025,November,Turmeric,12464.44,14337.99,13432.3,157.6,3
2025-11-26,2025,November,Turmeric,12933.23,15598.16,14183.37,150.36,4
2025-11-27,2025,November,Turmeric,18500.0,23000.0,20750.0,8.1,1
2025-11-28,2025,November,Turmeric,12769.38,15333.0,14036.71,83.48,3
2025-12-01,2025,December,Turmeric,12758.66,15079.92,13967.76,76.2,2
2025-12-02,2025,December,Turmeric,18500.0,23000.0,20750.0,5.7,1
2025-12-03,2025,December,Turmeric,12728.32,15452.28,14219.29,149.95,5
2025-12-04,2025,December,Turmeric,12512.94,14640.24,13575.83,259.15,4
2025-12-05,2025,December,Turmeric,12200.66,14383.74,13449.67,196.58,3
2025-12-08,2025,December,Turmeric,11876.58,15599.5,13723.07,224.17,4
2025-12-09,2025,December,Turmeric,12778.45,15466.62,14122.54,157.3,2
2025-12-10,2025,December,Turmeric,11708.11,15510.0,14231.45,368.8,4
2025-12-11,2025,December,Turmeric,12360.79,15159.55,13774.08,222.07,4
2025-12-12,2025,December,Turmeric,12596.26,15214.36,13908.48,196.4,4
2025-12-15,2025,December,Turmeric,12441.18,15643.7,14221.76,190.4,2
2025-12-16,2025,December,Turmeric,14040.54,17210.53,15625.53,140.6,2
2025-12-17,2025,December,Turmeric,13152.17,17105.23,14850.82,158.7,3
2025-12-18,2025,December,Turmeric,13169.78,15491.01,14330.4,232.5,3
2025-12-19,2025,December,Turmeric,18500.0,23000.0,20750.0,6.3,1
2025-12-22,2025,December,Turmeric,13495.5,15893.35,14694.43,100.09,2
2025-12-23,2025,December,Turmeric,13632.61,16260.53,14946.57,128.2,2
2025-12-24,2025,December,Turmeric,13952.74,16633.44,15406.27,125.9,2
2025-12-25,2025,December,Turmeric,13663.79,16614.08,15084.05,219.8,3
2025-12-26,2025,December,Turmeric,12879.8,16761.78,15425.35,273.7,4
2025-12-29,2025,December,Turmeric,14620.13,17436.21,16004.56,120.7,3
2025-12-30,2025,December,Turmeric,14832.28,17495.11,16163.7,149.39,3
2025-12-31,2025,December,Turmeric,14658.77,17952.75,16307.95,143.54,4
2026-01-01,2026,January,Turmeric,14493.22,16389.91,15441.56,250.7,3
2026-01-02,2026,January,Turmeric,13997.72,17122.65,15883.38,245.33,5
2026-01-05,2026,January,Turmeric,15237.75,18226.49,16666.56,151.0,2
2026-01-06,2026,January,Turmeric,15403.17,18133.56,16768.36,119.8,2
2026-01-07,2026,January,Turmeric,14172.28,17457.61,16375.89,267.3,3
2026-01-08,2026,January,Turmeric,14375.58,16921.79,15648.91,212.9,3
2026-01-09,2026,January,Turmeric,11110.5,16389.3,14937.5,176.33,4
2026-01-12,2026,January,Turmeric,13440.79,16929.85,15285.94,207.7,4
2026-01-13,2026,January,Turmeric,14712.8,17129.85,15921.33,110.9,2
2026-01-14,2026,January,Turmeric,18500.0,23000.0,20750.0,3.6,1
2026-01-16,2026,January,Turmeric,12100.0,15500.0,13700.0,60.0,1
2026-01-17,2026,January,Turmeric,11250.0,14100.0,12000.0,0.3,1
2026-01-19,2026,January,Turmeric,18500.0,23000.0,20750.0,1.0,1
2026-01-20,2026,January,Turmeric,14100.0,16600.0,15350.0,171.0,1
2026-01-21,2026,January,Turmeric,13105.66,16750.93,15112.82,217.2,3
2026-01-22,2026,January,Turmeric,13298.94,17039.66,15608.91,197.35,4
2026-01-23,2026,January,Turmeric,13471.8,16383.06,15412.85,268.23,5
2026-01-27,2026,January,Turmeric,13563.44,15986.05,14776.83,92.13,3
2026-01-28,2026,January,Turmeric,13706.66,21993.81,15767.41,129.2,3
2026-01-29,2026,January,Turmeric,15267.97,15424.99,15317.93,66.92,2
2026-01-30,2026,January,Turmeric,13492.23,16024.17,15118.95,197.38,5
2026-01-31,2026,January,Turmeric,9000.0,13711.0,12601.0,0.9,1
2026-02-02,2026,February,Turmeric,12284.73,16139.96,15164.64,239.0,3
2026-02-03,2026,February,Turmeric,12017.87,15964.29,14700.5,170.7,3
2026-02-04,2026,February,Turmeric,12706.07,18223.73,15147.16,277.5,4
2026-02-05,2026,February,Turmeric,12855.7,18184.05,15395.78,287.7,3
2026-02-06,2026,February,Turmeric,12799.33,19018.32,15329.78,223.3,4
2026-02-09,2026,February,Turmeric,12370.13,20501.81,16066.77,348.8,3
2026-02-10,2026,February,Turmeric,12844.45,29338.11,16410.83,345.3,2
2026-02-11,2026,February,Turmeric,12905.49,23038.03,15825.37,401.0,3
2026-02-12,2026,February,Turmeric,12398.75,21425.71,15580.36,253.3,3
2026-02-13,2026,February,Turmeric,13002.03,15769.31,14355.18,98.4,3
2026-02-16,2026,February,Turmeric,12259.83,21439.15,15319.17,541.9,4
2026-02-17,2026,February,Turmeric,18500.0,23000.0,20750.0,18.3,1
2026-02-18,2026,February,Turmeric,14086.28,17459.1,15895.12,75.8,3
2026-02-20,2026,February,Turmeric,13378.03,34088.28,16678.18,569.8,3
2026-02-21,2026,February,Turmeric,13300.0,25400.0,15500.0,706.3,1
2026-02-23,2026,February,Turmeric,13031.42,31319.41,16685.44,694.5,4
2026-02-24,2026,February,Turmeric,13743.32,25105.07,17830.66,1070.7,3
2026-02-25,2026,February,Turmeric,13476.7,16267.9,14835.09,70.4,3
2026-02-26,2026,February,Turmeric,12382.4,24430.45,17548.66,673.3,3
2026-02-27,2026,February,Turmeric,12278.11,23723.43,17168.86,1230.6,5
2026-02-28,2026,February,Turmeric,12200.0,24400.0,17300.0,502.1,1
2026-03-02,2026,March,Turmeric,12129.59,23995.38,17017.34,454.2,2
2026-03-04,2026,March,Turmeric,11853.97,22922.39,17393.33,940.2,4
2026-03-05,2026,March,Turmeric,11657.39,21679.17,15976.67,594.7,3
2026-03-06,2026,March,Turmeric,13135.24,22961.89,16213.77,670.5,6
2026-03-07,2026,March,Turmeric,13200.0,26000.0,16900.0,854.6,1
2026-03-09,2026,March,Turmeric,12488.48,22820.0,16033.02,618.1,3
2026-03-10,2026,March,Turmeric,12786.67,24177.68,16399.72,492.1,4
2026-03-11,2026,March,Turmeric,12636.42,22168.31,15599.74,701.0,6
2026-03-12,2026,March,Turmeric,12358.69,22477.52,15648.96,595.1,4
2026-03-13,2026,March,Turmeric,11655.2,20733.71,15223.43,877.0,6
2026-03-14,2026,March,Turmeric,11700.0,23000.0,15800.0,581.2,1
2026-03-16,2026,March,Turmeric,11975.78,20300.22,15124.39,689.79,5
2026-03-17,2026,March,Turmeric,12306.81,24299.67,15440.61,1464.46,6
2026-03-18,2026,March,Turmeric,12276.98,23464.13,22165.76,1019.4,4
2026-03-19,2026,March,Turmeric,11025.75,14898.86,13835.27,163.73,4
2026-03-20,2026,March,Turmeric,11780.32,20440.41,16082.54,479.87,7
2026-03-21,2026,March,Turmeric,11572.47,13583.77,11991.13,22.92,2
2026-03-23,2026,March,Turmeric,12113.95,19450.74,14720.29,697.49,6
2026-03-24,2026,March,Turmeric,11565.96,19948.51,14485.92,577.3,5
2026-03-25,2026,March,Turmeric,12241.0,19823.57,15123.02,1096.55,8
2026-03-26,2026,March,Turmeric,13694.97,15971.75,14621.08,60.46,2
2026-03-27,2026,March,Turmeric,9889.78,17882.72,13879.98,595.26,5
2026-03-28,2026,March,Turmeric,16137.28,23134.95,19625.65,8.6,2
2026-03-30,2026,March,Turmeric,11550.5,18893.45,12436.55,67.44,5
2026-03-31,2026,March,Turmeric,12447.56,16734.58,14687.97,193.47,5
2026-04-01,2026,April,Turmeric,12331.23,15596.34,14134.6,258.5,7
2026-04-02,2026,April,Turmeric,12726.56,14745.05,13667.78,63.49,5
2026-04-03,2026,April,Turmeric,10884.28,18588.45,13961.62,105.46,5
2026-04-04,2026,April,Turmeric,12451.89,16701.72,15134.01,49.3,4
2026-04-06,2026,April,Turmeric,12225.38,16389.59,13555.01,544.21,8
2026-04-07,2026,April,Turmeric,12077.17,20635.41,15363.38,1314.34,9
2026-04-08,2026,April,Turmeric,12626.56,21913.04,15906.79,970.61,8
2026-04-09,2026,April,Turmeric,12312.66,17743.97,14728.63,1535.51,10
2026-04-10,2026,April,Turmeric,11963.19,15451.08,14004.53,863.97,9
2026-04-11,2026,April,Turmeric,12319.65,15336.07,14060.17,144.96,6
2026-04-13,2026,April,Turmeric,12083.45,15212.23,13410.16,717.26,6
2026-04-14,2026,April,Turmeric,13732.23,18024.14,15883.85,56.34,2
2026-04-15,2026,April,Turmeric,11986.8,17998.64,14577.1,1170.68,11
2026-04-16,2026,April,Turmeric,11729.91,17069.99,13951.56,1015.05,9
2026-04-17,2026,April,Turmeric,11897.91,13823.4,12920.11,388.27,6
2026-04-18,2026,April,Turmeric,11673.33,17528.17,14573.3,327.46,7
2026-04-19,2026,April,Turmeric,12000.0,14500.0,13200.0,175.0,1
2026-04-20,2026,April,Turmeric,11987.8,13818.8,12919.04,699.12,7
2026-04-21,2026,April,Turmeric,11879.93,17551.48,14011.15,1173.57,8
2026-04-22,2026,April,Turmeric,12038.15,16610.69,13230.17,539.46,8
2026-04-23,2026,April,Turmeric,11621.81,17005.45,13835.0,1239.8,9
2026-04-24,2026,April,Turmeric,11648.93,18270.77,13874.24,622.94,7
2026-04-25,2026,April,Turmeric,11328.66,19132.42,14376.93,343.29,6
2026-04-26,2026,April,Turmeric,12200.0,13600.0,13067.0,7.71,1
2026-04-27,2026,April,Turmeric,11874.62,16113.72,13299.66,418.73,8
2026-04-28,2026,April,Turmeric,11575.38,17734.0,13629.39,1004.4,7
2026-04-29,2026,April,Turmeric,10174.72,16181.82,13173.42,494.29,7
2026-04-30,2026,April,Turmeric,10587.12,15405.84,13008.54,666.15,11
2026-05-01,2026,May,Turmeric,10999.62,14138.82,12800.19,52.04,2
2026-05-02,2026,May,Turmeric,8138.68,18854.99,12724.57,707.17,7
2026-05-04,2026,May,Turmeric,10985.55,16529.73,12869.98,992.11,9
2026-05-05,2026,May,Turmeric,11078.61,17201.26,12978.13,741.99,6
2026-05-06,2026,May,Turmeric,11505.37,15792.43,13049.22,686.67,8
2026-05-07,2026,May,Turmeric,11471.72,15727.37,13144.82,773.19,8
2026-05-08,2026,May,Turmeric,11601.88,17364.81,13766.71,1129.13,11
2026-05-09,2026,May,Turmeric,12130.88,13752.85,12931.15,239.12,5
2026-05-11,2026,May,Turmeric,12408.84,17506.56,14418.52,925.05,10
2026-05-12,2026,May,Turmeric,11817.62,15881.19,13489.4,1084.74,9
2026-05-13,2026,May,Turmeric,10955.9,14975.18,12756.5,616.25,11
2026-05-14,2026,May,Turmeric,11178.46,14369.31,12597.38,846.83,9
2026-05-15,2026,May,Turmeric,11090.33,14291.46,12373.32,1658.26,13
2026-05-16,2026,May,Turmeric,11712.83,13335.24,12541.42,766.59,5
2026-05-18,2026,May,Turmeric,11733.3,14895.15,13077.25,827.16,9
2026-05-19,2026,May,Turmeric,11224.22,16270.91,13249.72,773.35,8
2026-05-20,2026,May,Turmeric,10996.2,15357.55,12703.13,870.68,10
2026-05-21,2026,May,Turmeric,11003.46,14476.1,12418.91,902.64,9
2026-05-22,2026,May,Turmeric,11322.77,14507.76,12929.32,508.1,10
2026-05-23,2026,May,Turmeric,11681.42,14590.78,13248.02,516.66,8
2026-05-25,2026,May,Turmeric,13020.8,18702.03,15449.3,763.39,8
2026-05-26,2026,May,Turmeric,13417.24,19915.3,16410.65,744.09,8
2026-05-27,2026,May,Turmeric,11636.23,17756.96,14164.87,299.53,6
2026-05-28,2026,May,Turmeric,11960.52,15075.32,13169.17,47.7,2
2026-05-29,2026,May,Turmeric,11166.5,15842.35,12367.51,232.78,9
2026-05-30,2026,May,Turmeric,11589.58,13665.22,12849.73,350.61,6
2026-06-01,2026,June,Turmeric,11762.67,13999.1,12911.71,984.73,10
2026-06-02,2026,June,Turmeric,11504.34,14225.64,12461.56,554.82,8
2026-06-03,2026,June,Turmeric,11446.59,15563.36,12695.4,607.79,8
2026-06-04,2026,June,Turmeric,11317.78,13498.5,12446.47,596.98,8
2026-06-05,2026,June,Turmeric,11115.31,14895.25,12371.34,474.94,10
2026-06-06,2026,June,Turmeric,11472.97,13247.72,12586.35,379.36,5
2026-06-08,2026,June,Turmeric,11015.21,14635.81,12403.19,564.48,8
2026-06-09,2026,June,Turmeric,11015.66,14050.47,12337.5,749.03,10
2026-06-10,2026,June,Turmeric,11933.69,14524.18,13126.44,399.32,8
2026-06-11,2026,June,Turmeric,11663.35,13543.2,12477.69,716.97,7
2026-06-12,2026,June,Turmeric,11332.54,13491.67,12394.75,376.74,5
2026-06-13,2026,June,Turmeric,11942.01,13996.41,12914.87,246.34,5
2026-06-15,2026,June,Turmeric,11594.25,14751.19,12962.34,761.59,9
2026-06-16,2026,June,Turmeric,12234.14,15379.24,13580.87,506.8,9
2026-06-17,2026,June,Turmeric,12294.11,15880.56,14020.29,465.17,10
2026-06-18,2026,June,Turmeric,12216.99,14745.02,13480.25,782.41,10
2026-06-19,2026,June,Turmeric,12371.3,14993.96,13598.16,535.62,9
2026-06-20,2026,June,Turmeric,12200.19,15402.19,13855.37,397.52,5
2026-06-22,2026,June,Turmeric,13001.35,16491.27,14576.68,850.35,11
2026-06-23,2026,June,Turmeric,12696.93,15608.56,14116.02,62.64,3
2026-06-24,2026,June,Turmeric,12435.91,15087.65,13129.61,557.28,9
2026-06-25,2026,June,Turmeric,10681.1,14124.48,13116.67,377.03,7
2026-06-26,2026,June,Turmeric,12621.95,14960.7,13802.8,25.83,4
2026-06-27,2026,June,Turmeric,12257.61,14260.18,13297.67,440.44,7
2026-06-29,2026,June,Turmeric,11683.24,15011.46,13617.78,946.26,10
2026-06-30,2026,June,Turmeric,12202.79,14915.24,13551.09,390.74,5
